<?xml version="1.0" encoding="UTF-8"?>
<gpx schemaLocation="http://www.topografix.com/GPX/1/1 http://www.topografix.com/GPX/1/1/gpx.xsd http://www.garmin.com/xmlschemas/GpxExtensions/v3 http://www.garmin.com/xmlschemas/GpxExtensionsv3.xsd http://www.garmin.com/xmlschemas/TrackPointExtension/v1 http://www.garmin.com/xmlschemas/TrackPointExtensionv1.xsd http://www.garmin.com/xmlschemas/PowerExtension/v1 http://www.garmin.com/xmlschemas/PowerExtensionv1.xsd http://www.topografix.com/GPX/gpx_style/0/2 http://www.topografix.com/GPX/gpx_style/0/2/gpx_style.xsd" version="1.1" creator="Garmin Desktop App" xmlns="http://www.topografix.com/GPX/1/1" xmlns:xsi="http://www.w3.org/2001/XMLSchema-instance" xsi:schemaLocation="http://www.topografix.com/GPX/1/1 http://www.topografix.com/GPX/1/1/gpx.xsd http://www.garmin.com/xmlschemas/GpxExtensions/v3 http://www.garmin.com/xmlschemas/GpxExtensionsv3.xsd http://www.garmin.com/xmlschemas/TrackPointExtension/v1 http://www.garmin.com/xmlschemas/TrackPointExtensionv1.xsd http://www.garmin.com/xmlschemas/PowerExtension/v1 http://www.garmin.com/xmlschemas/PowerExtensionv1.xsd http://www.topografix.com/GPX/gpx_style/0/2 http://www.topografix.com/GPX/gpx_style/0/2/gpx_style.xsd" xmlns:gpxtpx="http://www.garmin.com/xmlschemas/TrackPointExtension/v1" xmlns:gpxx="http://www.garmin.com/xmlschemas/GpxExtensions/v3" xmlns:gpxpx="http://www.garmin.com/xmlschemas/PowerExtension/v1" xmlns:gpx_style="http://www.topografix.com/GPX/gpx_style/0/2">
  <metadata>
    <name>Day1-2026</name>
    <author>
      <name>gpx.studio</name>
      <link href="https://gpx.studio"/>
    </author>
  </metadata>
  <wpt lat="41.450549024038" lon="-7.669779971713439">
    <ele>674.3413373548783</ele>
    <name>A Recta +351259469158</name>
    <desc>https://maps.app.goo.gl/Z2gvwNX8J2Raxo6v7</desc>
    <sym>Bar</sym>
  </wpt>
  <wpt lat="41.301208" lon="-7.740971">
    <ele>443.7294208987164</ele>
    <name>Segunda_saida</name>
    <sym>Alert</sym>
  </wpt>
  <trk>
    <name>Day1-2026</name>
    <type>Cycling</type>
    <trkseg>
      <trkpt lat="41.738066" lon="-7.474359">
        <ele>354.5</ele>
      </trkpt>
      <trkpt lat="41.738058" lon="-7.474368">
        <ele>354.8</ele>
      </trkpt>
      <trkpt lat="41.737731" lon="-7.474516">
        <ele>355.5</ele>
      </trkpt>
      <trkpt lat="41.737601" lon="-7.474456">
        <ele>355.5</ele>
      </trkpt>
      <trkpt lat="41.737488" lon="-7.474382">
        <ele>355.3</ele>
      </trkpt>
      <trkpt lat="41.737467" lon="-7.474629">
        <ele>355.8</ele>
      </trkpt>
      <trkpt lat="41.737627" lon="-7.47466">
        <ele>356</ele>
      </trkpt>
      <trkpt lat="41.737753" lon="-7.474666">
        <ele>355.8</ele>
      </trkpt>
      <trkpt lat="41.73788" lon="-7.474656">
        <ele>355.5</ele>
      </trkpt>
      <trkpt lat="41.738022" lon="-7.474643">
        <ele>355.5</ele>
      </trkpt>
      <trkpt lat="41.738044" lon="-7.474637">
        <ele>355.3</ele>
      </trkpt>
      <trkpt lat="41.73812" lon="-7.474636">
        <ele>355.3</ele>
      </trkpt>
      <trkpt lat="41.738192" lon="-7.474666">
        <ele>355.3</ele>
      </trkpt>
      <trkpt lat="41.738254" lon="-7.474723">
        <ele>355.3</ele>
      </trkpt>
      <trkpt lat="41.738288" lon="-7.474776">
        <ele>355.5</ele>
      </trkpt>
      <trkpt lat="41.738312" lon="-7.474837">
        <ele>355.5</ele>
      </trkpt>
      <trkpt lat="41.73833" lon="-7.474939">
        <ele>355.8</ele>
      </trkpt>
      <trkpt lat="41.738323" lon="-7.475044">
        <ele>356</ele>
      </trkpt>
      <trkpt lat="41.738292" lon="-7.475141">
        <ele>356</ele>
      </trkpt>
      <trkpt lat="41.73824" lon="-7.475219">
        <ele>356.3</ele>
      </trkpt>
      <trkpt lat="41.738168" lon="-7.475274">
        <ele>356.3</ele>
      </trkpt>
      <trkpt lat="41.738095" lon="-7.475293">
        <ele>356.5</ele>
      </trkpt>
      <trkpt lat="41.738022" lon="-7.475283">
        <ele>356.5</ele>
      </trkpt>
      <trkpt lat="41.737955" lon="-7.475245">
        <ele>356.5</ele>
      </trkpt>
      <trkpt lat="41.737898" lon="-7.475181">
        <ele>356.5</ele>
      </trkpt>
      <trkpt lat="41.737859" lon="-7.475098">
        <ele>356.5</ele>
      </trkpt>
      <trkpt lat="41.737848" lon="-7.47506">
        <ele>356.5</ele>
      </trkpt>
      <trkpt lat="41.737698" lon="-7.474856">
        <ele>356.3</ele>
      </trkpt>
      <trkpt lat="41.737589" lon="-7.474737">
        <ele>356.3</ele>
      </trkpt>
      <trkpt lat="41.737467" lon="-7.474629">
        <ele>355.8</ele>
      </trkpt>
      <trkpt lat="41.737347" lon="-7.474564">
        <ele>354.8</ele>
      </trkpt>
      <trkpt lat="41.737307" lon="-7.474543">
        <ele>349</ele>
      </trkpt>
      <trkpt lat="41.736141" lon="-7.473927">
        <ele>349</ele>
      </trkpt>
      <trkpt lat="41.735564" lon="-7.473622">
        <ele>348</ele>
      </trkpt>
      <trkpt lat="41.735454" lon="-7.473559">
        <ele>347.3</ele>
      </trkpt>
      <trkpt lat="41.734942104667425" lon="-7.473270334303379">
        <ele>345.9</ele>
      </trkpt>
      <trkpt lat="41.73487890511751" lon="-7.473216354846954">
        <ele>345.9</ele>
      </trkpt>
      <trkpt lat="41.73466525040567" lon="-7.472985349595547">
        <ele>346.6</ele>
      </trkpt>
      <trkpt lat="41.7346032243222" lon="-7.472900189459324">
        <ele>346.8</ele>
      </trkpt>
      <trkpt lat="41.734222853556275" lon="-7.472344385460019">
        <ele>348.2</ele>
      </trkpt>
      <trkpt lat="41.73404314555228" lon="-7.472052527591586">
        <ele>348.2</ele>
      </trkpt>
      <trkpt lat="41.73366755247116" lon="-7.471470236778259">
        <ele>347.8</ele>
      </trkpt>
      <trkpt lat="41.73329715617001" lon="-7.470901189371944">
        <ele>344</ele>
      </trkpt>
      <trkpt lat="41.7332009319216" lon="-7.470761546865106">
        <ele>343.7</ele>
      </trkpt>
      <trkpt lat="41.7328261770308" lon="-7.470226110890508">
        <ele>346.8</ele>
      </trkpt>
      <trkpt lat="41.73246441408992" lon="-7.469680951908231">
        <ele>349.1</ele>
      </trkpt>
      <trkpt lat="41.732264924794436" lon="-7.469339054077864">
        <ele>351</ele>
      </trkpt>
      <trkpt lat="41.73207113519311" lon="-7.469073263928294">
        <ele>351.4</ele>
      </trkpt>
      <trkpt lat="41.73200416378677" lon="-7.468997156247497">
        <ele>351.3</ele>
      </trkpt>
      <trkpt lat="41.73196820542216" lon="-7.46896505355835">
        <ele>351.2</ele>
      </trkpt>
      <trkpt lat="41.73175354488194" lon="-7.4688018579036">
        <ele>349.5</ele>
      </trkpt>
      <trkpt lat="41.73171699978411" lon="-7.468772185966373">
        <ele>349.2</ele>
      </trkpt>
      <trkpt lat="41.73174767754972" lon="-7.4683977663517">
        <ele>347.1</ele>
      </trkpt>
      <trkpt lat="41.731924284249544" lon="-7.468329034745693">
        <ele>347.2</ele>
      </trkpt>
      <trkpt lat="41.73206686042249" lon="-7.468291148543358">
        <ele>347.7</ele>
      </trkpt>
      <trkpt lat="41.732398280873895" lon="-7.468125186860561">
        <ele>348.6</ele>
      </trkpt>
      <trkpt lat="41.732485285028815" lon="-7.468060813844204">
        <ele>348.8</ele>
      </trkpt>
      <trkpt lat="41.732946038246155" lon="-7.467665690928698">
        <ele>350.7</ele>
      </trkpt>
      <trkpt lat="41.73332339152694" lon="-7.467358577996492">
        <ele>350.2</ele>
      </trkpt>
      <trkpt lat="41.73359328880906" lon="-7.467150036245585">
        <ele>350.6</ele>
      </trkpt>
      <trkpt lat="41.733785485848784" lon="-7.467015339061618">
        <ele>350.5</ele>
      </trkpt>
      <trkpt lat="41.734175495803356" lon="-7.46675306931138">
        <ele>350</ele>
      </trkpt>
      <trkpt lat="41.73433433286846" lon="-7.466635890305042">
        <ele>349.7</ele>
      </trkpt>
      <trkpt lat="41.73458612523973" lon="-7.466447884216905">
        <ele>350.2</ele>
      </trkpt>
      <trkpt lat="41.73507378436625" lon="-7.466090982779861">
        <ele>351.2</ele>
      </trkpt>
      <trkpt lat="41.73558482900262" lon="-7.465724442154169">
        <ele>351.6</ele>
      </trkpt>
      <trkpt lat="41.735915411263704" lon="-7.465502321720123">
        <ele>351.8</ele>
      </trkpt>
      <trkpt lat="41.73607466742396" lon="-7.465362763032317">
        <ele>352</ele>
      </trkpt>
      <trkpt lat="41.7364371009171" lon="-7.465087417513132">
        <ele>352.4</ele>
      </trkpt>
      <trkpt lat="41.73651882447302" lon="-7.465034108608961">
        <ele>352.3</ele>
      </trkpt>
      <trkpt lat="41.73670590855181" lon="-7.46481659822166">
        <ele>351.5</ele>
      </trkpt>
      <trkpt lat="41.736720660701394" lon="-7.464799750596285">
        <ele>351.4</ele>
      </trkpt>
      <trkpt lat="41.73676994629204" lon="-7.464846605435014">
        <ele>351.3</ele>
      </trkpt>
      <trkpt lat="41.73676935955882" lon="-7.464861692860723">
        <ele>351.3</ele>
      </trkpt>
      <trkpt lat="41.73676919192076" lon="-7.464868063107133">
        <ele>351.3</ele>
      </trkpt>
      <trkpt lat="41.736673302948475" lon="-7.464978536590934">
        <ele>351.7</ele>
      </trkpt>
      <trkpt lat="41.73665880225599" lon="-7.464985409751535">
        <ele>351.7</ele>
      </trkpt>
      <trkpt lat="41.73658160492778" lon="-7.465033102780581">
        <ele>352.1</ele>
      </trkpt>
      <trkpt lat="41.73632285557687" lon="-7.465222114697099">
        <ele>352.7</ele>
      </trkpt>
      <trkpt lat="41.73584869131446" lon="-7.465570131316781">
        <ele>351.6</ele>
      </trkpt>
      <trkpt lat="41.735389195382595" lon="-7.465911190956831">
        <ele>351.5</ele>
      </trkpt>
      <trkpt lat="41.73517839051783" lon="-7.466076565906405">
        <ele>351.3</ele>
      </trkpt>
      <trkpt lat="41.73469936475158" lon="-7.466436317190528">
        <ele>350.4</ele>
      </trkpt>
      <trkpt lat="41.73419896513224" lon="-7.466805791482329">
        <ele>349.7</ele>
      </trkpt>
      <trkpt lat="41.73369864933193" lon="-7.46719429269433">
        <ele>350.4</ele>
      </trkpt>
      <trkpt lat="41.73343311063945" lon="-7.467423118650913">
        <ele>350</ele>
      </trkpt>
      <trkpt lat="41.73331676982343" lon="-7.467516073957086">
        <ele>350.2</ele>
      </trkpt>
      <trkpt lat="41.73284696415067" lon="-7.467886051163077">
        <ele>350.7</ele>
      </trkpt>
      <trkpt lat="41.73263171687722" lon="-7.468045894056559">
        <ele>350.1</ele>
      </trkpt>
      <trkpt lat="41.73244999721646" lon="-7.468152092769742">
        <ele>349</ele>
      </trkpt>
      <trkpt lat="41.73240641131997" lon="-7.468178411945701">
        <ele>348.9</ele>
      </trkpt>
      <trkpt lat="41.732132993638515" lon="-7.468427186831832">
        <ele>348.9</ele>
      </trkpt>
      <trkpt lat="41.73199351876974" lon="-7.468657437711954">
        <ele>349.7</ele>
      </trkpt>
      <trkpt lat="41.73196284100413" lon="-7.468702364712954">
        <ele>349.8</ele>
      </trkpt>
      <trkpt lat="41.73170710913837" lon="-7.468837480992079">
        <ele>349.6</ele>
      </trkpt>
      <trkpt lat="41.73140955157578" lon="-7.468930603936315">
        <ele>349.1</ele>
      </trkpt>
      <trkpt lat="41.73090806230903" lon="-7.469273591414094">
        <ele>346.8</ele>
      </trkpt>
      <trkpt lat="41.73041579313576" lon="-7.469639796763659">
        <ele>346</ele>
      </trkpt>
      <trkpt lat="41.729922350496054" lon="-7.47000684030354">
        <ele>348</ele>
      </trkpt>
      <trkpt lat="41.729416167363524" lon="-7.470384696498513">
        <ele>348.9</ele>
      </trkpt>
      <trkpt lat="41.72890621237457" lon="-7.47075542807579">
        <ele>349.2</ele>
      </trkpt>
      <trkpt lat="41.72853003256023" lon="-7.471031025052071">
        <ele>350</ele>
      </trkpt>
      <trkpt lat="41.728019742295146" lon="-7.471415000036359">
        <ele>349.9</ele>
      </trkpt>
      <trkpt lat="41.72756544314325" lon="-7.471754383295775">
        <ele>349.2</ele>
      </trkpt>
      <trkpt lat="41.72706303186715" lon="-7.472129054367542">
        <ele>348.8</ele>
      </trkpt>
      <trkpt lat="41.726563051342964" lon="-7.472493918612599">
        <ele>346.6</ele>
      </trkpt>
      <trkpt lat="41.72606826759875" lon="-7.472868841141462">
        <ele>346.4</ele>
      </trkpt>
      <trkpt lat="41.72557583078742" lon="-7.473230017349124">
        <ele>347.4</ele>
      </trkpt>
      <trkpt lat="41.725412383675575" lon="-7.473365217447281">
        <ele>347.6</ele>
      </trkpt>
      <trkpt lat="41.72524290159345" lon="-7.473608795553446">
        <ele>346.9</ele>
      </trkpt>
      <trkpt lat="41.72492212615907" lon="-7.473762268200517">
        <ele>346.4</ele>
      </trkpt>
      <trkpt lat="41.72487988136709" lon="-7.473790431395173">
        <ele>346.4</ele>
      </trkpt>
      <trkpt lat="41.72440898604691" lon="-7.474167784675956">
        <ele>345.9</ele>
      </trkpt>
      <trkpt lat="41.72392568551004" lon="-7.474531978368759">
        <ele>346.5</ele>
      </trkpt>
      <trkpt lat="41.72371186316013" lon="-7.474702214822173">
        <ele>347</ele>
      </trkpt>
      <trkpt lat="41.72323518432677" lon="-7.475058697164059">
        <ele>347.4</ele>
      </trkpt>
      <trkpt lat="41.72293754294515" lon="-7.475282913073897">
        <ele>347.4</ele>
      </trkpt>
      <trkpt lat="41.72252817079425" lon="-7.47560067102313">
        <ele>347.7</ele>
      </trkpt>
      <trkpt lat="41.72203196212649" lon="-7.475974420085549">
        <ele>350.9</ele>
      </trkpt>
      <trkpt lat="41.7216085921973" lon="-7.476294860243797">
        <ele>349.5</ele>
      </trkpt>
      <trkpt lat="41.721123196184635" lon="-7.47671814635396">
        <ele>347.5</ele>
      </trkpt>
      <trkpt lat="41.72085413709283" lon="-7.477075550705195">
        <ele>346.5</ele>
      </trkpt>
      <trkpt lat="41.720777777954936" lon="-7.47737243771553">
        <ele>346.4</ele>
      </trkpt>
      <trkpt lat="41.72076378017664" lon="-7.477436223998666">
        <ele>346.5</ele>
      </trkpt>
      <trkpt lat="41.72054492868483" lon="-7.477673180401325">
        <ele>346.6</ele>
      </trkpt>
      <trkpt lat="41.72041987068951" lon="-7.477755658328533">
        <ele>346.9</ele>
      </trkpt>
      <trkpt lat="41.720344265922904" lon="-7.477823803201318">
        <ele>347.3</ele>
      </trkpt>
      <trkpt lat="41.72016246244311" lon="-7.478107446804643">
        <ele>348.1</ele>
      </trkpt>
      <trkpt lat="41.720085768029094" lon="-7.47826561331749">
        <ele>348.6</ele>
      </trkpt>
      <trkpt lat="41.719983257353306" lon="-7.478471556678414">
        <ele>349.4</ele>
      </trkpt>
      <trkpt lat="41.71993422321975" lon="-7.478573229163885">
        <ele>349.9</ele>
      </trkpt>
      <trkpt lat="41.719796005636454" lon="-7.478858046233654">
        <ele>350.6</ele>
      </trkpt>
      <trkpt lat="41.71969718299806" lon="-7.479073628783226">
        <ele>351.6</ele>
      </trkpt>
      <trkpt lat="41.719590313732624" lon="-7.479310752823949">
        <ele>352.6</ele>
      </trkpt>
      <trkpt lat="41.719558043405414" lon="-7.479391302913427">
        <ele>353</ele>
      </trkpt>
      <trkpt lat="41.71949769370258" lon="-7.479553911834955">
        <ele>353.9</ele>
      </trkpt>
      <trkpt lat="41.71946936286986" lon="-7.479634881019592">
        <ele>354.4</ele>
      </trkpt>
      <trkpt lat="41.719415886327624" lon="-7.479798244312406">
        <ele>355.4</ele>
      </trkpt>
      <trkpt lat="41.71936727128923" lon="-7.479966636747122">
        <ele>356.3</ele>
      </trkpt>
      <trkpt lat="41.71930759213865" lon="-7.480175094678998">
        <ele>357.1</ele>
      </trkpt>
      <trkpt lat="41.71924129128456" lon="-7.480427138507366">
        <ele>358.4</ele>
      </trkpt>
      <trkpt lat="41.71920935623348" lon="-7.48055043630302">
        <ele>359.7</ele>
      </trkpt>
      <trkpt lat="41.719142720103264" lon="-7.48080306686461">
        <ele>362.9</ele>
      </trkpt>
      <trkpt lat="41.71910944394767" lon="-7.480929046869278">
        <ele>364.6</ele>
      </trkpt>
      <trkpt lat="41.7190545424819" lon="-7.481138007715344">
        <ele>367.1</ele>
      </trkpt>
      <trkpt lat="41.71899779699743" lon="-7.481349650770426">
        <ele>369.2</ele>
      </trkpt>
      <trkpt lat="41.71895161271095" lon="-7.481522485613823">
        <ele>369.8</ele>
      </trkpt>
      <trkpt lat="41.7188594955951" lon="-7.481861617416143">
        <ele>369.8</ele>
      </trkpt>
      <trkpt lat="41.718822782859206" lon="-7.481982484459877">
        <ele>369.5</ele>
      </trkpt>
      <trkpt lat="41.71872865408659" lon="-7.482255734503269">
        <ele>368.7</ele>
      </trkpt>
      <trkpt lat="41.71863092109561" lon="-7.482480956241489">
        <ele>368.2</ele>
      </trkpt>
      <trkpt lat="41.718541234731674" lon="-7.482658820226789">
        <ele>368.3</ele>
      </trkpt>
      <trkpt lat="41.71840226277709" lon="-7.482896028086543">
        <ele>369.4</ele>
      </trkpt>
      <trkpt lat="41.718257926404476" lon="-7.483123177662492">
        <ele>372.8</ele>
      </trkpt>
      <trkpt lat="41.71813630498946" lon="-7.483315039426088">
        <ele>376.1</ele>
      </trkpt>
      <trkpt lat="41.71797470189631" lon="-7.483557779341936">
        <ele>379.4</ele>
      </trkpt>
      <trkpt lat="41.71789473854005" lon="-7.483679400756955">
        <ele>379.8</ele>
      </trkpt>
      <trkpt lat="41.7177714407444" lon="-7.483868161216378">
        <ele>380.2</ele>
      </trkpt>
      <trkpt lat="41.717684688046575" lon="-7.483996823430061">
        <ele>380.6</ele>
      </trkpt>
      <trkpt lat="41.717557618394494" lon="-7.484192373231053">
        <ele>380.9</ele>
      </trkpt>
      <trkpt lat="41.717424765229225" lon="-7.484395885840058">
        <ele>380.9</ele>
      </trkpt>
      <trkpt lat="41.71729291789234" lon="-7.48459386639297">
        <ele>381.4</ele>
      </trkpt>
      <trkpt lat="41.717102313414216" lon="-7.484882455319166">
        <ele>382.3</ele>
      </trkpt>
      <trkpt lat="41.716975746676326" lon="-7.485080100595951">
        <ele>382.7</ele>
      </trkpt>
      <trkpt lat="41.71689276583493" lon="-7.485209936276078">
        <ele>383</ele>
      </trkpt>
      <trkpt lat="41.7167457472533" lon="-7.485442785546184">
        <ele>384.1</ele>
      </trkpt>
      <trkpt lat="41.71662161126733" lon="-7.485634060576558">
        <ele>385.4</ele>
      </trkpt>
      <trkpt lat="41.71647358685732" lon="-7.48586380854249">
        <ele>387.1</ele>
      </trkpt>
      <trkpt lat="41.71630502678454" lon="-7.486117361113429">
        <ele>388.6</ele>
      </trkpt>
      <trkpt lat="41.71626504510641" lon="-7.486180895939469">
        <ele>389.3</ele>
      </trkpt>
      <trkpt lat="41.716081984341145" lon="-7.486456576734781">
        <ele>392.6</ele>
      </trkpt>
      <trkpt lat="41.715999674052" lon="-7.486581047996879">
        <ele>393.8</ele>
      </trkpt>
      <trkpt lat="41.715898336842656" lon="-7.486733514815569">
        <ele>394.9</ele>
      </trkpt>
      <trkpt lat="41.71579943038523" lon="-7.486883718520403">
        <ele>395.9</ele>
      </trkpt>
      <trkpt lat="41.715637324377894" lon="-7.487127715721726">
        <ele>397.5</ele>
      </trkpt>
      <trkpt lat="41.715502459555864" lon="-7.487333407625556">
        <ele>398.7</ele>
      </trkpt>
      <trkpt lat="41.715427273884416" lon="-7.487449748441577">
        <ele>399.2</ele>
      </trkpt>
      <trkpt lat="41.71521496027708" lon="-7.487774211913347">
        <ele>400</ele>
      </trkpt>
      <trkpt lat="41.71505645848811" lon="-7.48801720328629">
        <ele>401.7</ele>
      </trkpt>
      <trkpt lat="41.71496165916324" lon="-7.48816816136241">
        <ele>403.1</ele>
      </trkpt>
      <trkpt lat="41.71482738107443" lon="-7.488388856872916">
        <ele>405</ele>
      </trkpt>
      <trkpt lat="41.714770551770926" lon="-7.488468904048204">
        <ele>405.7</ele>
      </trkpt>
      <trkpt lat="41.71458858065307" lon="-7.488649450242519">
        <ele>407.6</ele>
      </trkpt>
      <trkpt lat="41.71443980187178" lon="-7.488986821845174">
        <ele>408.8</ele>
      </trkpt>
      <trkpt lat="41.714324383065104" lon="-7.489148676395416">
        <ele>409.4</ele>
      </trkpt>
      <trkpt lat="41.714275097474456" lon="-7.489211624488235">
        <ele>409.8</ele>
      </trkpt>
      <trkpt lat="41.71418356709182" lon="-7.489345818758011">
        <ele>410.5</ele>
      </trkpt>
      <trkpt lat="41.71407200396061" lon="-7.489517312496901">
        <ele>411.1</ele>
      </trkpt>
      <trkpt lat="41.7139844968915" lon="-7.489657374098897">
        <ele>410.9</ele>
      </trkpt>
      <trkpt lat="41.71392247080803" lon="-7.489760471507907">
        <ele>410.9</ele>
      </trkpt>
      <trkpt lat="41.71385801397264" lon="-7.489866586402059">
        <ele>410.9</ele>
      </trkpt>
      <trkpt lat="41.71372591517866" lon="-7.49008409678936">
        <ele>410.2</ele>
      </trkpt>
      <trkpt lat="41.71363270841539" lon="-7.490240419283509">
        <ele>409.3</ele>
      </trkpt>
      <trkpt lat="41.71347948722541" lon="-7.49049749225378">
        <ele>407.8</ele>
      </trkpt>
      <trkpt lat="41.71334261074662" lon="-7.490728413686156">
        <ele>406.7</ele>
      </trkpt>
      <trkpt lat="41.71322409063578" lon="-7.490921951830387">
        <ele>405.9</ele>
      </trkpt>
      <trkpt lat="41.71309970319271" lon="-7.491125548258424">
        <ele>404.6</ele>
      </trkpt>
      <trkpt lat="41.712973890826106" lon="-7.491337610408664">
        <ele>403.2</ele>
      </trkpt>
      <trkpt lat="41.71294237487018" lon="-7.491391338407993">
        <ele>403.2</ele>
      </trkpt>
      <trkpt lat="41.712782783433795" lon="-7.491665342822671">
        <ele>401.7</ele>
      </trkpt>
      <trkpt lat="41.7124751675874" lon="-7.492180578410626">
        <ele>400.2</ele>
      </trkpt>
      <trkpt lat="41.71233803965151" lon="-7.492410577833653">
        <ele>400.7</ele>
      </trkpt>
      <trkpt lat="41.71213888563216" lon="-7.492751386016607">
        <ele>401</ele>
      </trkpt>
      <trkpt lat="41.711969152092934" lon="-7.493042154237628">
        <ele>400.3</ele>
      </trkpt>
      <trkpt lat="41.71181928366423" lon="-7.493267375975847">
        <ele>399.4</ele>
      </trkpt>
      <trkpt lat="41.711761113256216" lon="-7.493398133665323">
        <ele>398.9</ele>
      </trkpt>
      <trkpt lat="41.711726412177086" lon="-7.493457309901714">
        <ele>398.9</ele>
      </trkpt>
      <trkpt lat="41.71152440831065" lon="-7.493792250752449">
        <ele>399.5</ele>
      </trkpt>
      <trkpt lat="41.71120656654239" lon="-7.494248813018203">
        <ele>399.5</ele>
      </trkpt>
      <trkpt lat="41.71074137091637" lon="-7.494720965623856">
        <ele>400.2</ele>
      </trkpt>
      <trkpt lat="41.71065176837146" lon="-7.494793636724353">
        <ele>400</ele>
      </trkpt>
      <trkpt lat="41.71046795323491" lon="-7.49492690898478">
        <ele>399.2</ele>
      </trkpt>
      <trkpt lat="41.71042067930102" lon="-7.494959766045213">
        <ele>399</ele>
      </trkpt>
      <trkpt lat="41.709883818402886" lon="-7.495278110727668">
        <ele>392.1</ele>
      </trkpt>
      <trkpt lat="41.70965088531375" lon="-7.495394619181752">
        <ele>392.1</ele>
      </trkpt>
      <trkpt lat="41.7094789724797" lon="-7.49547902494669">
        <ele>392.5</ele>
      </trkpt>
      <trkpt lat="41.70925165526569" lon="-7.495591677725315">
        <ele>393.2</ele>
      </trkpt>
      <trkpt lat="41.70896189287305" lon="-7.495733667165041">
        <ele>392.8</ele>
      </trkpt>
      <trkpt lat="41.70843701809645" lon="-7.495997361838818">
        <ele>392.7</ele>
      </trkpt>
      <trkpt lat="41.70837767422199" lon="-7.496028542518616">
        <ele>392.5</ele>
      </trkpt>
      <trkpt lat="41.70783502981067" lon="-7.496302798390389">
        <ele>388.9</ele>
      </trkpt>
      <trkpt lat="41.707713743671775" lon="-7.496361555531621">
        <ele>388.4</ele>
      </trkpt>
      <trkpt lat="41.70724050141871" lon="-7.496590549126267">
        <ele>388.7</ele>
      </trkpt>
      <trkpt lat="41.70678528025746" lon="-7.496822811663151">
        <ele>391.2</ele>
      </trkpt>
      <trkpt lat="41.70629703439772" lon="-7.497140318155289">
        <ele>386.5</ele>
      </trkpt>
      <trkpt lat="41.70614875853062" lon="-7.497274344787002">
        <ele>385.3</ele>
      </trkpt>
      <trkpt lat="41.70578934252262" lon="-7.49781078658998">
        <ele>383.3</ele>
      </trkpt>
      <trkpt lat="41.705655651167035" lon="-7.498253351077437">
        <ele>384.8</ele>
      </trkpt>
      <trkpt lat="41.705593122169375" lon="-7.498845113441348">
        <ele>391.1</ele>
      </trkpt>
      <trkpt lat="41.70559840276837" lon="-7.498986767604947">
        <ele>392.1</ele>
      </trkpt>
      <trkpt lat="41.705619441345334" lon="-7.499188184738159">
        <ele>393</ele>
      </trkpt>
      <trkpt lat="41.705638971179724" lon="-7.499311566352844">
        <ele>393.3</ele>
      </trkpt>
      <trkpt lat="41.705680042505264" lon="-7.499491274356842">
        <ele>393.5</ele>
      </trkpt>
      <trkpt lat="41.7057491093874" lon="-7.499716579914093">
        <ele>393.1</ele>
      </trkpt>
      <trkpt lat="41.70580836944282" lon="-7.499873237684369">
        <ele>392.9</ele>
      </trkpt>
      <trkpt lat="41.70592261478305" lon="-7.500106925144792">
        <ele>393.2</ele>
      </trkpt>
      <trkpt lat="41.70600048266351" lon="-7.500234078615904">
        <ele>393.1</ele>
      </trkpt>
      <trkpt lat="41.70608438551426" lon="-7.500347485765815">
        <ele>393</ele>
      </trkpt>
      <trkpt lat="41.70622411184013" lon="-7.500517219305039">
        <ele>393</ele>
      </trkpt>
      <trkpt lat="41.706338692456484" lon="-7.500637248158455">
        <ele>394.1</ele>
      </trkpt>
      <trkpt lat="41.706481436267495" lon="-7.500772029161453">
        <ele>395.3</ele>
      </trkpt>
      <trkpt lat="41.70666541904211" lon="-7.500924495980144">
        <ele>396.5</ele>
      </trkpt>
      <trkpt lat="41.706780502572656" lon="-7.501029605045915">
        <ele>397.7</ele>
      </trkpt>
      <trkpt lat="41.70691687613726" lon="-7.501146113499999">
        <ele>399.1</ele>
      </trkpt>
      <trkpt lat="41.70707588084042" lon="-7.501261197030544">
        <ele>401.1</ele>
      </trkpt>
      <trkpt lat="41.70725114643574" lon="-7.50140612013638">
        <ele>404.3</ele>
      </trkpt>
      <trkpt lat="41.7074238974601" lon="-7.501570489257574">
        <ele>406.7</ele>
      </trkpt>
      <trkpt lat="41.70750570483506" lon="-7.501634862273932">
        <ele>407</ele>
      </trkpt>
      <trkpt lat="41.707584830001" lon="-7.501709209755063">
        <ele>407.7</ele>
      </trkpt>
      <trkpt lat="41.70768759213388" lon="-7.501807948574424">
        <ele>408.1</ele>
      </trkpt>
      <trkpt lat="41.7077798768878" lon="-7.502006012946367">
        <ele>409.2</ele>
      </trkpt>
      <trkpt lat="41.70790015719831" lon="-7.502215476706624">
        <ele>410</ele>
      </trkpt>
      <trkpt lat="41.707990346476436" lon="-7.502368865534663">
        <ele>409.4</ele>
      </trkpt>
      <trkpt lat="41.7080888338387" lon="-7.502518650144339">
        <ele>408.8</ele>
      </trkpt>
      <trkpt lat="41.70819687657058" lon="-7.502723084762693">
        <ele>408.4</ele>
      </trkpt>
      <trkpt lat="41.70830709859729" lon="-7.502989545464516">
        <ele>411.4</ele>
      </trkpt>
      <trkpt lat="41.70836979523301" lon="-7.503177635371685">
        <ele>412.8</ele>
      </trkpt>
      <trkpt lat="41.70840692706406" lon="-7.503333454951644">
        <ele>414</ele>
      </trkpt>
      <trkpt lat="41.70841480605304" lon="-7.503374442458153">
        <ele>414.2</ele>
      </trkpt>
      <trkpt lat="41.70844146050513" lon="-7.503548115491867">
        <ele>413.8</ele>
      </trkpt>
      <trkpt lat="41.70845721848309" lon="-7.503729416057468">
        <ele>413.6</ele>
      </trkpt>
      <trkpt lat="41.708463756367564" lon="-7.504173740744591">
        <ele>413.7</ele>
      </trkpt>
      <trkpt lat="41.7084617447108" lon="-7.504281867295504">
        <ele>414.4</ele>
      </trkpt>
      <trkpt lat="41.708440873771906" lon="-7.504495605826378">
        <ele>416.9</ele>
      </trkpt>
      <trkpt lat="41.708389995619655" lon="-7.504908833652735">
        <ele>420.6</ele>
      </trkpt>
      <trkpt lat="41.70836744830012" lon="-7.505058953538537">
        <ele>421.2</ele>
      </trkpt>
      <trkpt lat="41.708300560712814" lon="-7.505503110587597">
        <ele>422.1</ele>
      </trkpt>
      <trkpt lat="41.70820659957826" lon="-7.506152372807264">
        <ele>423.2</ele>
      </trkpt>
      <trkpt lat="41.70816561207175" lon="-7.506458312273026">
        <ele>423.8</ele>
      </trkpt>
      <trkpt lat="41.70809478498995" lon="-7.507008919492364">
        <ele>424.2</ele>
      </trkpt>
      <trkpt lat="41.708023538812995" lon="-7.507504373788834">
        <ele>426.6</ele>
      </trkpt>
      <trkpt lat="41.70799478888512" lon="-7.507703946903348">
        <ele>428.3</ele>
      </trkpt>
      <trkpt lat="41.70794114470482" lon="-7.508007707074285">
        <ele>428.7</ele>
      </trkpt>
      <trkpt lat="41.70783989131451" lon="-7.508455300703645">
        <ele>425.8</ele>
      </trkpt>
      <trkpt lat="41.707706451416016" lon="-7.508944384753704">
        <ele>426.9</ele>
      </trkpt>
      <trkpt lat="41.70759321190417" lon="-7.509334562346339">
        <ele>429.2</ele>
      </trkpt>
      <trkpt lat="41.7075121589005" lon="-7.509575206786394">
        <ele>429.1</ele>
      </trkpt>
      <trkpt lat="41.70744049362838" lon="-7.509762542322278">
        <ele>428.3</ele>
      </trkpt>
      <trkpt lat="41.70720253139734" lon="-7.510250955820084">
        <ele>428.2</ele>
      </trkpt>
      <trkpt lat="41.70688779093325" lon="-7.510733837261796">
        <ele>431.1</ele>
      </trkpt>
      <trkpt lat="41.70671126805246" lon="-7.510969033464789">
        <ele>431.7</ele>
      </trkpt>
      <trkpt lat="41.70646953396499" lon="-7.511260472238064">
        <ele>432.1</ele>
      </trkpt>
      <trkpt lat="41.70640742406249" lon="-7.511333143338561">
        <ele>432</ele>
      </trkpt>
      <trkpt lat="41.70630952343345" lon="-7.511442778632045">
        <ele>431.6</ele>
      </trkpt>
      <trkpt lat="41.706103244796395" lon="-7.511636652052403">
        <ele>432.7</ele>
      </trkpt>
      <trkpt lat="41.70601414516568" lon="-7.511738911271095">
        <ele>433.9</ele>
      </trkpt>
      <trkpt lat="41.70597944408655" lon="-7.511771349236369">
        <ele>434.6</ele>
      </trkpt>
      <trkpt lat="41.70564089901745" lon="-7.512079635635018">
        <ele>437.1</ele>
      </trkpt>
      <trkpt lat="41.70536764897406" lon="-7.512326063588262">
        <ele>434.4</ele>
      </trkpt>
      <trkpt lat="41.70505877584219" lon="-7.512598810717464">
        <ele>438</ele>
      </trkpt>
      <trkpt lat="41.704583605751395" lon="-7.513028969988227">
        <ele>442.8</ele>
      </trkpt>
      <trkpt lat="41.70451688580215" lon="-7.513086553663015">
        <ele>443.7</ele>
      </trkpt>
      <trkpt lat="41.70438403263688" lon="-7.51320549286902">
        <ele>445.8</ele>
      </trkpt>
      <trkpt lat="41.703987484797835" lon="-7.513559125363827">
        <ele>446.8</ele>
      </trkpt>
      <trkpt lat="41.703548692166805" lon="-7.513962294906378">
        <ele>446.4</ele>
      </trkpt>
      <trkpt lat="41.70348406769335" lon="-7.514022728428245">
        <ele>446.2</ele>
      </trkpt>
      <trkpt lat="41.70329044573009" lon="-7.514198077842593">
        <ele>445.5</ele>
      </trkpt>
      <trkpt lat="41.70319170691073" lon="-7.514284579083324">
        <ele>445.4</ele>
      </trkpt>
      <trkpt lat="41.702888533473015" lon="-7.514563277363777">
        <ele>444.8</ele>
      </trkpt>
      <trkpt lat="41.70243624597788" lon="-7.514980360865593">
        <ele>446.5</ele>
      </trkpt>
      <trkpt lat="41.70240204781294" lon="-7.515007015317679">
        <ele>446.6</ele>
      </trkpt>
      <trkpt lat="41.702337423339486" lon="-7.51506476663053">
        <ele>446.9</ele>
      </trkpt>
      <trkpt lat="41.70208303257823" lon="-7.515294933691621">
        <ele>448.9</ele>
      </trkpt>
      <trkpt lat="41.70186401344836" lon="-7.515496937558055">
        <ele>450.6</ele>
      </trkpt>
      <trkpt lat="41.7016561422497" lon="-7.515690224245191">
        <ele>452.8</ele>
      </trkpt>
      <trkpt lat="41.70121215283871" lon="-7.516148462891579">
        <ele>454.2</ele>
      </trkpt>
      <trkpt lat="41.70094518922269" lon="-7.516438644379377">
        <ele>452.4</ele>
      </trkpt>
      <trkpt lat="41.70074226334691" lon="-7.516660345718265">
        <ele>450.8</ele>
      </trkpt>
      <trkpt lat="41.70052777044475" lon="-7.516895374283195">
        <ele>449</ele>
      </trkpt>
      <trkpt lat="41.70041729696095" lon="-7.517007943242788">
        <ele>448.4</ele>
      </trkpt>
      <trkpt lat="41.70027446933091" lon="-7.51716778613627">
        <ele>448</ele>
      </trkpt>
      <trkpt lat="41.700091576203704" lon="-7.517381859943271">
        <ele>447.9</ele>
      </trkpt>
      <trkpt lat="41.69998093508184" lon="-7.517508594319224">
        <ele>448.3</ele>
      </trkpt>
      <trkpt lat="41.699793096631765" lon="-7.517717555165291">
        <ele>449.4</ele>
      </trkpt>
      <trkpt lat="41.69940534979105" lon="-7.518136566504836">
        <ele>449.9</ele>
      </trkpt>
      <trkpt lat="41.699286410585046" lon="-7.518250057473779">
        <ele>449.7</ele>
      </trkpt>
      <trkpt lat="41.69921239838004" lon="-7.518334714695811">
        <ele>449.7</ele>
      </trkpt>
      <trkpt lat="41.69903260655701" lon="-7.51853940077126">
        <ele>450.3</ele>
      </trkpt>
      <trkpt lat="41.698957085609436" lon="-7.518620621412993">
        <ele>450.3</ele>
      </trkpt>
      <trkpt lat="41.698522651568055" lon="-7.519142562523484">
        <ele>448.8</ele>
      </trkpt>
      <trkpt lat="41.6980713699013" lon="-7.519644554704428">
        <ele>446.5</ele>
      </trkpt>
      <trkpt lat="41.69791831634939" lon="-7.519813533872366">
        <ele>445.7</ele>
      </trkpt>
      <trkpt lat="41.697612795978785" lon="-7.520146379247308">
        <ele>445.8</ele>
      </trkpt>
      <trkpt lat="41.69733736664057" lon="-7.520498670637608">
        <ele>447.5</ele>
      </trkpt>
      <trkpt lat="41.69713745824993" lon="-7.520919190719724">
        <ele>447.7</ele>
      </trkpt>
      <trkpt lat="41.69701172970235" lon="-7.521375501528382">
        <ele>449.9</ele>
      </trkpt>
      <trkpt lat="41.69693444855511" lon="-7.521903729066253">
        <ele>453.1</ele>
      </trkpt>
      <trkpt lat="41.696892119944096" lon="-7.522318549454212">
        <ele>452.8</ele>
      </trkpt>
      <trkpt lat="41.69680234976113" lon="-7.52304551191628">
        <ele>451.8</ele>
      </trkpt>
      <trkpt lat="41.69675759039819" lon="-7.523393779993057">
        <ele>451.8</ele>
      </trkpt>
      <trkpt lat="41.696667317301035" lon="-7.524145133793354">
        <ele>454.4</ele>
      </trkpt>
      <trkpt lat="41.69657243415713" lon="-7.524876790121198">
        <ele>457.5</ele>
      </trkpt>
      <trkpt lat="41.696391720324755" lon="-7.52559176646173">
        <ele>457.5</ele>
      </trkpt>
      <trkpt lat="41.696105394512415" lon="-7.526231976225972">
        <ele>459.7</ele>
      </trkpt>
      <trkpt lat="41.695735082030296" lon="-7.526779230684042">
        <ele>459.3</ele>
      </trkpt>
      <trkpt lat="41.69548169709742" lon="-7.527050217613578">
        <ele>458.2</ele>
      </trkpt>
      <trkpt lat="41.69529067352414" lon="-7.5272286683321">
        <ele>456.8</ele>
      </trkpt>
      <trkpt lat="41.69479806907475" lon="-7.52766989171505">
        <ele>452.7</ele>
      </trkpt>
      <trkpt lat="41.69444837607443" lon="-7.527989996597171">
        <ele>450.8</ele>
      </trkpt>
      <trkpt lat="41.69398150406778" lon="-7.528421496972442">
        <ele>452.7</ele>
      </trkpt>
      <trkpt lat="41.69378754682839" lon="-7.528600115329027">
        <ele>454.7</ele>
      </trkpt>
      <trkpt lat="41.69330097734928" lon="-7.529063550755382">
        <ele>455.7</ele>
      </trkpt>
      <trkpt lat="41.69283435679972" lon="-7.529516257345676">
        <ele>459.8</ele>
      </trkpt>
      <trkpt lat="41.692361533641815" lon="-7.529958989471197">
        <ele>459.2</ele>
      </trkpt>
      <trkpt lat="41.691863564774394" lon="-7.530401470139623">
        <ele>454.5</ele>
      </trkpt>
      <trkpt lat="41.691381270065904" lon="-7.530815368518233">
        <ele>452.1</ele>
      </trkpt>
      <trkpt lat="41.69099394232035" lon="-7.531172269955277">
        <ele>452.9</ele>
      </trkpt>
      <trkpt lat="41.6905524674803" lon="-7.531615504994988">
        <ele>454.1</ele>
      </trkpt>
      <trkpt lat="41.690135886892676" lon="-7.532126884907484">
        <ele>452.5</ele>
      </trkpt>
      <trkpt lat="41.68986640870571" lon="-7.532686712220311">
        <ele>453.7</ele>
      </trkpt>
      <trkpt lat="41.689680917188525" lon="-7.533377129584551">
        <ele>450</ele>
      </trkpt>
      <trkpt lat="41.68955309316516" lon="-7.534081880003214">
        <ele>449.8</ele>
      </trkpt>
      <trkpt lat="41.68943147175014" lon="-7.534804316237569">
        <ele>455.6</ele>
      </trkpt>
      <trkpt lat="41.6893092636019" lon="-7.535460703074932">
        <ele>454.8</ele>
      </trkpt>
      <trkpt lat="41.689095105975866" lon="-7.536146091297269">
        <ele>451.2</ele>
      </trkpt>
      <trkpt lat="41.68877441436052" lon="-7.53672762773931">
        <ele>449.5</ele>
      </trkpt>
      <trkpt lat="41.68833704665303" lon="-7.537235487252474">
        <ele>447.9</ele>
      </trkpt>
      <trkpt lat="41.68788626790047" lon="-7.537704957649112">
        <ele>445.3</ele>
      </trkpt>
      <trkpt lat="41.68759558349848" lon="-7.538010645657778">
        <ele>445</ele>
      </trkpt>
      <trkpt lat="41.68712695129216" lon="-7.538500400260091">
        <ele>446.9</ele>
      </trkpt>
      <trkpt lat="41.68690038844943" lon="-7.538738446310163">
        <ele>447.5</ele>
      </trkpt>
      <trkpt lat="41.68667625635862" lon="-7.538988143205643">
        <ele>448.4</ele>
      </trkpt>
      <trkpt lat="41.68643376789987" lon="-7.539311600849032">
        <ele>450.5</ele>
      </trkpt>
      <trkpt lat="41.68612598441541" lon="-7.539928760379553">
        <ele>451.4</ele>
      </trkpt>
      <trkpt lat="41.686041662469506" lon="-7.540206285193563">
        <ele>451.5</ele>
      </trkpt>
      <trkpt lat="41.685964465141296" lon="-7.540564527735114">
        <ele>452.1</ele>
      </trkpt>
      <trkpt lat="41.685898918658495" lon="-7.541002817451954">
        <ele>453.3</ele>
      </trkpt>
      <trkpt lat="41.685801688581705" lon="-7.54172089509666">
        <ele>454.8</ele>
      </trkpt>
      <trkpt lat="41.685716696083546" lon="-7.54235808737576">
        <ele>455.5</ele>
      </trkpt>
      <trkpt lat="41.68568660505116" lon="-7.542639635503292">
        <ele>456.5</ele>
      </trkpt>
      <trkpt lat="41.685665901750326" lon="-7.542774248868227">
        <ele>457</ele>
      </trkpt>
      <trkpt lat="41.68565668165684" lon="-7.542908946052194">
        <ele>457.3</ele>
      </trkpt>
      <trkpt lat="41.685627261176705" lon="-7.543153697624803">
        <ele>458.2</ele>
      </trkpt>
      <trkpt lat="41.68562340550125" lon="-7.543378919363022">
        <ele>459.1</ele>
      </trkpt>
      <trkpt lat="41.68562541715801" lon="-7.543433485552669">
        <ele>459.3</ele>
      </trkpt>
      <trkpt lat="41.6855844296515" lon="-7.543891724199057">
        <ele>461.4</ele>
      </trkpt>
      <trkpt lat="41.68551066890359" lon="-7.544665290042758">
        <ele>459.6</ele>
      </trkpt>
      <trkpt lat="41.68548099696636" lon="-7.544975085183978">
        <ele>460.2</ele>
      </trkpt>
      <trkpt lat="41.68545207940042" lon="-7.545270211994648">
        <ele>460.7</ele>
      </trkpt>
      <trkpt lat="41.68537932448089" lon="-7.545886365696788">
        <ele>460.8</ele>
      </trkpt>
      <trkpt lat="41.68518964201212" lon="-7.546605700626969">
        <ele>459.9</ele>
      </trkpt>
      <trkpt lat="41.685042874887586" lon="-7.546883057802916">
        <ele>460.3</ele>
      </trkpt>
      <trkpt lat="41.684592347592115" lon="-7.54735772497952">
        <ele>459.4</ele>
      </trkpt>
      <trkpt lat="41.68423184193671" lon="-7.547537013888359">
        <ele>459.1</ele>
      </trkpt>
      <trkpt lat="41.683809980750084" lon="-7.547696437686682">
        <ele>457.8</ele>
      </trkpt>
      <trkpt lat="41.683507561683655" lon="-7.547815293073654">
        <ele>457.1</ele>
      </trkpt>
      <trkpt lat="41.683192402124405" lon="-7.547937082126737">
        <ele>455.3</ele>
      </trkpt>
      <trkpt lat="41.682863999158144" lon="-7.548062475398183">
        <ele>452.4</ele>
      </trkpt>
      <trkpt lat="41.68267138302326" lon="-7.548137158155441">
        <ele>451.6</ele>
      </trkpt>
      <trkpt lat="41.68214860372245" lon="-7.548344945535064">
        <ele>453.1</ele>
      </trkpt>
      <trkpt lat="41.6816124971956" lon="-7.548593049868941">
        <ele>453.7</ele>
      </trkpt>
      <trkpt lat="41.68117957189679" lon="-7.54892036318779">
        <ele>452</ele>
      </trkpt>
      <trkpt lat="41.68112282641232" lon="-7.548968978226185">
        <ele>452</ele>
      </trkpt>
      <trkpt lat="41.68090305291116" lon="-7.549249436706305">
        <ele>453.7</ele>
      </trkpt>
      <trkpt lat="41.68083163909614" lon="-7.549370974302292">
        <ele>455.3</ele>
      </trkpt>
      <trkpt lat="41.680767768993974" lon="-7.549495026469231">
        <ele>456.7</ele>
      </trkpt>
      <trkpt lat="41.680678920820355" lon="-7.549687642604113">
        <ele>458</ele>
      </trkpt>
      <trkpt lat="41.68056232854724" lon="-7.549999114125967">
        <ele>458.1</ele>
      </trkpt>
      <trkpt lat="41.68045093305409" lon="-7.550418544560671">
        <ele>459.1</ele>
      </trkpt>
      <trkpt lat="41.68040793389082" lon="-7.550639156252146">
        <ele>459.6</ele>
      </trkpt>
      <trkpt lat="41.68036853894591" lon="-7.550846356898546">
        <ele>460.1</ele>
      </trkpt>
      <trkpt lat="41.68036007322371" lon="-7.550896815955639">
        <ele>460.4</ele>
      </trkpt>
      <trkpt lat="41.68033266440034" lon="-7.551044840365648">
        <ele>461.8</ele>
      </trkpt>
      <trkpt lat="41.68029150925577" lon="-7.551340637728572">
        <ele>465</ele>
      </trkpt>
      <trkpt lat="41.68027114123106" lon="-7.551544737070799">
        <ele>467.3</ele>
      </trkpt>
      <trkpt lat="41.680264603346586" lon="-7.551597710698843">
        <ele>467.7</ele>
      </trkpt>
      <trkpt lat="41.68024071492255" lon="-7.551750596612692">
        <ele>469.2</ele>
      </trkpt>
      <trkpt lat="41.68019360862672" lon="-7.552030635997653">
        <ele>470</ele>
      </trkpt>
      <trkpt lat="41.68017231859267" lon="-7.552217384800315">
        <ele>470.1</ele>
      </trkpt>
      <trkpt lat="41.68009017594159" lon="-7.552948622033">
        <ele>469.2</ele>
      </trkpt>
      <trkpt lat="41.68008338660002" lon="-7.553001679480076">
        <ele>469.1</ele>
      </trkpt>
      <trkpt lat="41.679923962801695" lon="-7.553735598921776">
        <ele>471.7</ele>
      </trkpt>
      <trkpt lat="41.679833522066474" lon="-7.554111694917083">
        <ele>474.2</ele>
      </trkpt>
      <trkpt lat="41.67974358424544" lon="-7.55445946007967">
        <ele>473.2</ele>
      </trkpt>
      <trkpt lat="41.67961550876498" lon="-7.554914010688663">
        <ele>468.2</ele>
      </trkpt>
      <trkpt lat="41.679542418569326" lon="-7.555115344002843">
        <ele>467.1</ele>
      </trkpt>
      <trkpt lat="41.67945943772793" lon="-7.555304355919361">
        <ele>466.8</ele>
      </trkpt>
      <trkpt lat="41.679306887090206" lon="-7.555574923753738">
        <ele>469.2</ele>
      </trkpt>
      <trkpt lat="41.67921720072627" lon="-7.555701322853565">
        <ele>471.5</ele>
      </trkpt>
      <trkpt lat="41.67898594401777" lon="-7.555968789383769">
        <ele>477.1</ele>
      </trkpt>
      <trkpt lat="41.6786786634475" lon="-7.556201135739684">
        <ele>480</ele>
      </trkpt>
      <trkpt lat="41.67824582196772" lon="-7.556417137384415">
        <ele>480</ele>
      </trkpt>
      <trkpt lat="41.67809000238776" lon="-7.556508332490921">
        <ele>479.8</ele>
      </trkpt>
      <trkpt lat="41.67803627438843" lon="-7.556542111560702">
        <ele>479.4</ele>
      </trkpt>
      <trkpt lat="41.677801329642534" lon="-7.556660464033485">
        <ele>478.3</ele>
      </trkpt>
      <trkpt lat="41.6772935539484" lon="-7.557078804820776">
        <ele>475.9</ele>
      </trkpt>
      <trkpt lat="41.67691485956311" lon="-7.557651288807392">
        <ele>471.4</ele>
      </trkpt>
      <trkpt lat="41.67675241827965" lon="-7.558277081698179">
        <ele>468.6</ele>
      </trkpt>
      <trkpt lat="41.676668766885996" lon="-7.559027597308159">
        <ele>459.5</ele>
      </trkpt>
      <trkpt lat="41.67661411687732" lon="-7.559870649129152">
        <ele>448.6</ele>
      </trkpt>
      <trkpt lat="41.67656424455345" lon="-7.560751419514418">
        <ele>447.6</ele>
      </trkpt>
      <trkpt lat="41.676487885415554" lon="-7.561445105820894">
        <ele>445.3</ele>
      </trkpt>
      <trkpt lat="41.67615646496415" lon="-7.562141558155417">
        <ele>447.3</ele>
      </trkpt>
      <trkpt lat="41.67596401646733" lon="-7.562325121834874">
        <ele>444.9</ele>
      </trkpt>
      <trkpt lat="41.675753463059664" lon="-7.5624636746943">
        <ele>441.3</ele>
      </trkpt>
      <trkpt lat="41.67563787661493" lon="-7.562505248934031">
        <ele>438.7</ele>
      </trkpt>
      <trkpt lat="41.675294637680054" lon="-7.562541542574763">
        <ele>430.1</ele>
      </trkpt>
      <trkpt lat="41.675053825601935" lon="-7.562506422400475">
        <ele>426.7</ele>
      </trkpt>
      <trkpt lat="41.674436163157225" lon="-7.562367366626859">
        <ele>425.9</ele>
      </trkpt>
      <trkpt lat="41.674175318330526" lon="-7.562319170683622">
        <ele>426.2</ele>
      </trkpt>
      <trkpt lat="41.67378983460367" lon="-7.562322858721018">
        <ele>424.1</ele>
      </trkpt>
      <trkpt lat="41.67342052794993" lon="-7.562461914494634">
        <ele>421.6</ele>
      </trkpt>
      <trkpt lat="41.67310553602874" lon="-7.562761064618826">
        <ele>418.4</ele>
      </trkpt>
      <trkpt lat="41.6730041988194" lon="-7.56287656724453">
        <ele>416.5</ele>
      </trkpt>
      <trkpt lat="41.67257336899638" lon="-7.563510490581393">
        <ele>416.6</ele>
      </trkpt>
      <trkpt lat="41.672142539173365" lon="-7.564166290685535">
        <ele>417.5</ele>
      </trkpt>
      <trkpt lat="41.672049667686224" lon="-7.564282044768333">
        <ele>415.7</ele>
      </trkpt>
      <trkpt lat="41.67175588198006" lon="-7.564552780240774">
        <ele>410.2</ele>
      </trkpt>
      <trkpt lat="41.67119043879211" lon="-7.564814379438758">
        <ele>407.8</ele>
      </trkpt>
      <trkpt lat="41.67106864973903" lon="-7.564848326146603">
        <ele>409</ele>
      </trkpt>
      <trkpt lat="41.67094451375306" lon="-7.564875315874815">
        <ele>409.4</ele>
      </trkpt>
      <trkpt lat="41.67068878188729" lon="-7.564904065802693">
        <ele>409.7</ele>
      </trkpt>
      <trkpt lat="41.67006131261587" lon="-7.564902137964964">
        <ele>408.8</ele>
      </trkpt>
      <trkpt lat="41.669822009280324" lon="-7.564910436049104">
        <ele>408.3</ele>
      </trkpt>
      <trkpt lat="41.6694641020149" lon="-7.564908089116216">
        <ele>404.2</ele>
      </trkpt>
      <trkpt lat="41.66934206150472" lon="-7.564903562888503">
        <ele>402</ele>
      </trkpt>
      <trkpt lat="41.66897501796484" lon="-7.56490146741271">
        <ele>395.9</ele>
      </trkpt>
      <trkpt lat="41.66859079152346" lon="-7.564898366108537">
        <ele>396.7</ele>
      </trkpt>
      <trkpt lat="41.668190052732825" lon="-7.564909178763628">
        <ele>400.8</ele>
      </trkpt>
      <trkpt lat="41.66753316298127" lon="-7.565018143504858">
        <ele>394.7</ele>
      </trkpt>
      <trkpt lat="41.66689588688314" lon="-7.565219141542912">
        <ele>382.3</ele>
      </trkpt>
      <trkpt lat="41.6665231436491" lon="-7.565400861203671">
        <ele>378.4</ele>
      </trkpt>
      <trkpt lat="41.66590145789087" lon="-7.565747788175941">
        <ele>373.5</ele>
      </trkpt>
      <trkpt lat="41.66552469134331" lon="-7.565956162288785">
        <ele>374.1</ele>
      </trkpt>
      <trkpt lat="41.665019765496254" lon="-7.566239554435015">
        <ele>372.9</ele>
      </trkpt>
      <trkpt lat="41.66463662870228" lon="-7.566454717889428">
        <ele>370</ele>
      </trkpt>
      <trkpt lat="41.66411611251533" lon="-7.566738277673721">
        <ele>367.2</ele>
      </trkpt>
      <trkpt lat="41.66385719552636" lon="-7.566879345104098">
        <ele>365.7</ele>
      </trkpt>
      <trkpt lat="41.66347506456077" lon="-7.567089982330799">
        <ele>361.8</ele>
      </trkpt>
      <trkpt lat="41.66321908123791" lon="-7.567228702828288">
        <ele>360.1</ele>
      </trkpt>
      <trkpt lat="41.662965612486005" lon="-7.567363567650318">
        <ele>358.7</ele>
      </trkpt>
      <trkpt lat="41.66283963248134" lon="-7.567431461066008">
        <ele>357.4</ele>
      </trkpt>
      <trkpt lat="41.6624666377902" lon="-7.56766464561224">
        <ele>354.7</ele>
      </trkpt>
      <trkpt lat="41.66212943382561" lon="-7.567957425490022">
        <ele>352</ele>
      </trkpt>
      <trkpt lat="41.66173632256687" lon="-7.568442737683654">
        <ele>347.6</ele>
      </trkpt>
      <trkpt lat="41.66138277389109" lon="-7.568952273577452">
        <ele>341.7</ele>
      </trkpt>
      <trkpt lat="41.661040456965566" lon="-7.569435825571418">
        <ele>337.7</ele>
      </trkpt>
      <trkpt lat="41.66087122634053" lon="-7.569675296545029">
        <ele>339.4</ele>
      </trkpt>
      <trkpt lat="41.660625133663416" lon="-7.570026749745011">
        <ele>340.4</ele>
      </trkpt>
      <trkpt lat="41.66039370931685" lon="-7.570356829091907">
        <ele>342</ele>
      </trkpt>
      <trkpt lat="41.660126661881804" lon="-7.570727309212089">
        <ele>346.1</ele>
      </trkpt>
      <trkpt lat="41.65974914096296" lon="-7.571261655539274">
        <ele>350.7</ele>
      </trkpt>
      <trkpt lat="41.65955409407616" lon="-7.571547226980329">
        <ele>352.3</ele>
      </trkpt>
      <trkpt lat="41.659397603943944" lon="-7.571781584993005">
        <ele>354.2</ele>
      </trkpt>
      <trkpt lat="41.65929584763944" lon="-7.571928687393665">
        <ele>356.4</ele>
      </trkpt>
      <trkpt lat="41.659245137125254" lon="-7.571999933570623">
        <ele>357.8</ele>
      </trkpt>
      <trkpt lat="41.65911010466516" lon="-7.572190286591649">
        <ele>361.1</ele>
      </trkpt>
      <trkpt lat="41.65872654877603" lon="-7.572727231308818">
        <ele>366.5</ele>
      </trkpt>
      <trkpt lat="41.658351542428136" lon="-7.573262583464384">
        <ele>370.9</ele>
      </trkpt>
      <trkpt lat="41.658330922946334" lon="-7.573289824649692">
        <ele>371.3</ele>
      </trkpt>
      <trkpt lat="41.65819739922881" lon="-7.573486212641001">
        <ele>373.6</ele>
      </trkpt>
      <trkpt lat="41.65797687135637" lon="-7.573802042752504">
        <ele>377.4</ele>
      </trkpt>
      <trkpt lat="41.65778945200145" lon="-7.574064061045647">
        <ele>379.3</ele>
      </trkpt>
      <trkpt lat="41.65741209872067" lon="-7.574599077925086">
        <ele>385.6</ele>
      </trkpt>
      <trkpt lat="41.65730916894972" lon="-7.574745174497366">
        <ele>386.4</ele>
      </trkpt>
      <trkpt lat="41.656995099037886" lon="-7.575189750641584">
        <ele>385.3</ele>
      </trkpt>
      <trkpt lat="41.65691119618714" lon="-7.575310869142413">
        <ele>384.1</ele>
      </trkpt>
      <trkpt lat="41.65685445070267" lon="-7.575390748679638">
        <ele>382.9</ele>
      </trkpt>
      <trkpt lat="41.65672562085092" lon="-7.575569367036223">
        <ele>381.1</ele>
      </trkpt>
      <trkpt lat="41.656638868153095" lon="-7.575686378404498">
        <ele>380</ele>
      </trkpt>
      <trkpt lat="41.65656871162355" lon="-7.575778746977449">
        <ele>378.8</ele>
      </trkpt>
      <trkpt lat="41.6565471701324" lon="-7.57581009529531">
        <ele>378.5</ele>
      </trkpt>
      <trkpt lat="41.656456645578146" lon="-7.575937248766422">
        <ele>378.3</ele>
      </trkpt>
      <trkpt lat="41.656063199043274" lon="-7.576448544859886">
        <ele>376.4</ele>
      </trkpt>
      <trkpt lat="41.65585281327367" lon="-7.576771080493927">
        <ele>375.4</ele>
      </trkpt>
      <trkpt lat="41.65576379746199" lon="-7.57687970995903">
        <ele>375.9</ele>
      </trkpt>
      <trkpt lat="41.655388036742806" lon="-7.577426796779037">
        <ele>380.2</ele>
      </trkpt>
      <trkpt lat="41.654998026788235" lon="-7.577990395948291">
        <ele>381.6</ele>
      </trkpt>
      <trkpt lat="41.654686722904444" lon="-7.578391553834081">
        <ele>379.5</ele>
      </trkpt>
      <trkpt lat="41.654568035155535" lon="-7.578506385907531">
        <ele>380</ele>
      </trkpt>
      <trkpt lat="41.654150700196624" lon="-7.578804530203342">
        <ele>384.4</ele>
      </trkpt>
      <trkpt lat="41.653645941987634" lon="-7.579064620658755">
        <ele>387.3</ele>
      </trkpt>
      <trkpt lat="41.65306583046913" lon="-7.579252626746893">
        <ele>381.5</ele>
      </trkpt>
      <trkpt lat="41.652473481372" lon="-7.579291770234704">
        <ele>381.5</ele>
      </trkpt>
      <trkpt lat="41.65190141648054" lon="-7.579200575128198">
        <ele>384.7</ele>
      </trkpt>
      <trkpt lat="41.651792619377375" lon="-7.579163108021021">
        <ele>385.4</ele>
      </trkpt>
      <trkpt lat="41.65129263885319" lon="-7.578866304829717">
        <ele>386.8</ele>
      </trkpt>
      <trkpt lat="41.65081897750497" lon="-7.578450478613377">
        <ele>384.7</ele>
      </trkpt>
      <trkpt lat="41.65060599334538" lon="-7.578236488625407">
        <ele>382.1</ele>
      </trkpt>
      <trkpt lat="41.65037247352302" lon="-7.578007746487856">
        <ele>379.5</ele>
      </trkpt>
      <trkpt lat="41.65002076886594" lon="-7.577721085399389">
        <ele>376.4</ele>
      </trkpt>
      <trkpt lat="41.64986997842789" lon="-7.577649503946304">
        <ele>374.8</ele>
      </trkpt>
      <trkpt lat="41.64979286491871" lon="-7.577601978555322">
        <ele>374.1</ele>
      </trkpt>
      <trkpt lat="41.64965950883925" lon="-7.577443141490221">
        <ele>373.3</ele>
      </trkpt>
      <trkpt lat="41.649604523554444" lon="-7.577334009110928">
        <ele>373.3</ele>
      </trkpt>
      <trkpt lat="41.64954559877515" lon="-7.577222529798746">
        <ele>373.5</ele>
      </trkpt>
      <trkpt lat="41.64939925074577" lon="-7.577019352465868">
        <ele>373.6</ele>
      </trkpt>
      <trkpt lat="41.64922901429236" lon="-7.576842829585075">
        <ele>373.5</ele>
      </trkpt>
      <trkpt lat="41.648974707350135" lon="-7.576586846262217">
        <ele>374.9</ele>
      </trkpt>
      <trkpt lat="41.64856583811343" lon="-7.576165739446878">
        <ele>375.8</ele>
      </trkpt>
      <trkpt lat="41.64807247929275" lon="-7.575678080320358">
        <ele>370.1</ele>
      </trkpt>
      <trkpt lat="41.647987654432654" lon="-7.575593758374453">
        <ele>369.2</ele>
      </trkpt>
      <trkpt lat="41.64744392037392" lon="-7.5751475058496">
        <ele>366.8</ele>
      </trkpt>
      <trkpt lat="41.646910328418016" lon="-7.574970312416554">
        <ele>363.3</ele>
      </trkpt>
      <trkpt lat="41.64637883193791" lon="-7.574861012399197">
        <ele>363.2</ele>
      </trkpt>
      <trkpt lat="41.64607146754861" lon="-7.574805608019233">
        <ele>364.8</ele>
      </trkpt>
      <trkpt lat="41.64548649452627" lon="-7.574690356850624">
        <ele>362.7</ele>
      </trkpt>
      <trkpt lat="41.645392030477524" lon="-7.574669402092695">
        <ele>361.6</ele>
      </trkpt>
      <trkpt lat="41.64485374465585" lon="-7.574565801769495">
        <ele>358.9</ele>
      </trkpt>
      <trkpt lat="41.64470882155001" lon="-7.574547277763486">
        <ele>358.7</ele>
      </trkpt>
      <trkpt lat="41.64463405497372" lon="-7.574553648009896">
        <ele>358.4</ele>
      </trkpt>
      <trkpt lat="41.64442350156605" lon="-7.574605951085687">
        <ele>357</ele>
      </trkpt>
      <trkpt lat="41.64419995620847" lon="-7.574616512283683">
        <ele>356.8</ele>
      </trkpt>
      <trkpt lat="41.64390876889229" lon="-7.574742995202541">
        <ele>356.9</ele>
      </trkpt>
      <trkpt lat="41.64383760653436" lon="-7.574787838384509">
        <ele>357</ele>
      </trkpt>
      <trkpt lat="41.64345975033939" lon="-7.575006941333413">
        <ele>355.5</ele>
      </trkpt>
      <trkpt lat="41.643050545826554" lon="-7.575133256614208">
        <ele>353</ele>
      </trkpt>
      <trkpt lat="41.642470601946115" lon="-7.575135268270969">
        <ele>350.3</ele>
      </trkpt>
      <trkpt lat="41.642387537285686" lon="-7.575123868882656">
        <ele>350</ele>
      </trkpt>
      <trkpt lat="41.64207464084029" lon="-7.575042312964797">
        <ele>348.7</ele>
      </trkpt>
      <trkpt lat="41.64162394590676" lon="-7.574807368218899">
        <ele>346.6</ele>
      </trkpt>
      <trkpt lat="41.64113737642765" lon="-7.574338484555483">
        <ele>347.9</ele>
      </trkpt>
      <trkpt lat="41.64106789045036" lon="-7.574266484007239">
        <ele>347.7</ele>
      </trkpt>
      <trkpt lat="41.64064200595021" lon="-7.573860632255673">
        <ele>348.2</ele>
      </trkpt>
      <trkpt lat="41.64045953191817" lon="-7.573680505156517">
        <ele>349.5</ele>
      </trkpt>
      <trkpt lat="41.64034335874021" lon="-7.573569277301431">
        <ele>350.2</ele>
      </trkpt>
      <trkpt lat="41.6402886249125" lon="-7.573514459654689">
        <ele>350.5</ele>
      </trkpt>
      <trkpt lat="41.63994622416794" lon="-7.573177255690098">
        <ele>350.5</ele>
      </trkpt>
      <trkpt lat="41.639797277748585" lon="-7.573039289563894">
        <ele>349.6</ele>
      </trkpt>
      <trkpt lat="41.63967884145677" lon="-7.572944574058056">
        <ele>348.3</ele>
      </trkpt>
      <trkpt lat="41.63960893638432" lon="-7.572874501347542">
        <ele>347.6</ele>
      </trkpt>
      <trkpt lat="41.63956283591688" lon="-7.572778780013323">
        <ele>347.3</ele>
      </trkpt>
      <trkpt lat="41.639546658843756" lon="-7.572553977370262">
        <ele>347.5</ele>
      </trkpt>
      <trkpt lat="41.63955420255661" lon="-7.572414837777615">
        <ele>348</ele>
      </trkpt>
      <trkpt lat="41.639534924179316" lon="-7.572149466723204">
        <ele>348.6</ele>
      </trkpt>
      <trkpt lat="41.63951640017331" lon="-7.571963472291827">
        <ele>348.7</ele>
      </trkpt>
      <trkpt lat="41.63951522670686" lon="-7.571803797036409">
        <ele>348.2</ele>
      </trkpt>
      <trkpt lat="41.63950181566179" lon="-7.571546724066138">
        <ele>346.7</ele>
      </trkpt>
      <trkpt lat="41.639467533677816" lon="-7.571153193712235">
        <ele>344.4</ele>
      </trkpt>
      <trkpt lat="41.639452362433076" lon="-7.571049425750971">
        <ele>344.2</ele>
      </trkpt>
      <trkpt lat="41.63934021256864" lon="-7.570744827389717">
        <ele>342.4</ele>
      </trkpt>
      <trkpt lat="41.63929218426347" lon="-7.570643657818437">
        <ele>341.6</ele>
      </trkpt>
      <trkpt lat="41.63900267332792" lon="-7.570200758054853">
        <ele>337.8</ele>
      </trkpt>
      <trkpt lat="41.63864568807185" lon="-7.569900937378407">
        <ele>336</ele>
      </trkpt>
      <trkpt lat="41.63815618492663" lon="-7.569516878575087">
        <ele>334</ele>
      </trkpt>
      <trkpt lat="41.63809952326119" lon="-7.569474298506975">
        <ele>334.2</ele>
      </trkpt>
      <trkpt lat="41.637832475826144" lon="-7.569267516955733">
        <ele>337.1</ele>
      </trkpt>
      <trkpt lat="41.63766567595303" lon="-7.569172885268927">
        <ele>340</ele>
      </trkpt>
      <trkpt lat="41.63748471066356" lon="-7.569084037095308">
        <ele>343.8</ele>
      </trkpt>
      <trkpt lat="41.63741555996239" lon="-7.569065429270268">
        <ele>344.7</ele>
      </trkpt>
      <trkpt lat="41.637276420369744" lon="-7.569053107872605">
        <ele>345.9</ele>
      </trkpt>
      <trkpt lat="41.63721020333469" lon="-7.569055119529367">
        <ele>346</ele>
      </trkpt>
      <trkpt lat="41.63690635934472" lon="-7.569149415940046">
        <ele>343.7</ele>
      </trkpt>
      <trkpt lat="41.636511236429214" lon="-7.569359466433525">
        <ele>342.8</ele>
      </trkpt>
      <trkpt lat="41.63646941073239" lon="-7.569383354857564">
        <ele>343</ele>
      </trkpt>
      <trkpt lat="41.636341754347086" lon="-7.569454265758395">
        <ele>343.6</ele>
      </trkpt>
      <trkpt lat="41.63601980544627" lon="-7.569634644314647">
        <ele>344.8</ele>
      </trkpt>
      <trkpt lat="41.63590363226831" lon="-7.569702034816146">
        <ele>345</ele>
      </trkpt>
      <trkpt lat="41.63582752458751" lon="-7.569748051464558">
        <ele>345</ele>
      </trkpt>
      <trkpt lat="41.63571218959987" lon="-7.569812424480915">
        <ele>345</ele>
      </trkpt>
      <trkpt lat="41.6354466509074" lon="-7.569978469982743">
        <ele>344.9</ele>
      </trkpt>
      <trkpt lat="41.634891936555505" lon="-7.570163290947676">
        <ele>346.2</ele>
      </trkpt>
      <trkpt lat="41.634562108665705" lon="-7.570181814953685">
        <ele>348.2</ele>
      </trkpt>
      <trkpt lat="41.6344621963799" lon="-7.570186257362366">
        <ele>348.4</ele>
      </trkpt>
      <trkpt lat="41.63387202657759" lon="-7.570214588195086">
        <ele>348.4</ele>
      </trkpt>
      <trkpt lat="41.633710004389286" lon="-7.570230681449175">
        <ele>348.1</ele>
      </trkpt>
      <trkpt lat="41.63354119285941" lon="-7.570249456912279">
        <ele>347.9</ele>
      </trkpt>
      <trkpt lat="41.63342912681401" lon="-7.570263370871544">
        <ele>348</ele>
      </trkpt>
      <trkpt lat="41.63331747986376" lon="-7.570271333679557">
        <ele>348.2</ele>
      </trkpt>
      <trkpt lat="41.63320398889482" lon="-7.570278961211443">
        <ele>348.5</ele>
      </trkpt>
      <trkpt lat="41.633038111031055" lon="-7.570289857685566">
        <ele>349.2</ele>
      </trkpt>
      <trkpt lat="41.632874328643084" lon="-7.570298574864864">
        <ele>349.5</ele>
      </trkpt>
      <trkpt lat="41.63230050355196" lon="-7.57032866589725">
        <ele>351.6</ele>
      </trkpt>
      <trkpt lat="41.632202016189694" lon="-7.57033746689558">
        <ele>351.8</ele>
      </trkpt>
      <trkpt lat="41.63210352882743" lon="-7.570345010608435">
        <ele>351.3</ele>
      </trkpt>
      <trkpt lat="41.63200554437935" lon="-7.570350458845496">
        <ele>351</ele>
      </trkpt>
      <trkpt lat="41.63190722465515" lon="-7.570351967588067">
        <ele>350.5</ele>
      </trkpt>
      <trkpt lat="41.63171452470124" lon="-7.570330426096916">
        <ele>350</ele>
      </trkpt>
      <trkpt lat="41.63115503266454" lon="-7.570133870467544">
        <ele>352.1</ele>
      </trkpt>
      <trkpt lat="41.63080039434135" lon="-7.570007890462875">
        <ele>352.7</ele>
      </trkpt>
      <trkpt lat="41.63024978712201" lon="-7.569798175245524">
        <ele>356</ele>
      </trkpt>
      <trkpt lat="41.63003378547728" lon="-7.569725504145026">
        <ele>356.5</ele>
      </trkpt>
      <trkpt lat="41.629515616223216" lon="-7.569487877190113">
        <ele>359.9</ele>
      </trkpt>
      <trkpt lat="41.62896358408034" lon="-7.569277239963412">
        <ele>359.5</ele>
      </trkpt>
      <trkpt lat="41.628423538058996" lon="-7.569068865850568">
        <ele>358.9</ele>
      </trkpt>
      <trkpt lat="41.62810997106135" lon="-7.568974569439888">
        <ele>361.2</ele>
      </trkpt>
      <trkpt lat="41.627557603642344" lon="-7.568835346028209">
        <ele>363.2</ele>
      </trkpt>
      <trkpt lat="41.626984030008316" lon="-7.568688997998834">
        <ele>366.6</ele>
      </trkpt>
      <trkpt lat="41.62644130177796" lon="-7.568588582798839">
        <ele>368.7</ele>
      </trkpt>
      <trkpt lat="41.62612027488649" lon="-7.568621775135398">
        <ele>368.8</ele>
      </trkpt>
      <trkpt lat="41.62607249803841" lon="-7.568640047684312">
        <ele>368.6</ele>
      </trkpt>
      <trkpt lat="41.62556178867817" lon="-7.568956715986133">
        <ele>371.4</ele>
      </trkpt>
      <trkpt lat="41.625492135062814" lon="-7.569013377651572">
        <ele>371.4</ele>
      </trkpt>
      <trkpt lat="41.62545760162175" lon="-7.569049168378115">
        <ele>371.2</ele>
      </trkpt>
      <trkpt lat="41.62515576928854" lon="-7.569274641573429">
        <ele>371.3</ele>
      </trkpt>
      <trkpt lat="41.62463039159775" lon="-7.569565996527672">
        <ele>368.9</ele>
      </trkpt>
      <trkpt lat="41.624200735241175" lon="-7.56964260712266">
        <ele>369.3</ele>
      </trkpt>
      <trkpt lat="41.62365825846791" lon="-7.569582089781761">
        <ele>371.8</ele>
      </trkpt>
      <trkpt lat="41.6234671510756" lon="-7.569543868303299">
        <ele>372.4</ele>
      </trkpt>
      <trkpt lat="41.622925847768784" lon="-7.569451751187444">
        <ele>372.8</ele>
      </trkpt>
      <trkpt lat="41.6223587282002" lon="-7.56930448114872">
        <ele>376.7</ele>
      </trkpt>
      <trkpt lat="41.62182287313044" lon="-7.56917011924088">
        <ele>378.6</ele>
      </trkpt>
      <trkpt lat="41.62149991840124" lon="-7.569080600515008">
        <ele>380.2</ele>
      </trkpt>
      <trkpt lat="41.62145893089473" lon="-7.569055957719684">
        <ele>380.8</ele>
      </trkpt>
      <trkpt lat="41.62133529782295" lon="-7.568966271355748">
        <ele>382.7</ele>
      </trkpt>
      <trkpt lat="41.62085191346705" lon="-7.568629067391157">
        <ele>384.1</ele>
      </trkpt>
      <trkpt lat="41.62074336782098" lon="-7.56854516454041">
        <ele>383.8</ele>
      </trkpt>
      <trkpt lat="41.62020365707576" lon="-7.568285828456283">
        <ele>382.4</ele>
      </trkpt>
      <trkpt lat="41.61969227716327" lon="-7.568056918680668">
        <ele>383.3</ele>
      </trkpt>
      <trkpt lat="41.61957752890885" lon="-7.567997658625245">
        <ele>383.3</ele>
      </trkpt>
      <trkpt lat="41.61909523420036" lon="-7.567642601206899">
        <ele>387</ele>
      </trkpt>
      <trkpt lat="41.61898291669786" lon="-7.567554758861661">
        <ele>387.5</ele>
      </trkpt>
      <trkpt lat="41.618456868454814" lon="-7.56729131564498">
        <ele>388.1</ele>
      </trkpt>
      <trkpt lat="41.618041126057506" lon="-7.567138848826289">
        <ele>391.6</ele>
      </trkpt>
      <trkpt lat="41.61789368838072" lon="-7.567123090848327">
        <ele>392.6</ele>
      </trkpt>
      <trkpt lat="41.617703502997756" lon="-7.56716969422996">
        <ele>393.3</ele>
      </trkpt>
      <trkpt lat="41.617177622392774" lon="-7.567436741665006">
        <ele>393.8</ele>
      </trkpt>
      <trkpt lat="41.616776967421174" lon="-7.567642265930772">
        <ele>395.3</ele>
      </trkpt>
      <trkpt lat="41.61648075096309" lon="-7.567828930914402">
        <ele>397.6</ele>
      </trkpt>
      <trkpt lat="41.61634471267462" lon="-7.567952480167151">
        <ele>399.2</ele>
      </trkpt>
      <trkpt lat="41.61621630191803" lon="-7.568095726892352">
        <ele>401.1</ele>
      </trkpt>
      <trkpt lat="41.615933580324054" lon="-7.568306867033243">
        <ele>402</ele>
      </trkpt>
      <trkpt lat="41.6157275531441" lon="-7.568327151238918">
        <ele>402</ele>
      </trkpt>
      <trkpt lat="41.615271493792534" lon="-7.568288175389171">
        <ele>403.1</ele>
      </trkpt>
      <trkpt lat="41.614724742248654" lon="-7.568452209234238">
        <ele>404.9</ele>
      </trkpt>
      <trkpt lat="41.6145895421505" lon="-7.568534603342414">
        <ele>405.8</ele>
      </trkpt>
      <trkpt lat="41.61406718194485" lon="-7.568798800930381">
        <ele>411.7</ele>
      </trkpt>
      <trkpt lat="41.613993337377906" lon="-7.568818917497993">
        <ele>412.7</ele>
      </trkpt>
      <trkpt lat="41.61344566382468" lon="-7.568921009078622">
        <ele>416.2</ele>
      </trkpt>
      <trkpt lat="41.61327383480966" lon="-7.568950764834881">
        <ele>417.1</ele>
      </trkpt>
      <trkpt lat="41.612705206498504" lon="-7.568969875574112">
        <ele>417.8</ele>
      </trkpt>
      <trkpt lat="41.61252700723708" lon="-7.56896979175508">
        <ele>419</ele>
      </trkpt>
      <trkpt lat="41.61211587488651" lon="-7.568982364609838">
        <ele>422.4</ele>
      </trkpt>
      <trkpt lat="41.61173416301608" lon="-7.569143632426858">
        <ele>424.4</ele>
      </trkpt>
      <trkpt lat="41.611447585746646" lon="-7.569418894127011">
        <ele>427.8</ele>
      </trkpt>
      <trkpt lat="41.61133736371994" lon="-7.569538755342364">
        <ele>429.6</ele>
      </trkpt>
      <trkpt lat="41.61094752140343" lon="-7.569955168291926">
        <ele>435.4</ele>
      </trkpt>
      <trkpt lat="41.61065868102014" lon="-7.570258677005768">
        <ele>435.2</ele>
      </trkpt>
      <trkpt lat="41.610284093767405" lon="-7.57061205804348">
        <ele>435</ele>
      </trkpt>
      <trkpt lat="41.60985787399113" lon="-7.570853540673852">
        <ele>439.3</ele>
      </trkpt>
      <trkpt lat="41.60951958037913" lon="-7.570968875661492">
        <ele>445.8</ele>
      </trkpt>
      <trkpt lat="41.60920408554375" lon="-7.571030734106898">
        <ele>447.4</ele>
      </trkpt>
      <trkpt lat="41.60899579524994" lon="-7.571044815704227">
        <ele>448.3</ele>
      </trkpt>
      <trkpt lat="41.608666721731424" lon="-7.57101665250957">
        <ele>449.1</ele>
      </trkpt>
      <trkpt lat="41.60820429213345" lon="-7.571086138486862">
        <ele>446.1</ele>
      </trkpt>
      <trkpt lat="41.60803070291877" lon="-7.571182111278176">
        <ele>445.7</ele>
      </trkpt>
      <trkpt lat="41.60779592581093" lon="-7.571313288062811">
        <ele>446.8</ele>
      </trkpt>
      <trkpt lat="41.60749970935285" lon="-7.571480507031083">
        <ele>451.3</ele>
      </trkpt>
      <trkpt lat="41.60728622227907" lon="-7.571601122617722">
        <ele>453.3</ele>
      </trkpt>
      <trkpt lat="41.60718010738492" lon="-7.571662478148937">
        <ele>454.2</ele>
      </trkpt>
      <trkpt lat="41.607107603922486" lon="-7.571705058217049">
        <ele>455</ele>
      </trkpt>
      <trkpt lat="41.60695664584637" lon="-7.571780914440751">
        <ele>456.4</ele>
      </trkpt>
      <trkpt lat="41.60686721093953" lon="-7.571807317435741">
        <ele>456.9</ele>
      </trkpt>
      <trkpt lat="41.60671843215823" lon="-7.571840258315206">
        <ele>457.5</ele>
      </trkpt>
      <trkpt lat="41.60638759844005" lon="-7.571819555014372">
        <ele>455.3</ele>
      </trkpt>
      <trkpt lat="41.60619632340968" lon="-7.571802204474807">
        <ele>453.4</ele>
      </trkpt>
      <trkpt lat="41.606172770261765" lon="-7.571815615519881">
        <ele>453.4</ele>
      </trkpt>
      <trkpt lat="41.60597604699433" lon="-7.571953665465117">
        <ele>454.3</ele>
      </trkpt>
      <trkpt lat="41.60577001981437" lon="-7.572083920240402">
        <ele>456.3</ele>
      </trkpt>
      <trkpt lat="41.605415968224406" lon="-7.572072772309184">
        <ele>461.3</ele>
      </trkpt>
      <trkpt lat="41.605174988508224" lon="-7.571990629658103">
        <ele>462.2</ele>
      </trkpt>
      <trkpt lat="41.60486075095832" lon="-7.571887448430061">
        <ele>463.2</ele>
      </trkpt>
      <trkpt lat="41.60467769019306" lon="-7.571875127032399">
        <ele>464.4</ele>
      </trkpt>
      <trkpt lat="41.604604348540306" lon="-7.571903290227056">
        <ele>465.3</ele>
      </trkpt>
      <trkpt lat="41.60430058836937" lon="-7.572005465626717">
        <ele>468.7</ele>
      </trkpt>
      <trkpt lat="41.60402884706855" lon="-7.572033042088151">
        <ele>470.9</ele>
      </trkpt>
      <trkpt lat="41.60370480269194" lon="-7.571922233328223">
        <ele>472.7</ele>
      </trkpt>
      <trkpt lat="41.60353339277208" lon="-7.571851406246424">
        <ele>473.3</ele>
      </trkpt>
      <trkpt lat="41.603308003395796" lon="-7.571792816743255">
        <ele>473.7</ele>
      </trkpt>
      <trkpt lat="41.602987479418516" lon="-7.571805557236075">
        <ele>475.8</ele>
      </trkpt>
      <trkpt lat="41.602692352607846" lon="-7.571829864755273">
        <ele>476</ele>
      </trkpt>
      <trkpt lat="41.60243293270469" lon="-7.571852998808026">
        <ele>474.8</ele>
      </trkpt>
      <trkpt lat="41.60212975926697" lon="-7.57188149727881">
        <ele>477.6</ele>
      </trkpt>
      <trkpt lat="41.60184611566365" lon="-7.571913599967957">
        <ele>480.3</ele>
      </trkpt>
      <trkpt lat="41.601529866456985" lon="-7.572102192789316">
        <ele>482.4</ele>
      </trkpt>
      <trkpt lat="41.60126189701259" lon="-7.572330432012677">
        <ele>482.9</ele>
      </trkpt>
      <trkpt lat="41.6010420396924" lon="-7.57251625880599">
        <ele>483.4</ele>
      </trkpt>
      <trkpt lat="41.60076526924968" lon="-7.572755813598633">
        <ele>486.1</ele>
      </trkpt>
      <trkpt lat="41.600566701963544" lon="-7.572919428348541">
        <ele>488.5</ele>
      </trkpt>
      <trkpt lat="41.600330751389265" lon="-7.573115397244692">
        <ele>490.7</ele>
      </trkpt>
      <trkpt lat="41.60009580664337" lon="-7.573318406939507">
        <ele>492.2</ele>
      </trkpt>
      <trkpt lat="41.599861700087786" lon="-7.573514962568879">
        <ele>493.2</ele>
      </trkpt>
      <trkpt lat="41.59962683916092" lon="-7.573685785755515">
        <ele>494.7</ele>
      </trkpt>
      <trkpt lat="41.599594317376614" lon="-7.573707243427634">
        <ele>494.7</ele>
      </trkpt>
      <trkpt lat="41.59929156303406" lon="-7.573867170140147">
        <ele>495.1</ele>
      </trkpt>
      <trkpt lat="41.59894329495728" lon="-7.573998514562845">
        <ele>494.1</ele>
      </trkpt>
      <trkpt lat="41.5986695419997" lon="-7.574100941419601">
        <ele>491.9</ele>
      </trkpt>
      <trkpt lat="41.59841280430555" lon="-7.574195321649313">
        <ele>491.9</ele>
      </trkpt>
      <trkpt lat="41.59819386899471" lon="-7.574348291382194">
        <ele>493.6</ele>
      </trkpt>
      <trkpt lat="41.59807300195098" lon="-7.574577201157808">
        <ele>494.5</ele>
      </trkpt>
      <trkpt lat="41.59801390953362" lon="-7.574852295219898">
        <ele>496</ele>
      </trkpt>
      <trkpt lat="41.59800125285983" lon="-7.574929744005203">
        <ele>496.3</ele>
      </trkpt>
      <trkpt lat="41.59794174134731" lon="-7.575242556631565">
        <ele>497</ele>
      </trkpt>
      <trkpt lat="41.59779706969857" lon="-7.57556333206594">
        <ele>497.1</ele>
      </trkpt>
      <trkpt lat="41.5977733489126" lon="-7.575594680383802">
        <ele>497.1</ele>
      </trkpt>
      <trkpt lat="41.59753404557705" lon="-7.575828535482287">
        <ele>498.7</ele>
      </trkpt>
      <trkpt lat="41.597508983686566" lon="-7.575856195762754">
        <ele>498.9</ele>
      </trkpt>
      <trkpt lat="41.59727185964584" lon="-7.576076555997133">
        <ele>502.7</ele>
      </trkpt>
      <trkpt lat="41.59702635370195" lon="-7.576318122446537">
        <ele>508.2</ele>
      </trkpt>
      <trkpt lat="41.59684446640313" lon="-7.576688434928656">
        <ele>509.8</ele>
      </trkpt>
      <trkpt lat="41.59682451747358" lon="-7.576777199283242">
        <ele>509.6</ele>
      </trkpt>
      <trkpt lat="41.59679375588894" lon="-7.577000577002764">
        <ele>509</ele>
      </trkpt>
      <trkpt lat="41.59675561822951" lon="-7.577357143163681">
        <ele>508.5</ele>
      </trkpt>
      <trkpt lat="41.59670633263886" lon="-7.577706668525934">
        <ele>507.8</ele>
      </trkpt>
      <trkpt lat="41.59665302373469" lon="-7.577996430918574">
        <ele>507.5</ele>
      </trkpt>
      <trkpt lat="41.59652746282518" lon="-7.578338328748941">
        <ele>505.1</ele>
      </trkpt>
      <trkpt lat="41.596328895539045" lon="-7.578619373962283">
        <ele>504.1</ele>
      </trkpt>
      <trkpt lat="41.59627986140549" lon="-7.578670252114534">
        <ele>504.5</ele>
      </trkpt>
      <trkpt lat="41.595983393490314" lon="-7.578857922926545">
        <ele>507.9</ele>
      </trkpt>
      <trkpt lat="41.595766888931394" lon="-7.578933443874121">
        <ele>509.1</ele>
      </trkpt>
      <trkpt lat="41.59557988867164" lon="-7.578998655080795">
        <ele>510.5</ele>
      </trkpt>
      <trkpt lat="41.595293981954455" lon="-7.579102842137218">
        <ele>514.6</ele>
      </trkpt>
      <trkpt lat="41.59502022899687" lon="-7.579222451895475">
        <ele>520.9</ele>
      </trkpt>
      <trkpt lat="41.59474681131542" lon="-7.579436944797635">
        <ele>525.5</ele>
      </trkpt>
      <trkpt lat="41.594551261514425" lon="-7.579641966149211">
        <ele>528.3</ele>
      </trkpt>
      <trkpt lat="41.594378342851996" lon="-7.579870792105794">
        <ele>529.3</ele>
      </trkpt>
      <trkpt lat="41.59436048939824" lon="-7.579899374395609">
        <ele>529.3</ele>
      </trkpt>
      <trkpt lat="41.59419788047671" lon="-7.580169020220637">
        <ele>529.9</ele>
      </trkpt>
      <trkpt lat="41.59405739977956" lon="-7.580451909452677">
        <ele>530.7</ele>
      </trkpt>
      <trkpt lat="41.5939137339592" lon="-7.580780060961843">
        <ele>529.7</ele>
      </trkpt>
      <trkpt lat="41.59373461268842" lon="-7.581169735640287">
        <ele>528.4</ele>
      </trkpt>
      <trkpt lat="41.59368214197457" lon="-7.581248776987195">
        <ele>529.5</ele>
      </trkpt>
      <trkpt lat="41.59361198544502" lon="-7.58141566067934">
        <ele>529.9</ele>
      </trkpt>
      <trkpt lat="41.59359463490546" lon="-7.58144692517817">
        <ele>530.2</ele>
      </trkpt>
      <trkpt lat="41.593327671289444" lon="-7.581840874627233">
        <ele>531.7</ele>
      </trkpt>
      <trkpt lat="41.59321225248277" lon="-7.581979930400848">
        <ele>532.4</ele>
      </trkpt>
      <trkpt lat="41.59307001158595" lon="-7.58213491179049">
        <ele>534.1</ele>
      </trkpt>
      <trkpt lat="41.59279324114323" lon="-7.582438923418522">
        <ele>537.2</ele>
      </trkpt>
      <trkpt lat="41.59256701357663" lon="-7.58268166333437">
        <ele>540</ele>
      </trkpt>
      <trkpt lat="41.59232972189784" lon="-7.582930689677596">
        <ele>542.8</ele>
      </trkpt>
      <trkpt lat="41.592100225389004" lon="-7.583180638030171">
        <ele>543.9</ele>
      </trkpt>
      <trkpt lat="41.5918605029583" lon="-7.583369482308626">
        <ele>543.2</ele>
      </trkpt>
      <trkpt lat="41.59183166921139" lon="-7.583384066820145">
        <ele>543.3</ele>
      </trkpt>
      <trkpt lat="41.59144853241742" lon="-7.583486242219806">
        <ele>546.4</ele>
      </trkpt>
      <trkpt lat="41.591360941529274" lon="-7.583506107330322">
        <ele>546.7</ele>
      </trkpt>
      <trkpt lat="41.59101367928088" lon="-7.583559667691588">
        <ele>546.8</ele>
      </trkpt>
      <trkpt lat="41.59071461297572" lon="-7.583646001294255">
        <ele>548.5</ele>
      </trkpt>
      <trkpt lat="41.590450163930655" lon="-7.583822272717953">
        <ele>553</ele>
      </trkpt>
      <trkpt lat="41.590220080688596" lon="-7.584131229668856">
        <ele>555.5</ele>
      </trkpt>
      <trkpt lat="41.59011027775705" lon="-7.584352931007743">
        <ele>556.3</ele>
      </trkpt>
      <trkpt lat="41.590051939710975" lon="-7.584483353421092">
        <ele>556.6</ele>
      </trkpt>
      <trkpt lat="41.589924953877926" lon="-7.584745287895203">
        <ele>557.2</ele>
      </trkpt>
      <trkpt lat="41.58978254534304" lon="-7.58499288931489">
        <ele>558.6</ele>
      </trkpt>
      <trkpt lat="41.58951809629798" lon="-7.585279298946261">
        <ele>562</ele>
      </trkpt>
      <trkpt lat="41.58916530199349" lon="-7.585593368858099">
        <ele>562.7</ele>
      </trkpt>
      <trkpt lat="41.58896883018315" lon="-7.585774166509509">
        <ele>562.3</ele>
      </trkpt>
      <trkpt lat="41.58894452266395" lon="-7.585795372724533">
        <ele>562.3</ele>
      </trkpt>
      <trkpt lat="41.58869666978717" lon="-7.586025288328528">
        <ele>563.4</ele>
      </trkpt>
      <trkpt lat="41.588476141914725" lon="-7.586232908070087">
        <ele>563.6</ele>
      </trkpt>
      <trkpt lat="41.588265588507056" lon="-7.586389482021332">
        <ele>562.7</ele>
      </trkpt>
      <trkpt lat="41.58803332597017" lon="-7.586482353508472">
        <ele>564.3</ele>
      </trkpt>
      <trkpt lat="41.587710455060005" lon="-7.586619313806295">
        <ele>567.2</ele>
      </trkpt>
      <trkpt lat="41.587529154494405" lon="-7.586688464507461">
        <ele>567.1</ele>
      </trkpt>
      <trkpt lat="41.58731156028807" lon="-7.586766332387924">
        <ele>569.4</ele>
      </trkpt>
      <trkpt lat="41.58728054724634" lon="-7.586778737604618">
        <ele>569.9</ele>
      </trkpt>
      <trkpt lat="41.58704484812915" lon="-7.586887367069721">
        <ele>574.7</ele>
      </trkpt>
      <trkpt lat="41.586820632219315" lon="-7.58713698014617">
        <ele>578.2</ele>
      </trkpt>
      <trkpt lat="41.58674770966172" lon="-7.587271342054009">
        <ele>578.7</ele>
      </trkpt>
      <trkpt lat="41.58669046126306" lon="-7.587424144148827">
        <ele>578.3</ele>
      </trkpt>
      <trkpt lat="41.58658635802567" lon="-7.587792696431279">
        <ele>577.5</ele>
      </trkpt>
      <trkpt lat="41.58648720011115" lon="-7.588113388046622">
        <ele>579.5</ele>
      </trkpt>
      <trkpt lat="41.5864587854594" lon="-7.588175665587187">
        <ele>580.1</ele>
      </trkpt>
      <trkpt lat="41.586261643096805" lon="-7.588440869003534">
        <ele>585.5</ele>
      </trkpt>
      <trkpt lat="41.58595880493522" lon="-7.588643543422222">
        <ele>590.4</ele>
      </trkpt>
      <trkpt lat="41.58567264676094" lon="-7.588802464306355">
        <ele>591.2</ele>
      </trkpt>
      <trkpt lat="41.58534265123308" lon="-7.588965827599168">
        <ele>592.5</ele>
      </trkpt>
      <trkpt lat="41.584960017353296" lon="-7.58912960998714">
        <ele>594.3</ele>
      </trkpt>
      <trkpt lat="41.58473236486316" lon="-7.5892214756459">
        <ele>594.5</ele>
      </trkpt>
      <trkpt lat="41.58447344787419" lon="-7.589325327426195">
        <ele>594</ele>
      </trkpt>
      <trkpt lat="41.58432123251259" lon="-7.589389951899648">
        <ele>593.7</ele>
      </trkpt>
      <trkpt lat="41.5842499025166" lon="-7.5894218031317">
        <ele>593.4</ele>
      </trkpt>
      <trkpt lat="41.58409148454666" lon="-7.589492211118341">
        <ele>592.9</ele>
      </trkpt>
      <trkpt lat="41.583684626966715" lon="-7.589669320732355">
        <ele>591.5</ele>
      </trkpt>
      <trkpt lat="41.58318506553769" lon="-7.590001411736012">
        <ele>587.2</ele>
      </trkpt>
      <trkpt lat="41.5829895157367" lon="-7.590211043134332">
        <ele>587.7</ele>
      </trkpt>
      <trkpt lat="41.58293779939413" lon="-7.590269129723311">
        <ele>588</ele>
      </trkpt>
      <trkpt lat="41.58277837559581" lon="-7.590455040335655">
        <ele>588.9</ele>
      </trkpt>
      <trkpt lat="41.58236229792237" lon="-7.590930629521608">
        <ele>587.3</ele>
      </trkpt>
      <trkpt lat="41.582105392590165" lon="-7.591224918141961">
        <ele>585.6</ele>
      </trkpt>
      <trkpt lat="41.581913866102695" lon="-7.591452235355973">
        <ele>584.7</ele>
      </trkpt>
      <trkpt lat="41.581848822534084" lon="-7.591529013589025">
        <ele>584.6</ele>
      </trkpt>
      <trkpt lat="41.58145738765597" lon="-7.59197199717164">
        <ele>584.4</ele>
      </trkpt>
      <trkpt lat="41.580948857590556" lon="-7.592347171157599">
        <ele>583</ele>
      </trkpt>
      <trkpt lat="41.5806392300874" lon="-7.592549007385969">
        <ele>582.5</ele>
      </trkpt>
      <trkpt lat="41.58007336780429" lon="-7.592903478071094">
        <ele>579.1</ele>
      </trkpt>
      <trkpt lat="41.579578248783946" lon="-7.593230791389942">
        <ele>577</ele>
      </trkpt>
      <trkpt lat="41.57933223992586" lon="-7.593385186046362">
        <ele>575.2</ele>
      </trkpt>
      <trkpt lat="41.578926304355264" lon="-7.593645276501775">
        <ele>571.2</ele>
      </trkpt>
      <trkpt lat="41.57836907543242" lon="-7.593997400254011">
        <ele>567.5</ele>
      </trkpt>
      <trkpt lat="41.57785316929221" lon="-7.594322618097067">
        <ele>567.4</ele>
      </trkpt>
      <trkpt lat="41.57729468308389" lon="-7.594661246985197">
        <ele>569.6</ele>
      </trkpt>
      <trkpt lat="41.57700793817639" lon="-7.594767026603222">
        <ele>569.4</ele>
      </trkpt>
      <trkpt lat="41.576434364542365" lon="-7.594834500923753">
        <ele>567.2</ele>
      </trkpt>
      <trkpt lat="41.57586959190667" lon="-7.594880852848291">
        <ele>565.7</ele>
      </trkpt>
      <trkpt lat="41.575307082384825" lon="-7.594924354925752">
        <ele>563.4</ele>
      </trkpt>
      <trkpt lat="41.574752954766154" lon="-7.594967018812895">
        <ele>563.5</ele>
      </trkpt>
      <trkpt lat="41.57414778135717" lon="-7.59501907043159">
        <ele>562.3</ele>
      </trkpt>
      <trkpt lat="41.573560293763876" lon="-7.59506986476481">
        <ele>560.2</ele>
      </trkpt>
      <trkpt lat="41.57299895770848" lon="-7.5951187312603">
        <ele>561.5</ele>
      </trkpt>
      <trkpt lat="41.57293785363436" lon="-7.595124682411552">
        <ele>561.5</ele>
      </trkpt>
      <trkpt lat="41.57240686006844" lon="-7.595160640776157">
        <ele>560.7</ele>
      </trkpt>
      <trkpt lat="41.57215062528849" lon="-7.595168687403202">
        <ele>559.8</ele>
      </trkpt>
      <trkpt lat="41.57188693061471" lon="-7.595286956056953">
        <ele>559.3</ele>
      </trkpt>
      <trkpt lat="41.571735218167305" lon="-7.595376558601856">
        <ele>559.1</ele>
      </trkpt>
      <trkpt lat="41.57160303555429" lon="-7.595339510589838">
        <ele>559</ele>
      </trkpt>
      <trkpt lat="41.57145341858268" lon="-7.59529366157949">
        <ele>559.1</ele>
      </trkpt>
      <trkpt lat="41.57103583216667" lon="-7.595291147008538">
        <ele>559.6</ele>
      </trkpt>
      <trkpt lat="41.57046074979007" lon="-7.595337247475982">
        <ele>557.8</ele>
      </trkpt>
      <trkpt lat="41.56991081312299" lon="-7.595374044030905">
        <ele>556.6</ele>
      </trkpt>
      <trkpt lat="41.569610154256225" lon="-7.595401369035244">
        <ele>557</ele>
      </trkpt>
      <trkpt lat="41.569252917543054" lon="-7.595463898032904">
        <ele>558.3</ele>
      </trkpt>
      <trkpt lat="41.56886341050267" lon="-7.595486612990499">
        <ele>559.8</ele>
      </trkpt>
      <trkpt lat="41.568809766322374" lon="-7.595491223037243">
        <ele>559.9</ele>
      </trkpt>
      <trkpt lat="41.568262511864305" lon="-7.595535982400179">
        <ele>558.6</ele>
      </trkpt>
      <trkpt lat="41.56804106198251" lon="-7.595556182786822">
        <ele>557.5</ele>
      </trkpt>
      <trkpt lat="41.56776001676917" lon="-7.595574539154768">
        <ele>557.2</ele>
      </trkpt>
      <trkpt lat="41.567359613254666" lon="-7.595602702349424">
        <ele>558.6</ele>
      </trkpt>
      <trkpt lat="41.5669624786824" lon="-7.59563279338181">
        <ele>558.2</ele>
      </trkpt>
      <trkpt lat="41.56678386032581" lon="-7.595648467540741">
        <ele>557.5</ele>
      </trkpt>
      <trkpt lat="41.566511280834675" lon="-7.595668584108353">
        <ele>557</ele>
      </trkpt>
      <trkpt lat="41.566277677193284" lon="-7.595691466704011">
        <ele>557.1</ele>
      </trkpt>
      <trkpt lat="41.566113056614995" lon="-7.595705715939403">
        <ele>557.1</ele>
      </trkpt>
      <trkpt lat="41.56593921594322" lon="-7.595719043165445">
        <ele>557</ele>
      </trkpt>
      <trkpt lat="41.56576529145241" lon="-7.595734801143408">
        <ele>556.8</ele>
      </trkpt>
      <trkpt lat="41.56559254042804" lon="-7.595747373998165">
        <ele>556.9</ele>
      </trkpt>
      <trkpt lat="41.565420124679804" lon="-7.595762629061937">
        <ele>556.9</ele>
      </trkpt>
      <trkpt lat="41.5651613753289" lon="-7.595782745629549">
        <ele>556.5</ele>
      </trkpt>
      <trkpt lat="41.56473792158067" lon="-7.595814010128379">
        <ele>556</ele>
      </trkpt>
      <trkpt lat="41.56416208483279" lon="-7.595861367881298">
        <ele>557.8</ele>
      </trkpt>
      <trkpt lat="41.56362170353532" lon="-7.595911072567105">
        <ele>561.3</ele>
      </trkpt>
      <trkpt lat="41.56317620538175" lon="-7.595952060073614">
        <ele>561.4</ele>
      </trkpt>
      <trkpt lat="41.56263532117009" lon="-7.595994556322694">
        <ele>559</ele>
      </trkpt>
      <trkpt lat="41.56203266233206" lon="-7.596045853570104">
        <ele>558</ele>
      </trkpt>
      <trkpt lat="41.56188631430268" lon="-7.596059683710337">
        <ele>558.4</ele>
      </trkpt>
      <trkpt lat="41.56132020056248" lon="-7.596112824976444">
        <ele>557.7</ele>
      </trkpt>
      <trkpt lat="41.56076808460057" lon="-7.596246935427189">
        <ele>558.1</ele>
      </trkpt>
      <trkpt lat="41.560191409662366" lon="-7.596485652029514">
        <ele>558.8</ele>
      </trkpt>
      <trkpt lat="41.55964792706072" lon="-7.596717076376081">
        <ele>560.6</ele>
      </trkpt>
      <trkpt lat="41.559091033414006" lon="-7.596958642825484">
        <ele>562.6</ele>
      </trkpt>
      <trkpt lat="41.55860756523907" lon="-7.597158551216126">
        <ele>563.5</ele>
      </trkpt>
      <trkpt lat="41.5581932477653" lon="-7.597342282533646">
        <ele>561.3</ele>
      </trkpt>
      <trkpt lat="41.558020329102874" lon="-7.597415372729302">
        <ele>561</ele>
      </trkpt>
      <trkpt lat="41.55785193666816" lon="-7.597490139305592">
        <ele>560.9</ele>
      </trkpt>
      <trkpt lat="41.55763710848987" lon="-7.597581669688225">
        <ele>560.9</ele>
      </trkpt>
      <trkpt lat="41.55752898193896" lon="-7.597630452364683">
        <ele>561</ele>
      </trkpt>
      <trkpt lat="41.55713243409991" lon="-7.597804209217429">
        <ele>561.5</ele>
      </trkpt>
      <trkpt lat="41.55690846964717" lon="-7.597903702408075">
        <ele>561.2</ele>
      </trkpt>
      <trkpt lat="41.55669925734401" lon="-7.597996825352311">
        <ele>560.2</ele>
      </trkpt>
      <trkpt lat="41.55655190348625" lon="-7.598065305501223">
        <ele>560.3</ele>
      </trkpt>
      <trkpt lat="41.556002385914326" lon="-7.598313493654132">
        <ele>562.8</ele>
      </trkpt>
      <trkpt lat="41.55583709478378" lon="-7.598384069278836">
        <ele>563.5</ele>
      </trkpt>
      <trkpt lat="41.55562100932002" lon="-7.598470570519567">
        <ele>563.9</ele>
      </trkpt>
      <trkpt lat="41.55535337515175" lon="-7.598580121994019">
        <ele>564.5</ele>
      </trkpt>
      <trkpt lat="41.55482313595712" lon="-7.598809115588665">
        <ele>567.2</ele>
      </trkpt>
      <trkpt lat="41.55430865474045" lon="-7.59903215803206">
        <ele>569.9</ele>
      </trkpt>
      <trkpt lat="41.55387505888939" lon="-7.599208345636725">
        <ele>568.7</ele>
      </trkpt>
      <trkpt lat="41.55371052213013" lon="-7.599280430004001">
        <ele>568.5</ele>
      </trkpt>
      <trkpt lat="41.55343878082931" lon="-7.599380761384964">
        <ele>568.6</ele>
      </trkpt>
      <trkpt lat="41.55288406647742" lon="-7.599617131054401">
        <ele>567.8</ele>
      </trkpt>
      <trkpt lat="41.55284668318927" lon="-7.59964051656425">
        <ele>567.9</ele>
      </trkpt>
      <trkpt lat="41.55231879092753" lon="-7.599905049428344">
        <ele>572.6</ele>
      </trkpt>
      <trkpt lat="41.552100609987974" lon="-7.600005632266402">
        <ele>573.5</ele>
      </trkpt>
      <trkpt lat="41.551547991111875" lon="-7.600229261443019">
        <ele>578</ele>
      </trkpt>
      <trkpt lat="41.551206009462476" lon="-7.600367479026318">
        <ele>579.7</ele>
      </trkpt>
      <trkpt lat="41.55097064562142" lon="-7.600445682182908">
        <ele>579.8</ele>
      </trkpt>
      <trkpt lat="41.550487261265516" lon="-7.600674089044333">
        <ele>580.2</ele>
      </trkpt>
      <trkpt lat="41.55039262957871" lon="-7.600721195340157">
        <ele>580.1</ele>
      </trkpt>
      <trkpt lat="41.550054755061865" lon="-7.600858993828297">
        <ele>579</ele>
      </trkpt>
      <trkpt lat="41.54986632987857" lon="-7.600880702957511">
        <ele>578.6</ele>
      </trkpt>
      <trkpt lat="41.549504147842526" lon="-7.600805014371872">
        <ele>579.1</ele>
      </trkpt>
      <trkpt lat="41.54929560609162" lon="-7.600768972188234">
        <ele>579.9</ele>
      </trkpt>
      <trkpt lat="41.549209943041205" lon="-7.600757405161858">
        <ele>580.2</ele>
      </trkpt>
      <trkpt lat="41.54912754893303" lon="-7.600743994116783">
        <ele>580.4</ele>
      </trkpt>
      <trkpt lat="41.54894499108195" lon="-7.600704180076718">
        <ele>581.1</ele>
      </trkpt>
      <trkpt lat="41.54869269579649" lon="-7.60065590031445">
        <ele>581.6</ele>
      </trkpt>
      <trkpt lat="41.548587838187814" lon="-7.600629162043333">
        <ele>581.5</ele>
      </trkpt>
      <trkpt lat="41.54850318096578" lon="-7.60060460306704">
        <ele>581.7</ele>
      </trkpt>
      <trkpt lat="41.54794989153743" lon="-7.600494464859366">
        <ele>582.4</ele>
      </trkpt>
      <trkpt lat="41.547563234344125" lon="-7.600407209247351">
        <ele>582.9</ele>
      </trkpt>
      <trkpt lat="41.54706543311477" lon="-7.600332777947187">
        <ele>580.9</ele>
      </trkpt>
      <trkpt lat="41.5469687897712" lon="-7.600346188992262">
        <ele>580.1</ele>
      </trkpt>
      <trkpt lat="41.5468736551702" lon="-7.600375609472394">
        <ele>579.3</ele>
      </trkpt>
      <trkpt lat="41.546782460063696" lon="-7.600416177883744">
        <ele>578.8</ele>
      </trkpt>
      <trkpt lat="41.546515664085746" lon="-7.60033973492682">
        <ele>579</ele>
      </trkpt>
      <trkpt lat="41.54613914899528" lon="-7.600177461281419">
        <ele>581.4</ele>
      </trkpt>
      <trkpt lat="41.54565869830549" lon="-7.600131779909134">
        <ele>582.1</ele>
      </trkpt>
      <trkpt lat="41.54532216489315" lon="-7.60034216567874">
        <ele>579.8</ele>
      </trkpt>
      <trkpt lat="41.54485990293324" lon="-7.600812893360853">
        <ele>581.5</ele>
      </trkpt>
      <trkpt lat="41.5443957131356" lon="-7.601287895813584">
        <ele>581.7</ele>
      </trkpt>
      <trkpt lat="41.5441227145493" lon="-7.601567264646292">
        <ele>582.4</ele>
      </trkpt>
      <trkpt lat="41.54367880895734" lon="-7.602022234350443">
        <ele>583</ele>
      </trkpt>
      <trkpt lat="41.54323381371796" lon="-7.602508468553424">
        <ele>582.4</ele>
      </trkpt>
      <trkpt lat="41.542779514566064" lon="-7.602921025827527">
        <ele>581.4</ele>
      </trkpt>
      <trkpt lat="41.54238799586892" lon="-7.603195533156395">
        <ele>582.7</ele>
      </trkpt>
      <trkpt lat="41.542207365855575" lon="-7.603317322209477">
        <ele>583.6</ele>
      </trkpt>
      <trkpt lat="41.542033441364765" lon="-7.603446571156383">
        <ele>584.2</ele>
      </trkpt>
      <trkpt lat="41.541848285123706" lon="-7.603562325239182">
        <ele>585.1</ele>
      </trkpt>
      <trkpt lat="41.54171207919717" lon="-7.603658298030496">
        <ele>585.5</ele>
      </trkpt>
      <trkpt lat="41.54156405478716" lon="-7.603757958859205">
        <ele>585.3</ele>
      </trkpt>
      <trkpt lat="41.541057620197535" lon="-7.60410756804049">
        <ele>584.1</ele>
      </trkpt>
      <trkpt lat="41.540920324623585" lon="-7.604201110079885">
        <ele>584.7</ele>
      </trkpt>
      <trkpt lat="41.540787387639284" lon="-7.604292975738645">
        <ele>585.3</ele>
      </trkpt>
      <trkpt lat="41.54066174291074" lon="-7.604392133653164">
        <ele>585.8</ele>
      </trkpt>
      <trkpt lat="41.5404946077615" lon="-7.604531776160002">
        <ele>585.3</ele>
      </trkpt>
      <trkpt lat="41.54025706462562" lon="-7.604745430871844">
        <ele>584.9</ele>
      </trkpt>
      <trkpt lat="41.53980989009142" lon="-7.605168800801039">
        <ele>585.5</ele>
      </trkpt>
      <trkpt lat="41.5397746860981" lon="-7.605204004794359">
        <ele>585.6</ele>
      </trkpt>
      <trkpt lat="41.53958919458091" lon="-7.605376839637756">
        <ele>586.7</ele>
      </trkpt>
      <trkpt lat="41.539551224559546" lon="-7.605410283431411">
        <ele>586.9</ele>
      </trkpt>
      <trkpt lat="41.539083598181605" lon="-7.605825355276465">
        <ele>589.1</ele>
      </trkpt>
      <trkpt lat="41.538776233792305" lon="-7.606106987223029">
        <ele>589.5</ele>
      </trkpt>
      <trkpt lat="41.538577415049076" lon="-7.606285437941551">
        <ele>591.2</ele>
      </trkpt>
      <trkpt lat="41.5381184220314" lon="-7.606699923053384">
        <ele>591</ele>
      </trkpt>
      <trkpt lat="41.537660183385015" lon="-7.607115581631661">
        <ele>591.1</ele>
      </trkpt>
      <trkpt lat="41.53734468854964" lon="-7.607322447001934">
        <ele>593.4</ele>
      </trkpt>
      <trkpt lat="41.53716120868921" lon="-7.607411127537489">
        <ele>595</ele>
      </trkpt>
      <trkpt lat="41.53664505109191" lon="-7.607649425044656">
        <ele>598.7</ele>
      </trkpt>
      <trkpt lat="41.53646375052631" lon="-7.607733327895403">
        <ele>599.8</ele>
      </trkpt>
      <trkpt lat="41.53595848940313" lon="-7.607971541583538">
        <ele>600.6</ele>
      </trkpt>
      <trkpt lat="41.53592227958143" lon="-7.607988305389881">
        <ele>600.6</ele>
      </trkpt>
      <trkpt lat="41.53542238287628" lon="-7.608266333118081">
        <ele>602.8</ele>
      </trkpt>
      <trkpt lat="41.535061122849584" lon="-7.60853354819119">
        <ele>604.7</ele>
      </trkpt>
      <trkpt lat="41.53467723168433" lon="-7.608696324750781">
        <ele>606</ele>
      </trkpt>
      <trkpt lat="41.53433633968234" lon="-7.60871191509068">
        <ele>608.2</ele>
      </trkpt>
      <trkpt lat="41.534142633900046" lon="-7.608806965872645">
        <ele>608.5</ele>
      </trkpt>
      <trkpt lat="41.53392780572176" lon="-7.609089100733399">
        <ele>609.3</ele>
      </trkpt>
      <trkpt lat="41.53368649072945" lon="-7.609604336321354">
        <ele>611.3</ele>
      </trkpt>
      <trkpt lat="41.53358708135784" lon="-7.60981522500515">
        <ele>612.3</ele>
      </trkpt>
      <trkpt lat="41.53340687043965" lon="-7.610188722610474">
        <ele>612.9</ele>
      </trkpt>
      <trkpt lat="41.53307754546404" lon="-7.610570350661874">
        <ele>613.1</ele>
      </trkpt>
      <trkpt lat="41.532514952123165" lon="-7.610687362030149">
        <ele>617.6</ele>
      </trkpt>
      <trkpt lat="41.53211295604706" lon="-7.610733462497592">
        <ele>620</ele>
      </trkpt>
      <trkpt lat="41.531976414844394" lon="-7.610748549923301">
        <ele>620</ele>
      </trkpt>
      <trkpt lat="41.53168011456728" lon="-7.610784508287907">
        <ele>620.7</ele>
      </trkpt>
      <trkpt lat="41.53110830113292" lon="-7.610859274864197">
        <ele>627.4</ele>
      </trkpt>
      <trkpt lat="41.53107376769185" lon="-7.610868578776717">
        <ele>627.4</ele>
      </trkpt>
      <trkpt lat="41.53063380159438" lon="-7.611284572631121">
        <ele>624.5</ele>
      </trkpt>
      <trkpt lat="41.530496841296554" lon="-7.611507866531611">
        <ele>623.8</ele>
      </trkpt>
      <trkpt lat="41.53014153242111" lon="-7.612109184265137">
        <ele>630.9</ele>
      </trkpt>
      <trkpt lat="41.53011940419674" lon="-7.612146735191345">
        <ele>631.2</ele>
      </trkpt>
      <trkpt lat="41.52982863597572" lon="-7.612561387941241">
        <ele>633.5</ele>
      </trkpt>
      <trkpt lat="41.52940736152232" lon="-7.612812258303165">
        <ele>633</ele>
      </trkpt>
      <trkpt lat="41.52916353195906" lon="-7.612832793965936">
        <ele>631.4</ele>
      </trkpt>
      <trkpt lat="41.528859520331025" lon="-7.612770013511181">
        <ele>630.6</ele>
      </trkpt>
      <trkpt lat="41.52877075597644" lon="-7.612744783982635">
        <ele>630.6</ele>
      </trkpt>
      <trkpt lat="41.528505301102996" lon="-7.612663563340902">
        <ele>630.5</ele>
      </trkpt>
      <trkpt lat="41.52819273993373" lon="-7.612564153969288">
        <ele>630.1</ele>
      </trkpt>
      <trkpt lat="41.528106238693" lon="-7.612535571679473">
        <ele>630.6</ele>
      </trkpt>
      <trkpt lat="41.52793424203992" lon="-7.612478826195002">
        <ele>631.1</ele>
      </trkpt>
      <trkpt lat="41.52754875831306" lon="-7.612356534227729">
        <ele>631.6</ele>
      </trkpt>
      <trkpt lat="41.52700887992978" lon="-7.612191243097186">
        <ele>632.4</ele>
      </trkpt>
      <trkpt lat="41.52682992629707" lon="-7.612158386036754">
        <ele>632.9</ele>
      </trkpt>
      <trkpt lat="41.526786256581545" lon="-7.61216014623642">
        <ele>633.3</ele>
      </trkpt>
      <trkpt lat="41.52628744952381" lon="-7.612451333552599">
        <ele>635.7</ele>
      </trkpt>
      <trkpt lat="41.5262583643198" lon="-7.612491399049759">
        <ele>636.1</ele>
      </trkpt>
      <trkpt lat="41.52616239152849" lon="-7.61267957277596">
        <ele>637.2</ele>
      </trkpt>
      <trkpt lat="41.52607413008809" lon="-7.61288090609014">
        <ele>638.1</ele>
      </trkpt>
      <trkpt lat="41.52602920308709" lon="-7.612978471443057">
        <ele>638.7</ele>
      </trkpt>
      <trkpt lat="41.52587137185037" lon="-7.613315926864743">
        <ele>639.6</ele>
      </trkpt>
      <trkpt lat="41.52574430219829" lon="-7.613583309575915">
        <ele>639.6</ele>
      </trkpt>
      <trkpt lat="41.52538597583771" lon="-7.614139029756188">
        <ele>641.9</ele>
      </trkpt>
      <trkpt lat="41.52535831555724" lon="-7.614174317568541">
        <ele>641.9</ele>
      </trkpt>
      <trkpt lat="41.52500686235726" lon="-7.614541444927454">
        <ele>643.4</ele>
      </trkpt>
      <trkpt lat="41.52456857264042" lon="-7.615008568391204">
        <ele>645.4</ele>
      </trkpt>
      <trkpt lat="41.52434737421572" lon="-7.615245692431927">
        <ele>646.7</ele>
      </trkpt>
      <trkpt lat="41.52392056770623" lon="-7.615714827552438">
        <ele>647.7</ele>
      </trkpt>
      <trkpt lat="41.52349359355867" lon="-7.616068962961435">
        <ele>646.3</ele>
      </trkpt>
      <trkpt lat="41.522957906126976" lon="-7.616174323484302">
        <ele>649.7</ele>
      </trkpt>
      <trkpt lat="41.52287911623716" lon="-7.616189159452915">
        <ele>651.2</ele>
      </trkpt>
      <trkpt lat="41.52233454398811" lon="-7.616291083395481">
        <ele>652.1</ele>
      </trkpt>
      <trkpt lat="41.522219963371754" lon="-7.616316983476281">
        <ele>652.1</ele>
      </trkpt>
      <trkpt lat="41.5219153650105" lon="-7.616447070613504">
        <ele>654.1</ele>
      </trkpt>
      <trkpt lat="41.52170321904123" lon="-7.616606578230858">
        <ele>656.2</ele>
      </trkpt>
      <trkpt lat="41.52135092765093" lon="-7.616887120530009">
        <ele>660.8</ele>
      </trkpt>
      <trkpt lat="41.521057058125734" lon="-7.617122484371066">
        <ele>659.9</ele>
      </trkpt>
      <trkpt lat="41.520672580227256" lon="-7.617436302825809">
        <ele>656.5</ele>
      </trkpt>
      <trkpt lat="41.52047325856984" lon="-7.617607209831476">
        <ele>655.8</ele>
      </trkpt>
      <trkpt lat="41.52030042372644" lon="-7.617818098515272">
        <ele>655.8</ele>
      </trkpt>
      <trkpt lat="41.51999758556485" lon="-7.618285808712244">
        <ele>656.4</ele>
      </trkpt>
      <trkpt lat="41.51978694833815" lon="-7.618521004915237">
        <ele>656.6</ele>
      </trkpt>
      <trkpt lat="41.519665494561195" lon="-7.618616307154298">
        <ele>657.3</ele>
      </trkpt>
      <trkpt lat="41.51950598694384" lon="-7.618729798123241">
        <ele>657.4</ele>
      </trkpt>
      <trkpt lat="41.51905068196356" lon="-7.618841864168644">
        <ele>661.5</ele>
      </trkpt>
      <trkpt lat="41.51871448382735" lon="-7.618854185566306">
        <ele>665.4</ele>
      </trkpt>
      <trkpt lat="41.51867282576859" lon="-7.618862818926573">
        <ele>665.7</ele>
      </trkpt>
      <trkpt lat="41.51855564676225" lon="-7.618908835574985">
        <ele>666.3</ele>
      </trkpt>
      <trkpt lat="41.51836219243705" lon="-7.619110504165292">
        <ele>665.4</ele>
      </trkpt>
      <trkpt lat="41.51830988936126" lon="-7.619192060083151">
        <ele>665</ele>
      </trkpt>
      <trkpt lat="41.51798768900335" lon="-7.619602605700493">
        <ele>664.1</ele>
      </trkpt>
      <trkpt lat="41.51787277311087" lon="-7.619673768058419">
        <ele>665.4</ele>
      </trkpt>
      <trkpt lat="41.51759818196297" lon="-7.619820116087794">
        <ele>667.2</ele>
      </trkpt>
      <trkpt lat="41.51748309843242" lon="-7.619879543781281">
        <ele>667</ele>
      </trkpt>
      <trkpt lat="41.51717665605247" lon="-7.620039554312825">
        <ele>665.9</ele>
      </trkpt>
      <trkpt lat="41.516792764887214" lon="-7.620242815464735">
        <ele>670.1</ele>
      </trkpt>
      <trkpt lat="41.51675680652261" lon="-7.620267709717155">
        <ele>670.5</ele>
      </trkpt>
      <trkpt lat="41.51662487536669" lon="-7.620395366102457">
        <ele>671.7</ele>
      </trkpt>
      <trkpt lat="41.516539715230465" lon="-7.620509443804622">
        <ele>673.1</ele>
      </trkpt>
      <trkpt lat="41.5162876714021" lon="-7.620919235050678">
        <ele>676.4</ele>
      </trkpt>
      <trkpt lat="41.5161079633981" lon="-7.621212266385555">
        <ele>676.1</ele>
      </trkpt>
      <trkpt lat="41.515898583456874" lon="-7.621547877788544">
        <ele>675.5</ele>
      </trkpt>
      <trkpt lat="41.515795988962054" lon="-7.621713168919087">
        <ele>675.2</ele>
      </trkpt>
      <trkpt lat="41.515672439709306" lon="-7.621914837509394">
        <ele>674.9</ele>
      </trkpt>
      <trkpt lat="41.515412013977766" lon="-7.622329406440258">
        <ele>676.1</ele>
      </trkpt>
      <trkpt lat="41.515322076156735" lon="-7.622444992884994">
        <ele>676.3</ele>
      </trkpt>
      <trkpt lat="41.515289386734366" lon="-7.62247558683157">
        <ele>676.6</ele>
      </trkpt>
      <trkpt lat="41.51518318802118" lon="-7.622543564066291">
        <ele>677.9</ele>
      </trkpt>
      <trkpt lat="41.5149044059217" lon="-7.622657641768456">
        <ele>681.2</ele>
      </trkpt>
      <trkpt lat="41.51474758051336" lon="-7.622749842703342">
        <ele>682.5</ele>
      </trkpt>
      <trkpt lat="41.51462302543223" lon="-7.622892670333386">
        <ele>683.5</ele>
      </trkpt>
      <trkpt lat="41.51457910425961" lon="-7.622983362525702">
        <ele>683.7</ele>
      </trkpt>
      <trkpt lat="41.51446033269167" lon="-7.623412599787116">
        <ele>684.9</ele>
      </trkpt>
      <trkpt lat="41.51434206403792" lon="-7.623839071020484">
        <ele>685.1</ele>
      </trkpt>
      <trkpt lat="41.5142962988466" lon="-7.623929847031832">
        <ele>685.5</ele>
      </trkpt>
      <trkpt lat="41.51404936797917" lon="-7.624374758452177">
        <ele>686.3</ele>
      </trkpt>
      <trkpt lat="41.51374652981758" lon="-7.624750100076199">
        <ele>685.8</ele>
      </trkpt>
      <trkpt lat="41.51363991200924" lon="-7.6248122099787">
        <ele>686.1</ele>
      </trkpt>
      <trkpt lat="41.51342726312578" lon="-7.624848419800401">
        <ele>687.5</ele>
      </trkpt>
      <trkpt lat="41.51308109052479" lon="-7.624842552468181">
        <ele>689.4</ele>
      </trkpt>
      <trkpt lat="41.51277540251613" lon="-7.624898040667176">
        <ele>689.9</ele>
      </trkpt>
      <trkpt lat="41.512642968446016" lon="-7.624943135306239">
        <ele>690.1</ele>
      </trkpt>
      <trkpt lat="41.51248907670379" lon="-7.625044137239456">
        <ele>690</ele>
      </trkpt>
      <trkpt lat="41.51232177391648" lon="-7.6252681016922">
        <ele>688.9</ele>
      </trkpt>
      <trkpt lat="41.51220618747175" lon="-7.625464657321572">
        <ele>687.6</ele>
      </trkpt>
      <trkpt lat="41.51205782778561" lon="-7.625645119696856">
        <ele>687.5</ele>
      </trkpt>
      <trkpt lat="41.51176320388913" lon="-7.625860283151269">
        <ele>689.8</ele>
      </trkpt>
      <trkpt lat="41.511424575001" lon="-7.626150464639068">
        <ele>693</ele>
      </trkpt>
      <trkpt lat="41.511237071827054" lon="-7.626525554805994">
        <ele>693.6</ele>
      </trkpt>
      <trkpt lat="41.511111510917544" lon="-7.626906596124172">
        <ele>694</ele>
      </trkpt>
      <trkpt lat="41.51107865385711" lon="-7.627012375742197">
        <ele>694</ele>
      </trkpt>
      <trkpt lat="41.51097513735294" lon="-7.62732376344502">
        <ele>693.1</ele>
      </trkpt>
      <trkpt lat="41.510955188423395" lon="-7.627374473959208">
        <ele>692.9</ele>
      </trkpt>
      <trkpt lat="41.51086592115462" lon="-7.627571197226644">
        <ele>692</ele>
      </trkpt>
      <trkpt lat="41.51080213487148" lon="-7.627674881368876">
        <ele>691.7</ele>
      </trkpt>
      <trkpt lat="41.51069015264511" lon="-7.627801783382893">
        <ele>692</ele>
      </trkpt>
      <trkpt lat="41.51056157425046" lon="-7.627939498052001">
        <ele>692.5</ele>
      </trkpt>
      <trkpt lat="41.51042335666716" lon="-7.628064807504416">
        <ele>694.1</ele>
      </trkpt>
      <trkpt lat="41.51024892926216" lon="-7.62822087854147">
        <ele>699</ele>
      </trkpt>
      <trkpt lat="41.51018053293228" lon="-7.628286927938461">
        <ele>701.3</ele>
      </trkpt>
      <trkpt lat="41.51000367477536" lon="-7.628515921533108">
        <ele>706.4</ele>
      </trkpt>
      <trkpt lat="41.509978948161006" lon="-7.628558082506061">
        <ele>706.6</ele>
      </trkpt>
      <trkpt lat="41.50975230149925" lon="-7.629035180434585">
        <ele>704.7</ele>
      </trkpt>
      <trkpt lat="41.50955758988857" lon="-7.629446731880307">
        <ele>703.2</ele>
      </trkpt>
      <trkpt lat="41.50933412835002" lon="-7.629806902259588">
        <ele>703.1</ele>
      </trkpt>
      <trkpt lat="41.50904428213835" lon="-7.630305206403136">
        <ele>701.7</ele>
      </trkpt>
      <trkpt lat="41.50878846645355" lon="-7.630586503073573">
        <ele>702.7</ele>
      </trkpt>
      <trkpt lat="41.5084733068943" lon="-7.630879199132323">
        <ele>704.1</ele>
      </trkpt>
      <trkpt lat="41.508195446804166" lon="-7.631125124171376">
        <ele>701.9</ele>
      </trkpt>
      <trkpt lat="41.507897386327386" lon="-7.631347915157676">
        <ele>702.9</ele>
      </trkpt>
      <trkpt lat="41.507547525689006" lon="-7.63151278719306">
        <ele>707.7</ele>
      </trkpt>
      <trkpt lat="41.50731517933309" lon="-7.631618734449148">
        <ele>709</ele>
      </trkpt>
      <trkpt lat="41.5070123411715" lon="-7.631817469373345">
        <ele>709.7</ele>
      </trkpt>
      <trkpt lat="41.50674068368971" lon="-7.632106142118573">
        <ele>712.2</ele>
      </trkpt>
      <trkpt lat="41.506699277088046" lon="-7.632208820432425">
        <ele>712</ele>
      </trkpt>
      <trkpt lat="41.50645712390542" lon="-7.632615007460117">
        <ele>712.2</ele>
      </trkpt>
      <trkpt lat="41.50630767457187" lon="-7.632904769852758">
        <ele>712.6</ele>
      </trkpt>
      <trkpt lat="41.506193513050675" lon="-7.633083974942565">
        <ele>712.9</ele>
      </trkpt>
      <trkpt lat="41.50586184114218" lon="-7.633461076766253">
        <ele>713.2</ele>
      </trkpt>
      <trkpt lat="41.50568448007107" lon="-7.633616644889116">
        <ele>713.1</ele>
      </trkpt>
      <trkpt lat="41.50564977899194" lon="-7.633645897731185">
        <ele>712.9</ele>
      </trkpt>
      <trkpt lat="41.50548976846039" lon="-7.63381521217525">
        <ele>712.4</ele>
      </trkpt>
      <trkpt lat="41.505156587809324" lon="-7.634227015078068">
        <ele>714.1</ele>
      </trkpt>
      <trkpt lat="41.50500646792352" lon="-7.634716182947159">
        <ele>718.5</ele>
      </trkpt>
      <trkpt lat="41.50489658117294" lon="-7.635327726602554">
        <ele>720.2</ele>
      </trkpt>
      <trkpt lat="41.504799434915185" lon="-7.635705163702369">
        <ele>721.3</ele>
      </trkpt>
      <trkpt lat="41.50475853122771" lon="-7.635808931663632">
        <ele>721.1</ele>
      </trkpt>
      <trkpt lat="41.50454060174525" lon="-7.636190392076969">
        <ele>719.9</ele>
      </trkpt>
      <trkpt lat="41.50420096702874" lon="-7.636562632396817">
        <ele>722</ele>
      </trkpt>
      <trkpt lat="41.503964429721236" lon="-7.636811574921012">
        <ele>726</ele>
      </trkpt>
      <trkpt lat="41.5036709792912" lon="-7.63711491599679">
        <ele>726.9</ele>
      </trkpt>
      <trkpt lat="41.503290105611086" lon="-7.63754147104919">
        <ele>721.1</ele>
      </trkpt>
      <trkpt lat="41.50284083560109" lon="-7.638026867061853">
        <ele>722</ele>
      </trkpt>
      <trkpt lat="41.50274293497205" lon="-7.63814739882946">
        <ele>724.9</ele>
      </trkpt>
      <trkpt lat="41.502395840361714" lon="-7.638592813163996">
        <ele>730.3</ele>
      </trkpt>
      <trkpt lat="41.50230187922716" lon="-7.638707226142287">
        <ele>729.8</ele>
      </trkpt>
      <trkpt lat="41.50215997360647" lon="-7.638923563063145">
        <ele>727.6</ele>
      </trkpt>
      <trkpt lat="41.50209652259946" lon="-7.639125483110547">
        <ele>725.1</ele>
      </trkpt>
      <trkpt lat="41.50208621285856" lon="-7.639225730672479">
        <ele>724</ele>
      </trkpt>
      <trkpt lat="41.50208587758243" lon="-7.639287170022726">
        <ele>723.6</ele>
      </trkpt>
      <trkpt lat="41.502042459324" lon="-7.639720179140568">
        <ele>722.6</ele>
      </trkpt>
      <trkpt lat="41.50177557952702" lon="-7.639687489718199">
        <ele>727.3</ele>
      </trkpt>
      <trkpt lat="41.50172964669764" lon="-7.639621859416366">
        <ele>728.4</ele>
      </trkpt>
      <trkpt lat="41.501668794080615" lon="-7.639588415622711">
        <ele>730</ele>
      </trkpt>
      <trkpt lat="41.501608192920685" lon="-7.639583889394999">
        <ele>731.5</ele>
      </trkpt>
      <trkpt lat="41.50155480019748" lon="-7.639607777819037">
        <ele>732.9</ele>
      </trkpt>
      <trkpt lat="41.50151699781418" lon="-7.639660835266113">
        <ele>734.1</ele>
      </trkpt>
      <trkpt lat="41.50150191038847" lon="-7.639734847471118">
        <ele>734.6</ele>
      </trkpt>
      <trkpt lat="41.501508029177785" lon="-7.639815313741565">
        <ele>734.4</ele>
      </trkpt>
      <trkpt lat="41.50151557289064" lon="-7.639894355088472">
        <ele>734.2</ele>
      </trkpt>
      <trkpt lat="41.50151892565191" lon="-7.639933498576284">
        <ele>734.2</ele>
      </trkpt>
      <trkpt lat="41.501532420516014" lon="-7.640090826898813">
        <ele>734</ele>
      </trkpt>
      <trkpt lat="41.50153367780149" lon="-7.640205826610327">
        <ele>733.6</ele>
      </trkpt>
      <trkpt lat="41.50153510272503" lon="-7.640280090272427">
        <ele>733.1</ele>
      </trkpt>
      <trkpt lat="41.50151741690934" lon="-7.640391737222672">
        <ele>732.7</ele>
      </trkpt>
      <trkpt lat="41.50146494619548" lon="-7.640529787167907">
        <ele>732.6</ele>
      </trkpt>
      <trkpt lat="41.501386407762766" lon="-7.640651576220989">
        <ele>732.9</ele>
      </trkpt>
      <trkpt lat="41.501346342265606" lon="-7.640716703608632">
        <ele>732.9</ele>
      </trkpt>
      <trkpt lat="41.501142578199506" lon="-7.64089691452682">
        <ele>733.9</ele>
      </trkpt>
      <trkpt lat="41.50103428401053" lon="-7.640905547887087">
        <ele>734.8</ele>
      </trkpt>
      <trkpt lat="41.50090612471104" lon="-7.640922395512462">
        <ele>736.2</ele>
      </trkpt>
      <trkpt lat="41.500765811651945" lon="-7.640986684709787">
        <ele>737.4</ele>
      </trkpt>
      <trkpt lat="41.500548385083675" lon="-7.641015350818634">
        <ele>739.3</ele>
      </trkpt>
      <trkpt lat="41.50027798488736" lon="-7.640895573422313">
        <ele>741.9</ele>
      </trkpt>
      <trkpt lat="41.499950336292386" lon="-7.640860788524151">
        <ele>743.5</ele>
      </trkpt>
      <trkpt lat="41.499715307727456" lon="-7.640874451026321">
        <ele>743</ele>
      </trkpt>
      <trkpt lat="41.49952252395451" lon="-7.640869589522481">
        <ele>742.1</ele>
      </trkpt>
      <trkpt lat="41.499288668856025" lon="-7.640847377479076">
        <ele>740.8</ele>
      </trkpt>
      <trkpt lat="41.499172328040004" lon="-7.640882665291429">
        <ele>739.5</ele>
      </trkpt>
      <trkpt lat="41.49909655563533" lon="-7.640917282551527">
        <ele>738.5</ele>
      </trkpt>
      <trkpt lat="41.49892430752516" lon="-7.640992719680071">
        <ele>736.2</ele>
      </trkpt>
      <trkpt lat="41.49866111576557" lon="-7.641145689412952">
        <ele>734.8</ele>
      </trkpt>
      <trkpt lat="41.498606130480766" lon="-7.641179636120796">
        <ele>734.9</ele>
      </trkpt>
      <trkpt lat="41.498480066657066" lon="-7.641248786821961">
        <ele>735.1</ele>
      </trkpt>
      <trkpt lat="41.498350398615" lon="-7.641332186758518">
        <ele>735.5</ele>
      </trkpt>
      <trkpt lat="41.49821729399264" lon="-7.64141533523798">
        <ele>735.9</ele>
      </trkpt>
      <trkpt lat="41.497670877724886" lon="-7.64176276512444">
        <ele>735.8</ele>
      </trkpt>
      <trkpt lat="41.49719922803342" lon="-7.6420324947685">
        <ele>733.5</ele>
      </trkpt>
      <trkpt lat="41.496942238882184" lon="-7.642174819484353">
        <ele>730.5</ele>
      </trkpt>
      <trkpt lat="41.49643152952194" lon="-7.642486626282334">
        <ele>726.1</ele>
      </trkpt>
      <trkpt lat="41.49610547348857" lon="-7.642751829698682">
        <ele>726.1</ele>
      </trkpt>
      <trkpt lat="41.495642540976405" lon="-7.643151059746742">
        <ele>726</ele>
      </trkpt>
      <trkpt lat="41.49515479803085" lon="-7.643562275916338">
        <ele>724.3</ele>
      </trkpt>
      <trkpt lat="41.49484039284289" lon="-7.643832759931684">
        <ele>722.7</ele>
      </trkpt>
      <trkpt lat="41.49435801431537" lon="-7.644261913374066">
        <ele>721</ele>
      </trkpt>
      <trkpt lat="41.4941181242466" lon="-7.64447120949626">
        <ele>719.9</ele>
      </trkpt>
      <trkpt lat="41.49406255222857" lon="-7.644525608047843">
        <ele>719.6</ele>
      </trkpt>
      <trkpt lat="41.49401309899986" lon="-7.644582353532314">
        <ele>719.2</ele>
      </trkpt>
      <trkpt lat="41.493778908625245" lon="-7.644857950508595">
        <ele>717.7</ele>
      </trkpt>
      <trkpt lat="41.49373557418585" lon="-7.644858369603753">
        <ele>717.6</ele>
      </trkpt>
      <trkpt lat="41.49369182065129" lon="-7.644855100661516">
        <ele>717.5</ele>
      </trkpt>
      <trkpt lat="41.49364672601223" lon="-7.644848981872201">
        <ele>717.4</ele>
      </trkpt>
      <trkpt lat="41.49354932829738" lon="-7.644838504493237">
        <ele>717.1</ele>
      </trkpt>
      <trkpt lat="41.49344497360289" lon="-7.64484453946352">
        <ele>716.9</ele>
      </trkpt>
      <trkpt lat="41.493186727166176" lon="-7.644921820610762">
        <ele>716.3</ele>
      </trkpt>
      <trkpt lat="41.492785066366196" lon="-7.645292468369007">
        <ele>717.3</ele>
      </trkpt>
      <trkpt lat="41.492304280400276" lon="-7.645751377567649">
        <ele>716.5</ele>
      </trkpt>
      <trkpt lat="41.4917763043195" lon="-7.646036194637418">
        <ele>717.4</ele>
      </trkpt>
      <trkpt lat="41.49129727855325" lon="-7.646127641201019">
        <ele>716.6</ele>
      </trkpt>
      <trkpt lat="41.49114648811519" lon="-7.646169550716877">
        <ele>714.3</ele>
      </trkpt>
      <trkpt lat="41.49099460802972" lon="-7.64626007527113">
        <ele>711.3</ele>
      </trkpt>
      <trkpt lat="41.49094465188682" lon="-7.646303493529558">
        <ele>710.6</ele>
      </trkpt>
      <trkpt lat="41.490674586966634" lon="-7.646798109635711">
        <ele>709.8</ele>
      </trkpt>
      <trkpt lat="41.490639969706535" lon="-7.646882934495807">
        <ele>709.9</ele>
      </trkpt>
      <trkpt lat="41.49035481736064" lon="-7.647580895572901">
        <ele>708.9</ele>
      </trkpt>
      <trkpt lat="41.49010361172259" lon="-7.64824247919023">
        <ele>709.2</ele>
      </trkpt>
      <trkpt lat="41.49008986540139" lon="-7.648466527462006">
        <ele>709.1</ele>
      </trkpt>
      <trkpt lat="41.49011442437768" lon="-7.648544562980533">
        <ele>709.1</ele>
      </trkpt>
      <trkpt lat="41.49013194255531" lon="-7.64858890324831">
        <ele>709.2</ele>
      </trkpt>
      <trkpt lat="41.49015608243644" lon="-7.648640451952815">
        <ele>709.2</ele>
      </trkpt>
      <trkpt lat="41.490168403834105" lon="-7.648723516613245">
        <ele>709.3</ele>
      </trkpt>
      <trkpt lat="41.49017016403377" lon="-7.64883222989738">
        <ele>709.5</ele>
      </trkpt>
      <trkpt lat="41.49007326923311" lon="-7.64899886213243">
        <ele>709.9</ele>
      </trkpt>
      <trkpt lat="41.48998064920306" lon="-7.649017050862312">
        <ele>710.1</ele>
      </trkpt>
      <trkpt lat="41.48993153125048" lon="-7.649018475785852">
        <ele>710.1</ele>
      </trkpt>
      <trkpt lat="41.48983446881175" lon="-7.649022834375501">
        <ele>710.3</ele>
      </trkpt>
      <trkpt lat="41.48969365283847" lon="-7.649068180471659">
        <ele>711.2</ele>
      </trkpt>
      <trkpt lat="41.48946390487254" lon="-7.649204134941101">
        <ele>713</ele>
      </trkpt>
      <trkpt lat="41.48923105560243" lon="-7.64933698810637">
        <ele>714</ele>
      </trkpt>
      <trkpt lat="41.48918503895402" lon="-7.64936288818717">
        <ele>714.1</ele>
      </trkpt>
      <trkpt lat="41.48895621299744" lon="-7.649501357227564">
        <ele>715</ele>
      </trkpt>
      <trkpt lat="41.4886506088078" lon="-7.649703109636903">
        <ele>717.3</ele>
      </trkpt>
      <trkpt lat="41.48814182728529" lon="-7.650025561451912">
        <ele>716.8</ele>
      </trkpt>
      <trkpt lat="41.487945606932044" lon="-7.650150787085295">
        <ele>716.9</ele>
      </trkpt>
      <trkpt lat="41.48767420090735" lon="-7.650332758203149">
        <ele>716.3</ele>
      </trkpt>
      <trkpt lat="41.487327106297016" lon="-7.650557141751051">
        <ele>713.7</ele>
      </trkpt>
      <trkpt lat="41.48720623925328" lon="-7.650633752346039">
        <ele>712.8</ele>
      </trkpt>
      <trkpt lat="41.487019741907716" lon="-7.650759816169739">
        <ele>712.3</ele>
      </trkpt>
      <trkpt lat="41.48676719516516" lon="-7.650942206382752">
        <ele>712.4</ele>
      </trkpt>
      <trkpt lat="41.486449437215924" lon="-7.651150748133659">
        <ele>710.9</ele>
      </trkpt>
      <trkpt lat="41.485939398407936" lon="-7.651484850794077">
        <ele>708.8</ele>
      </trkpt>
      <trkpt lat="41.485391641035676" lon="-7.651853486895561">
        <ele>706.6</ele>
      </trkpt>
      <trkpt lat="41.48488252423704" lon="-7.652190942317247">
        <ele>705.8</ele>
      </trkpt>
      <trkpt lat="41.48437642492354" lon="-7.652537869289517">
        <ele>704.5</ele>
      </trkpt>
      <trkpt lat="41.483871415257454" lon="-7.652872391045094">
        <ele>701.8</ele>
      </trkpt>
      <trkpt lat="41.48333975113928" lon="-7.653231555595994">
        <ele>702.5</ele>
      </trkpt>
      <trkpt lat="41.483035068959" lon="-7.653436996042728">
        <ele>701.4</ele>
      </trkpt>
      <trkpt lat="41.482744216918945" lon="-7.653636401519179">
        <ele>702</ele>
      </trkpt>
      <trkpt lat="41.482468117028475" lon="-7.653832621872425">
        <ele>703.1</ele>
      </trkpt>
      <trkpt lat="41.48194634355605" lon="-7.654186505824328">
        <ele>701.7</ele>
      </trkpt>
      <trkpt lat="41.48152540437877" lon="-7.654472999274731">
        <ele>699.5</ele>
      </trkpt>
      <trkpt lat="41.480999775230885" lon="-7.654828643426299">
        <ele>698.8</ele>
      </trkpt>
      <trkpt lat="41.48048344999552" lon="-7.655182695016265">
        <ele>700.2</ele>
      </trkpt>
      <trkpt lat="41.480253702029586" lon="-7.655349830165505">
        <ele>700.1</ele>
      </trkpt>
      <trkpt lat="41.47983552888036" lon="-7.655662978067994">
        <ele>701.7</ele>
      </trkpt>
      <trkpt lat="41.47934703156352" lon="-7.656031949445605">
        <ele>703.1</ele>
      </trkpt>
      <trkpt lat="41.478819558396935" lon="-7.656427323818207">
        <ele>699.5</ele>
      </trkpt>
      <trkpt lat="41.47848361171782" lon="-7.65667911618948">
        <ele>699</ele>
      </trkpt>
      <trkpt lat="41.4780012331903" lon="-7.6570407114923">
        <ele>696</ele>
      </trkpt>
      <trkpt lat="41.477930238470435" lon="-7.657094104215503">
        <ele>695.7</ele>
      </trkpt>
      <trkpt lat="41.47743017412722" lon="-7.657467098906636">
        <ele>693.5</ele>
      </trkpt>
      <trkpt lat="41.476927511394024" lon="-7.657844871282578">
        <ele>691.3</ele>
      </trkpt>
      <trkpt lat="41.476709078997374" lon="-7.658007564023137">
        <ele>690</ele>
      </trkpt>
      <trkpt lat="41.47619434632361" lon="-7.658392712473869">
        <ele>689.9</ele>
      </trkpt>
      <trkpt lat="41.47569922730327" lon="-7.658762773498893">
        <ele>689.9</ele>
      </trkpt>
      <trkpt lat="41.47522380575538" lon="-7.659117579460144">
        <ele>690.1</ele>
      </trkpt>
      <trkpt lat="41.47489179857075" lon="-7.659368114545941">
        <ele>689.8</ele>
      </trkpt>
      <trkpt lat="41.47462634369731" lon="-7.659566095098853">
        <ele>689.2</ele>
      </trkpt>
      <trkpt lat="41.47416743449867" lon="-7.659908663481474">
        <ele>689</ele>
      </trkpt>
      <trkpt lat="41.47364851087332" lon="-7.660296829417348">
        <ele>689.8</ele>
      </trkpt>
      <trkpt lat="41.47315800189972" lon="-7.660684827715159">
        <ele>689.9</ele>
      </trkpt>
      <trkpt lat="41.47266631945968" lon="-7.661036197096109">
        <ele>691.2</ele>
      </trkpt>
      <trkpt lat="41.4721644949168" lon="-7.661411873996258">
        <ele>690</ele>
      </trkpt>
      <trkpt lat="41.471663089469075" lon="-7.661793669685721">
        <ele>687.2</ele>
      </trkpt>
      <trkpt lat="41.47123955190182" lon="-7.66211461275816">
        <ele>689</ele>
      </trkpt>
      <trkpt lat="41.47072808817029" lon="-7.662496156990528">
        <ele>689.4</ele>
      </trkpt>
      <trkpt lat="41.470397505909204" lon="-7.662742752581835">
        <ele>689.9</ele>
      </trkpt>
      <trkpt lat="41.4698760677129" lon="-7.663138462230563">
        <ele>689</ele>
      </trkpt>
      <trkpt lat="41.46950391121209" lon="-7.663419172167778">
        <ele>687</ele>
      </trkpt>
      <trkpt lat="41.46898842416704" lon="-7.663805829361081">
        <ele>685.4</ele>
      </trkpt>
      <trkpt lat="41.468458101153374" lon="-7.664206065237522">
        <ele>683.4</ele>
      </trkpt>
      <trkpt lat="41.467928029596806" lon="-7.664609234780073">
        <ele>681.3</ele>
      </trkpt>
      <trkpt lat="41.46752963773906" lon="-7.664923220872879">
        <ele>680.5</ele>
      </trkpt>
      <trkpt lat="41.46727055311203" lon="-7.66511139459908">
        <ele>680.3</ele>
      </trkpt>
      <trkpt lat="41.46707257255912" lon="-7.66523796133697">
        <ele>680</ele>
      </trkpt>
      <trkpt lat="41.46686688065529" lon="-7.66534105874598">
        <ele>680.3</ele>
      </trkpt>
      <trkpt lat="41.46664853207767" lon="-7.665399564430118">
        <ele>680.8</ele>
      </trkpt>
      <trkpt lat="41.46642817184329" lon="-7.665416914969683">
        <ele>680.4</ele>
      </trkpt>
      <trkpt lat="41.46585191600025" lon="-7.665391601622105">
        <ele>680.2</ele>
      </trkpt>
      <trkpt lat="41.46530298516154" lon="-7.665360672399402">
        <ele>682.7</ele>
      </trkpt>
      <trkpt lat="41.46475472487509" lon="-7.665328402072191">
        <ele>684.4</ele>
      </trkpt>
      <trkpt lat="41.46417947486043" lon="-7.665297724306583">
        <ele>684.9</ele>
      </trkpt>
      <trkpt lat="41.46380815654993" lon="-7.665278110653162">
        <ele>682.7</ele>
      </trkpt>
      <trkpt lat="41.46335570141673" lon="-7.66525405459106">
        <ele>678.9</ele>
      </trkpt>
      <trkpt lat="41.46312830038369" lon="-7.665240475907922">
        <ele>678.2</ele>
      </trkpt>
      <trkpt lat="41.46274927072227" lon="-7.665219269692898">
        <ele>677.6</ele>
      </trkpt>
      <trkpt lat="41.46221894770861" lon="-7.665192279964685">
        <ele>678.1</ele>
      </trkpt>
      <trkpt lat="41.461644787341356" lon="-7.665161015465856">
        <ele>676.7</ele>
      </trkpt>
      <trkpt lat="41.461290987208486" lon="-7.665144251659513">
        <ele>675.2</ele>
      </trkpt>
      <trkpt lat="41.46073627285659" lon="-7.665113490074873">
        <ele>676.1</ele>
      </trkpt>
      <trkpt lat="41.46053175441921" lon="-7.665103515610099">
        <ele>676.5</ele>
      </trkpt>
      <trkpt lat="41.45997628569603" lon="-7.66507669351995">
        <ele>674.5</ele>
      </trkpt>
      <trkpt lat="41.4596239104867" lon="-7.665069149807096">
        <ele>676.1</ele>
      </trkpt>
      <trkpt lat="41.45908017642796" lon="-7.665213569998741">
        <ele>676.7</ele>
      </trkpt>
      <trkpt lat="41.45869846455753" lon="-7.665410209447146">
        <ele>675</ele>
      </trkpt>
      <trkpt lat="41.458185240626335" lon="-7.665685303509235">
        <ele>673.7</ele>
      </trkpt>
      <trkpt lat="41.45793126896024" lon="-7.665830058977008">
        <ele>673.4</ele>
      </trkpt>
      <trkpt lat="41.457473365589976" lon="-7.666078833863139">
        <ele>675.3</ele>
      </trkpt>
      <trkpt lat="41.45693466067314" lon="-7.666372787207365">
        <ele>675.1</ele>
      </trkpt>
      <trkpt lat="41.45640190690756" lon="-7.666650479659438">
        <ele>674</ele>
      </trkpt>
      <trkpt lat="41.4560750965029" lon="-7.666827170178294">
        <ele>673.9</ele>
      </trkpt>
      <trkpt lat="41.455697072669864" lon="-7.667039399966598">
        <ele>674</ele>
      </trkpt>
      <trkpt lat="41.45550889894366" lon="-7.66713235527277">
        <ele>675.1</ele>
      </trkpt>
      <trkpt lat="41.4549405220896" lon="-7.667420776560903">
        <ele>677</ele>
      </trkpt>
      <trkpt lat="41.45443534478545" lon="-7.667713472619653">
        <ele>673.8</ele>
      </trkpt>
      <trkpt lat="41.453928323462605" lon="-7.667989069595933">
        <ele>673</ele>
      </trkpt>
      <trkpt lat="41.45337394438684" lon="-7.668280256912112">
        <ele>674</ele>
      </trkpt>
      <trkpt lat="41.45307253114879" lon="-7.668443536385894">
        <ele>671.5</ele>
      </trkpt>
      <trkpt lat="41.45271386951208" lon="-7.66863682307303">
        <ele>670.3</ele>
      </trkpt>
      <trkpt lat="41.45216401666403" lon="-7.668929016217589">
        <ele>670.4</ele>
      </trkpt>
      <trkpt lat="41.45162564702332" lon="-7.669219449162483">
        <ele>671.4</ele>
      </trkpt>
      <trkpt lat="41.45107093267143" lon="-7.669517761096358">
        <ele>673.2</ele>
      </trkpt>
      <trkpt lat="41.45052225328982" lon="-7.669812133535743">
        <ele>674.1</ele>
      </trkpt>
      <trkpt lat="41.45024271681905" lon="-7.670007515698671">
        <ele>674.2</ele>
      </trkpt>
      <trkpt lat="41.450141882523894" lon="-7.670101057738066">
        <ele>674.1</ele>
      </trkpt>
      <trkpt lat="41.450052447617054" lon="-7.670121593400836">
        <ele>674</ele>
      </trkpt>
      <trkpt lat="41.44993535242975" lon="-7.670135507360101">
        <ele>674</ele>
      </trkpt>
      <trkpt lat="41.44975463859737" lon="-7.670213123783469">
        <ele>674</ele>
      </trkpt>
      <trkpt lat="41.449227752164006" lon="-7.670489978045225">
        <ele>674.6</ele>
      </trkpt>
      <trkpt lat="41.44884863868356" lon="-7.670691562816501">
        <ele>672.1</ele>
      </trkpt>
      <trkpt lat="41.448569940403104" lon="-7.670848807319999">
        <ele>672</ele>
      </trkpt>
      <trkpt lat="41.448359889909625" lon="-7.670960454270244">
        <ele>672.5</ele>
      </trkpt>
      <trkpt lat="41.44783224910498" lon="-7.671252731233835">
        <ele>671.7</ele>
      </trkpt>
      <trkpt lat="41.44770744256675" lon="-7.671322971582413">
        <ele>671.2</ele>
      </trkpt>
      <trkpt lat="41.44730175845325" lon="-7.671545092016459">
        <ele>670.3</ele>
      </trkpt>
      <trkpt lat="41.446785014122725" lon="-7.671822784468532">
        <ele>672</ele>
      </trkpt>
      <trkpt lat="41.44627908244729" lon="-7.672093017026782">
        <ele>672.7</ele>
      </trkpt>
      <trkpt lat="41.44572361372411" lon="-7.672394681721926">
        <ele>673</ele>
      </trkpt>
      <trkpt lat="41.44521499983966" lon="-7.672667345032096">
        <ele>670.9</ele>
      </trkpt>
      <trkpt lat="41.44470605067909" lon="-7.672942606732249">
        <ele>669.8</ele>
      </trkpt>
      <trkpt lat="41.44420238211751" lon="-7.673212923109531">
        <ele>669.7</ele>
      </trkpt>
      <trkpt lat="41.443682787939906" lon="-7.67348307184875">
        <ele>667.9</ele>
      </trkpt>
      <trkpt lat="41.44324868917465" lon="-7.673718351870775">
        <ele>667.2</ele>
      </trkpt>
      <trkpt lat="41.442730436101556" lon="-7.67400786280632">
        <ele>668.8</ele>
      </trkpt>
      <trkpt lat="41.44239432178438" lon="-7.674196539446712">
        <ele>669.1</ele>
      </trkpt>
      <trkpt lat="41.44184815697372" lon="-7.674487391486764">
        <ele>667.5</ele>
      </trkpt>
      <trkpt lat="41.441307021304965" lon="-7.674780171364546">
        <ele>667.9</ele>
      </trkpt>
      <trkpt lat="41.44088448956609" lon="-7.675002291798592">
        <ele>670.2</ele>
      </trkpt>
      <trkpt lat="41.440767981112" lon="-7.675066916272044">
        <ele>670</ele>
      </trkpt>
      <trkpt lat="41.440225671976805" lon="-7.675356930121779">
        <ele>667.4</ele>
      </trkpt>
      <trkpt lat="41.4397251047194" lon="-7.675635376945138">
        <ele>668.7</ele>
      </trkpt>
      <trkpt lat="41.43918019719422" lon="-7.675926480442286">
        <ele>669.1</ele>
      </trkpt>
      <trkpt lat="41.43901767209172" lon="-7.676013400778174">
        <ele>669.1</ele>
      </trkpt>
      <trkpt lat="41.43882145173848" lon="-7.676118928939104">
        <ele>669.6</ele>
      </trkpt>
      <trkpt lat="41.438528252765536" lon="-7.676280029118061">
        <ele>671.1</ele>
      </trkpt>
      <trkpt lat="41.438272101804614" lon="-7.676392681896687">
        <ele>671.9</ele>
      </trkpt>
      <trkpt lat="41.438192473724484" lon="-7.676446828991175">
        <ele>672</ele>
      </trkpt>
      <trkpt lat="41.438093315809965" lon="-7.676500389352441">
        <ele>672.1</ele>
      </trkpt>
      <trkpt lat="41.4379205647856" lon="-7.676593847572804">
        <ele>672</ele>
      </trkpt>
      <trkpt lat="41.437793830409646" lon="-7.6766596455127">
        <ele>672</ele>
      </trkpt>
      <trkpt lat="41.43742611631751" lon="-7.676850920543075">
        <ele>671.2</ele>
      </trkpt>
      <trkpt lat="41.436916161328554" lon="-7.677135402336717">
        <ele>670</ele>
      </trkpt>
      <trkpt lat="41.43638784997165" lon="-7.677420303225517">
        <ele>669.4</ele>
      </trkpt>
      <trkpt lat="41.43586624413729" lon="-7.677698917686939">
        <ele>669.7</ele>
      </trkpt>
      <trkpt lat="41.435363832861185" lon="-7.67796378582716">
        <ele>668.9</ele>
      </trkpt>
      <trkpt lat="41.43497013486922" lon="-7.678171573206782">
        <ele>668.4</ele>
      </trkpt>
      <trkpt lat="41.43446051515639" lon="-7.678453037515283">
        <ele>668</ele>
      </trkpt>
      <trkpt lat="41.434278041124344" lon="-7.678552195429802">
        <ele>667.7</ele>
      </trkpt>
      <trkpt lat="41.43411040306091" lon="-7.678647832944989">
        <ele>667.3</ele>
      </trkpt>
      <trkpt lat="41.433588210493326" lon="-7.678920077160001">
        <ele>667.1</ele>
      </trkpt>
      <trkpt lat="41.4330471586436" lon="-7.679215706884861">
        <ele>668.5</ele>
      </trkpt>
      <trkpt lat="41.432533180341125" lon="-7.679526088759303">
        <ele>666.6</ele>
      </trkpt>
      <trkpt lat="41.43235607072711" lon="-7.679621893912554">
        <ele>668.2</ele>
      </trkpt>
      <trkpt lat="41.43194854259491" lon="-7.679831357672811">
        <ele>671.2</ele>
      </trkpt>
      <trkpt lat="41.431707395240664" lon="-7.679968401789665">
        <ele>671.7</ele>
      </trkpt>
      <trkpt lat="41.43146758899093" lon="-7.68010594882071">
        <ele>673.2</ele>
      </trkpt>
      <trkpt lat="41.43094439059496" lon="-7.680373499169946">
        <ele>675</ele>
      </trkpt>
      <trkpt lat="41.43038506619632" lon="-7.680680779740214">
        <ele>675.3</ele>
      </trkpt>
      <trkpt lat="41.4298490434885" lon="-7.680963082239032">
        <ele>672.2</ele>
      </trkpt>
      <trkpt lat="41.42943221144378" lon="-7.681180089712143">
        <ele>670.6</ele>
      </trkpt>
      <trkpt lat="41.42887892201543" lon="-7.681494243443012">
        <ele>673.1</ele>
      </trkpt>
      <trkpt lat="41.428370643407106" lon="-7.681774869561195">
        <ele>676.1</ele>
      </trkpt>
      <trkpt lat="41.42813905142248" lon="-7.681954158470035">
        <ele>677.5</ele>
      </trkpt>
      <trkpt lat="41.42787778750062" lon="-7.682219361886382">
        <ele>679.9</ele>
      </trkpt>
      <trkpt lat="41.427617529407144" lon="-7.682497221976519">
        <ele>682</ele>
      </trkpt>
      <trkpt lat="41.42745559103787" lon="-7.682655975222588">
        <ele>682.2</ele>
      </trkpt>
      <trkpt lat="41.427256017923355" lon="-7.682876503095031">
        <ele>681.9</ele>
      </trkpt>
      <trkpt lat="41.4268290437758" lon="-7.683343961834908">
        <ele>680.7</ele>
      </trkpt>
      <trkpt lat="41.42660105600953" lon="-7.683599274605513">
        <ele>680.1</ele>
      </trkpt>
      <trkpt lat="41.42622286453843" lon="-7.684013340622187">
        <ele>677.9</ele>
      </trkpt>
      <trkpt lat="41.42580066807568" lon="-7.684476943686605">
        <ele>675.1</ele>
      </trkpt>
      <trkpt lat="41.42561576329172" lon="-7.684669643640518">
        <ele>676.4</ele>
      </trkpt>
      <trkpt lat="41.42512986436486" lon="-7.685054205358028">
        <ele>676.7</ele>
      </trkpt>
      <trkpt lat="41.4245702046901" lon="-7.685238355770707">
        <ele>677.6</ele>
      </trkpt>
      <trkpt lat="41.42402940429747" lon="-7.685352014377713">
        <ele>682.2</ele>
      </trkpt>
      <trkpt lat="41.42370427027345" lon="-7.685422338545322">
        <ele>685.5</ele>
      </trkpt>
      <trkpt lat="41.42335030250251" lon="-7.685497188940644">
        <ele>685.7</ele>
      </trkpt>
      <trkpt lat="41.423173947259784" lon="-7.685537505894899">
        <ele>684.8</ele>
      </trkpt>
      <trkpt lat="41.42295082099736" lon="-7.685583187267184">
        <ele>684</ele>
      </trkpt>
      <trkpt lat="41.42277304083109" lon="-7.685625096783042">
        <ele>684.3</ele>
      </trkpt>
      <trkpt lat="41.42221606336534" lon="-7.685744119808078">
        <ele>689.8</ele>
      </trkpt>
      <trkpt lat="41.42200341448188" lon="-7.685789214447141">
        <ele>689.1</ele>
      </trkpt>
      <trkpt lat="41.42183443531394" lon="-7.685815868899226">
        <ele>687.3</ele>
      </trkpt>
      <trkpt lat="41.421718429774046" lon="-7.685822322964668">
        <ele>685.7</ele>
      </trkpt>
      <trkpt lat="41.421659253537655" lon="-7.685817796736956">
        <ele>684.8</ele>
      </trkpt>
      <trkpt lat="41.42147661186755" lon="-7.685769600793719">
        <ele>681.7</ele>
      </trkpt>
      <trkpt lat="41.42135255970061" lon="-7.685709586367011">
        <ele>679.6</ele>
      </trkpt>
      <trkpt lat="41.42122842371464" lon="-7.685629203915596">
        <ele>677.6</ele>
      </trkpt>
      <trkpt lat="41.420763563364744" lon="-7.685242798179388">
        <ele>672.3</ele>
      </trkpt>
      <trkpt lat="41.420380091294646" lon="-7.685051104053855">
        <ele>675.4</ele>
      </trkpt>
      <trkpt lat="41.41982177272439" lon="-7.685037273913622">
        <ele>677.1</ele>
      </trkpt>
      <trkpt lat="41.41967995092273" lon="-7.685039201751351">
        <ele>678.7</ele>
      </trkpt>
      <trkpt lat="41.41949932090938" lon="-7.68503962084651">
        <ele>680.8</ele>
      </trkpt>
      <trkpt lat="41.41936898231506" lon="-7.685042973607779">
        <ele>682.5</ele>
      </trkpt>
      <trkpt lat="41.41919690184295" lon="-7.685042219236493">
        <ele>683.8</ele>
      </trkpt>
      <trkpt lat="41.418859362602234" lon="-7.685045069083571">
        <ele>685.4</ele>
      </trkpt>
      <trkpt lat="41.41848502680659" lon="-7.68504842184484">
        <ele>688.5</ele>
      </trkpt>
      <trkpt lat="41.4182360842824" lon="-7.685062754899263">
        <ele>689.9</ele>
      </trkpt>
      <trkpt lat="41.418153103441" lon="-7.685074573382735">
        <ele>690.2</ele>
      </trkpt>
      <trkpt lat="41.41786870546639" lon="-7.685214970260859">
        <ele>691.1</ele>
      </trkpt>
      <trkpt lat="41.417704252526164" lon="-7.685414124280214">
        <ele>691.9</ele>
      </trkpt>
      <trkpt lat="41.41761515289545" lon="-7.685624090954661">
        <ele>693.7</ele>
      </trkpt>
      <trkpt lat="41.417548852041364" lon="-7.686094148084521">
        <ele>698.1</ele>
      </trkpt>
      <trkpt lat="41.417541140690446" lon="-7.68645859323442">
        <ele>700.4</ele>
      </trkpt>
      <trkpt lat="41.41750945709646" lon="-7.686688425019383">
        <ele>700.5</ele>
      </trkpt>
      <trkpt lat="41.417477019131184" lon="-7.686794372275472">
        <ele>700.3</ele>
      </trkpt>
      <trkpt lat="41.417340226471424" lon="-7.687031999230385">
        <ele>697.1</ele>
      </trkpt>
      <trkpt lat="41.41722472384572" lon="-7.687140293419361">
        <ele>693.4</ele>
      </trkpt>
      <trkpt lat="41.41718180850148" lon="-7.687170384451747">
        <ele>692</ele>
      </trkpt>
      <trkpt lat="41.417089607566595" lon="-7.687219250947237">
        <ele>689.6</ele>
      </trkpt>
      <trkpt lat="41.41688005998731" lon="-7.687249509617686">
        <ele>685</ele>
      </trkpt>
      <trkpt lat="41.41666799783707" lon="-7.687209779396653">
        <ele>683.4</ele>
      </trkpt>
      <trkpt lat="41.4162761438638" lon="-7.687133755534887">
        <ele>686.6</ele>
      </trkpt>
      <trkpt lat="41.416140189394355" lon="-7.687121853232384">
        <ele>688.3</ele>
      </trkpt>
      <trkpt lat="41.41605393961072" lon="-7.687124870717526">
        <ele>689.4</ele>
      </trkpt>
      <trkpt lat="41.41592787578702" lon="-7.687146412208676">
        <ele>691.6</ele>
      </trkpt>
      <trkpt lat="41.415765350684524" lon="-7.687190417200327">
        <ele>695.3</ele>
      </trkpt>
      <trkpt lat="41.41560835763812" lon="-7.687238110229373">
        <ele>698.8</ele>
      </trkpt>
      <trkpt lat="41.41548925079405" lon="-7.687257640063763">
        <ele>701.2</ele>
      </trkpt>
      <trkpt lat="41.415080884471536" lon="-7.687129816040397">
        <ele>705.9</ele>
      </trkpt>
      <trkpt lat="41.4146235678345" lon="-7.686691945418716">
        <ele>706.2</ele>
      </trkpt>
      <trkpt lat="41.4144367352128" lon="-7.686563618481159">
        <ele>706.6</ele>
      </trkpt>
      <trkpt lat="41.41390238888562" lon="-7.686683814972639">
        <ele>714</ele>
      </trkpt>
      <trkpt lat="41.413624193519354" lon="-7.686901995912194">
        <ele>715.6</ele>
      </trkpt>
      <trkpt lat="41.413147849962115" lon="-7.687240205705166">
        <ele>716.8</ele>
      </trkpt>
      <trkpt lat="41.413110718131065" lon="-7.687251269817352">
        <ele>716.7</ele>
      </trkpt>
      <trkpt lat="41.412552734836936" lon="-7.68736694008112">
        <ele>717.9</ele>
      </trkpt>
      <trkpt lat="41.41202341765165" lon="-7.687584282830358">
        <ele>721.7</ele>
      </trkpt>
      <trkpt lat="41.41171362251043" lon="-7.687746975570917">
        <ele>722.5</ele>
      </trkpt>
      <trkpt lat="41.41155017539859" lon="-7.687844540923834">
        <ele>723.6</ele>
      </trkpt>
      <trkpt lat="41.41127625480294" lon="-7.688026260584593">
        <ele>726.5</ele>
      </trkpt>
      <trkpt lat="41.41117072664201" lon="-7.688105637207627">
        <ele>728.1</ele>
      </trkpt>
      <trkpt lat="41.4107121527195" lon="-7.688552476465702">
        <ele>733</ele>
      </trkpt>
      <trkpt lat="41.41055851243436" lon="-7.688724640756846">
        <ele>732.5</ele>
      </trkpt>
      <trkpt lat="41.4102718513459" lon="-7.689063353464007">
        <ele>730.6</ele>
      </trkpt>
      <trkpt lat="41.41015710309148" lon="-7.689201571047306">
        <ele>730.4</ele>
      </trkpt>
      <trkpt lat="41.410006983205676" lon="-7.689392426982522">
        <ele>731.2</ele>
      </trkpt>
      <trkpt lat="41.40994453802705" lon="-7.68946560099721">
        <ele>731.4</ele>
      </trkpt>
      <trkpt lat="41.40965293161571" lon="-7.689816970378161">
        <ele>730.8</ele>
      </trkpt>
      <trkpt lat="41.40922210179269" lon="-7.690296834334731">
        <ele>726.1</ele>
      </trkpt>
      <trkpt lat="41.408821027725935" lon="-7.690639737993479">
        <ele>720.7</ele>
      </trkpt>
      <trkpt lat="41.40870342962444" lon="-7.690740739926696">
        <ele>720.1</ele>
      </trkpt>
      <trkpt lat="41.408366058021784" lon="-7.691012648865581">
        <ele>719.6</ele>
      </trkpt>
      <trkpt lat="41.4079025387764" lon="-7.691488238051534">
        <ele>721.8</ele>
      </trkpt>
      <trkpt lat="41.40783037059009" lon="-7.691585468128324">
        <ele>722.6</ele>
      </trkpt>
      <trkpt lat="41.40773020684719" lon="-7.691725110635161">
        <ele>723.2</ele>
      </trkpt>
      <trkpt lat="41.407669270411134" lon="-7.691825106739998">
        <ele>723.6</ele>
      </trkpt>
      <trkpt lat="41.40757975168526" lon="-7.691971035674214">
        <ele>724.6</ele>
      </trkpt>
      <trkpt lat="41.40752501785755" lon="-7.692068852484226">
        <ele>724.9</ele>
      </trkpt>
      <trkpt lat="41.40737598761916" lon="-7.692338917404413">
        <ele>725.9</ele>
      </trkpt>
      <trkpt lat="41.4073084294796" lon="-7.692467831075192">
        <ele>726.3</ele>
      </trkpt>
      <trkpt lat="41.407267609611154" lon="-7.692551901564002">
        <ele>726.4</ele>
      </trkpt>
      <trkpt lat="41.40716300345957" lon="-7.692737057805061">
        <ele>725.7</ele>
      </trkpt>
      <trkpt lat="41.40704900957644" lon="-7.692917184904218">
        <ele>726.7</ele>
      </trkpt>
      <trkpt lat="41.40670518390834" lon="-7.693283976987004">
        <ele>729.4</ele>
      </trkpt>
      <trkpt lat="41.406388599425554" lon="-7.693530069664121">
        <ele>731.4</ele>
      </trkpt>
      <trkpt lat="41.40601367689669" lon="-7.693850761279464">
        <ele>732.3</ele>
      </trkpt>
      <trkpt lat="41.40566624701023" lon="-7.694316376000643">
        <ele>736.6</ele>
      </trkpt>
      <trkpt lat="41.40546843409538" lon="-7.694678893312812">
        <ele>737.5</ele>
      </trkpt>
      <trkpt lat="41.40542862005532" lon="-7.694749804213643">
        <ele>737.2</ele>
      </trkpt>
      <trkpt lat="41.40531144104898" lon="-7.694959435611963">
        <ele>736.1</ele>
      </trkpt>
      <trkpt lat="41.40521907247603" lon="-7.695134282112122">
        <ele>736.5</ele>
      </trkpt>
      <trkpt lat="41.405007764697075" lon="-7.69547475501895">
        <ele>739.1</ele>
      </trkpt>
      <trkpt lat="41.40492687933147" lon="-7.695623617619276">
        <ele>739.9</ele>
      </trkpt>
      <trkpt lat="41.404805425554514" lon="-7.695840122178197">
        <ele>741.2</ele>
      </trkpt>
      <trkpt lat="41.40470660291612" lon="-7.696000216528773">
        <ele>742.2</ele>
      </trkpt>
      <trkpt lat="41.40454248525202" lon="-7.696220241487026">
        <ele>743.4</ele>
      </trkpt>
      <trkpt lat="41.40428784303367" lon="-7.696513189002872">
        <ele>744.1</ele>
      </trkpt>
      <trkpt lat="41.4038856793195" lon="-7.696946952491999">
        <ele>746.4</ele>
      </trkpt>
      <trkpt lat="41.40356850810349" lon="-7.697276528924704">
        <ele>748.6</ele>
      </trkpt>
      <trkpt lat="41.403246307745576" lon="-7.697601495310664">
        <ele>749.2</ele>
      </trkpt>
      <trkpt lat="41.40300549566746" lon="-7.697844067588449">
        <ele>750.3</ele>
      </trkpt>
      <trkpt lat="41.40274406410754" lon="-7.698116730898619">
        <ele>751</ele>
      </trkpt>
      <trkpt lat="41.40246327035129" lon="-7.698415964841843">
        <ele>753.8</ele>
      </trkpt>
      <trkpt lat="41.40227166004479" lon="-7.698624841868877">
        <ele>756</ele>
      </trkpt>
      <trkpt lat="41.40208759345114" lon="-7.698837155476213">
        <ele>755.9</ele>
      </trkpt>
      <trkpt lat="41.40183445997536" lon="-7.699077380821109">
        <ele>755.1</ele>
      </trkpt>
      <trkpt lat="41.40158358961344" lon="-7.699238732457161">
        <ele>757.7</ele>
      </trkpt>
      <trkpt lat="41.40134244225919" lon="-7.699364796280861">
        <ele>759.1</ele>
      </trkpt>
      <trkpt lat="41.40103608369827" lon="-7.699471917003393">
        <ele>761.5</ele>
      </trkpt>
      <trkpt lat="41.40073316171765" lon="-7.699575936421752">
        <ele>765.4</ele>
      </trkpt>
      <trkpt lat="41.40050576068461" lon="-7.699664114043117">
        <ele>768.6</ele>
      </trkpt>
      <trkpt lat="41.40041741542518" lon="-7.69971071742475">
        <ele>769.6</ele>
      </trkpt>
      <trkpt lat="41.400224631652236" lon="-7.699820939451456">
        <ele>771</ele>
      </trkpt>
      <trkpt lat="41.40002162195742" lon="-7.69997701048851">
        <ele>770.7</ele>
      </trkpt>
      <trkpt lat="41.39976069331169" lon="-7.700228467583656">
        <ele>771.1</ele>
      </trkpt>
      <trkpt lat="41.39944829978049" lon="-7.700560139492154">
        <ele>773.2</ele>
      </trkpt>
      <trkpt lat="41.39923648908734" lon="-7.700766418129206">
        <ele>775.4</ele>
      </trkpt>
      <trkpt lat="41.399190640076995" lon="-7.700809082016349">
        <ele>775.9</ele>
      </trkpt>
      <trkpt lat="41.39896793290973" lon="-7.701014438644052">
        <ele>777.2</ele>
      </trkpt>
      <trkpt lat="41.39891529455781" lon="-7.701056012883782">
        <ele>777.7</ele>
      </trkpt>
      <trkpt lat="41.39863642863929" lon="-7.70122884772718">
        <ele>779.5</ele>
      </trkpt>
      <trkpt lat="41.39836108312011" lon="-7.701311241835356">
        <ele>779.7</ele>
      </trkpt>
      <trkpt lat="41.39816293492913" lon="-7.701317863538861">
        <ele>779.5</ele>
      </trkpt>
      <trkpt lat="41.39799018390477" lon="-7.701310822740197">
        <ele>779.8</ele>
      </trkpt>
      <trkpt lat="41.39774300158024" lon="-7.701298417523503">
        <ele>781.3</ele>
      </trkpt>
      <trkpt lat="41.39752238988876" lon="-7.701290538534522">
        <ele>783.2</ele>
      </trkpt>
      <trkpt lat="41.39712953008711" lon="-7.701271427795291">
        <ele>785.9</ele>
      </trkpt>
      <trkpt lat="41.39702425338328" lon="-7.701266398653388">
        <ele>786</ele>
      </trkpt>
      <trkpt lat="41.39697538688779" lon="-7.701260112226009">
        <ele>786</ele>
      </trkpt>
      <trkpt lat="41.396887795999646" lon="-7.701262375339866">
        <ele>786</ele>
      </trkpt>
      <trkpt lat="41.39685829170048" lon="-7.701261704787612">
        <ele>786</ele>
      </trkpt>
      <trkpt lat="41.39676868915558" lon="-7.701256591826677">
        <ele>785.8</ele>
      </trkpt>
      <trkpt lat="41.39670490287244" lon="-7.701256927102804">
        <ele>785.6</ele>
      </trkpt>
      <trkpt lat="41.39652578160167" lon="-7.701238906010985">
        <ele>785.2</ele>
      </trkpt>
      <trkpt lat="41.39621959067881" lon="-7.701237816363573">
        <ele>784.1</ele>
      </trkpt>
      <trkpt lat="41.39612034894526" lon="-7.701241839677095">
        <ele>783.4</ele>
      </trkpt>
      <trkpt lat="41.395786330103874" lon="-7.701292969286442">
        <ele>780.3</ele>
      </trkpt>
      <trkpt lat="41.39539782889187" lon="-7.701380476355553">
        <ele>776.3</ele>
      </trkpt>
      <trkpt lat="41.39503992162645" lon="-7.701461194083095">
        <ele>773.3</ele>
      </trkpt>
      <trkpt lat="41.394531559199095" lon="-7.701544594019651">
        <ele>774.4</ele>
      </trkpt>
      <trkpt lat="41.39425034634769" lon="-7.701515341177583">
        <ele>774.7</ele>
      </trkpt>
      <trkpt lat="41.39372329227626" lon="-7.701175706461072">
        <ele>771.9</ele>
      </trkpt>
      <trkpt lat="41.393349124118686" lon="-7.70077345892787">
        <ele>766.5</ele>
      </trkpt>
      <trkpt lat="41.39288091100752" lon="-7.700337683781982">
        <ele>766.1</ele>
      </trkpt>
      <trkpt lat="41.3925470598042" lon="-7.70017976872623">
        <ele>765.7</ele>
      </trkpt>
      <trkpt lat="41.39226894825697" lon="-7.700167950242758">
        <ele>762.9</ele>
      </trkpt>
      <trkpt lat="41.391832921653986" lon="-7.700371630489826">
        <ele>758.5</ele>
      </trkpt>
      <trkpt lat="41.39150585979223" lon="-7.700632810592651">
        <ele>757.7</ele>
      </trkpt>
      <trkpt lat="41.3910446036607" lon="-7.701086858287454">
        <ele>755.7</ele>
      </trkpt>
      <trkpt lat="41.3908477127552" lon="-7.701291292905808">
        <ele>754.6</ele>
      </trkpt>
      <trkpt lat="41.39039718545973" lon="-7.701735617592931">
        <ele>753.1</ele>
      </trkpt>
      <trkpt lat="41.389966271817684" lon="-7.70215873606503">
        <ele>750.2</ele>
      </trkpt>
      <trkpt lat="41.38950836844742" lon="-7.702607670798898">
        <ele>748.1</ele>
      </trkpt>
      <trkpt lat="41.38904987834394" lon="-7.703063562512398">
        <ele>744.1</ele>
      </trkpt>
      <trkpt lat="41.388609828427434" lon="-7.70349120721221">
        <ele>740.4</ele>
      </trkpt>
      <trkpt lat="41.38814144767821" lon="-7.703863615170121">
        <ele>737.8</ele>
      </trkpt>
      <trkpt lat="41.38761984184384" lon="-7.704196125268936">
        <ele>737.6</ele>
      </trkpt>
      <trkpt lat="41.38709471561015" lon="-7.704520504921675">
        <ele>732.9</ele>
      </trkpt>
      <trkpt lat="41.38656414113939" lon="-7.704906072467566">
        <ele>726.5</ele>
      </trkpt>
      <trkpt lat="41.38618217781186" lon="-7.705416530370712">
        <ele>726.6</ele>
      </trkpt>
      <trkpt lat="41.386127192527056" lon="-7.705516023561359">
        <ele>726.4</ele>
      </trkpt>
      <trkpt lat="41.3857847917825" lon="-7.70612983033061">
        <ele>721.8</ele>
      </trkpt>
      <trkpt lat="41.3853667024523" lon="-7.706651352345944">
        <ele>717.2</ele>
      </trkpt>
      <trkpt lat="41.38507727533579" lon="-7.706889230757952">
        <ele>716.4</ele>
      </trkpt>
      <trkpt lat="41.38454728759825" lon="-7.70728200674057">
        <ele>713.4</ele>
      </trkpt>
      <trkpt lat="41.384341260418296" lon="-7.707424163818359">
        <ele>711.2</ele>
      </trkpt>
      <trkpt lat="41.38420471921563" lon="-7.707517119124532">
        <ele>709.6</ele>
      </trkpt>
      <trkpt lat="41.384071446955204" lon="-7.707615690305829">
        <ele>708.6</ele>
      </trkpt>
      <trkpt lat="41.383550260216" lon="-7.707995977252722">
        <ele>707.6</ele>
      </trkpt>
      <trkpt lat="41.38348680920899" lon="-7.708040485158563">
        <ele>707.4</ele>
      </trkpt>
      <trkpt lat="41.383043406531215" lon="-7.708364697173238">
        <ele>704.4</ele>
      </trkpt>
      <trkpt lat="41.38285741209984" lon="-7.70853191614151">
        <ele>703.2</ele>
      </trkpt>
      <trkpt lat="41.38274065218866" lon="-7.70867457613349">
        <ele>702.1</ele>
      </trkpt>
      <trkpt lat="41.38252900913358" lon="-7.709453506395221">
        <ele>697.3</ele>
      </trkpt>
      <trkpt lat="41.382551891729236" lon="-7.709731366485357">
        <ele>695.7</ele>
      </trkpt>
      <trkpt lat="41.382576785981655" lon="-7.709872769191861">
        <ele>695.2</ele>
      </trkpt>
      <trkpt lat="41.38272698968649" lon="-7.71057240664959">
        <ele>690</ele>
      </trkpt>
      <trkpt lat="41.38275163248181" lon="-7.710706265643239">
        <ele>689.2</ele>
      </trkpt>
      <trkpt lat="41.382763450965285" lon="-7.710842220112681">
        <ele>688.4</ele>
      </trkpt>
      <trkpt lat="41.382615845650434" lon="-7.711607906967402">
        <ele>686</ele>
      </trkpt>
      <trkpt lat="41.38252037577331" lon="-7.711833044886589">
        <ele>687.9</ele>
      </trkpt>
      <trkpt lat="41.38218216598034" lon="-7.712092716246843">
        <ele>689.6</ele>
      </trkpt>
      <trkpt lat="41.38208677992225" lon="-7.712136721238494">
        <ele>689.7</ele>
      </trkpt>
      <trkpt lat="41.38189542107284" lon="-7.712227832525969">
        <ele>689.1</ele>
      </trkpt>
      <trkpt lat="41.38170640915632" lon="-7.712326571345329">
        <ele>687.5</ele>
      </trkpt>
      <trkpt lat="41.38143475167453" lon="-7.71250057965517">
        <ele>684.6</ele>
      </trkpt>
      <trkpt lat="41.3809856493026" lon="-7.712804256007075">
        <ele>682</ele>
      </trkpt>
      <trkpt lat="41.38079445809126" lon="-7.712889080867171">
        <ele>680.9</ele>
      </trkpt>
      <trkpt lat="41.3804969843477" lon="-7.712948257103562">
        <ele>678</ele>
      </trkpt>
      <trkpt lat="41.38030344620347" lon="-7.712963847443461">
        <ele>676.4</ele>
      </trkpt>
      <trkpt lat="41.38000505045056" lon="-7.713221339508891">
        <ele>676.8</ele>
      </trkpt>
      <trkpt lat="41.379954256117344" lon="-7.713315803557634">
        <ele>676.7</ele>
      </trkpt>
      <trkpt lat="41.37986113317311" lon="-7.713502552360296">
        <ele>675.9</ele>
      </trkpt>
      <trkpt lat="41.37957639992237" lon="-7.714143265038729">
        <ele>672.8</ele>
      </trkpt>
      <trkpt lat="41.37956868857145" lon="-7.714657662436366">
        <ele>671.6</ele>
      </trkpt>
      <trkpt lat="41.379589810967445" lon="-7.714760089293122">
        <ele>671.1</ele>
      </trkpt>
      <trkpt lat="41.3797527551651" lon="-7.715494679287076">
        <ele>667.9</ele>
      </trkpt>
      <trkpt lat="41.37976733967662" lon="-7.715603392571211">
        <ele>667.6</ele>
      </trkpt>
      <trkpt lat="41.379791563376784" lon="-7.716041263192892">
        <ele>665.5</ele>
      </trkpt>
      <trkpt lat="41.379793575033545" lon="-7.716474523767829">
        <ele>666.1</ele>
      </trkpt>
      <trkpt lat="41.37944891117513" lon="-7.717027310281992">
        <ele>667.1</ele>
      </trkpt>
      <trkpt lat="41.37937506660819" lon="-7.717073662206531">
        <ele>666.4</ele>
      </trkpt>
      <trkpt lat="41.37913207523525" lon="-7.717141723260284">
        <ele>663.8</ele>
      </trkpt>
      <trkpt lat="41.37853612191975" lon="-7.71722805686295">
        <ele>661.8</ele>
      </trkpt>
      <trkpt lat="41.37809498235583" lon="-7.717196037992835">
        <ele>658.2</ele>
      </trkpt>
      <trkpt lat="41.377819050103426" lon="-7.717188410460949">
        <ele>657.9</ele>
      </trkpt>
      <trkpt lat="41.37763783335686" lon="-7.717229062691331">
        <ele>658.1</ele>
      </trkpt>
      <trkpt lat="41.37729870155454" lon="-7.717345738783479">
        <ele>659</ele>
      </trkpt>
      <trkpt lat="41.37721178121865" lon="-7.717366861179471">
        <ele>658.6</ele>
      </trkpt>
      <trkpt lat="41.37712921947241" lon="-7.717406591400504">
        <ele>658.1</ele>
      </trkpt>
      <trkpt lat="41.376908775419" lon="-7.717592669650912">
        <ele>657.2</ele>
      </trkpt>
      <trkpt lat="41.376697048544884" lon="-7.717778915539384">
        <ele>656.7</ele>
      </trkpt>
      <trkpt lat="41.376516250893474" lon="-7.717935908585787">
        <ele>656.3</ele>
      </trkpt>
      <trkpt lat="41.37646570801735" lon="-7.717993659898639">
        <ele>656.1</ele>
      </trkpt>
      <trkpt lat="41.37635682709515" lon="-7.718221144750714">
        <ele>655.6</ele>
      </trkpt>
      <trkpt lat="41.376328663900495" lon="-7.718303371220827">
        <ele>655.3</ele>
      </trkpt>
      <trkpt lat="41.37626311741769" lon="-7.718458017334342">
        <ele>654.6</ele>
      </trkpt>
      <trkpt lat="41.3757982570678" lon="-7.718708887696266">
        <ele>655.5</ele>
      </trkpt>
      <trkpt lat="41.37563271448016" lon="-7.718569245189428">
        <ele>656.9</ele>
      </trkpt>
      <trkpt lat="41.37551251798868" lon="-7.718269173055887">
        <ele>656.1</ele>
      </trkpt>
      <trkpt lat="41.37549525126815" lon="-7.718185940757394">
        <ele>655.8</ele>
      </trkpt>
      <trkpt lat="41.375451581552625" lon="-7.717851251363754">
        <ele>655</ele>
      </trkpt>
      <trkpt lat="41.37539768591523" lon="-7.717528128996491">
        <ele>656.5</ele>
      </trkpt>
      <trkpt lat="41.375254690647125" lon="-7.717292848974466">
        <ele>659.2</ele>
      </trkpt>
      <trkpt lat="41.374989822506905" lon="-7.717023622244597">
        <ele>659.7</ele>
      </trkpt>
      <trkpt lat="41.3748034927994" lon="-7.716877944767475">
        <ele>658.7</ele>
      </trkpt>
      <trkpt lat="41.374598471447825" lon="-7.716743666678667">
        <ele>657.8</ele>
      </trkpt>
      <trkpt lat="41.374354558065534" lon="-7.716622212901712">
        <ele>656.9</ele>
      </trkpt>
      <trkpt lat="41.374287083745" lon="-7.716606538742781">
        <ele>656.3</ele>
      </trkpt>
      <trkpt lat="41.3740732613951" lon="-7.716563623398542">
        <ele>654.5</ele>
      </trkpt>
      <trkpt lat="41.373842004686594" lon="-7.716519618406892">
        <ele>652.2</ele>
      </trkpt>
      <trkpt lat="41.37368350289762" lon="-7.716497741639614">
        <ele>650.6</ele>
      </trkpt>
      <trkpt lat="41.373134991154075" lon="-7.716410905122757">
        <ele>646.4</ele>
      </trkpt>
      <trkpt lat="41.37298621237278" lon="-7.716412413865328">
        <ele>646.3</ele>
      </trkpt>
      <trkpt lat="41.37284221127629" lon="-7.716456083580852">
        <ele>645.7</ele>
      </trkpt>
      <trkpt lat="41.372712794691324" lon="-7.716545853763819">
        <ele>645</ele>
      </trkpt>
      <trkpt lat="41.372461253777146" lon="-7.716754227876663">
        <ele>642.8</ele>
      </trkpt>
      <trkpt lat="41.37233837507665" lon="-7.716861516237259">
        <ele>641.8</ele>
      </trkpt>
      <trkpt lat="41.37194794602692" lon="-7.717176340520382">
        <ele>640.2</ele>
      </trkpt>
      <trkpt lat="41.37188206426799" lon="-7.717229565605521">
        <ele>640.1</ele>
      </trkpt>
      <trkpt lat="41.37146464549005" lon="-7.717708507552743">
        <ele>640.2</ele>
      </trkpt>
      <trkpt lat="41.37123531661928" lon="-7.718017296865583">
        <ele>639</ele>
      </trkpt>
      <trkpt lat="41.371009927242994" lon="-7.718343185260892">
        <ele>637.2</ele>
      </trkpt>
      <trkpt lat="41.37091261334717" lon="-7.718523647636175">
        <ele>637.2</ele>
      </trkpt>
      <trkpt lat="41.37077623978257" lon="-7.718807710334659">
        <ele>635.9</ele>
      </trkpt>
      <trkpt lat="41.37042973190546" lon="-7.719483794644475">
        <ele>630.2</ele>
      </trkpt>
      <trkpt lat="41.370326802134514" lon="-7.719684541225433">
        <ele>630.4</ele>
      </trkpt>
      <trkpt lat="41.369952047243714" lon="-7.720219641923904">
        <ele>631.8</ele>
      </trkpt>
      <trkpt lat="41.369817769154906" lon="-7.72038996219635">
        <ele>631.6</ele>
      </trkpt>
      <trkpt lat="41.36943530291319" lon="-7.720908550545573">
        <ele>625.5</ele>
      </trkpt>
      <trkpt lat="41.36932164430618" lon="-7.721478184685111">
        <ele>622</ele>
      </trkpt>
      <trkpt lat="41.36936162598431" lon="-7.721704579889774">
        <ele>622.3</ele>
      </trkpt>
      <trkpt lat="41.36939825490117" lon="-7.721923347562552">
        <ele>623.4</ele>
      </trkpt>
      <trkpt lat="41.36941283941269" lon="-7.722142618149519">
        <ele>624.1</ele>
      </trkpt>
      <trkpt lat="41.369034899398685" lon="-7.722660871222615">
        <ele>621.1</ele>
      </trkpt>
      <trkpt lat="41.36884789913893" lon="-7.722656344994903">
        <ele>620.1</ele>
      </trkpt>
      <trkpt lat="41.36856702156365" lon="-7.722673611715436">
        <ele>618.7</ele>
      </trkpt>
      <trkpt lat="41.36829134076834" lon="-7.722799004986882">
        <ele>617.5</ele>
      </trkpt>
      <trkpt lat="41.368203330785036" lon="-7.722864970564842">
        <ele>617.3</ele>
      </trkpt>
      <trkpt lat="41.36796277016401" lon="-7.72310527972877">
        <ele>616.4</ele>
      </trkpt>
      <trkpt lat="41.36773444712162" lon="-7.72337350063026">
        <ele>613.3</ele>
      </trkpt>
      <trkpt lat="41.36758047156036" lon="-7.723555890843272">
        <ele>611.8</ele>
      </trkpt>
      <trkpt lat="41.367188952863216" lon="-7.724016811698675">
        <ele>608.3</ele>
      </trkpt>
      <trkpt lat="41.366815119981766" lon="-7.724517714232206">
        <ele>604.1</ele>
      </trkpt>
      <trkpt lat="41.36671805754304" lon="-7.724774703383446">
        <ele>603</ele>
      </trkpt>
      <trkpt lat="41.36666776612401" lon="-7.725346852093935">
        <ele>602.5</ele>
      </trkpt>
      <trkpt lat="41.36669316329062" lon="-7.725761169567704">
        <ele>603.2</ele>
      </trkpt>
      <trkpt lat="41.36671621352434" lon="-7.726119076833129">
        <ele>601.6</ele>
      </trkpt>
      <trkpt lat="41.36671621352434" lon="-7.726427782326937">
        <ele>600.3</ele>
      </trkpt>
      <trkpt lat="41.3666529301554" lon="-7.726590977981687">
        <ele>599</ele>
      </trkpt>
      <trkpt lat="41.36625780723989" lon="-7.726715952157974">
        <ele>599.3</ele>
      </trkpt>
      <trkpt lat="41.36589931324124" lon="-7.726527694612742">
        <ele>602.4</ele>
      </trkpt>
      <trkpt lat="41.36582965962589" lon="-7.726474301889539">
        <ele>602.4</ele>
      </trkpt>
      <trkpt lat="41.36561189778149" lon="-7.726328959688544">
        <ele>601.5</ele>
      </trkpt>
      <trkpt lat="41.36540478095412" lon="-7.72614891640842">
        <ele>599.6</ele>
      </trkpt>
      <trkpt lat="41.365307718515396" lon="-7.725966861471534">
        <ele>595.8</ele>
      </trkpt>
      <trkpt lat="41.365247033536434" lon="-7.725749351084232">
        <ele>592.1</ele>
      </trkpt>
      <trkpt lat="41.36518316343427" lon="-7.725526979193091">
        <ele>589.8</ele>
      </trkpt>
      <trkpt lat="41.3648914732039" lon="-7.725075697526336">
        <ele>591.5</ele>
      </trkpt>
      <trkpt lat="41.36476683430374" lon="-7.724905209615827">
        <ele>591.9</ele>
      </trkpt>
      <trkpt lat="41.36468796059489" lon="-7.724693147465587">
        <ele>591.1</ele>
      </trkpt>
      <trkpt lat="41.3647963386029" lon="-7.724139858037233">
        <ele>589.1</ele>
      </trkpt>
      <trkpt lat="41.36483883485198" lon="-7.724038269370794">
        <ele>588.8</ele>
      </trkpt>
      <trkpt lat="41.364946123212576" lon="-7.723712967708707">
        <ele>586.9</ele>
      </trkpt>
      <trkpt lat="41.36498484760523" lon="-7.723364531993866">
        <ele>585.9</ele>
      </trkpt>
      <trkpt lat="41.365027176216245" lon="-7.722546542063355">
        <ele>581.4</ele>
      </trkpt>
      <trkpt lat="41.36495450511575" lon="-7.72179770283401">
        <ele>583</ele>
      </trkpt>
      <trkpt lat="41.36494235135615" lon="-7.721698880195618">
        <ele>583.4</ele>
      </trkpt>
      <trkpt lat="41.36493849568069" lon="-7.721601985394955">
        <ele>583.3</ele>
      </trkpt>
      <trkpt lat="41.364985601976514" lon="-7.721330830827355">
        <ele>582.4</ele>
      </trkpt>
      <trkpt lat="41.365052657201886" lon="-7.721172077581286">
        <ele>581.4</ele>
      </trkpt>
      <trkpt lat="41.365156676620245" lon="-7.720932774245739">
        <ele>580.2</ele>
      </trkpt>
      <trkpt lat="41.365229934453964" lon="-7.720775781199336">
        <ele>579.7</ele>
      </trkpt>
      <trkpt lat="41.365264132618904" lon="-7.720696236938238">
        <ele>579.7</ele>
      </trkpt>
      <trkpt lat="41.3653455208987" lon="-7.720444360747933">
        <ele>579.4</ele>
      </trkpt>
      <trkpt lat="41.365379048511386" lon="-7.719990313053131">
        <ele>578.7</ele>
      </trkpt>
      <trkpt lat="41.36538022197783" lon="-7.719811107963324">
        <ele>579.4</ele>
      </trkpt>
      <trkpt lat="41.365375109016895" lon="-7.719722092151642">
        <ele>579.8</ele>
      </trkpt>
      <trkpt lat="41.36534937657416" lon="-7.719550095498562">
        <ele>580.9</ele>
      </trkpt>
      <trkpt lat="41.36521987617016" lon="-7.719241054728627">
        <ele>582.2</ele>
      </trkpt>
      <trkpt lat="41.36499926447868" lon="-7.719039302319288">
        <ele>583.7</ele>
      </trkpt>
      <trkpt lat="41.364450082182884" lon="-7.718704780563712">
        <ele>586.7</ele>
      </trkpt>
      <trkpt lat="41.36433097533882" lon="-7.71864015609026">
        <ele>587.6</ele>
      </trkpt>
      <trkpt lat="41.363829988986254" lon="-7.718361541628838">
        <ele>587</ele>
      </trkpt>
      <trkpt lat="41.363302767276764" lon="-7.718349890783429">
        <ele>586.4</ele>
      </trkpt>
      <trkpt lat="41.36300747282803" lon="-7.718405965715647">
        <ele>586.1</ele>
      </trkpt>
      <trkpt lat="41.36277185752988" lon="-7.7184481266886">
        <ele>585.7</ele>
      </trkpt>
      <trkpt lat="41.36220331303775" lon="-7.718574861064553">
        <ele>588.5</ele>
      </trkpt>
      <trkpt lat="41.36204053647816" lon="-7.718622134998441">
        <ele>588.3</ele>
      </trkpt>
      <trkpt lat="41.361479200422764" lon="-7.718791114166379">
        <ele>585.6</ele>
      </trkpt>
      <trkpt lat="41.361303851008415" lon="-7.718849452212453">
        <ele>584.8</ele>
      </trkpt>
      <trkpt lat="41.36101693846285" lon="-7.718936204910278">
        <ele>583.9</ele>
      </trkpt>
      <trkpt lat="41.360794650390744" lon="-7.719014910981059">
        <ele>582.8</ele>
      </trkpt>
      <trkpt lat="41.360631957650185" lon="-7.719126725569367">
        <ele>582.5</ele>
      </trkpt>
      <trkpt lat="41.36058233678341" lon="-7.719175172969699">
        <ele>582.4</ele>
      </trkpt>
      <trkpt lat="41.36043925769627" lon="-7.719328394159675">
        <ele>583</ele>
      </trkpt>
      <trkpt lat="41.360257705673575" lon="-7.719538528472185">
        <ele>583.1</ele>
      </trkpt>
      <trkpt lat="41.36021353304386" lon="-7.719591753557324">
        <ele>583</ele>
      </trkpt>
      <trkpt lat="41.36007774621248" lon="-7.719736592844129">
        <ele>582.9</ele>
      </trkpt>
      <trkpt lat="41.359974229708314" lon="-7.719814712181687">
        <ele>582.9</ele>
      </trkpt>
      <trkpt lat="41.359732914716005" lon="-7.719876486808062">
        <ele>582.9</ele>
      </trkpt>
      <trkpt lat="41.35942094027996" lon="-7.719885874539614">
        <ele>583</ele>
      </trkpt>
      <trkpt lat="41.3592978939414" lon="-7.719889478757978">
        <ele>583</ele>
      </trkpt>
      <trkpt lat="41.35898449458182" lon="-7.719896687194705">
        <ele>583.3</ele>
      </trkpt>
      <trkpt lat="41.35858543217182" lon="-7.719915965572">
        <ele>583.8</ele>
      </trkpt>
      <trkpt lat="41.358518628403544" lon="-7.71992770023644">
        <ele>583.5</ele>
      </trkpt>
      <trkpt lat="41.357953269034624" lon="-7.720199022442102">
        <ele>579.6</ele>
      </trkpt>
      <trkpt lat="41.357885878533125" lon="-7.720219977200031">
        <ele>579.1</ele>
      </trkpt>
      <trkpt lat="41.35767448693514" lon="-7.720245625823736">
        <ele>578</ele>
      </trkpt>
      <trkpt lat="41.357602905482054" lon="-7.720243530347943">
        <ele>577.6</ele>
      </trkpt>
      <trkpt lat="41.357460748404264" lon="-7.720232969149947">
        <ele>577.3</ele>
      </trkpt>
      <trkpt lat="41.357112396508455" lon="-7.720221150666475">
        <ele>577.8</ele>
      </trkpt>
      <trkpt lat="41.35704483836889" lon="-7.720238249748945">
        <ele>577.9</ele>
      </trkpt>
      <trkpt lat="41.35686060413718" lon="-7.720330450683832">
        <ele>578.7</ele>
      </trkpt>
      <trkpt lat="41.35663823224604" lon="-7.72046766243875">
        <ele>578.9</ele>
      </trkpt>
      <trkpt lat="41.35653119534254" lon="-7.720534969121218">
        <ele>579.4</ele>
      </trkpt>
      <trkpt lat="41.356476629152894" lon="-7.720564473420382">
        <ele>579.4</ele>
      </trkpt>
      <trkpt lat="41.35613297112286" lon="-7.720696907490492">
        <ele>578.4</ele>
      </trkpt>
      <trkpt lat="41.35596541687846" lon="-7.720780810341239">
        <ele>577.9</ele>
      </trkpt>
      <trkpt lat="41.35591411963105" lon="-7.720822300761938">
        <ele>578.2</ele>
      </trkpt>
      <trkpt lat="41.35577280074358" lon="-7.720969822257757">
        <ele>578.5</ele>
      </trkpt>
      <trkpt lat="41.35554254986346" lon="-7.721215998753905">
        <ele>577.5</ele>
      </trkpt>
      <trkpt lat="41.35526963509619" lon="-7.721509700641036">
        <ele>575.7</ele>
      </trkpt>
      <trkpt lat="41.35491139255464" lon="-7.722093667834997">
        <ele>576.5</ele>
      </trkpt>
      <trkpt lat="41.35480594821274" lon="-7.722263569012284">
        <ele>576.3</ele>
      </trkpt>
      <trkpt lat="41.35467234067619" lon="-7.722489293664694">
        <ele>576.3</ele>
      </trkpt>
      <trkpt lat="41.35456329211593" lon="-7.722649555653334">
        <ele>576.1</ele>
      </trkpt>
      <trkpt lat="41.35437000542879" lon="-7.722760029137135">
        <ele>577</ele>
      </trkpt>
      <trkpt lat="41.35405953973532" lon="-7.722607143223286">
        <ele>579.8</ele>
      </trkpt>
      <trkpt lat="41.353933895006776" lon="-7.72232785820961">
        <ele>581.3</ele>
      </trkpt>
      <trkpt lat="41.353746224194765" lon="-7.721869703382254">
        <ele>582</ele>
      </trkpt>
      <trkpt lat="41.35358487255871" lon="-7.72154456935823">
        <ele>582.7</ele>
      </trkpt>
      <trkpt lat="41.35306343436241" lon="-7.721383301541209">
        <ele>582.8</ele>
      </trkpt>
      <trkpt lat="41.35269773192704" lon="-7.721575498580933">
        <ele>583.7</ele>
      </trkpt>
      <trkpt lat="41.35216782800853" lon="-7.721833074465394">
        <ele>583.9</ele>
      </trkpt>
      <trkpt lat="41.351626021787524" lon="-7.722116634249687">
        <ele>586.4</ele>
      </trkpt>
      <trkpt lat="41.351510686799884" lon="-7.722151000052691">
        <ele>588.4</ele>
      </trkpt>
      <trkpt lat="41.35115470737219" lon="-7.72206986322999">
        <ele>591.5</ele>
      </trkpt>
      <trkpt lat="41.35061591863632" lon="-7.721845060586929">
        <ele>586.5</ele>
      </trkpt>
      <trkpt lat="41.350377621129155" lon="-7.721742382273078">
        <ele>584.9</ele>
      </trkpt>
      <trkpt lat="41.349863139912486" lon="-7.721518501639366">
        <ele>586.9</ele>
      </trkpt>
      <trkpt lat="41.349335415288806" lon="-7.72130174562335">
        <ele>589.4</ele>
      </trkpt>
      <trkpt lat="41.349280597642064" lon="-7.721281377598643">
        <ele>589.4</ele>
      </trkpt>
      <trkpt lat="41.34911379776895" lon="-7.721239048987627">
        <ele>588.7</ele>
      </trkpt>
      <trkpt lat="41.34874817915261" lon="-7.721363855525851">
        <ele>588.2</ele>
      </trkpt>
      <trkpt lat="41.34859814308584" lon="-7.721463516354561">
        <ele>587.7</ele>
      </trkpt>
      <trkpt lat="41.34832992218435" lon="-7.721649762243033">
        <ele>586.3</ele>
      </trkpt>
      <trkpt lat="41.34783178567886" lon="-7.721982104703784">
        <ele>584.9</ele>
      </trkpt>
      <trkpt lat="41.347314454615116" lon="-7.722321068868041">
        <ele>585.5</ele>
      </trkpt>
      <trkpt lat="41.34725410491228" lon="-7.722358200699091">
        <ele>585.7</ele>
      </trkpt>
      <trkpt lat="41.34682193398476" lon="-7.722608987241983">
        <ele>585.6</ele>
      </trkpt>
      <trkpt lat="41.346414405852556" lon="-7.722668582573533">
        <ele>585</ele>
      </trkpt>
      <trkpt lat="41.34620443917811" lon="-7.72267771884799">
        <ele>584.5</ele>
      </trkpt>
      <trkpt lat="41.34565274231136" lon="-7.722693141549826">
        <ele>584.5</ele>
      </trkpt>
      <trkpt lat="41.34531369432807" lon="-7.722698673605919">
        <ele>584.9</ele>
      </trkpt>
      <trkpt lat="41.344727547839284" lon="-7.722719041630626">
        <ele>584.1</ele>
      </trkpt>
      <trkpt lat="41.34432915598154" lon="-7.722734296694398">
        <ele>581.6</ele>
      </trkpt>
      <trkpt lat="41.3437735196203" lon="-7.722749635577202">
        <ele>580.2</ele>
      </trkpt>
      <trkpt lat="41.34354008361697" lon="-7.722760699689388">
        <ele>579.8</ele>
      </trkpt>
      <trkpt lat="41.3434624671936" lon="-7.722763884812594">
        <ele>579.4</ele>
      </trkpt>
      <trkpt lat="41.34313213638961" lon="-7.722770925611258">
        <ele>577.2</ele>
      </trkpt>
      <trkpt lat="41.342701306566596" lon="-7.722780564799905">
        <ele>574.9</ele>
      </trkpt>
      <trkpt lat="41.342283971607685" lon="-7.72279255092144">
        <ele>574.2</ele>
      </trkpt>
      <trkpt lat="41.3417393155396" lon="-7.722870418801904">
        <ele>574.6</ele>
      </trkpt>
      <trkpt lat="41.34138115681708" lon="-7.722957842051983">
        <ele>575</ele>
      </trkpt>
      <trkpt lat="41.34131334722042" lon="-7.722991369664669">
        <ele>575.3</ele>
      </trkpt>
      <trkpt lat="41.341150403022766" lon="-7.723174346610904">
        <ele>576.2</ele>
      </trkpt>
      <trkpt lat="41.34110966697335" lon="-7.723251795396209">
        <ele>576.5</ele>
      </trkpt>
      <trkpt lat="41.340800039470196" lon="-7.723897034302354">
        <ele>575.3</ele>
      </trkpt>
      <trkpt lat="41.34071823209524" lon="-7.724065845832229">
        <ele>574.5</ele>
      </trkpt>
      <trkpt lat="41.340460907667875" lon="-7.724593821913004">
        <ele>572.8</ele>
      </trkpt>
      <trkpt lat="41.340237529948354" lon="-7.725055329501629">
        <ele>569.2</ele>
      </trkpt>
      <trkpt lat="41.34009914472699" lon="-7.725345762446523">
        <ele>567.2</ele>
      </trkpt>
      <trkpt lat="41.33980485610664" lon="-7.725955629721284">
        <ele>562.7</ele>
      </trkpt>
      <trkpt lat="41.33969974704087" lon="-7.726163165643811">
        <ele>562.2</ele>
      </trkpt>
      <trkpt lat="41.33964853361249" lon="-7.72627062164247">
        <ele>561.9</ele>
      </trkpt>
      <trkpt lat="41.33948936127126" lon="-7.726597432047129">
        <ele>560.5</ele>
      </trkpt>
      <trkpt lat="41.339330691844225" lon="-7.726928601041436">
        <ele>559.3</ele>
      </trkpt>
      <trkpt lat="41.33908225223422" lon="-7.727334536612034">
        <ele>556.2</ele>
      </trkpt>
      <trkpt lat="41.338727781549096" lon="-7.727564200758934">
        <ele>553.1</ele>
      </trkpt>
      <trkpt lat="41.33852711878717" lon="-7.727590268477798">
        <ele>552.4</ele>
      </trkpt>
      <trkpt lat="41.33832192979753" lon="-7.727589597925544">
        <ele>551.4</ele>
      </trkpt>
      <trkpt lat="41.338116489350796" lon="-7.727568056434393">
        <ele>550.1</ele>
      </trkpt>
      <trkpt lat="41.3374996650964" lon="-7.727454481646419">
        <ele>547.1</ele>
      </trkpt>
      <trkpt lat="41.33731191046536" lon="-7.727336212992668">
        <ele>546.7</ele>
      </trkpt>
      <trkpt lat="41.33677555248141" lon="-7.72714477032423">
        <ele>545</ele>
      </trkpt>
      <trkpt lat="41.3365622330457" lon="-7.727395221590996">
        <ele>542.7</ele>
      </trkpt>
      <trkpt lat="41.33643038570881" lon="-7.727562021464109">
        <ele>542.4</ele>
      </trkpt>
      <trkpt lat="41.33627942763269" lon="-7.727684983983636">
        <ele>542.9</ele>
      </trkpt>
      <trkpt lat="41.33601606823504" lon="-7.727755643427372">
        <ele>543</ele>
      </trkpt>
      <trkpt lat="41.33582898415625" lon="-7.727754637598991">
        <ele>542.4</ele>
      </trkpt>
      <trkpt lat="41.33543855510652" lon="-7.727730749174953">
        <ele>538.1</ele>
      </trkpt>
      <trkpt lat="41.33513739332557" lon="-7.727747596800327">
        <ele>536.3</ele>
      </trkpt>
      <trkpt lat="41.334873447194695" lon="-7.727941554039717">
        <ele>534.9</ele>
      </trkpt>
      <trkpt lat="41.33474310860038" lon="-7.728146240115166">
        <ele>532.4</ele>
      </trkpt>
      <trkpt lat="41.33455200120807" lon="-7.728460980579257">
        <ele>528.3</ele>
      </trkpt>
      <trkpt lat="41.33434019051492" lon="-7.728753760457039">
        <ele>527</ele>
      </trkpt>
      <trkpt lat="41.33425544947386" lon="-7.728831125423312">
        <ele>527.1</ele>
      </trkpt>
      <trkpt lat="41.33368715643883" lon="-7.729201102629304">
        <ele>525</ele>
      </trkpt>
      <trkpt lat="41.333590261638165" lon="-7.729261536151171">
        <ele>524.4</ele>
      </trkpt>
      <trkpt lat="41.33329312317073" lon="-7.729419199749827">
        <ele>523.2</ele>
      </trkpt>
      <trkpt lat="41.33308432996273" lon="-7.729476448148489">
        <ele>522</ele>
      </trkpt>
      <trkpt lat="41.332553923130035" lon="-7.729584407061338">
        <ele>518.5</ele>
      </trkpt>
      <trkpt lat="41.33212644606829" lon="-7.729678032919765">
        <ele>518.3</ele>
      </trkpt>
      <trkpt lat="41.33149235509336" lon="-7.729809544980526">
        <ele>517.8</ele>
      </trkpt>
      <trkpt lat="41.331095388159156" lon="-7.729878108948469">
        <ele>513.1</ele>
      </trkpt>
      <trkpt lat="41.330918446183205" lon="-7.729830918833613">
        <ele>512</ele>
      </trkpt>
      <trkpt lat="41.33067260496318" lon="-7.729509472846985">
        <ele>513.2</ele>
      </trkpt>
      <trkpt lat="41.330623822286725" lon="-7.729414505884051">
        <ele>513.7</ele>
      </trkpt>
      <trkpt lat="41.33045802824199" lon="-7.729152487590909">
        <ele>513.8</ele>
      </trkpt>
      <trkpt lat="41.33021755144" lon="-7.729075960814953">
        <ele>512.6</ele>
      </trkpt>
      <trkpt lat="41.33005578070879" lon="-7.729115523397923">
        <ele>512.1</ele>
      </trkpt>
      <trkpt lat="41.32997824810445" lon="-7.72914620116353">
        <ele>512.2</ele>
      </trkpt>
      <trkpt lat="41.32979770191014" lon="-7.729337811470032">
        <ele>511.6</ele>
      </trkpt>
      <trkpt lat="41.329728215932846" lon="-7.729516932740808">
        <ele>511.5</ele>
      </trkpt>
      <trkpt lat="41.32963802665472" lon="-7.729788841679692">
        <ele>512</ele>
      </trkpt>
      <trkpt lat="41.32960760034621" lon="-7.729877270758152">
        <ele>512</ele>
      </trkpt>
      <trkpt lat="41.32947080768645" lon="-7.73020843975246">
        <ele>511.8</ele>
      </trkpt>
      <trkpt lat="41.32930526509881" lon="-7.730382950976491">
        <ele>510.9</ele>
      </trkpt>
      <trkpt lat="41.328746946528554" lon="-7.730170218273997">
        <ele>507.2</ele>
      </trkpt>
      <trkpt lat="41.32866664789617" lon="-7.729972572997212">
        <ele>506.6</ele>
      </trkpt>
      <trkpt lat="41.32863429374993" lon="-7.729864362627268">
        <ele>506.3</ele>
      </trkpt>
      <trkpt lat="41.32855273783207" lon="-7.729518273845315">
        <ele>505.3</ele>
      </trkpt>
      <trkpt lat="41.328452322632074" lon="-7.728908155113459">
        <ele>500.5</ele>
      </trkpt>
      <trkpt lat="41.32848970592022" lon="-7.728157388046384">
        <ele>500.5</ele>
      </trkpt>
      <trkpt lat="41.32827412337065" lon="-7.72764072753489">
        <ele>502</ele>
      </trkpt>
      <trkpt lat="41.32784371264279" lon="-7.727550370618701">
        <ele>496.4</ele>
      </trkpt>
      <trkpt lat="41.327673476189375" lon="-7.727614743635058">
        <ele>494.2</ele>
      </trkpt>
      <trkpt lat="41.32750374265015" lon="-7.727662520483136">
        <ele>493.7</ele>
      </trkpt>
      <trkpt lat="41.32741623558104" lon="-7.727673416957259">
        <ele>493.9</ele>
      </trkpt>
      <trkpt lat="41.326792538166046" lon="-7.72765145637095">
        <ele>495.2</ele>
      </trkpt>
      <trkpt lat="41.32634595036507" lon="-7.727667381986976">
        <ele>492.3</ele>
      </trkpt>
      <trkpt lat="41.32604353129864" lon="-7.727872151881456">
        <ele>492.5</ele>
      </trkpt>
      <trkpt lat="41.32591277360916" lon="-7.727998970076442">
        <ele>492.7</ele>
      </trkpt>
      <trkpt lat="41.32547180168331" lon="-7.728405995294452">
        <ele>493.3</ele>
      </trkpt>
      <trkpt lat="41.32506645284593" lon="-7.728784270584583">
        <ele>493.4</ele>
      </trkpt>
      <trkpt lat="41.32460670545697" lon="-7.729142429307103">
        <ele>493.3</ele>
      </trkpt>
      <trkpt lat="41.324306298047304" lon="-7.729287017136812">
        <ele>495</ele>
      </trkpt>
      <trkpt lat="41.324014607816935" lon="-7.729418780654669">
        <ele>496.7</ele>
      </trkpt>
      <trkpt lat="41.323788883164525" lon="-7.729530846700072">
        <ele>496.8</ele>
      </trkpt>
      <trkpt lat="41.32367564365268" lon="-7.729586167261004">
        <ele>496.8</ele>
      </trkpt>
      <trkpt lat="41.32328328676522" lon="-7.72987718693912">
        <ele>496.8</ele>
      </trkpt>
      <trkpt lat="41.3229354377836" lon="-7.730188071727753">
        <ele>496.3</ele>
      </trkpt>
      <trkpt lat="41.32287693209946" lon="-7.730240039527416">
        <ele>496.2</ele>
      </trkpt>
      <trkpt lat="41.32265632040799" lon="-7.730450760573149">
        <ele>495.7</ele>
      </trkpt>
      <trkpt lat="41.322389440611005" lon="-7.730696517974138">
        <ele>494.4</ele>
      </trkpt>
      <trkpt lat="41.32191519252956" lon="-7.731128353625536">
        <ele>492.6</ele>
      </trkpt>
      <trkpt lat="41.321864146739244" lon="-7.731175795197487">
        <ele>492.6</ele>
      </trkpt>
      <trkpt lat="41.32161386311054" lon="-7.731422055512667">
        <ele>491.4</ele>
      </trkpt>
      <trkpt lat="41.32145636714995" lon="-7.731566978618503">
        <ele>490.6</ele>
      </trkpt>
      <trkpt lat="41.32130037993193" lon="-7.731716679409146">
        <ele>490</ele>
      </trkpt>
      <trkpt lat="41.32112620398402" lon="-7.731841569766402">
        <ele>489.2</ele>
      </trkpt>
      <trkpt lat="41.32072068750858" lon="-7.731956234201789">
        <ele>486.2</ele>
      </trkpt>
      <trkpt lat="41.32016153074801" lon="-7.732085902243853">
        <ele>484</ele>
      </trkpt>
      <trkpt lat="41.32009078748524" lon="-7.732101576402783">
        <ele>483.9</ele>
      </trkpt>
      <trkpt lat="41.31965400651097" lon="-7.732199812307954">
        <ele>484</ele>
      </trkpt>
      <trkpt lat="41.31935594603419" lon="-7.7322699688375">
        <ele>484.1</ele>
      </trkpt>
      <trkpt lat="41.31905126385391" lon="-7.732339287176728">
        <ele>483.3</ele>
      </trkpt>
      <trkpt lat="41.31874549202621" lon="-7.73241170682013">
        <ele>482.4</ele>
      </trkpt>
      <trkpt lat="41.3183540571481" lon="-7.732504829764366">
        <ele>481.2</ele>
      </trkpt>
      <trkpt lat="41.31827283650637" lon="-7.732524275779724">
        <ele>480.8</ele>
      </trkpt>
      <trkpt lat="41.31776321679354" lon="-7.732643634080887">
        <ele>479.1</ele>
      </trkpt>
      <trkpt lat="41.31730757653713" lon="-7.732658972963691">
        <ele>478.9</ele>
      </trkpt>
      <trkpt lat="41.3167427200824" lon="-7.732642292976379">
        <ele>472.9</ele>
      </trkpt>
      <trkpt lat="41.316388081759214" lon="-7.732635587453842">
        <ele>472.3</ele>
      </trkpt>
      <trkpt lat="41.31622580811381" lon="-7.732643550261855">
        <ele>472.5</ele>
      </trkpt>
      <trkpt lat="41.31567100994289" lon="-7.732780510559678">
        <ele>471.2</ele>
      </trkpt>
      <trkpt lat="41.31514873355627" lon="-7.733024088665843">
        <ele>467.4</ele>
      </trkpt>
      <trkpt lat="41.31466794759035" lon="-7.733303206041455">
        <ele>464.4</ele>
      </trkpt>
      <trkpt lat="41.31460399366915" lon="-7.733364896848798">
        <ele>464.2</ele>
      </trkpt>
      <trkpt lat="41.31447499617934" lon="-7.733490122482181">
        <ele>463.6</ele>
      </trkpt>
      <trkpt lat="41.314104264602065" lon="-7.733579641208053">
        <ele>461.8</ele>
      </trkpt>
      <trkpt lat="41.31395992822945" lon="-7.733594058081508">
        <ele>461.7</ele>
      </trkpt>
      <trkpt lat="41.313690869137645" lon="-7.733703190460801">
        <ele>461.7</ele>
      </trkpt>
      <trkpt lat="41.31314369849861" lon="-7.733931848779321">
        <ele>459.8</ele>
      </trkpt>
      <trkpt lat="41.313072787597775" lon="-7.733963783830404">
        <ele>459.2</ele>
      </trkpt>
      <trkpt lat="41.312558306381106" lon="-7.734185820445418">
        <ele>455.4</ele>
      </trkpt>
      <trkpt lat="41.31227298639715" lon="-7.734304592013359">
        <ele>454.3</ele>
      </trkpt>
      <trkpt lat="41.31178826093674" lon="-7.734496705234051">
        <ele>453.6</ele>
      </trkpt>
      <trkpt lat="41.311448039487004" lon="-7.734630731865764">
        <ele>454.4</ele>
      </trkpt>
      <trkpt lat="41.31103447638452" lon="-7.734793089330196">
        <ele>455.1</ele>
      </trkpt>
      <trkpt lat="41.31070112809539" lon="-7.73492569103837">
        <ele>454.2</ele>
      </trkpt>
      <trkpt lat="41.31031706929207" lon="-7.735077990218997">
        <ele>450.9</ele>
      </trkpt>
      <trkpt lat="41.30998774431646" lon="-7.735208077356219">
        <ele>450.4</ele>
      </trkpt>
      <trkpt lat="41.30977149121463" lon="-7.73535467684269">
        <ele>450.9</ele>
      </trkpt>
      <trkpt lat="41.309563452377915" lon="-7.735432544723153">
        <ele>450.1</ele>
      </trkpt>
      <trkpt lat="41.30952313542366" lon="-7.735424330458045">
        <ele>449.8</ele>
      </trkpt>
      <trkpt lat="41.309400759637356" lon="-7.735348474234343">
        <ele>448.6</ele>
      </trkpt>
      <trkpt lat="41.30923127755523" lon="-7.735230205580592">
        <ele>447.1</ele>
      </trkpt>
      <trkpt lat="41.30898334085941" lon="-7.735158875584602">
        <ele>445.9</ele>
      </trkpt>
      <trkpt lat="41.30892944522202" lon="-7.73516122251749">
        <ele>445.6</ele>
      </trkpt>
      <trkpt lat="41.308778738602996" lon="-7.735227691009641">
        <ele>444.8</ele>
      </trkpt>
      <trkpt lat="41.3087319675833" lon="-7.735262895002961">
        <ele>444.6</ele>
      </trkpt>
      <trkpt lat="41.308643287047744" lon="-7.735349899157882">
        <ele>444.3</ele>
      </trkpt>
      <trkpt lat="41.30856055766344" lon="-7.735452828928828">
        <ele>444.1</ele>
      </trkpt>
      <trkpt lat="41.30845150910318" lon="-7.735637230798602">
        <ele>444.4</ele>
      </trkpt>
      <trkpt lat="41.308385375887156" lon="-7.735767653211951">
        <ele>444.3</ele>
      </trkpt>
      <trkpt lat="41.308214385062456" lon="-7.736094379797578">
        <ele>443.8</ele>
      </trkpt>
      <trkpt lat="41.30810743197799" lon="-7.736303927376866">
        <ele>443.2</ele>
      </trkpt>
      <trkpt lat="41.30781582556665" lon="-7.736913543194532">
        <ele>444.7</ele>
      </trkpt>
      <trkpt lat="41.30775002762675" lon="-7.737043043598533">
        <ele>445.2</ele>
      </trkpt>
      <trkpt lat="41.307594291865826" lon="-7.73735661059618">
        <ele>445.7</ele>
      </trkpt>
      <trkpt lat="41.30750393494964" lon="-7.737614689394832">
        <ele>445.1</ele>
      </trkpt>
      <trkpt lat="41.3073539827019" lon="-7.737851981073618">
        <ele>444.1</ele>
      </trkpt>
      <trkpt lat="41.30724887363613" lon="-7.73806462995708">
        <ele>443.2</ele>
      </trkpt>
      <trkpt lat="41.30703706294298" lon="-7.738528065383434">
        <ele>444.8</ele>
      </trkpt>
      <trkpt lat="41.306907311081886" lon="-7.738842386752367">
        <ele>446.5</ele>
      </trkpt>
      <trkpt lat="41.30668368190527" lon="-7.739295177161694">
        <ele>448.1</ele>
      </trkpt>
      <trkpt lat="41.30664118565619" lon="-7.739365920424461">
        <ele>448.6</ele>
      </trkpt>
      <trkpt lat="41.30618546158075" lon="-7.739889035001397">
        <ele>451.6</ele>
      </trkpt>
      <trkpt lat="41.3061277102679" lon="-7.739931782707572">
        <ele>451.2</ele>
      </trkpt>
      <trkpt lat="41.30575270392001" lon="-7.740146275609732">
        <ele>448.3</ele>
      </trkpt>
      <trkpt lat="41.30549915134907" lon="-7.740220623090863">
        <ele>447.1</ele>
      </trkpt>
      <trkpt lat="41.305126240476966" lon="-7.740308130159974">
        <ele>448.5</ele>
      </trkpt>
      <trkpt lat="41.30454629659653" lon="-7.740459758788347">
        <ele>450.8</ele>
      </trkpt>
      <trkpt lat="41.30435300990939" lon="-7.740507367998362">
        <ele>450.3</ele>
      </trkpt>
      <trkpt lat="41.303784884512424" lon="-7.740655895322561">
        <ele>447.8</ele>
      </trkpt>
      <trkpt lat="41.303722355514765" lon="-7.740666456520557">
        <ele>447.5</ele>
      </trkpt>
      <trkpt lat="41.30366141907871" lon="-7.740679699927568">
        <ele>447.3</ele>
      </trkpt>
      <trkpt lat="41.30323838442564" lon="-7.740797465667129">
        <ele>444.5</ele>
      </trkpt>
      <trkpt lat="41.30267252214253" lon="-7.74094314314425">
        <ele>441.2</ele>
      </trkpt>
      <trkpt lat="41.30260957404971" lon="-7.740954793989658">
        <ele>440.9</ele>
      </trkpt>
      <trkpt lat="41.30204798653722" lon="-7.740948088467121">
        <ele>440.6</ele>
      </trkpt>
      <trkpt lat="41.301578683778644" lon="-7.740862173959613">
        <ele>438.6</ele>
      </trkpt>
      <trkpt lat="41.30152269266546" lon="-7.740858905017376">
        <ele>439.1</ele>
      </trkpt>
      <trkpt lat="41.3012978900224" lon="-7.740922942757607">
        <ele>442.4</ele>
      </trkpt>
      <trkpt lat="41.30114885978401" lon="-7.740995530039072">
        <ele>444.8</ele>
      </trkpt>
      <trkpt lat="41.30105573683977" lon="-7.741035260260105">
        <ele>445.6</ele>
      </trkpt>
      <trkpt lat="41.3008589297533" lon="-7.740944651886821">
        <ele>444.2</ele>
      </trkpt>
      <trkpt lat="41.30065499804914" lon="-7.740898048505187">
        <ele>442.7</ele>
      </trkpt>
      <trkpt lat="41.30030849017203" lon="-7.740971390157938">
        <ele>440.1</ele>
      </trkpt>
      <trkpt lat="41.29999785684049" lon="-7.741042133420706">
        <ele>437.9</ele>
      </trkpt>
      <trkpt lat="41.29946024157107" lon="-7.741148918867111">
        <ele>438.6</ele>
      </trkpt>
      <trkpt lat="41.29927600733936" lon="-7.741178506985307">
        <ele>437.7</ele>
      </trkpt>
      <trkpt lat="41.29874736070633" lon="-7.741299960762262">
        <ele>434.5</ele>
      </trkpt>
      <trkpt lat="41.29836053587496" lon="-7.741446727886796">
        <ele>434</ele>
      </trkpt>
      <trkpt lat="41.2983275949955" lon="-7.741459049284458">
        <ele>434.1</ele>
      </trkpt>
      <trkpt lat="41.29823329858482" lon="-7.741490313783288">
        <ele>434</ele>
      </trkpt>
      <trkpt lat="41.298199854791164" lon="-7.741508837789297">
        <ele>433.7</ele>
      </trkpt>
      <trkpt lat="41.298098769038916" lon="-7.74156759493053">
        <ele>432.9</ele>
      </trkpt>
      <trkpt lat="41.29798804409802" lon="-7.741703968495131">
        <ele>432.3</ele>
      </trkpt>
      <trkpt lat="41.29791755229235" lon="-7.741849897429347">
        <ele>431.8</ele>
      </trkpt>
      <trkpt lat="41.29787572659552" lon="-7.741962801665068">
        <ele>430.8</ele>
      </trkpt>
      <trkpt lat="41.29775729030371" lon="-7.742294054478407">
        <ele>427</ele>
      </trkpt>
      <trkpt lat="41.29766031168401" lon="-7.742587169632316">
        <ele>424.5</ele>
      </trkpt>
      <trkpt lat="41.297512287274" lon="-7.743039205670357">
        <ele>425</ele>
      </trkpt>
      <trkpt lat="41.29739728756249" lon="-7.743329638615251">
        <ele>426.9</ele>
      </trkpt>
      <trkpt lat="41.29736149683595" lon="-7.743394346907735">
        <ele>427.4</ele>
      </trkpt>
      <trkpt lat="41.2972345110029" lon="-7.743568271398544">
        <ele>428</ele>
      </trkpt>
      <trkpt lat="41.29718849435449" lon="-7.743618478998542">
        <ele>428.2</ele>
      </trkpt>
      <trkpt lat="41.29709009081125" lon="-7.743708081543446">
        <ele>428.3</ele>
      </trkpt>
      <trkpt lat="41.297037452459335" lon="-7.74374688975513">
        <ele>428.1</ele>
      </trkpt>
      <trkpt lat="41.29654987715185" lon="-7.743907989934087">
        <ele>423.9</ele>
      </trkpt>
      <trkpt lat="41.296174954622984" lon="-7.743952665477991">
        <ele>422.9</ele>
      </trkpt>
      <trkpt lat="41.296132709831" lon="-7.743971524760127">
        <ele>423</ele>
      </trkpt>
      <trkpt lat="41.29601896740496" lon="-7.744065066799521">
        <ele>423.9</ele>
      </trkpt>
      <trkpt lat="41.295922826975584" lon="-7.744184425100684">
        <ele>425.1</ele>
      </trkpt>
      <trkpt lat="41.29580053500831" lon="-7.744367988780141">
        <ele>427.4</ele>
      </trkpt>
      <trkpt lat="41.295732306316495" lon="-7.744436133652926">
        <ele>428.1</ele>
      </trkpt>
      <trkpt lat="41.29567380063236" lon="-7.744500422850251">
        <ele>428.7</ele>
      </trkpt>
      <trkpt lat="41.29537691362202" lon="-7.744917506352067">
        <ele>430.7</ele>
      </trkpt>
      <trkpt lat="41.29539677873254" lon="-7.745638685300946">
        <ele>430.8</ele>
      </trkpt>
      <trkpt lat="41.29541672766209" lon="-7.745784446597099">
        <ele>429.1</ele>
      </trkpt>
      <trkpt lat="41.2954196613282" lon="-7.745905481278896">
        <ele>427.5</ele>
      </trkpt>
      <trkpt lat="41.29554136656225" lon="-7.746250983327627">
        <ele>425.4</ele>
      </trkpt>
      <trkpt lat="41.29556206986308" lon="-7.746331281960011">
        <ele>425.6</ele>
      </trkpt>
      <trkpt lat="41.295566176995635" lon="-7.746375957503915">
        <ele>425.8</ele>
      </trkpt>
      <trkpt lat="41.295570032671094" lon="-7.746471678838134">
        <ele>426.2</ele>
      </trkpt>
      <trkpt lat="41.29561588168144" lon="-7.746776025742292">
        <ele>427.2</ele>
      </trkpt>
      <trkpt lat="41.29573993384838" lon="-7.747037876397371">
        <ele>426.5</ele>
      </trkpt>
      <trkpt lat="41.29580522887409" lon="-7.747364519163966">
        <ele>423.8</ele>
      </trkpt>
      <trkpt lat="41.2958131916821" lon="-7.747441045939922">
        <ele>423.4</ele>
      </trkpt>
      <trkpt lat="41.29582735709846" lon="-7.747601559385657">
        <ele>422.4</ele>
      </trkpt>
      <trkpt lat="41.29584738984704" lon="-7.747770622372627">
        <ele>421.7</ele>
      </trkpt>
      <trkpt lat="41.29616975784302" lon="-7.748178904876113">
        <ele>420.5</ele>
      </trkpt>
      <trkpt lat="41.296636797487736" lon="-7.748244116082788">
        <ele>420.9</ele>
      </trkpt>
      <trkpt lat="41.297105848789215" lon="-7.748365150764585">
        <ele>418.4</ele>
      </trkpt>
      <trkpt lat="41.29736937582493" lon="-7.748640412464738">
        <ele>421.3</ele>
      </trkpt>
      <trkpt lat="41.29742654040456" lon="-7.748716352507472">
        <ele>422.4</ele>
      </trkpt>
      <trkpt lat="41.29758462309837" lon="-7.74891022592783">
        <ele>427.4</ele>
      </trkpt>
      <trkpt lat="41.297622844576836" lon="-7.748975185677409">
        <ele>428.8</ele>
      </trkpt>
      <trkpt lat="41.297531398013234" lon="-7.749487739056349">
        <ele>421.2</ele>
      </trkpt>
      <trkpt lat="41.297436095774174" lon="-7.749667782336474">
        <ele>414.2</ele>
      </trkpt>
      <trkpt lat="41.29738102667034" lon="-7.74975948035717">
        <ele>411.1</ele>
      </trkpt>
      <trkpt lat="41.29696922376752" lon="-7.750079669058323">
        <ele>404.6</ele>
      </trkpt>
      <trkpt lat="41.29677182994783" lon="-7.750186789780855">
        <ele>401.8</ele>
      </trkpt>
      <trkpt lat="41.296309316530824" lon="-7.750603789463639">
        <ele>395.4</ele>
      </trkpt>
      <trkpt lat="41.29601938650012" lon="-7.750872764736414">
        <ele>390.5</ele>
      </trkpt>
      <trkpt lat="41.295814951881766" lon="-7.751035541296005">
        <ele>385.8</ele>
      </trkpt>
      <trkpt lat="41.29536769352853" lon="-7.75128934532404">
        <ele>380.2</ele>
      </trkpt>
      <trkpt lat="41.29526543430984" lon="-7.751788822934032">
        <ele>376.9</ele>
      </trkpt>
      <trkpt lat="41.29537926055491" lon="-7.752336328849196">
        <ele>374.2</ele>
      </trkpt>
      <trkpt lat="41.295464504510164" lon="-7.752824742347002">
        <ele>375.3</ele>
      </trkpt>
      <trkpt lat="41.295361407101154" lon="-7.753303935751319">
        <ele>374.5</ele>
      </trkpt>
      <trkpt lat="41.295037530362606" lon="-7.754035089164972">
        <ele>371.7</ele>
      </trkpt>
      <trkpt lat="41.29479479044676" lon="-7.754652500152588">
        <ele>363.6</ele>
      </trkpt>
      <trkpt lat="41.29493057727814" lon="-7.755334954708815">
        <ele>361.4</ele>
      </trkpt>
      <trkpt lat="41.29499729722738" lon="-7.755427910014987">
        <ele>361.5</ele>
      </trkpt>
      <trkpt lat="41.295197708532214" lon="-7.755693448707461">
        <ele>361.2</ele>
      </trkpt>
      <trkpt lat="41.29528823308647" lon="-7.75587122887373">
        <ele>360.6</ele>
      </trkpt>
      <trkpt lat="41.29530097357929" lon="-7.756258053705096">
        <ele>356.2</ele>
      </trkpt>
      <trkpt lat="41.29524917341769" lon="-7.756723081693053">
        <ele>347.3</ele>
      </trkpt>
      <trkpt lat="41.29499520175159" lon="-7.757055591791868">
        <ele>336.4</ele>
      </trkpt>
      <trkpt lat="41.29466151818633" lon="-7.757305456325412">
        <ele>340.7</ele>
      </trkpt>
      <trkpt lat="41.29455934278667" lon="-7.757378546521068">
        <ele>344.8</ele>
      </trkpt>
      <trkpt lat="41.29423680715263" lon="-7.757350550964475">
        <ele>351.4</ele>
      </trkpt>
      <trkpt lat="41.29371260292828" lon="-7.75708794593811">
        <ele>357.8</ele>
      </trkpt>
      <trkpt lat="41.293580336496234" lon="-7.757021142169833">
        <ele>359.9</ele>
      </trkpt>
      <trkpt lat="41.29346391186118" lon="-7.757012257352471">
        <ele>362.2</ele>
      </trkpt>
      <trkpt lat="41.293443627655506" lon="-7.757021645084024">
        <ele>362.6</ele>
      </trkpt>
      <trkpt lat="41.29342175088823" lon="-7.756989123299718">
        <ele>362.7</ele>
      </trkpt>
      <trkpt lat="41.29341043531895" lon="-7.756985351443291">
        <ele>362.8</ele>
      </trkpt>
      <trkpt lat="41.2933833617717" lon="-7.756976718083024">
        <ele>363.1</ele>
      </trkpt>
      <trkpt lat="41.29323919303715" lon="-7.756905052810907">
        <ele>364.8</ele>
      </trkpt>
      <trkpt lat="41.293044816702604" lon="-7.756808074191213">
        <ele>366.6</ele>
      </trkpt>
      <trkpt lat="41.292859157547355" lon="-7.756708664819598">
        <ele>368.3</ele>
      </trkpt>
      <trkpt lat="41.29282185807824" lon="-7.756689637899399">
        <ele>368.7</ele>
      </trkpt>
      <trkpt lat="41.29268146120012" lon="-7.756628533825278">
        <ele>370</ele>
      </trkpt>
      <trkpt lat="41.29223152063787" lon="-7.756626019254327">
        <ele>374.1</ele>
      </trkpt>
      <trkpt lat="41.29197729751468" lon="-7.756720818579197">
        <ele>377.8</ele>
      </trkpt>
      <trkpt lat="41.29161821678281" lon="-7.756885187700391">
        <ele>380.6</ele>
      </trkpt>
      <trkpt lat="41.29139467142522" lon="-7.756976550444961">
        <ele>381.5</ele>
      </trkpt>
      <trkpt lat="41.2909416295588" lon="-7.757190624251962">
        <ele>383.3</ele>
      </trkpt>
      <trkpt lat="41.29067131318152" lon="-7.757317777723074">
        <ele>384.8</ele>
      </trkpt>
      <trkpt lat="41.29063761793077" lon="-7.757332948967814">
        <ele>385.2</ele>
      </trkpt>
      <trkpt lat="41.29047241061926" lon="-7.757396986708045">
        <ele>386.4</ele>
      </trkpt>
      <trkpt lat="41.29018616862595" lon="-7.757519613951445">
        <ele>388.2</ele>
      </trkpt>
      <trkpt lat="41.28978073596954" lon="-7.757724300026894">
        <ele>390.7</ele>
      </trkpt>
      <trkpt lat="41.28968727774918" lon="-7.757751876488328">
        <ele>391.6</ele>
      </trkpt>
      <trkpt lat="41.28958367742598" lon="-7.757788421586156">
        <ele>391.1</ele>
      </trkpt>
      <trkpt lat="41.28922442905605" lon="-7.757832929491997">
        <ele>392.2</ele>
      </trkpt>
      <trkpt lat="41.289121583104134" lon="-7.757852207869291">
        <ele>394.1</ele>
      </trkpt>
      <trkpt lat="41.289015132933855" lon="-7.757902164012194">
        <ele>395.8</ele>
      </trkpt>
      <trkpt lat="41.28880818374455" lon="-7.758060414344072">
        <ele>396.8</ele>
      </trkpt>
      <trkpt lat="41.28831666894257" lon="-7.758424272760749">
        <ele>394.9</ele>
      </trkpt>
      <trkpt lat="41.28776262514293" lon="-7.758671455085278">
        <ele>393.2</ele>
      </trkpt>
      <trkpt lat="41.287700766697526" lon="-7.758695175871253">
        <ele>393.2</ele>
      </trkpt>
      <trkpt lat="41.2873859424144" lon="-7.758778827264905">
        <ele>393.2</ele>
      </trkpt>
      <trkpt lat="41.28706784918904" lon="-7.758839009329677">
        <ele>394.8</ele>
      </trkpt>
      <trkpt lat="41.286650178954005" lon="-7.758995499461889">
        <ele>397.8</ele>
      </trkpt>
      <trkpt lat="41.286245081573725" lon="-7.759223487228155">
        <ele>401.1</ele>
      </trkpt>
      <trkpt lat="41.285778963938355" lon="-7.7594905346632">
        <ele>402.3</ele>
      </trkpt>
      <trkpt lat="41.28526758402586" lon="-7.759720869362354">
        <ele>404.8</ele>
      </trkpt>
      <trkpt lat="41.285100197419524" lon="-7.759781554341316">
        <ele>407.9</ele>
      </trkpt>
      <trkpt lat="41.28491378389299" lon="-7.75996788404882">
        <ele>411.3</ele>
      </trkpt>
      <trkpt lat="41.284792833030224" lon="-7.760190926492214">
        <ele>415.1</ele>
      </trkpt>
      <trkpt lat="41.284529473632574" lon="-7.76018287986517">
        <ele>420.2</ele>
      </trkpt>
      <trkpt lat="41.28436787053943" lon="-7.760128481313586">
        <ele>421.6</ele>
      </trkpt>
      <trkpt lat="41.28432705067098" lon="-7.760108783841133">
        <ele>422</ele>
      </trkpt>
      <trkpt lat="41.28408741205931" lon="-7.760033011436462">
        <ele>424.5</ele>
      </trkpt>
      <trkpt lat="41.283909464254975" lon="-7.759886495769024">
        <ele>425.6</ele>
      </trkpt>
      <trkpt lat="41.28361894749105" lon="-7.759622046723962">
        <ele>426.2</ele>
      </trkpt>
      <trkpt lat="41.28331460058689" lon="-7.759521631523967">
        <ele>427.6</ele>
      </trkpt>
      <trkpt lat="41.28276717849076" lon="-7.759631937369704">
        <ele>432.1</ele>
      </trkpt>
      <trkpt lat="41.282664919272065" lon="-7.759656077250838">
        <ele>432.8</ele>
      </trkpt>
      <trkpt lat="41.282175751402974" lon="-7.759760515764356">
        <ele>433.5</ele>
      </trkpt>
      <trkpt lat="41.28169882111251" lon="-7.759865624830127">
        <ele>435.7</ele>
      </trkpt>
      <trkpt lat="41.28143143840134" lon="-7.759927734732628">
        <ele>437.7</ele>
      </trkpt>
      <trkpt lat="41.28108778037131" lon="-7.760010464116931">
        <ele>440.9</ele>
      </trkpt>
      <trkpt lat="41.28072325140238" lon="-7.760097803547978">
        <ele>442.3</ele>
      </trkpt>
      <trkpt lat="41.280175326392055" lon="-7.760215485468507">
        <ele>449.7</ele>
      </trkpt>
      <trkpt lat="41.27987835556269" lon="-7.760312631726265">
        <ele>451.5</ele>
      </trkpt>
      <trkpt lat="41.27975254319608" lon="-7.760643213987351">
        <ele>453.3</ele>
      </trkpt>
      <trkpt lat="41.279695043340325" lon="-7.760940939188004">
        <ele>456.1</ele>
      </trkpt>
      <trkpt lat="41.279487423598766" lon="-7.76161216199398">
        <ele>458.6</ele>
      </trkpt>
      <trkpt lat="41.27941475249827" lon="-7.761814668774605">
        <ele>458</ele>
      </trkpt>
      <trkpt lat="41.279317773878574" lon="-7.762165954336524">
        <ele>459.5</ele>
      </trkpt>
      <trkpt lat="41.27917402423918" lon="-7.7626490034163">
        <ele>465.7</ele>
      </trkpt>
      <trkpt lat="41.278975289314985" lon="-7.763044210150838">
        <ele>469.8</ele>
      </trkpt>
      <trkpt lat="41.27879071980715" lon="-7.763189049437642">
        <ele>468.9</ele>
      </trkpt>
      <trkpt lat="41.27873808145523" lon="-7.763213776051998">
        <ele>468.3</ele>
      </trkpt>
      <trkpt lat="41.27858217805624" lon="-7.763303043320775">
        <ele>466.2</ele>
      </trkpt>
      <trkpt lat="41.27835947088897" lon="-7.763641085475683">
        <ele>463.1</ele>
      </trkpt>
      <trkpt lat="41.278291242197156" lon="-7.764073424041271">
        <ele>467.1</ele>
      </trkpt>
      <trkpt lat="41.278285793960094" lon="-7.764224801212549">
        <ele>469.9</ele>
      </trkpt>
      <trkpt lat="41.27815034240484" lon="-7.764545660465956">
        <ele>474.4</ele>
      </trkpt>
      <trkpt lat="41.27792830578983" lon="-7.764665605500341">
        <ele>475</ele>
      </trkpt>
      <trkpt lat="41.2777157407254" lon="-7.764740204438567">
        <ele>475.3</ele>
      </trkpt>
      <trkpt lat="41.27740795724094" lon="-7.764844307675958">
        <ele>472.9</ele>
      </trkpt>
      <trkpt lat="41.27711911685765" lon="-7.76498269289732">
        <ele>471.1</ele>
      </trkpt>
      <trkpt lat="41.27707460895181" lon="-7.76501789689064">
        <ele>470.6</ele>
      </trkpt>
      <trkpt lat="41.27690336667001" lon="-7.765183690935373">
        <ele>468.8</ele>
      </trkpt>
      <trkpt lat="41.27662383019924" lon="-7.765454174950719">
        <ele>466.3</ele>
      </trkpt>
      <trkpt lat="41.27639609389007" lon="-7.765680067241192">
        <ele>469</ele>
      </trkpt>
      <trkpt lat="41.276094848290086" lon="-7.765963124111295">
        <ele>475</ele>
      </trkpt>
      <trkpt lat="41.27585319802165" lon="-7.766158254817128">
        <ele>476.2</ele>
      </trkpt>
      <trkpt lat="41.275775749236345" lon="-7.766226315870881">
        <ele>476</ele>
      </trkpt>
      <trkpt lat="41.27565974369645" lon="-7.76641339994967">
        <ele>476.6</ele>
      </trkpt>
      <trkpt lat="41.275558741763234" lon="-7.766844313591719">
        <ele>481.3</ele>
      </trkpt>
      <trkpt lat="41.27553015947342" lon="-7.766952021047473">
        <ele>482.5</ele>
      </trkpt>
      <trkpt lat="41.27549009397626" lon="-7.76704715564847">
        <ele>483.4</ele>
      </trkpt>
      <trkpt lat="41.27540552057326" lon="-7.767175482586026">
        <ele>484.3</ele>
      </trkpt>
      <trkpt lat="41.27528331242502" lon="-7.767335241660476">
        <ele>485.6</ele>
      </trkpt>
      <trkpt lat="41.27513729967177" lon="-7.767493408173323">
        <ele>485.9</ele>
      </trkpt>
      <trkpt lat="41.27505180425942" lon="-7.767555182799697">
        <ele>485.7</ele>
      </trkpt>
      <trkpt lat="41.27500503323972" lon="-7.767580077052116">
        <ele>485.5</ele>
      </trkpt>
      <trkpt lat="41.27480202354491" lon="-7.767636151984334">
        <ele>483.5</ele>
      </trkpt>
      <trkpt lat="41.27463974989951" lon="-7.767652999609709">
        <ele>481.3</ele>
      </trkpt>
      <trkpt lat="41.274527348577976" lon="-7.767696082592011">
        <ele>480.6</ele>
      </trkpt>
      <trkpt lat="41.274472614750266" lon="-7.767729442566633">
        <ele>480.4</ele>
      </trkpt>
      <trkpt lat="41.274247728288174" lon="-7.767894985154271">
        <ele>478.4</ele>
      </trkpt>
      <trkpt lat="41.27408570609987" lon="-7.768150717020035">
        <ele>477.6</ele>
      </trkpt>
      <trkpt lat="41.274044048041105" lon="-7.768305614590645">
        <ele>478.8</ele>
      </trkpt>
      <trkpt lat="41.27396802417934" lon="-7.768721273168922">
        <ele>483.3</ele>
      </trkpt>
      <trkpt lat="41.27394505776465" lon="-7.768805092200637">
        <ele>483.8</ele>
      </trkpt>
      <trkpt lat="41.273715645074844" lon="-7.76914288289845">
        <ele>481.4</ele>
      </trkpt>
      <trkpt lat="41.27365831285715" lon="-7.769193593412638">
        <ele>480.2</ele>
      </trkpt>
      <trkpt lat="41.27360600978136" lon="-7.769251428544521">
        <ele>479</ele>
      </trkpt>
      <trkpt lat="41.273471899330616" lon="-7.769676810130477">
        <ele>477.2</ele>
      </trkpt>
      <trkpt lat="41.273451279848814" lon="-7.769861966371536">
        <ele>478.3</ele>
      </trkpt>
      <trkpt lat="41.27343451604247" lon="-7.770138820633292">
        <ele>480.3</ele>
      </trkpt>
      <trkpt lat="41.2733019143343" lon="-7.770669311285019">
        <ele>473.2</ele>
      </trkpt>
      <trkpt lat="41.27347692847252" lon="-7.771268784999847">
        <ele>473.9</ele>
      </trkpt>
      <trkpt lat="41.27352277748287" lon="-7.771343048661947">
        <ele>475.2</ele>
      </trkpt>
      <trkpt lat="41.273646242916584" lon="-7.771573970094323">
        <ele>480.8</ele>
      </trkpt>
      <trkpt lat="41.273728888481855" lon="-7.772304536774755">
        <ele>484.8</ele>
      </trkpt>
      <trkpt lat="41.27373064868152" lon="-7.773092603310943">
        <ele>482.5</ele>
      </trkpt>
      <trkpt lat="41.273671640083194" lon="-7.773847561329603">
        <ele>485.5</ele>
      </trkpt>
      <trkpt lat="41.273471312597394" lon="-7.774582402780652">
        <ele>488.9</ele>
      </trkpt>
      <trkpt lat="41.27321717329323" lon="-7.775302324444056">
        <ele>481.2</ele>
      </trkpt>
      <trkpt lat="41.27319395542145" lon="-7.775398967787623">
        <ele>479.8</ele>
      </trkpt>
      <trkpt lat="41.273220693692565" lon="-7.775921998545528">
        <ele>482.6</ele>
      </trkpt>
      <trkpt lat="41.27322295680642" lon="-7.776031801477075">
        <ele>483.7</ele>
      </trkpt>
      <trkpt lat="41.273099994286895" lon="-7.776542259380221">
        <ele>487.2</ele>
      </trkpt>
      <trkpt lat="41.272917687892914" lon="-7.776777958497405">
        <ele>486.7</ele>
      </trkpt>
      <trkpt lat="41.27276496961713" lon="-7.776885414496064">
        <ele>482.7</ele>
      </trkpt>
      <trkpt lat="41.27261443063617" lon="-7.7770078741014">
        <ele>478.9</ele>
      </trkpt>
      <trkpt lat="41.27242047339678" lon="-7.777511458843947">
        <ele>483.5</ele>
      </trkpt>
      <trkpt lat="41.27238778397441" lon="-7.777615142986178">
        <ele>484.4</ele>
      </trkpt>
      <trkpt lat="41.2719202414155" lon="-7.778085200116038">
        <ele>490.6</ele>
      </trkpt>
      <trkpt lat="41.271760649979115" lon="-7.77813658118248">
        <ele>490.5</ele>
      </trkpt>
      <trkpt lat="41.271297382190824" lon="-7.778281671926379">
        <ele>480.7</ele>
      </trkpt>
      <trkpt lat="41.271029161289334" lon="-7.778642009943724">
        <ele>478.5</ele>
      </trkpt>
      <trkpt lat="41.27090544439852" lon="-7.778931017965078">
        <ele>480.2</ele>
      </trkpt>
      <trkpt lat="41.2707925401628" lon="-7.779110223054886">
        <ele>481.2</ele>
      </trkpt>
      <trkpt lat="41.27035508863628" lon="-7.779369475319982">
        <ele>478.4</ele>
      </trkpt>
      <trkpt lat="41.270149229094386" lon="-7.779424460604787">
        <ele>476.8</ele>
      </trkpt>
      <trkpt lat="41.26962116919458" lon="-7.779588578268886">
        <ele>465.8</ele>
      </trkpt>
      <trkpt lat="41.26919352449477" lon="-7.780030053108931">
        <ele>463.8</ele>
      </trkpt>
      <trkpt lat="41.269026305526495" lon="-7.780416458845139">
        <ele>463.5</ele>
      </trkpt>
      <trkpt lat="41.2688947096467" lon="-7.780681159347296">
        <ele>463.9</ele>
      </trkpt>
      <trkpt lat="41.26836723648012" lon="-7.781101008877158">
        <ele>466.6</ele>
      </trkpt>
      <trkpt lat="41.268130112439394" lon="-7.781180134043098">
        <ele>464.1</ele>
      </trkpt>
      <trkpt lat="41.267794501036406" lon="-7.781257666647434">
        <ele>454.2</ele>
      </trkpt>
      <trkpt lat="41.267698192968965" lon="-7.781290942803025">
        <ele>451.7</ele>
      </trkpt>
      <trkpt lat="41.267610769718885" lon="-7.781337210908532">
        <ele>449.7</ele>
      </trkpt>
      <trkpt lat="41.26721581444144" lon="-7.781913047656417">
        <ele>452.6</ele>
      </trkpt>
      <trkpt lat="41.26684776507318" lon="-7.781766448169947">
        <ele>452.3</ele>
      </trkpt>
      <trkpt lat="41.26680392771959" lon="-7.781692519783974">
        <ele>453.6</ele>
      </trkpt>
      <trkpt lat="41.26675304956734" lon="-7.781517673283815">
        <ele>455.3</ele>
      </trkpt>
      <trkpt lat="41.26672329381108" lon="-7.781343413516879">
        <ele>457</ele>
      </trkpt>
      <trkpt lat="41.26670711673796" lon="-7.781257750466466">
        <ele>457.7</ele>
      </trkpt>
      <trkpt lat="41.2666739244014" lon="-7.781080137938261">
        <ele>459.6</ele>
      </trkpt>
      <trkpt lat="41.26666747033596" lon="-7.780982991680503">
        <ele>459.1</ele>
      </trkpt>
      <trkpt lat="41.266675936058164" lon="-7.780780987814069">
        <ele>454.8</ele>
      </trkpt>
      <trkpt lat="41.26672354526818" lon="-7.780584935098887">
        <ele>447.6</ele>
      </trkpt>
      <trkpt lat="41.26681096851826" lon="-7.780431713908911">
        <ele>440.4</ele>
      </trkpt>
      <trkpt lat="41.26697617582977" lon="-7.780253682285547">
        <ele>439.4</ele>
      </trkpt>
      <trkpt lat="41.26703258603811" lon="-7.780205989256501">
        <ele>440.1</ele>
      </trkpt>
      <trkpt lat="41.26722604036331" lon="-7.780055114999414">
        <ele>441.7</ele>
      </trkpt>
      <trkpt lat="41.267352690920234" lon="-7.779952436685562">
        <ele>442.3</ele>
      </trkpt>
      <trkpt lat="41.26754564233124" lon="-7.779803154990077">
        <ele>438.9</ele>
      </trkpt>
      <trkpt lat="41.26766231842339" lon="-7.779698967933655">
        <ele>435.7</ele>
      </trkpt>
      <trkpt lat="41.26776457764208" lon="-7.779276352375746">
        <ele>438.4</ele>
      </trkpt>
      <trkpt lat="41.26768779940903" lon="-7.779031014069915">
        <ele>445.4</ele>
      </trkpt>
      <trkpt lat="41.26760037615895" lon="-7.778807636350393">
        <ele>451.1</ele>
      </trkpt>
      <trkpt lat="41.267505744472146" lon="-7.778599848970771">
        <ele>452.9</ele>
      </trkpt>
      <trkpt lat="41.26710441894829" lon="-7.778030214831233">
        <ele>460.3</ele>
      </trkpt>
      <trkpt lat="41.2670230306685" lon="-7.777738440781832">
        <ele>457.5</ele>
      </trkpt>
      <trkpt lat="41.26698941923678" lon="-7.777432668954134">
        <ele>451.7</ele>
      </trkpt>
      <trkpt lat="41.266893865540624" lon="-7.777189761400223">
        <ele>453.7</ele>
      </trkpt>
      <trkpt lat="41.2668692227453" lon="-7.777136536315084">
        <ele>455.2</ele>
      </trkpt>
      <trkpt lat="41.26679554581642" lon="-7.77685440145433">
        <ele>458.5</ele>
      </trkpt>
      <trkpt lat="41.26676185056567" lon="-7.776560867205262">
        <ele>459.8</ele>
      </trkpt>
      <trkpt lat="41.26674558967352" lon="-7.776443101465702">
        <ele>460.6</ele>
      </trkpt>
      <trkpt lat="41.26663461327553" lon="-7.776173623278737">
        <ele>464.8</ele>
      </trkpt>
      <trkpt lat="41.266402350738645" lon="-7.775889812037349">
        <ele>467.5</ele>
      </trkpt>
      <trkpt lat="41.266208812594414" lon="-7.775645647197962">
        <ele>467.8</ele>
      </trkpt>
      <trkpt lat="41.26589398831129" lon="-7.775385892018676">
        <ele>468.3</ele>
      </trkpt>
      <trkpt lat="41.26552845351398" lon="-7.775326045230031">
        <ele>469.2</ele>
      </trkpt>
      <trkpt lat="41.26533307135105" lon="-7.775309951975942">
        <ele>469</ele>
      </trkpt>
      <trkpt lat="41.26500525511801" lon="-7.775173243135214">
        <ele>467.6</ele>
      </trkpt>
      <trkpt lat="41.26475656405091" lon="-7.774970987811685">
        <ele>464.9</ele>
      </trkpt>
      <trkpt lat="41.264507034793496" lon="-7.774774180725217">
        <ele>464.1</ele>
      </trkpt>
      <trkpt lat="41.264143427833915" lon="-7.774444436654449">
        <ele>465.1</ele>
      </trkpt>
      <trkpt lat="41.26396531239152" lon="-7.774223992601037">
        <ele>464.4</ele>
      </trkpt>
      <trkpt lat="41.26370748504996" lon="-7.773917634040117">
        <ele>461.4</ele>
      </trkpt>
      <trkpt lat="41.26342652365565" lon="-7.773606749251485">
        <ele>457.1</ele>
      </trkpt>
      <trkpt lat="41.26325519755483" lon="-7.77351220138371">
        <ele>456.6</ele>
      </trkpt>
      <trkpt lat="41.26306199468672" lon="-7.77347557246685">
        <ele>457.8</ele>
      </trkpt>
      <trkpt lat="41.26275949180126" lon="-7.773442547768354">
        <ele>456.4</ele>
      </trkpt>
      <trkpt lat="41.262555392459035" lon="-7.773451432585716">
        <ele>453.6</ele>
      </trkpt>
      <trkpt lat="41.262119030579925" lon="-7.773962058126926">
        <ele>448.2</ele>
      </trkpt>
      <trkpt lat="41.261955918744206" lon="-7.774233967065811">
        <ele>448.8</ele>
      </trkpt>
      <trkpt lat="41.26138620078564" lon="-7.774314768612385">
        <ele>445.5</ele>
      </trkpt>
      <trkpt lat="41.2612846121192" lon="-7.77434578165412">
        <ele>445.2</ele>
      </trkpt>
      <trkpt lat="41.26118646003306" lon="-7.774373693391681">
        <ele>444.9</ele>
      </trkpt>
      <trkpt lat="41.26099996268749" lon="-7.774408478289843">
        <ele>444.6</ele>
      </trkpt>
      <trkpt lat="41.26063618808985" lon="-7.774054761976004">
        <ele>443.3</ele>
      </trkpt>
      <trkpt lat="41.260507525876164" lon="-7.7738615591079">
        <ele>439.4</ele>
      </trkpt>
      <trkpt lat="41.2603104673326" lon="-7.773617478087544">
        <ele>430.9</ele>
      </trkpt>
      <trkpt lat="41.26006353646517" lon="-7.773543382063508">
        <ele>428.5</ele>
      </trkpt>
      <trkpt lat="41.259774109348655" lon="-7.773769944906235">
        <ele>433.5</ele>
      </trkpt>
      <trkpt lat="41.259717950597405" lon="-7.773848315700889">
        <ele>435.3</ele>
      </trkpt>
      <trkpt lat="41.259601693600416" lon="-7.773985024541616">
        <ele>439</ele>
      </trkpt>
      <trkpt lat="41.25925267115235" lon="-7.77386792935431">
        <ele>436.3</ele>
      </trkpt>
      <trkpt lat="41.259089559316635" lon="-7.77363633736968">
        <ele>434.8</ele>
      </trkpt>
      <trkpt lat="41.25892351381481" lon="-7.773400051519275">
        <ele>435.6</ele>
      </trkpt>
      <trkpt lat="41.25887297093868" lon="-7.773315729573369">
        <ele>435.5</ele>
      </trkpt>
      <trkpt lat="41.25878328457475" lon="-7.773012053221464">
        <ele>431.4</ele>
      </trkpt>
      <trkpt lat="41.25877322629094" lon="-7.772901663556695">
        <ele>429.3</ele>
      </trkpt>
      <trkpt lat="41.25875612720847" lon="-7.772794710472226">
        <ele>427.6</ele>
      </trkpt>
      <trkpt lat="41.25858320854604" lon="-7.772456584498286">
        <ele>426.3</ele>
      </trkpt>
      <trkpt lat="41.258316580206156" lon="-7.77238248847425">
        <ele>432</ele>
      </trkpt>
      <trkpt lat="41.25818917527795" lon="-7.772351391613483">
        <ele>435.1</ele>
      </trkpt>
      <trkpt lat="41.25807392410934" lon="-7.772253071889281">
        <ele>436.7</ele>
      </trkpt>
      <trkpt lat="41.257978370413184" lon="-7.772130696102977">
        <ele>436.3</ele>
      </trkpt>
      <trkpt lat="41.25793822109699" lon="-7.772068837657571">
        <ele>435.8</ele>
      </trkpt>
      <trkpt lat="41.25786177814007" lon="-7.771938415244222">
        <ele>434.5</ele>
      </trkpt>
      <trkpt lat="41.257714089006186" lon="-7.771798353642225">
        <ele>434.4</ele>
      </trkpt>
      <trkpt lat="41.25765767879784" lon="-7.771771280094981">
        <ele>434.9</ele>
      </trkpt>
      <trkpt lat="41.25749599188566" lon="-7.771663153544068">
        <ele>435.7</ele>
      </trkpt>
      <trkpt lat="41.25734327360988" lon="-7.771509010344744">
        <ele>436.1</ele>
      </trkpt>
      <trkpt lat="41.25729440711439" lon="-7.771462658420205">
        <ele>436.5</ele>
      </trkpt>
      <trkpt lat="41.25694580376148" lon="-7.771269287914038">
        <ele>440.5</ele>
      </trkpt>
      <trkpt lat="41.25639854930341" lon="-7.770984387025237">
        <ele>439.2</ele>
      </trkpt>
      <trkpt lat="41.25633308663964" lon="-7.770965024828911">
        <ele>439</ele>
      </trkpt>
      <trkpt lat="41.25588431954384" lon="-7.771070972084999">
        <ele>436.2</ele>
      </trkpt>
      <trkpt lat="41.255473187193274" lon="-7.771308096125722">
        <ele>435.4</ele>
      </trkpt>
      <trkpt lat="41.25512173399329" lon="-7.771526779979467">
        <ele>433.8</ele>
      </trkpt>
      <trkpt lat="41.25483918003738" lon="-7.771672122180462">
        <ele>431.7</ele>
      </trkpt>
      <trkpt lat="41.254644049331546" lon="-7.771701291203499">
        <ele>427.8</ele>
      </trkpt>
      <trkpt lat="41.25447708182037" lon="-7.771722581237555">
        <ele>424.2</ele>
      </trkpt>
      <trkpt lat="41.25417868606746" lon="-7.772391121834517">
        <ele>425.6</ele>
      </trkpt>
      <trkpt lat="41.254040049389005" lon="-7.772502852603793">
        <ele>426.5</ele>
      </trkpt>
      <trkpt lat="41.25347645021975" lon="-7.772247372195125">
        <ele>420.5</ele>
      </trkpt>
      <trkpt lat="41.25333370640874" lon="-7.772115105763078">
        <ele>416.5</ele>
      </trkpt>
      <trkpt lat="41.25282995402813" lon="-7.771773459389806">
        <ele>409.6</ele>
      </trkpt>
      <trkpt lat="41.25276172533631" lon="-7.771739261224866">
        <ele>409.1</ele>
      </trkpt>
      <trkpt lat="41.25268930569291" lon="-7.771712690591812">
        <ele>408.4</ele>
      </trkpt>
      <trkpt lat="41.252533569931984" lon="-7.77166910469532">
        <ele>406.9</ele>
      </trkpt>
      <trkpt lat="41.252273144200444" lon="-7.771646473556757">
        <ele>402</ele>
      </trkpt>
      <trkpt lat="41.252182787284255" lon="-7.771640690043569">
        <ele>399.7</ele>
      </trkpt>
      <trkpt lat="41.2520042527467" lon="-7.771624512970448">
        <ele>395.4</ele>
      </trkpt>
      <trkpt lat="41.251736702397466" lon="-7.771504400297999">
        <ele>393</ele>
      </trkpt>
      <trkpt lat="41.25164953060448" lon="-7.771440194919705">
        <ele>393.2</ele>
      </trkpt>
      <trkpt lat="41.25156261026859" lon="-7.771373223513365">
        <ele>393.2</ele>
      </trkpt>
      <trkpt lat="41.25147418119013" lon="-7.771303653717041">
        <ele>392.7</ele>
      </trkpt>
      <trkpt lat="41.25138374045491" lon="-7.771237688139081">
        <ele>392.5</ele>
      </trkpt>
      <trkpt lat="41.251289024949074" lon="-7.771183960139751">
        <ele>392.1</ele>
      </trkpt>
      <trkpt lat="41.251190872862935" lon="-7.771147331222892">
        <ele>391.1</ele>
      </trkpt>
      <trkpt lat="41.250893231481314" lon="-7.771113133057952">
        <ele>386.7</ele>
      </trkpt>
      <trkpt lat="41.250603469088674" lon="-7.771102907136083">
        <ele>383.5</ele>
      </trkpt>
      <trkpt lat="41.25041806139052" lon="-7.771077426150441">
        <ele>382.9</ele>
      </trkpt>
      <trkpt lat="41.2500873953104" lon="-7.770878104493022">
        <ele>386.9</ele>
      </trkpt>
      <trkpt lat="41.25001212581992" lon="-7.770804176107049">
        <ele>388.1</ele>
      </trkpt>
      <trkpt lat="41.24985027126968" lon="-7.770679369568825">
        <ele>389</ele>
      </trkpt>
      <trkpt lat="41.24967433512211" lon="-7.770617511123419">
        <ele>387.2</ele>
      </trkpt>
      <trkpt lat="41.24950619414449" lon="-7.770582139492035">
        <ele>385.7</ele>
      </trkpt>
      <trkpt lat="41.24929564073682" lon="-7.770303944125772">
        <ele>384.7</ele>
      </trkpt>
      <trkpt lat="41.249275440350175" lon="-7.769973110407591">
        <ele>385.9</ele>
      </trkpt>
      <trkpt lat="41.24926839955151" lon="-7.769622914493084">
        <ele>385.5</ele>
      </trkpt>
      <trkpt lat="41.24924048781395" lon="-7.76889368891716">
        <ele>385.1</ele>
      </trkpt>
      <trkpt lat="41.24906907789409" lon="-7.768630161881447">
        <ele>380.6</ele>
      </trkpt>
      <trkpt lat="41.2489874381572" lon="-7.768572913482785">
        <ele>378</ele>
      </trkpt>
      <trkpt lat="41.2489063013345" lon="-7.768512396141887">
        <ele>376.2</ele>
      </trkpt>
      <trkpt lat="41.248682755976915" lon="-7.768292035907507">
        <ele>377</ele>
      </trkpt>
      <trkpt lat="41.24859910458326" lon="-7.768240487203002">
        <ele>378.1</ele>
      </trkpt>
      <trkpt lat="41.24809945933521" lon="-7.768521113321185">
        <ele>368.7</ele>
      </trkpt>
      <trkpt lat="41.24802393838763" lon="-7.768604513257742">
        <ele>365.7</ele>
      </trkpt>
      <trkpt lat="41.247872645035386" lon="-7.76874415576458">
        <ele>361.2</ele>
      </trkpt>
      <trkpt lat="41.24742756597698" lon="-7.768551288172603">
        <ele>362.3</ele>
      </trkpt>
      <trkpt lat="41.24694627709687" lon="-7.76820033788681">
        <ele>361.3</ele>
      </trkpt>
      <trkpt lat="41.24684577807784" lon="-7.768217688426375">
        <ele>359.4</ele>
      </trkpt>
      <trkpt lat="41.24663908034563" lon="-7.768234368413687">
        <ele>356.5</ele>
      </trkpt>
      <trkpt lat="41.24631796963513" lon="-7.768188267946243">
        <ele>358</ele>
      </trkpt>
      <trkpt lat="41.246209340170026" lon="-7.768193716183305">
        <ele>358.4</ele>
      </trkpt>
      <trkpt lat="41.245852103456855" lon="-7.768474677577615">
        <ele>353.1</ele>
      </trkpt>
      <trkpt lat="41.24577775597572" lon="-7.768559250980616">
        <ele>351.1</ele>
      </trkpt>
      <trkpt lat="41.24562327750027" lon="-7.768640890717506">
        <ele>346.4</ele>
      </trkpt>
      <trkpt lat="41.245379615575075" lon="-7.768236799165607">
        <ele>350.4</ele>
      </trkpt>
      <trkpt lat="41.24536075629294" lon="-7.768120458349586">
        <ele>353.4</ele>
      </trkpt>
      <trkpt lat="41.245313649997115" lon="-7.767886854708195">
        <ele>358.1</ele>
      </trkpt>
      <trkpt lat="41.24514835886657" lon="-7.767594242468476">
        <ele>356.9</ele>
      </trkpt>
      <trkpt lat="41.24497619457543" lon="-7.767503717914224">
        <ele>354.2</ele>
      </trkpt>
      <trkpt lat="41.24479145742953" lon="-7.767494330182672">
        <ele>351.4</ele>
      </trkpt>
      <trkpt lat="41.24469774775207" lon="-7.767514530569315">
        <ele>350.7</ele>
      </trkpt>
      <trkpt lat="41.24423171393573" lon="-7.767939744517207">
        <ele>346.8</ele>
      </trkpt>
      <trkpt lat="41.24417739920318" lon="-7.768045021221042">
        <ele>345.9</ele>
      </trkpt>
      <trkpt lat="41.244067093357444" lon="-7.768258592113853">
        <ele>344.5</ele>
      </trkpt>
      <trkpt lat="41.243734918534756" lon="-7.768935514613986">
        <ele>337.6</ele>
      </trkpt>
      <trkpt lat="41.24345219694078" lon="-7.769499281421304">
        <ele>335</ele>
      </trkpt>
      <trkpt lat="41.243396205827594" lon="-7.769611598923802">
        <ele>335.4</ele>
      </trkpt>
      <trkpt lat="41.243062103167176" lon="-7.770116943866015">
        <ele>334.1</ele>
      </trkpt>
      <trkpt lat="41.242601769044995" lon="-7.770675010979176">
        <ele>334.8</ele>
      </trkpt>
      <trkpt lat="41.242280658334494" lon="-7.771214721724391">
        <ele>327.1</ele>
      </trkpt>
      <trkpt lat="41.242086198180914" lon="-7.771544046700001">
        <ele>320.8</ele>
      </trkpt>
      <trkpt lat="41.24192023649812" lon="-7.771725850179792">
        <ele>319.4</ele>
      </trkpt>
      <trkpt lat="41.24143961817026" lon="-7.772051487118006">
        <ele>318.1</ele>
      </trkpt>
      <trkpt lat="41.24134951271117" lon="-7.772090043872595">
        <ele>317</ele>
      </trkpt>
      <trkpt lat="41.24117315746844" lon="-7.772101359441876">
        <ele>316.1</ele>
      </trkpt>
      <trkpt lat="41.24092027544975" lon="-7.771968757733703">
        <ele>316.7</ele>
      </trkpt>
      <trkpt lat="41.24083511531353" lon="-7.7719153650105">
        <ele>316.8</ele>
      </trkpt>
      <trkpt lat="41.240744506940246" lon="-7.771876389160752">
        <ele>317</ele>
      </trkpt>
      <trkpt lat="41.24037276953459" lon="-7.771947719156742">
        <ele>316.1</ele>
      </trkpt>
      <trkpt lat="41.240206556394696" lon="-7.77199842967093">
        <ele>315.6</ele>
      </trkpt>
      <trkpt lat="41.23994302935898" lon="-7.771881083026528">
        <ele>318.3</ele>
      </trkpt>
      <trkpt lat="41.24003606848419" lon="-7.771216565743089">
        <ele>315.6</ele>
      </trkpt>
      <trkpt lat="41.240357430651784" lon="-7.770838625729084">
        <ele>321.2</ele>
      </trkpt>
      <trkpt lat="41.2404983304441" lon="-7.770695965737104">
        <ele>323.8</ele>
      </trkpt>
      <trkpt lat="41.24061659909785" lon="-7.770277876406908">
        <ele>321.2</ele>
      </trkpt>
      <trkpt lat="41.240699999034405" lon="-7.769874455407262">
        <ele>316.1</ele>
      </trkpt>
      <trkpt lat="41.24097844585776" lon="-7.769481595605612">
        <ele>317.8</ele>
      </trkpt>
      <trkpt lat="41.24097626656294" lon="-7.769139362499118">
        <ele>314.8</ele>
      </trkpt>
      <trkpt lat="41.24094902537763" lon="-7.768908860161901">
        <ele>313.3</ele>
      </trkpt>
      <trkpt lat="41.24095153994858" lon="-7.768792267888784">
        <ele>312.3</ele>
      </trkpt>
      <trkpt lat="41.241132505238056" lon="-7.768379962071776">
        <ele>312.6</ele>
      </trkpt>
      <trkpt lat="41.24119964428246" lon="-7.768290778622031">
        <ele>312.9</ele>
      </trkpt>
      <trkpt lat="41.241398295387626" lon="-7.768044350668788">
        <ele>313.1</ele>
      </trkpt>
      <trkpt lat="41.241448083892465" lon="-7.767845867201686">
        <ele>310.2</ele>
      </trkpt>
      <trkpt lat="41.24107651412487" lon="-7.76738335378468">
        <ele>302.1</ele>
      </trkpt>
      <trkpt lat="41.240787925198674" lon="-7.767330883070827">
        <ele>296.6</ele>
      </trkpt>
      <trkpt lat="41.240685833618045" lon="-7.767326440662146">
        <ele>294.6</ele>
      </trkpt>
      <trkpt lat="41.24058307148516" lon="-7.767319567501545">
        <ele>292.7</ele>
      </trkpt>
      <trkpt lat="41.24016146175563" lon="-7.767288135364652">
        <ele>286.5</ele>
      </trkpt>
      <trkpt lat="41.23973968438804" lon="-7.767226779833436">
        <ele>282.6</ele>
      </trkpt>
      <trkpt lat="41.239576153457165" lon="-7.766890414059162">
        <ele>284.1</ele>
      </trkpt>
      <trkpt lat="41.239822497591376" lon="-7.766575338318944">
        <ele>287.8</ele>
      </trkpt>
      <trkpt lat="41.2401856854558" lon="-7.766342405229807">
        <ele>293.2</ele>
      </trkpt>
      <trkpt lat="41.240249052643776" lon="-7.766288761049509">
        <ele>293.8</ele>
      </trkpt>
      <trkpt lat="41.240140590816736" lon="-7.765786936506629">
        <ele>285.1</ele>
      </trkpt>
      <trkpt lat="41.240076469257474" lon="-7.765713008120656">
        <ele>282.7</ele>
      </trkpt>
      <trkpt lat="41.24002240598202" lon="-7.765631536021829">
        <ele>281.2</ele>
      </trkpt>
      <trkpt lat="41.239896174520254" lon="-7.765210764482617">
        <ele>280.7</ele>
      </trkpt>
      <trkpt lat="41.239877147600055" lon="-7.765091741457582">
        <ele>281.8</ele>
      </trkpt>
      <trkpt lat="41.23985091224313" lon="-7.764974981546402">
        <ele>282.3</ele>
      </trkpt>
      <trkpt lat="41.239675898104906" lon="-7.764682872220874">
        <ele>280.7</ele>
      </trkpt>
      <trkpt lat="41.23960088007152" lon="-7.764608357101679">
        <ele>279.9</ele>
      </trkpt>
      <trkpt lat="41.23944791033864" lon="-7.764484556391835">
        <ele>279.5</ele>
      </trkpt>
      <trkpt lat="41.23927339911461" lon="-7.76444910094142">
        <ele>278.5</ele>
      </trkpt>
      <trkpt lat="41.239015655592084" lon="-7.764570722356439">
        <ele>274.4</ele>
      </trkpt>
      <trkpt lat="41.23892605304718" lon="-7.764613050967455">
        <ele>272.2</ele>
      </trkpt>
      <trkpt lat="41.23883309774101" lon="-7.764643477275968">
        <ele>270.3</ele>
      </trkpt>
      <trkpt lat="41.2386419903487" lon="-7.764681614935398">
        <ele>266.3</ele>
      </trkpt>
      <trkpt lat="41.23836949467659" lon="-7.764606010168791">
        <ele>265</ele>
      </trkpt>
      <trkpt lat="41.23823270201683" lon="-7.764420015737414">
        <ele>268.8</ele>
      </trkpt>
      <trkpt lat="41.238165060058236" lon="-7.764327730983496">
        <ele>270.2</ele>
      </trkpt>
      <trkpt lat="41.23790295794606" lon="-7.764194877818227">
        <ele>269.1</ele>
      </trkpt>
      <trkpt lat="41.23770925216377" lon="-7.764242989942431">
        <ele>263.3</ele>
      </trkpt>
      <trkpt lat="41.23761210590601" lon="-7.764266207814217">
        <ele>260.3</ele>
      </trkpt>
      <trkpt lat="41.23741370625794" lon="-7.76424340903759">
        <ele>257.4</ele>
      </trkpt>
      <trkpt lat="41.23712285421789" lon="-7.76409974321723">
        <ele>256.8</ele>
      </trkpt>
      <trkpt lat="41.23692135326564" lon="-7.764018522575498">
        <ele>257.7</ele>
      </trkpt>
      <trkpt lat="41.2364796269685" lon="-7.76423997245729">
        <ele>251.4</ele>
      </trkpt>
      <trkpt lat="41.23640527948737" lon="-7.76430887170136">
        <ele>249.8</ele>
      </trkpt>
      <trkpt lat="41.23603974469006" lon="-7.764406017959118">
        <ele>249.4</ele>
      </trkpt>
      <trkpt lat="41.23593966476619" lon="-7.764408197253943">
        <ele>249.3</ele>
      </trkpt>
      <trkpt lat="41.235541608184576" lon="-7.764439461752772">
        <ele>245.6</ele>
      </trkpt>
      <trkpt lat="41.23524807393551" lon="-7.764373747631908">
        <ele>245.8</ele>
      </trkpt>
      <trkpt lat="41.234983038157225" lon="-7.764272913336754">
        <ele>243.6</ele>
      </trkpt>
      <trkpt lat="41.234908355399966" lon="-7.764231255277991">
        <ele>242.5</ele>
      </trkpt>
      <trkpt lat="41.23484247364104" lon="-7.764175515621901">
        <ele>242.1</ele>
      </trkpt>
      <trkpt lat="41.234746500849724" lon="-7.764006620272994">
        <ele>243.7</ele>
      </trkpt>
      <trkpt lat="41.23463183641434" lon="-7.763595236465335">
        <ele>250.3</ele>
      </trkpt>
      <trkpt lat="41.23436068184674" lon="-7.763368422165513">
        <ele>246.4</ele>
      </trkpt>
      <trkpt lat="41.23393286950886" lon="-7.76349532417953">
        <ele>238.1</ele>
      </trkpt>
      <trkpt lat="41.23371343128383" lon="-7.7637127507478">
        <ele>233.2</ele>
      </trkpt>
      <trkpt lat="41.2335389200598" lon="-7.76376941241324">
        <ele>233.4</ele>
      </trkpt>
      <trkpt lat="41.23336055316031" lon="-7.763717779889703">
        <ele>236.1</ele>
      </trkpt>
      <trkpt lat="41.23317405581474" lon="-7.763683833181858">
        <ele>236.7</ele>
      </trkpt>
      <trkpt lat="41.23298428952694" lon="-7.763720545917749">
        <ele>234.6</ele>
      </trkpt>
      <trkpt lat="41.23262336477637" lon="-7.763881897553802">
        <ele>231.7</ele>
      </trkpt>
      <trkpt lat="41.23249964788556" lon="-7.764064706861973">
        <ele>229.8</ele>
      </trkpt>
      <trkpt lat="41.232223212718964" lon="-7.764428230002523">
        <ele>224.5</ele>
      </trkpt>
      <trkpt lat="41.232138723134995" lon="-7.764497883617878">
        <ele>222.9</ele>
      </trkpt>
      <trkpt lat="41.2319104000926" lon="-7.764649344608188">
        <ele>218.4</ele>
      </trkpt>
      <trkpt lat="41.2317481264472" lon="-7.7646538708359">
        <ele>218.8</ele>
      </trkpt>
      <trkpt lat="41.23123263940215" lon="-7.764679435640574">
        <ele>226.1</ele>
      </trkpt>
      <trkpt lat="41.2310213316232" lon="-7.764873560518026">
        <ele>228.6</ele>
      </trkpt>
      <trkpt lat="41.23097791336477" lon="-7.765287542715669">
        <ele>224.2</ele>
      </trkpt>
      <trkpt lat="41.23100968077779" lon="-7.765389801934362">
        <ele>221.6</ele>
      </trkpt>
      <trkpt lat="41.23102501966059" lon="-7.765809651464224">
        <ele>212.1</ele>
      </trkpt>
      <trkpt lat="41.23079191893339" lon="-7.766155321151018">
        <ele>209</ele>
      </trkpt>
      <trkpt lat="41.23063400387764" lon="-7.766298232600093">
        <ele>207.8</ele>
      </trkpt>
      <trkpt lat="41.230463264510036" lon="-7.766425386071205">
        <ele>205</ele>
      </trkpt>
      <trkpt lat="41.23037030920386" lon="-7.766481293365359">
        <ele>203.4</ele>
      </trkpt>
      <trkpt lat="41.22996747493744" lon="-7.76662353426218">
        <ele>197.8</ele>
      </trkpt>
      <trkpt lat="41.229627253487706" lon="-7.766663767397404">
        <ele>195.1</ele>
      </trkpt>
      <trkpt lat="41.22955516912043" lon="-7.766638705506921">
        <ele>195.8</ele>
      </trkpt>
      <trkpt lat="41.22935442253947" lon="-7.766333352774382">
        <ele>203.1</ele>
      </trkpt>
      <trkpt lat="41.22932349331677" lon="-7.766232099384069">
        <ele>204.6</ele>
      </trkpt>
      <trkpt lat="41.2292096670717" lon="-7.765828929841518">
        <ele>209.2</ele>
      </trkpt>
      <trkpt lat="41.22895183973014" lon="-7.765707056969404">
        <ele>207.2</ele>
      </trkpt>
      <trkpt lat="41.228751512244344" lon="-7.766009559854865">
        <ele>203.6</ele>
      </trkpt>
      <trkpt lat="41.228717816993594" lon="-7.766111064702272">
        <ele>202.8</ele>
      </trkpt>
      <trkpt lat="41.22860901989043" lon="-7.766413316130638">
        <ele>199.7</ele>
      </trkpt>
      <trkpt lat="41.22844724915922" lon="-7.766833920031786">
        <ele>193.9</ele>
      </trkpt>
      <trkpt lat="41.228393940255046" lon="-7.766933916136622">
        <ele>192.8</ele>
      </trkpt>
      <trkpt lat="41.228329399600625" lon="-7.767022429034114">
        <ele>192.4</ele>
      </trkpt>
      <trkpt lat="41.22803343459964" lon="-7.767242537811399">
        <ele>195.7</ele>
      </trkpt>
      <trkpt lat="41.22796327807009" lon="-7.767290147021413">
        <ele>195.7</ele>
      </trkpt>
      <trkpt lat="41.227868143469095" lon="-7.767456024885178">
        <ele>194.7</ele>
      </trkpt>
      <trkpt lat="41.22778533026576" lon="-7.767649814486504">
        <ele>193.5</ele>
      </trkpt>
      <trkpt lat="41.22773629613221" lon="-7.767743356525898">
        <ele>192.8</ele>
      </trkpt>
      <trkpt lat="41.2276176083833" lon="-7.767907725647092">
        <ele>191.6</ele>
      </trkpt>
      <trkpt lat="41.22749229893088" lon="-7.768038399517536">
        <ele>190.3</ele>
      </trkpt>
      <trkpt lat="41.22725383378565" lon="-7.768129510805011">
        <ele>190.1</ele>
      </trkpt>
      <trkpt lat="41.22717487625778" lon="-7.768168486654759">
        <ele>189.9</ele>
      </trkpt>
      <trkpt lat="41.22703959234059" lon="-7.768434192985296">
        <ele>189.2</ele>
      </trkpt>
      <trkpt lat="41.22713338583708" lon="-7.76874708943069">
        <ele>187.8</ele>
      </trkpt>
      <trkpt lat="41.227277889847755" lon="-7.769043892621994">
        <ele>184.3</ele>
      </trkpt>
      <trkpt lat="41.22735391370952" lon="-7.769255870953202">
        <ele>181.8</ele>
      </trkpt>
      <trkpt lat="41.22740227729082" lon="-7.769478159025312">
        <ele>178.3</ele>
      </trkpt>
      <trkpt lat="41.22742868028581" lon="-7.769694160670042">
        <ele>174.1</ele>
      </trkpt>
      <trkpt lat="41.22740412130952" lon="-7.769902953878045">
        <ele>171</ele>
      </trkpt>
      <trkpt lat="41.227166494354606" lon="-7.770218700170517">
        <ele>169.8</ele>
      </trkpt>
      <trkpt lat="41.22701000422239" lon="-7.770339315757155">
        <ele>168</ele>
      </trkpt>
      <trkpt lat="41.22692911885679" lon="-7.77038985863328">
        <ele>166.8</ele>
      </trkpt>
      <trkpt lat="41.22668822295964" lon="-7.770508211106062">
        <ele>163.2</ele>
      </trkpt>
      <trkpt lat="41.22661219909787" lon="-7.770530004054308">
        <ele>162.4</ele>
      </trkpt>
      <trkpt lat="41.226318664848804" lon="-7.770392708480358">
        <ele>162.1</ele>
      </trkpt>
      <trkpt lat="41.22609646059573" lon="-7.770056007429957">
        <ele>164.8</ele>
      </trkpt>
      <trkpt lat="41.22605555690825" lon="-7.76995986700058">
        <ele>166.5</ele>
      </trkpt>
      <trkpt lat="41.22597752138972" lon="-7.769769849255681">
        <ele>169.2</ele>
      </trkpt>
      <trkpt lat="41.22568775899708" lon="-7.769579915329814">
        <ele>166.3</ele>
      </trkpt>
      <trkpt lat="41.225602347403765" lon="-7.769577903673053">
        <ele>164.3</ele>
      </trkpt>
      <trkpt lat="41.22551810927689" lon="-7.769566085189581">
        <ele>162.7</ele>
      </trkpt>
      <trkpt lat="41.22519498690963" lon="-7.769389813765883">
        <ele>162.5</ele>
      </trkpt>
      <trkpt lat="41.22478745877743" lon="-7.769481595605612">
        <ele>157</ele>
      </trkpt>
      <trkpt lat="41.224709674715996" lon="-7.76953280903399">
        <ele>154.5</ele>
      </trkpt>
      <trkpt lat="41.22462585568428" lon="-7.769576227292419">
        <ele>153.2</ele>
      </trkpt>
      <trkpt lat="41.22435620985925" lon="-7.769671361893416">
        <ele>152.2</ele>
      </trkpt>
      <trkpt lat="41.22426576912403" lon="-7.769712600857019">
        <ele>151.7</ele>
      </trkpt>
      <trkpt lat="41.22400249354541" lon="-7.769903037697077">
        <ele>149.5</ele>
      </trkpt>
      <trkpt lat="41.22357593849301" lon="-7.770151980221272">
        <ele>147.3</ele>
      </trkpt>
      <trkpt lat="41.22329053469002" lon="-7.770079225301743">
        <ele>149.2</ele>
      </trkpt>
      <trkpt lat="41.22314611449838" lon="-7.769760880619288">
        <ele>157.9</ele>
      </trkpt>
      <trkpt lat="41.22292927466333" lon="-7.769746631383896">
        <ele>158.7</ele>
      </trkpt>
      <trkpt lat="41.22290086001158" lon="-7.769810082390904">
        <ele>157.6</ele>
      </trkpt>
      <trkpt lat="41.223061960190535" lon="-7.770173354074359">
        <ele>145.7</ele>
      </trkpt>
      <trkpt lat="41.22355188243091" lon="-7.770328084006906">
        <ele>143.3</ele>
      </trkpt>
      <trkpt lat="41.22370954602957" lon="-7.77025893330574">
        <ele>143.3</ele>
      </trkpt>
      <trkpt lat="41.22402814216912" lon="-7.770054331049323">
        <ele>143.7</ele>
      </trkpt>
      <trkpt lat="41.22427406720817" lon="-7.769893314689398">
        <ele>142.3</ele>
      </trkpt>
      <trkpt lat="41.22444706968963" lon="-7.769841430708766">
        <ele>140.6</ele>
      </trkpt>
      <trkpt lat="41.22470632195473" lon="-7.769795078784227">
        <ele>142.2</ele>
      </trkpt>
      <trkpt lat="41.224954007193446" lon="-7.769764652475715">
        <ele>145.4</ele>
      </trkpt>
      <trkpt lat="41.225274531170726" lon="-7.769875796511769">
        <ele>145.3</ele>
      </trkpt>
      <trkpt lat="41.22542222030461" lon="-7.769958358258009">
        <ele>146.1</ele>
      </trkpt>
      <trkpt lat="41.22564325109124" lon="-7.770067071542144">
        <ele>148.2</ele>
      </trkpt>
      <trkpt lat="41.22586335986853" lon="-7.770319702103734">
        <ele>147.9</ele>
      </trkpt>
      <trkpt lat="41.22608916833997" lon="-7.770605525001884">
        <ele>149.2</ele>
      </trkpt>
      <trkpt lat="41.22615429572761" lon="-7.770796045660973">
        <ele>146.6</ele>
      </trkpt>
      <trkpt lat="41.22614013031125" lon="-7.770936191082001">
        <ele>143.8</ele>
      </trkpt>
      <trkpt lat="41.226024543866515" lon="-7.77110181748867">
        <ele>140.6</ele>
      </trkpt>
      <trkpt lat="41.225851541385055" lon="-7.771183121949434">
        <ele>140.6</ele>
      </trkpt>
      <trkpt lat="41.225732266902924" lon="-7.77121271006763">
        <ele>142.2</ele>
      </trkpt>
      <trkpt lat="41.22567208483815" lon="-7.771221343427897">
        <ele>143</ele>
      </trkpt>
      <trkpt lat="41.22561341151595" lon="-7.77121614664793">
        <ele>144</ele>
      </trkpt>
      <trkpt lat="41.2254002597183" lon="-7.771117826923728">
        <ele>146</ele>
      </trkpt>
      <trkpt lat="41.22535306960344" lon="-7.771085388958454">
        <ele>146.4</ele>
      </trkpt>
      <trkpt lat="41.22521543875337" lon="-7.770994110032916">
        <ele>147.1</ele>
      </trkpt>
      <trkpt lat="41.22508333995938" lon="-7.770939124748111">
        <ele>148.8</ele>
      </trkpt>
      <trkpt lat="41.22499264776707" lon="-7.77091464959085">
        <ele>150.3</ele>
      </trkpt>
      <trkpt lat="41.22485141269863" lon="-7.770881373435259">
        <ele>151.2</ele>
      </trkpt>
      <trkpt lat="41.22470405884087" lon="-7.770863603800535">
        <ele>151.6</ele>
      </trkpt>
      <trkpt lat="41.22465519234538" lon="-7.770868130028248">
        <ele>151.6</ele>
      </trkpt>
      <trkpt lat="41.224559135735035" lon="-7.770898807793856">
        <ele>152.3</ele>
      </trkpt>
      <trkpt lat="41.224512699991465" lon="-7.770926635712385">
        <ele>153.2</ele>
      </trkpt>
      <trkpt lat="41.22439325787127" lon="-7.771028811112046">
        <ele>156</ele>
      </trkpt>
      <trkpt lat="41.224314300343394" lon="-7.77109301649034">
        <ele>157.2</ele>
      </trkpt>
      <trkpt lat="41.22420273721218" lon="-7.771199215203524">
        <ele>159.2</ele>
      </trkpt>
      <trkpt lat="41.22404440306127" lon="-7.771324021741748">
        <ele>161.5</ele>
      </trkpt>
      <trkpt lat="41.22380350716412" lon="-7.77152594178915">
        <ele>165.5</ele>
      </trkpt>
      <trkpt lat="41.223685992881656" lon="-7.771632643416524">
        <ele>166.8</ele>
      </trkpt>
      <trkpt lat="41.223354656249285" lon="-7.77184990234673">
        <ele>166.5</ele>
      </trkpt>
      <trkpt lat="41.22308375313878" lon="-7.771920142695308">
        <ele>167</ele>
      </trkpt>
      <trkpt lat="41.22298694215715" lon="-7.771916622295976">
        <ele>166.7</ele>
      </trkpt>
      <trkpt lat="41.22269919142127" lon="-7.771945372223854">
        <ele>168</ele>
      </trkpt>
      <trkpt lat="41.22265409678221" lon="-7.771962890401483">
        <ele>168.3</ele>
      </trkpt>
      <trkpt lat="41.22240465134382" lon="-7.772096414119005">
        <ele>170.8</ele>
      </trkpt>
      <trkpt lat="41.22236609458923" lon="-7.772120218724012">
        <ele>171.4</ele>
      </trkpt>
      <trkpt lat="41.22200625948608" lon="-7.772311829030514">
        <ele>175.6</ele>
      </trkpt>
      <trkpt lat="41.2217790260911" lon="-7.77235608547926">
        <ele>173.7</ele>
      </trkpt>
      <trkpt lat="41.22140225954354" lon="-7.772439904510975">
        <ele>171.3</ele>
      </trkpt>
      <trkpt lat="41.221008729189634" lon="-7.77266982011497">
        <ele>165.6</ele>
      </trkpt>
      <trkpt lat="41.22102088294923" lon="-7.773148091509938">
        <ele>171.3</ele>
      </trkpt>
      <trkpt lat="41.22125976718962" lon="-7.773708002641797">
        <ele>182.1</ele>
      </trkpt>
      <trkpt lat="41.221290193498135" lon="-7.774457596242428">
        <ele>186.6</ele>
      </trkpt>
      <trkpt lat="41.221285834908485" lon="-7.774693630635738">
        <ele>188.6</ele>
      </trkpt>
      <trkpt lat="41.22128767892718" lon="-7.775042904540896">
        <ele>193</ele>
      </trkpt>
      <trkpt lat="41.22100504115224" lon="-7.775245411321521">
        <ele>192.8</ele>
      </trkpt>
      <trkpt lat="41.22092541307211" lon="-7.775103002786636">
        <ele>191.7</ele>
      </trkpt>
      <trkpt lat="41.22083933092654" lon="-7.774893622845411">
        <ele>190.3</ele>
      </trkpt>
      <trkpt lat="41.22067269869149" lon="-7.774694804102182">
        <ele>192.1</ele>
      </trkpt>
      <trkpt lat="41.22023751027882" lon="-7.774359025061131">
        <ele>195.4</ele>
      </trkpt>
      <trkpt lat="41.220146398991346" lon="-7.774342931807041">
        <ele>197.1</ele>
      </trkpt>
      <trkpt lat="41.21977667324245" lon="-7.774230111390352">
        <ele>201.1</ele>
      </trkpt>
      <trkpt lat="41.219648849219084" lon="-7.774131204932928">
        <ele>200.9</ele>
      </trkpt>
      <trkpt lat="41.219530161470175" lon="-7.773891231045127">
        <ele>195.2</ele>
      </trkpt>
      <trkpt lat="41.21950359083712" lon="-7.773826019838452">
        <ele>193.7</ele>
      </trkpt>
      <trkpt lat="41.21928012929857" lon="-7.773655951023102">
        <ele>190.6</ele>
      </trkpt>
      <trkpt lat="41.21908541768789" lon="-7.773875892162323">
        <ele>196.9</ele>
      </trkpt>
      <trkpt lat="41.21888693422079" lon="-7.774223322048783">
        <ele>205.9</ele>
      </trkpt>
      <trkpt lat="41.218745950609446" lon="-7.774424990639091">
        <ele>210</ele>
      </trkpt>
      <trkpt lat="41.21855752542615" lon="-7.774554323405027">
        <ele>210</ele>
      </trkpt>
      <trkpt lat="41.2183734588325" lon="-7.774659097194672">
        <ele>207.6</ele>
      </trkpt>
      <trkpt lat="41.218229960650206" lon="-7.774856742471457">
        <ele>203.9</ele>
      </trkpt>
      <trkpt lat="41.21820389293134" lon="-7.774961516261101">
        <ele>203.7</ele>
      </trkpt>
      <trkpt lat="41.21812359429896" lon="-7.775484463199973">
        <ele>199.8</ele>
      </trkpt>
      <trkpt lat="41.218235827982426" lon="-7.775734243914485">
        <ele>202.1</ele>
      </trkpt>
      <trkpt lat="41.21839550323784" lon="-7.775904815644026">
        <ele>205.8</ele>
      </trkpt>
      <trkpt lat="41.21846457011998" lon="-7.776011936366558">
        <ele>207.4</ele>
      </trkpt>
      <trkpt lat="41.21858133003116" lon="-7.776492387056351">
        <ele>212.9</ele>
      </trkpt>
      <trkpt lat="41.21857965365052" lon="-7.776818191632628">
        <ele>216.5</ele>
      </trkpt>
      <trkpt lat="41.21846624650061" lon="-7.777588907629252">
        <ele>217.2</ele>
      </trkpt>
      <trkpt lat="41.2184704374522" lon="-7.777731902897358">
        <ele>217.1</ele>
      </trkpt>
      <trkpt lat="41.21853212825954" lon="-7.778472024947405">
        <ele>216.7</ele>
      </trkpt>
      <trkpt lat="41.21857135556638" lon="-7.77885147370398">
        <ele>220</ele>
      </trkpt>
      <trkpt lat="41.21846415102482" lon="-7.779327481985092">
        <ele>222.5</ele>
      </trkpt>
      <trkpt lat="41.21844126842916" lon="-7.779572485014796">
        <ele>225.4</ele>
      </trkpt>
      <trkpt lat="41.218289975076914" lon="-7.78027874417603">
        <ele>228</ele>
      </trkpt>
      <trkpt lat="41.218376476317644" lon="-7.780821053311229">
        <ele>232.1</ele>
      </trkpt>
      <trkpt lat="41.218428863212466" lon="-7.78112942352891">
        <ele>233.9</ele>
      </trkpt>
      <trkpt lat="41.2184252589941" lon="-7.78174658305943">
        <ele>232.7</ele>
      </trkpt>
      <trkpt lat="41.21851301752031" lon="-7.782042715698481">
        <ele>232.6</ele>
      </trkpt>
      <trkpt lat="41.218614438548684" lon="-7.782330382615328">
        <ele>232.8</ele>
      </trkpt>
      <trkpt lat="41.21846993453801" lon="-7.782673621550202">
        <ele>232.8</ele>
      </trkpt>
      <trkpt lat="41.21843104250729" lon="-7.782714189961553">
        <ele>233.1</ele>
      </trkpt>
      <trkpt lat="41.21829424984753" lon="-7.782890293747187">
        <ele>234.3</ele>
      </trkpt>
      <trkpt lat="41.2182442098856" lon="-7.783123394474387">
        <ele>236.5</ele>
      </trkpt>
      <trkpt lat="41.218036422505975" lon="-7.783806100487709">
        <ele>242.9</ele>
      </trkpt>
      <trkpt lat="41.21773609891534" lon="-7.784438682720065">
        <ele>245.7</ele>
      </trkpt>
      <trkpt lat="41.21754800900817" lon="-7.784766498953104">
        <ele>246.9</ele>
      </trkpt>
      <trkpt lat="41.217398224398494" lon="-7.785441996529698">
        <ele>251.6</ele>
      </trkpt>
      <trkpt lat="41.21706529520452" lon="-7.785431854426861">
        <ele>254.7</ele>
      </trkpt>
      <trkpt lat="41.21700569987297" lon="-7.785347029566765">
        <ele>254.6</ele>
      </trkpt>
      <trkpt lat="41.21655768714845" lon="-7.784879487007856">
        <ele>258.5</ele>
      </trkpt>
      <trkpt lat="41.21635836549103" lon="-7.784706819802523">
        <ele>259.8</ele>
      </trkpt>
      <trkpt lat="41.215865425765514" lon="-7.784406328573823">
        <ele>263.1</ele>
      </trkpt>
      <trkpt lat="41.21578739024699" lon="-7.78438076376915">
        <ele>263.9</ele>
      </trkpt>
      <trkpt lat="41.215623607859015" lon="-7.784301470965147">
        <ele>264.4</ele>
      </trkpt>
      <trkpt lat="41.2155828718096" lon="-7.784282611683011">
        <ele>264.6</ele>
      </trkpt>
      <trkpt lat="41.21521289460361" lon="-7.784207761287689">
        <ele>264.8</ele>
      </trkpt>
      <trkpt lat="41.21476429514587" lon="-7.784157553687692">
        <ele>260.3</ele>
      </trkpt>
      <trkpt lat="41.214444944635034" lon="-7.784128887578845">
        <ele>255.3</ele>
      </trkpt>
      <trkpt lat="41.21418150141835" lon="-7.784146992489696">
        <ele>252.6</ele>
      </trkpt>
      <trkpt lat="41.2139043956995" lon="-7.784230140969157">
        <ele>250.6</ele>
      </trkpt>
      <trkpt lat="41.213709600269794" lon="-7.784288479015231">
        <ele>249.9</ele>
      </trkpt>
      <trkpt lat="41.21340441517532" lon="-7.784362239763141">
        <ele>247.6</ele>
      </trkpt>
      <trkpt lat="41.21309135109186" lon="-7.784456787630916">
        <ele>245</ele>
      </trkpt>
      <trkpt lat="41.21287677437067" lon="-7.784520657733083">
        <ele>244.3</ele>
      </trkpt>
      <trkpt lat="41.21276780962944" lon="-7.784549491479993">
        <ele>244.2</ele>
      </trkpt>
      <trkpt lat="41.21254979632795" lon="-7.784613193944097">
        <ele>243.9</ele>
      </trkpt>
      <trkpt lat="41.21221770532429" lon="-7.784701203927398">
        <ele>243.7</ele>
      </trkpt>
      <trkpt lat="41.21190522797406" lon="-7.784787369892001">
        <ele>241</ele>
      </trkpt>
      <trkpt lat="41.21172124519944" lon="-7.784852413460612">
        <ele>237.9</ele>
      </trkpt>
      <trkpt lat="41.21145864017308" lon="-7.785203782841563">
        <ele>232.5</ele>
      </trkpt>
      <trkpt lat="41.21138119138777" lon="-7.785437973216176">
        <ele>232.6</ele>
      </trkpt>
      <trkpt lat="41.2113381922245" lon="-7.785553056746721">
        <ele>232.3</ele>
      </trkpt>
      <trkpt lat="41.2111172452569" lon="-7.786258896812797">
        <ele>230.3</ele>
      </trkpt>
      <trkpt lat="41.21088171377778" lon="-7.786939339712262">
        <ele>229.2</ele>
      </trkpt>
      <trkpt lat="41.21083787642419" lon="-7.787042185664177">
        <ele>229.1</ele>
      </trkpt>
      <trkpt lat="41.21073226444423" lon="-7.787229940295219">
        <ele>229.2</ele>
      </trkpt>
      <trkpt lat="41.21043663471937" lon="-7.78747720643878">
        <ele>228.9</ele>
      </trkpt>
      <trkpt lat="41.21029104106128" lon="-7.787563456222415">
        <ele>229.5</ele>
      </trkpt>
      <trkpt lat="41.21014100499451" lon="-7.78761207126081">
        <ele>230.2</ele>
      </trkpt>
      <trkpt lat="41.210011169314384" lon="-7.787606455385685">
        <ele>231</ele>
      </trkpt>
      <trkpt lat="41.209845039993525" lon="-7.787352986633778">
        <ele>231.9</ele>
      </trkpt>
      <trkpt lat="41.20983120985329" lon="-7.787279225885868">
        <ele>232</ele>
      </trkpt>
      <trkpt lat="41.20979885570705" lon="-7.787066409364343">
        <ele>232</ele>
      </trkpt>
      <trkpt lat="41.209741020575166" lon="-7.786729037761688">
        <ele>231</ele>
      </trkpt>
      <trkpt lat="41.20963213965297" lon="-7.786499876528978">
        <ele>231.3</ele>
      </trkpt>
      <trkpt lat="41.20950079523027" lon="-7.786389319226146">
        <ele>232.7</ele>
      </trkpt>
      <trkpt lat="41.2093560397625" lon="-7.786289155483246">
        <ele>234.1</ele>
      </trkpt>
      <trkpt lat="41.20920944027603" lon="-7.786189578473568">
        <ele>235.7</ele>
      </trkpt>
      <trkpt lat="41.20908295735717" lon="-7.786056390032172">
        <ele>237.1</ele>
      </trkpt>
      <trkpt lat="41.20903216302395" lon="-7.785928314551711">
        <ele>237.9</ele>
      </trkpt>
      <trkpt lat="41.20900886133313" lon="-7.78570644557476">
        <ele>238.3</ele>
      </trkpt>
      <trkpt lat="41.2090103700757" lon="-7.785632517188788">
        <ele>238.4</ele>
      </trkpt>
      <trkpt lat="41.209014896303415" lon="-7.78542104177177">
        <ele>238.4</ele>
      </trkpt>
      <trkpt lat="41.20901984162629" lon="-7.785346442833543">
        <ele>238.2</ele>
      </trkpt>
      <trkpt lat="41.20904775336385" lon="-7.785131111741066">
        <ele>237.4</ele>
      </trkpt>
      <trkpt lat="41.20887114666402" lon="-7.784785106778145">
        <ele>240</ele>
      </trkpt>
      <trkpt lat="41.20886083692312" lon="-7.78473406098783">
        <ele>240</ele>
      </trkpt>
      <trkpt lat="41.208814484998584" lon="-7.784601710736752">
        <ele>240.4</ele>
      </trkpt>
      <trkpt lat="41.208763271570206" lon="-7.784548988565803">
        <ele>241.4</ele>
      </trkpt>
      <trkpt lat="41.20864097960293" lon="-7.784440945833921">
        <ele>243.7</ele>
      </trkpt>
      <trkpt lat="41.20846604928374" lon="-7.784258052706718">
        <ele>245.4</ele>
      </trkpt>
      <trkpt lat="41.20839597657323" lon="-7.784080523997545">
        <ele>246.1</ele>
      </trkpt>
      <trkpt lat="41.208405531942844" lon="-7.783872317522764">
        <ele>245.7</ele>
      </trkpt>
      <trkpt lat="41.208518855273724" lon="-7.78332338668406">
        <ele>245.1</ele>
      </trkpt>
      <trkpt lat="41.208521369844675" lon="-7.782959192991257">
        <ele>247</ele>
      </trkpt>
      <trkpt lat="41.20848440565169" lon="-7.782539008185267">
        <ele>249.3</ele>
      </trkpt>
      <trkpt lat="41.208473509177566" lon="-7.782183364033699">
        <ele>250</ele>
      </trkpt>
      <trkpt lat="41.20847853831947" lon="-7.781913550570607">
        <ele>251.3</ele>
      </trkpt>
      <trkpt lat="41.208502259105444" lon="-7.781583722680807">
        <ele>253.2</ele>
      </trkpt>
      <trkpt lat="41.20849915780127" lon="-7.781406361609697">
        <ele>254.4</ele>
      </trkpt>
      <trkpt lat="41.20848968625069" lon="-7.781319273635745">
        <ele>255</ele>
      </trkpt>
      <trkpt lat="41.208449536934495" lon="-7.781050466001034">
        <ele>255.5</ele>
      </trkpt>
      <trkpt lat="41.20840578339994" lon="-7.780773025006056">
        <ele>255.4</ele>
      </trkpt>
      <trkpt lat="41.208312660455704" lon="-7.780393911525607">
        <ele>256.4</ele>
      </trkpt>
      <trkpt lat="41.20827586390078" lon="-7.780300788581371">
        <ele>256.3</ele>
      </trkpt>
      <trkpt lat="41.20804502628744" lon="-7.779993005096912">
        <ele>256.7</ele>
      </trkpt>
      <trkpt lat="41.20760187506676" lon="-7.77943879365921">
        <ele>257.8</ele>
      </trkpt>
      <trkpt lat="41.20733088813722" lon="-7.779139643535018">
        <ele>258.7</ele>
      </trkpt>
      <trkpt lat="41.20679561980069" lon="-7.778830518946052">
        <ele>261.7</ele>
      </trkpt>
      <trkpt lat="41.20658364146948" lon="-7.778736473992467">
        <ele>262.1</ele>
      </trkpt>
      <trkpt lat="41.206146106123924" lon="-7.779097901657224">
        <ele>262</ele>
      </trkpt>
      <trkpt lat="41.20574913918972" lon="-7.779267216101289">
        <ele>261.5</ele>
      </trkpt>
      <trkpt lat="41.205678982660174" lon="-7.779273586347699">
        <ele>261.5</ele>
      </trkpt>
      <trkpt lat="41.20528008788824" lon="-7.77914366684854">
        <ele>262.8</ele>
      </trkpt>
      <trkpt lat="41.20523348450661" lon="-7.779079461470246">
        <ele>262.7</ele>
      </trkpt>
      <trkpt lat="41.20476510375738" lon="-7.778701353818178">
        <ele>263.9</ele>
      </trkpt>
      <trkpt lat="41.204698802903295" lon="-7.778673693537712">
        <ele>264.1</ele>
      </trkpt>
      <trkpt lat="41.204118859022856" lon="-7.778604626655579">
        <ele>266.8</ele>
      </trkpt>
      <trkpt lat="41.20396899059415" lon="-7.778581911697984">
        <ele>266.5</ele>
      </trkpt>
      <trkpt lat="41.20368526317179" lon="-7.778423661366105">
        <ele>266.1</ele>
      </trkpt>
      <trkpt lat="41.20320866815746" lon="-7.778060305863619">
        <ele>267.9</ele>
      </trkpt>
      <trkpt lat="41.2026884034276" lon="-7.777736093848944">
        <ele>264.4</ele>
      </trkpt>
      <trkpt lat="41.20232856832445" lon="-7.777362931519747">
        <ele>264.9</ele>
      </trkpt>
      <trkpt lat="41.20195850729942" lon="-7.776747532188892">
        <ele>267.6</ele>
      </trkpt>
      <trkpt lat="41.20167980901897" lon="-7.776375710964203">
        <ele>272.4</ele>
      </trkpt>
      <trkpt lat="41.201556930318475" lon="-7.776238583028317">
        <ele>272.5</ele>
      </trkpt>
      <trkpt lat="41.20114529505372" lon="-7.776184771209955">
        <ele>271.9</ele>
      </trkpt>
      <trkpt lat="41.20069703087211" lon="-7.776308739557862">
        <ele>269.5</ele>
      </trkpt>
      <trkpt lat="41.20061279274523" lon="-7.776338998228312">
        <ele>268.2</ele>
      </trkpt>
      <trkpt lat="41.200210796669126" lon="-7.776852808892727">
        <ele>263</ele>
      </trkpt>
      <trkpt lat="41.20008506812155" lon="-7.777064368128777">
        <ele>262.9</ele>
      </trkpt>
      <trkpt lat="41.1997027695179" lon="-7.777272239327431">
        <ele>262</ele>
      </trkpt>
      <trkpt lat="41.199594642966986" lon="-7.777289589866996">
        <ele>261.9</ele>
      </trkpt>
      <trkpt lat="41.199379144236445" lon="-7.777317417785525">
        <ele>260.8</ele>
      </trkpt>
      <trkpt lat="41.199055183678865" lon="-7.777376845479012">
        <ele>257.4</ele>
      </trkpt>
      <trkpt lat="41.19876022450626" lon="-7.777554960921407">
        <ele>256.7</ele>
      </trkpt>
      <trkpt lat="41.19858931750059" lon="-7.777726454660296">
        <ele>258.8</ele>
      </trkpt>
      <trkpt lat="41.198420003056526" lon="-7.777882358059287">
        <ele>259.6</ele>
      </trkpt>
      <trkpt lat="41.19832553900778" lon="-7.777930554002523">
        <ele>259.3</ele>
      </trkpt>
      <trkpt lat="41.19786377996206" lon="-7.777852267026901">
        <ele>259.5</ele>
      </trkpt>
      <trkpt lat="41.19756571948528" lon="-7.777678510174155">
        <ele>260.4</ele>
      </trkpt>
      <trkpt lat="41.19718099012971" lon="-7.777420682832599">
        <ele>262.3</ele>
      </trkpt>
      <trkpt lat="41.19681897573173" lon="-7.777228569611907">
        <ele>264.4</ele>
      </trkpt>
      <trkpt lat="41.1965736374259" lon="-7.77720526792109">
        <ele>265.4</ele>
      </trkpt>
      <trkpt lat="41.19641077704728" lon="-7.777286572381854">
        <ele>265.9</ele>
      </trkpt>
      <trkpt lat="41.19626912288368" lon="-7.777481703087688">
        <ele>267.4</ele>
      </trkpt>
      <trkpt lat="41.19606100022793" lon="-7.778020491823554">
        <ele>273</ele>
      </trkpt>
      <trkpt lat="41.196029568091035" lon="-7.778131384402514">
        <ele>274.3</ele>
      </trkpt>
      <trkpt lat="41.19567358866334" lon="-7.77865550480783">
        <ele>276.7</ele>
      </trkpt>
      <trkpt lat="41.19559496641159" lon="-7.778705628588796">
        <ele>276.8</ele>
      </trkpt>
      <trkpt lat="41.19542866945267" lon="-7.77873907238245">
        <ele>277</ele>
      </trkpt>
      <trkpt lat="41.1948882881552" lon="-7.778673190623522">
        <ele>277.5</ele>
      </trkpt>
      <trkpt lat="41.19475585408509" lon="-7.778666317462921">
        <ele>277.8</ele>
      </trkpt>
      <trkpt lat="41.194571955129504" lon="-7.77867067605257">
        <ele>278.4</ele>
      </trkpt>
      <trkpt lat="41.19405043311417" lon="-7.778593730181456">
        <ele>279.7</ele>
      </trkpt>
      <trkpt lat="41.19386116974056" lon="-7.778360545635223">
        <ele>281.2</ele>
      </trkpt>
      <trkpt lat="41.19383007287979" lon="-7.778188716620207">
        <ele>281.6</ele>
      </trkpt>
      <trkpt lat="41.193811129778624" lon="-7.777839275076985">
        <ele>281.7</ele>
      </trkpt>
      <trkpt lat="41.19356436654925" lon="-7.777503160759807">
        <ele>285</ele>
      </trkpt>
      <trkpt lat="41.19352430105209" lon="-7.777490755543113">
        <ele>285.5</ele>
      </trkpt>
      <trkpt lat="41.1929489672184" lon="-7.777506178244948">
        <ele>287.9</ele>
      </trkpt>
      <trkpt lat="41.19249911047518" lon="-7.777568371966481">
        <ele>290.9</ele>
      </trkpt>
      <trkpt lat="41.19202251546085" lon="-7.777938516810536">
        <ele>296.9</ele>
      </trkpt>
      <trkpt lat="41.19178036227822" lon="-7.778107076883316">
        <ele>299.4</ele>
      </trkpt>
      <trkpt lat="41.19156117551029" lon="-7.778109172359109">
        <ele>299.6</ele>
      </trkpt>
      <trkpt lat="41.190985422581434" lon="-7.778077321127057">
        <ele>301.4</ele>
      </trkpt>
      <trkpt lat="41.19070655666292" lon="-7.778103388845921">
        <ele>303.3</ele>
      </trkpt>
      <trkpt lat="41.19053808040917" lon="-7.778065586462617">
        <ele>303.8</ele>
      </trkpt>
      <trkpt lat="41.19023130275309" lon="-7.777885124087334">
        <ele>304.4</ele>
      </trkpt>
      <trkpt lat="41.190048241987824" lon="-7.777688819915056">
        <ele>304.2</ele>
      </trkpt>
      <trkpt lat="41.19000792503357" lon="-7.777626626193523">
        <ele>303.8</ele>
      </trkpt>
      <trkpt lat="41.18980173021555" lon="-7.777322866022587">
        <ele>302.3</ele>
      </trkpt>
      <trkpt lat="41.18947030976415" lon="-7.777139469981194">
        <ele>305.5</ele>
      </trkpt>
      <trkpt lat="41.18903378024697" lon="-7.77688717469573">
        <ele>308.7</ele>
      </trkpt>
      <trkpt lat="41.18853681720793" lon="-7.776580564677715">
        <ele>308.5</ele>
      </trkpt>
      <trkpt lat="41.18805695325136" lon="-7.776431785896421">
        <ele>310.5</ele>
      </trkpt>
      <trkpt lat="41.18750483728945" lon="-7.776304380968213">
        <ele>311.4</ele>
      </trkpt>
      <trkpt lat="41.18716461583972" lon="-7.77633061632514">
        <ele>310.1</ele>
      </trkpt>
      <trkpt lat="41.18684518150985" lon="-7.776367831975222">
        <ele>308.9</ele>
      </trkpt>
      <trkpt lat="41.18648576550186" lon="-7.776387110352516">
        <ele>304</ele>
      </trkpt>
      <trkpt lat="41.185927111655474" lon="-7.776047894731164">
        <ele>293.3</ele>
      </trkpt>
      <trkpt lat="41.18563827127218" lon="-7.775845220312476">
        <ele>290.2</ele>
      </trkpt>
      <trkpt lat="41.18534984998405" lon="-7.775641959160566">
        <ele>290</ele>
      </trkpt>
      <trkpt lat="41.18524926714599" lon="-7.775588734075427">
        <ele>290</ele>
      </trkpt>
      <trkpt lat="41.185031086206436" lon="-7.77554783038795">
        <ele>287.4</ele>
      </trkpt>
      <trkpt lat="41.18480997160077" lon="-7.775572640821338">
        <ele>282.8</ele>
      </trkpt>
      <trkpt lat="41.18469916284084" lon="-7.775578424334526">
        <ele>281.2</ele>
      </trkpt>
      <trkpt lat="41.18415333330631" lon="-7.775352196767926">
        <ele>281.6</ele>
      </trkpt>
      <trkpt lat="41.18393724784255" lon="-7.775239124894142">
        <ele>281.1</ele>
      </trkpt>
      <trkpt lat="41.18382727727294" lon="-7.775194868445396">
        <ele>279.9</ele>
      </trkpt>
      <trkpt lat="41.18360733613372" lon="-7.775156730785966">
        <ele>276</ele>
      </trkpt>
      <trkpt lat="41.183398962020874" lon="-7.77512420900166">
        <ele>273</ele>
      </trkpt>
      <trkpt lat="41.18306200951338" lon="-7.774828411638737">
        <ele>277.2</ele>
      </trkpt>
      <trkpt lat="41.18287291377783" lon="-7.774737635627389">
        <ele>277.3</ele>
      </trkpt>
      <trkpt lat="41.18256940506399" lon="-7.774853641167283">
        <ele>272.2</ele>
      </trkpt>
      <trkpt lat="41.18246974423528" lon="-7.774907201528549">
        <ele>270.6</ele>
      </trkpt>
      <trkpt lat="41.182037154212594" lon="-7.774875434115529">
        <ele>267.7</ele>
      </trkpt>
      <trkpt lat="41.18192886002362" lon="-7.774830674752593">
        <ele>268.4</ele>
      </trkpt>
      <trkpt lat="41.18181771598756" lon="-7.774797398597002">
        <ele>268.8</ele>
      </trkpt>
      <trkpt lat="41.181317484006286" lon="-7.775082467123866">
        <ele>265.2</ele>
      </trkpt>
      <trkpt lat="41.181237772107124" lon="-7.775193192064762">
        <ele>263.4</ele>
      </trkpt>
      <trkpt lat="41.1809781845659" lon="-7.775490749627352">
        <ele>259.4</ele>
      </trkpt>
      <trkpt lat="41.18087651208043" lon="-7.775563588365912">
        <ele>259</ele>
      </trkpt>
      <trkpt lat="41.18032271973789" lon="-7.775829881429672">
        <ele>257.6</ele>
      </trkpt>
      <trkpt lat="41.17975685745478" lon="-7.776081841439009">
        <ele>254.1</ele>
      </trkpt>
      <trkpt lat="41.17964420467615" lon="-7.776131881400943">
        <ele>253.1</ele>
      </trkpt>
      <trkpt lat="41.179083958268166" lon="-7.776374202221632">
        <ele>250.5</ele>
      </trkpt>
      <trkpt lat="41.1785261426121" lon="-7.776556257158518">
        <ele>247.5</ele>
      </trkpt>
      <trkpt lat="41.17817586287856" lon="-7.776559693738818">
        <ele>246</ele>
      </trkpt>
      <trkpt lat="41.1777163669467" lon="-7.776521891355515">
        <ele>242.5</ele>
      </trkpt>
      <trkpt lat="41.17741755209863" lon="-7.776333466172218">
        <ele>243.1</ele>
      </trkpt>
      <trkpt lat="41.17708998732269" lon="-7.776311924681068">
        <ele>242.4</ele>
      </trkpt>
      <trkpt lat="41.17671640589833" lon="-7.776638399809599">
        <ele>236.6</ele>
      </trkpt>
      <trkpt lat="41.17644114419818" lon="-7.776899160817266">
        <ele>233.9</ele>
      </trkpt>
      <trkpt lat="41.17592280730605" lon="-7.777186995372176">
        <ele>229.6</ele>
      </trkpt>
      <trkpt lat="41.17548384703696" lon="-7.777299648150802">
        <ele>228.8</ele>
      </trkpt>
      <trkpt lat="41.17499836720526" lon="-7.777443481609225">
        <ele>226.5</ele>
      </trkpt>
      <trkpt lat="41.17463777773082" lon="-7.777002928778529">
        <ele>228.6</ele>
      </trkpt>
      <trkpt lat="41.174717573449016" lon="-7.776677794754505">
        <ele>229.7</ele>
      </trkpt>
      <trkpt lat="41.174746826291084" lon="-7.776566483080387">
        <ele>230</ele>
      </trkpt>
      <trkpt lat="41.174806421622634" lon="-7.775953765958548">
        <ele>229.6</ele>
      </trkpt>
      <trkpt lat="41.174407275393605" lon="-7.775594601407647">
        <ele>224.8</ele>
      </trkpt>
      <trkpt lat="41.17431473918259" lon="-7.775634247809649">
        <ele>222.9</ele>
      </trkpt>
      <trkpt lat="41.174221616238356" lon="-7.775682611390948">
        <ele>221.6</ele>
      </trkpt>
      <trkpt lat="41.1738306004554" lon="-7.775847231969237">
        <ele>217.1</ele>
      </trkpt>
      <trkpt lat="41.1733197234571" lon="-7.775785457342863">
        <ele>217.2</ele>
      </trkpt>
      <trkpt lat="41.17284748703241" lon="-7.776083182543516">
        <ele>214</ele>
      </trkpt>
      <trkpt lat="41.172674568369985" lon="-7.776276469230652">
        <ele>211.4</ele>
      </trkpt>
      <trkpt lat="41.17221842519939" lon="-7.776751723140478">
        <ele>209.9</ele>
      </trkpt>
      <trkpt lat="41.17194567807019" lon="-7.777040144428611">
        <ele>206.8</ele>
      </trkpt>
      <trkpt lat="41.17175750434399" lon="-7.777204597368836">
        <ele>204.9</ele>
      </trkpt>
      <trkpt lat="41.17142574861646" lon="-7.777286404743791">
        <ele>204.6</ele>
      </trkpt>
      <trkpt lat="41.170924846082926" lon="-7.777070654556155">
        <ele>204.6</ele>
      </trkpt>
      <trkpt lat="41.170848403126" lon="-7.776967892423272">
        <ele>204.7</ele>
      </trkpt>
      <trkpt lat="41.170427883043885" lon="-7.776505127549171">
        <ele>201.6</ele>
      </trkpt>
      <trkpt lat="41.17022939957678" lon="-7.776384428143501">
        <ele>200.2</ele>
      </trkpt>
      <trkpt lat="41.170013565570116" lon="-7.776341261342168">
        <ele>198.5</ele>
      </trkpt>
      <trkpt lat="41.16964157670736" lon="-7.776647200807929">
        <ele>196.1</ele>
      </trkpt>
      <trkpt lat="41.16957846097648" lon="-7.776773599907756">
        <ele>196</ele>
      </trkpt>
      <trkpt lat="41.169275203719735" lon="-7.77739436365664">
        <ele>197.1</ele>
      </trkpt>
      <trkpt lat="41.169042605906725" lon="-7.777863331139088">
        <ele>194.7</ele>
      </trkpt>
      <trkpt lat="41.168961049988866" lon="-7.778063910081983">
        <ele>193.6</ele>
      </trkpt>
      <trkpt lat="41.16894613020122" lon="-7.778325760737062">
        <ele>190.4</ele>
      </trkpt>
      <trkpt lat="41.16898820735514" lon="-7.778706634417176">
        <ele>186.1</ele>
      </trkpt>
      <trkpt lat="41.16883808746934" lon="-7.778900591656566">
        <ele>185.4</ele>
      </trkpt>
      <trkpt lat="41.16878083907068" lon="-7.778938729315996">
        <ele>185.3</ele>
      </trkpt>
      <trkpt lat="41.1686432082206" lon="-7.779006287455559">
        <ele>185.5</ele>
      </trkpt>
      <trkpt lat="41.1684894002974" lon="-7.779090190306306">
        <ele>185</ele>
      </trkpt>
      <trkpt lat="41.167972069233656" lon="-7.779345335438848">
        <ele>177.8</ele>
      </trkpt>
      <trkpt lat="41.16779739037156" lon="-7.779445415362716">
        <ele>175.1</ele>
      </trkpt>
      <trkpt lat="41.16742045618594" lon="-7.779580615460873">
        <ele>173.1</ele>
      </trkpt>
      <trkpt lat="41.167117366567254" lon="-7.779541220515966">
        <ele>173.1</ele>
      </trkpt>
      <trkpt lat="41.16677085869014" lon="-7.7792061958462">
        <ele>173.3</ele>
      </trkpt>
      <trkpt lat="41.16647304967046" lon="-7.778758853673935">
        <ele>171.4</ele>
      </trkpt>
      <trkpt lat="41.16618571802974" lon="-7.778549892827869">
        <ele>169.7</ele>
      </trkpt>
      <trkpt lat="41.1659786850214" lon="-7.778493398800492">
        <ele>168.5</ele>
      </trkpt>
      <trkpt lat="41.16550259292126" lon="-7.778665646910667">
        <ele>166.3</ele>
      </trkpt>
      <trkpt lat="41.16543092764914" lon="-7.778751477599144">
        <ele>166</ele>
      </trkpt>
      <trkpt lat="41.16516354493797" lon="-7.77942068874836">
        <ele>168.5</ele>
      </trkpt>
      <trkpt lat="41.1649717669934" lon="-7.779720257967711">
        <ele>172.6</ele>
      </trkpt>
      <trkpt lat="41.16479474119842" lon="-7.780030891299248">
        <ele>173.1</ele>
      </trkpt>
      <trkpt lat="41.16461930796504" lon="-7.780326521024108">
        <ele>172.2</ele>
      </trkpt>
      <trkpt lat="41.164348907768726" lon="-7.780680069699884">
        <ele>170.9</ele>
      </trkpt>
      <trkpt lat="41.163999466225505" lon="-7.780916104093194">
        <ele>167.8</ele>
      </trkpt>
      <trkpt lat="41.16344131529331" lon="-7.780964970588684">
        <ele>159.4</ele>
      </trkpt>
      <trkpt lat="41.16307653486729" lon="-7.780858771875501">
        <ele>155.6</ele>
      </trkpt>
      <trkpt lat="41.16244688630104" lon="-7.78058853931725">
        <ele>154.6</ele>
      </trkpt>
      <trkpt lat="41.16231797263026" lon="-7.780532212927938">
        <ele>152.9</ele>
      </trkpt>
      <trkpt lat="41.16178865544498" lon="-7.780317636206746">
        <ele>141.4</ele>
      </trkpt>
      <trkpt lat="41.16122413426638" lon="-7.780205234885216">
        <ele>138.2</ele>
      </trkpt>
      <trkpt lat="41.161079881712794" lon="-7.780206827446818">
        <ele>138.5</ele>
      </trkpt>
      <trkpt lat="41.16065022535622" lon="-7.78029777109623">
        <ele>137.5</ele>
      </trkpt>
      <trkpt lat="41.16050764918327" lon="-7.780337249860168">
        <ele>135.3</ele>
      </trkpt>
      <trkpt lat="41.16036524064839" lon="-7.780375136062503">
        <ele>132.8</ele>
      </trkpt>
      <trkpt lat="41.159947821870446" lon="-7.780504133552313">
        <ele>126</ele>
      </trkpt>
      <trkpt lat="41.15957113914192" lon="-7.780626844614744">
        <ele>124.6</ele>
      </trkpt>
      <trkpt lat="41.15945437923074" lon="-7.780658109113574">
        <ele>125.1</ele>
      </trkpt>
      <trkpt lat="41.15934164263308" lon="-7.780680321156979">
        <ele>125.3</ele>
      </trkpt>
      <trkpt lat="41.15923066623509" lon="-7.780683841556311">
        <ele>125.7</ele>
      </trkpt>
      <trkpt lat="41.15901391021907" lon="-7.780614523217082">
        <ele>125</ele>
      </trkpt>
      <trkpt lat="41.158674359321594" lon="-7.780241444706917">
        <ele>123.9</ele>
      </trkpt>
      <trkpt lat="41.15858475677669" lon="-7.779966183006764">
        <ele>122.8</ele>
      </trkpt>
      <trkpt lat="41.15856371819973" lon="-7.779661165550351">
        <ele>120.8</ele>
      </trkpt>
      <trkpt lat="41.15859758108854" lon="-7.779348688200116">
        <ele>117.7</ele>
      </trkpt>
      <trkpt lat="41.15861736238003" lon="-7.779189264401794">
        <ele>115.7</ele>
      </trkpt>
      <trkpt lat="41.15862582810223" lon="-7.778860107064247">
        <ele>110.8</ele>
      </trkpt>
      <trkpt lat="41.158565394580364" lon="-7.778539834544063">
        <ele>106.8</ele>
      </trkpt>
      <trkpt lat="41.15835400298238" lon="-7.778153764083982">
        <ele>106.9</ele>
      </trkpt>
      <trkpt lat="41.15803741849959" lon="-7.777909012511373">
        <ele>106.8</ele>
      </trkpt>
      <trkpt lat="41.15792518481612" lon="-7.777840280905366">
        <ele>106.3</ele>
      </trkpt>
      <trkpt lat="41.157476333901286" lon="-7.777581531554461">
        <ele>101.2</ele>
      </trkpt>
      <trkpt lat="41.15702781826258" lon="-7.77733183465898">
        <ele>94.7</ele>
      </trkpt>
      <trkpt lat="41.156690530478954" lon="-7.777189677581191">
        <ele>92.3</ele>
      </trkpt>
      <trkpt lat="41.15648592822254" lon="-7.77716126292944">
        <ele>90.2</ele>
      </trkpt>
      <trkpt lat="41.15631057880819" lon="-7.777180625125766">
        <ele>87.4</ele>
      </trkpt>
      <trkpt lat="41.156111" lon="-7.777263">
        <ele>82</ele>
      </trkpt>
      <trkpt lat="41.156061" lon="-7.777301">
        <ele>81</ele>
      </trkpt>
      <trkpt lat="41.156013" lon="-7.777359">
        <ele>79.5</ele>
      </trkpt>
      <trkpt lat="41.156001" lon="-7.777375">
        <ele>79.5</ele>
      </trkpt>
      <trkpt lat="41.155981" lon="-7.777403">
        <ele>78.8</ele>
      </trkpt>
      <trkpt lat="41.155957" lon="-7.777423">
        <ele>78.3</ele>
      </trkpt>
      <trkpt lat="41.155937" lon="-7.777432">
        <ele>78</ele>
      </trkpt>
      <trkpt lat="41.155908" lon="-7.777525">
        <ele>77</ele>
      </trkpt>
      <trkpt lat="41.155872" lon="-7.777639">
        <ele>75.5</ele>
      </trkpt>
      <trkpt lat="41.155818" lon="-7.777835">
        <ele>72.8</ele>
      </trkpt>
      <trkpt lat="41.155788" lon="-7.777945">
        <ele>71.5</ele>
      </trkpt>
      <trkpt lat="41.155778" lon="-7.778037">
        <ele>71.5</ele>
      </trkpt>
      <trkpt lat="41.155781" lon="-7.77808">
        <ele>71.3</ele>
      </trkpt>
      <trkpt lat="41.155782" lon="-7.778087">
        <ele>71.3</ele>
      </trkpt>
      <trkpt lat="41.155812" lon="-7.778208">
        <ele>71.3</ele>
      </trkpt>
      <trkpt lat="41.156016" lon="-7.778776">
        <ele>71.3</ele>
      </trkpt>
      <trkpt lat="41.156097" lon="-7.779101">
        <ele>70.8</ele>
      </trkpt>
      <trkpt lat="41.156139" lon="-7.779213">
        <ele>70.8</ele>
      </trkpt>
      <trkpt lat="41.156172" lon="-7.779243">
        <ele>71.3</ele>
      </trkpt>
      <trkpt lat="41.156199" lon="-7.779284">
        <ele>71.5</ele>
      </trkpt>
      <trkpt lat="41.156216" lon="-7.779332">
        <ele>71.5</ele>
      </trkpt>
      <trkpt lat="41.156267" lon="-7.779443">
        <ele>71.8</ele>
      </trkpt>
      <trkpt lat="41.156333" lon="-7.779613">
        <ele>71.8</ele>
      </trkpt>
      <trkpt lat="41.156407" lon="-7.779851">
        <ele>71.8</ele>
      </trkpt>
      <trkpt lat="41.15643" lon="-7.779912">
        <ele>71.8</ele>
      </trkpt>
      <trkpt lat="41.156618" lon="-7.780416">
        <ele>72.3</ele>
      </trkpt>
      <trkpt lat="41.15643" lon="-7.779912">
        <ele>71.8</ele>
      </trkpt>
      <trkpt lat="41.156407" lon="-7.779851">
        <ele>71.8</ele>
      </trkpt>
      <trkpt lat="41.156343" lon="-7.779756">
        <ele>71.3</ele>
      </trkpt>
      <trkpt lat="41.156303" lon="-7.779694">
        <ele>70.8</ele>
      </trkpt>
      <trkpt lat="41.156244" lon="-7.779618">
        <ele>70.3</ele>
      </trkpt>
      <trkpt lat="41.156202" lon="-7.779584">
        <ele>69.8</ele>
      </trkpt>
      <trkpt lat="41.15615" lon="-7.77956">
        <ele>69</ele>
      </trkpt>
      <trkpt lat="41.156137" lon="-7.779567">
        <ele>68.8</ele>
      </trkpt>
      <trkpt lat="41.156113" lon="-7.779581">
        <ele>68.5</ele>
      </trkpt>
      <trkpt lat="41.156073" lon="-7.779587">
        <ele>67.8</ele>
      </trkpt>
      <trkpt lat="41.156033" lon="-7.77958">
        <ele>67</ele>
      </trkpt>
      <trkpt lat="41.15590749308467" lon="-7.779592517763376">
        <ele>65.5</ele>
      </trkpt>
      <trkpt lat="41.1558454670012" lon="-7.779589584097266">
        <ele>64</ele>
      </trkpt>
      <trkpt lat="41.15578159689903" lon="-7.779593020677567">
        <ele>62.9</ele>
      </trkpt>
      <trkpt lat="41.15564916282892" lon="-7.779644737020135">
        <ele>60.3</ele>
      </trkpt>
      <trkpt lat="41.15551354363561" lon="-7.7797138877213">
        <ele>58.4</ele>
      </trkpt>
      <trkpt lat="41.155441626906395" lon="-7.779747247695923">
        <ele>57.8</ele>
      </trkpt>
      <trkpt lat="41.15515840239823" lon="-7.779889656230807">
        <ele>55.9</ele>
      </trkpt>
      <trkpt lat="41.154803428798914" lon="-7.780065927654505">
        <ele>54.6</ele>
      </trkpt>
      <trkpt lat="41.15473243407905" lon="-7.780101466923952">
        <ele>54.6</ele>
      </trkpt>
      <trkpt lat="41.15445323288441" lon="-7.780241360887885">
        <ele>50.7</ele>
      </trkpt>
      <trkpt lat="41.1541807372123" lon="-7.780379662290216">
        <ele>49</ele>
      </trkpt>
      <trkpt lat="41.15392374806106" lon="-7.780513018369675">
        <ele>49.1</ele>
      </trkpt>
      <trkpt lat="41.153612192720175" lon="-7.78066473081708">
        <ele>52.2</ele>
      </trkpt>
      <trkpt lat="41.15323869511485" lon="-7.78085240162909">
        <ele>60.8</ele>
      </trkpt>
      <trkpt lat="41.15294306538999" lon="-7.781002772971988">
        <ele>72.4</ele>
      </trkpt>
      <trkpt lat="41.15282437764108" lon="-7.781060189008713">
        <ele>75.6</ele>
      </trkpt>
      <trkpt lat="41.152590019628406" lon="-7.781193209812045">
        <ele>78.9</ele>
      </trkpt>
      <trkpt lat="41.1524451803416" lon="-7.781303096562624">
        <ele>79.6</ele>
      </trkpt>
      <trkpt lat="41.152398409321904" lon="-7.781343497335911">
        <ele>79.5</ele>
      </trkpt>
      <trkpt lat="41.15224376320839" lon="-7.78146754950285">
        <ele>78.1</ele>
      </trkpt>
      <trkpt lat="41.15211870521307" lon="-7.781502502039075">
        <ele>76.9</ele>
      </trkpt>
      <trkpt lat="41.152094062417746" lon="-7.781522953882814">
        <ele>76.3</ele>
      </trkpt>
      <trkpt lat="41.15204184316099" lon="-7.78157358057797">
        <ele>74.7</ele>
      </trkpt>
      <trkpt lat="41.152073945850134" lon="-7.781724622473121">
        <ele>71.6</ele>
      </trkpt>
      <trkpt lat="41.15236706100404" lon="-7.781945317983627">
        <ele>70.8</ele>
      </trkpt>
      <trkpt lat="41.15248239599168" lon="-7.782043553888798">
        <ele>70.4</ele>
      </trkpt>
      <trkpt lat="41.15258960053325" lon="-7.782176742330194">
        <ele>69.5</ele>
      </trkpt>
      <trkpt lat="41.15261726081371" lon="-7.782636573538184">
        <ele>60.1</ele>
      </trkpt>
      <trkpt lat="41.15253176540136" lon="-7.782803708687425">
        <ele>55.7</ele>
      </trkpt>
      <trkpt lat="41.15240536630154" lon="-7.783057680353522">
        <ele>52.6</ele>
      </trkpt>
      <trkpt lat="41.152159022167325" lon="-7.783557325601578">
        <ele>55.9</ele>
      </trkpt>
      <trkpt lat="41.15211736410856" lon="-7.783642066642642">
        <ele>57.3</ele>
      </trkpt>
      <trkpt lat="41.15194679237902" lon="-7.783986562862992">
        <ele>64.8</ele>
      </trkpt>
      <trkpt lat="41.151903457939625" lon="-7.784072980284691">
        <ele>67.4</ele>
      </trkpt>
      <trkpt lat="41.15181184373796" lon="-7.784233996644616">
        <ele>73</ele>
      </trkpt>
      <trkpt lat="41.151546" lon="-7.784512">
        <ele>81.25</ele>
      </trkpt>
      <trkpt lat="41.15181184373796" lon="-7.784233996644616">
        <ele>73</ele>
      </trkpt>
      <trkpt lat="41.15155435167253" lon="-7.784434575587511">
        <ele>82.7</ele>
      </trkpt>
      <trkpt lat="41.15140959620476" lon="-7.78448679484427">
        <ele>86.3</ele>
      </trkpt>
      <trkpt lat="41.15119242109358" lon="-7.784453183412552">
        <ele>86.9</ele>
      </trkpt>
      <trkpt lat="41.15112419240177" lon="-7.784427618607879">
        <ele>86.3</ele>
      </trkpt>
      <trkpt lat="41.150930067524314" lon="-7.784345978870988">
        <ele>82.8</ele>
      </trkpt>
      <trkpt lat="41.15073887631297" lon="-7.784264758229256">
        <ele>79.1</ele>
      </trkpt>
      <trkpt lat="41.15067584440112" lon="-7.784249251708388">
        <ele>78.3</ele>
      </trkpt>
      <trkpt lat="41.15049144253135" lon="-7.784243132919073">
        <ele>77.7</ele>
      </trkpt>
      <trkpt lat="41.150241158902645" lon="-7.784160822629929">
        <ele>79.6</ele>
      </trkpt>
      <trkpt lat="41.150073604658246" lon="-7.78394197113812">
        <ele>80.9</ele>
      </trkpt>
      <trkpt lat="41.14979188889265" lon="-7.783322464674711">
        <ele>78</ele>
      </trkpt>
      <trkpt lat="41.149755427613854" lon="-7.783261192962527">
        <ele>77.7</ele>
      </trkpt>
      <trkpt lat="41.149617210030556" lon="-7.783141750842333">
        <ele>78.5</ele>
      </trkpt>
      <trkpt lat="41.14941654726863" lon="-7.783149126917124">
        <ele>82.3</ele>
      </trkpt>
      <trkpt lat="41.14912586286664" lon="-7.783214841037989">
        <ele>87.7</ele>
      </trkpt>
      <trkpt lat="41.14883962087333" lon="-7.782864812761545">
        <ele>84.4</ele>
      </trkpt>
      <trkpt lat="41.148808524012566" lon="-7.782694241032004">
        <ele>82.6</ele>
      </trkpt>
      <trkpt lat="41.14877943880856" lon="-7.782586282119155">
        <ele>81.9</ele>
      </trkpt>
      <trkpt lat="41.14867298863828" lon="-7.782413111999631">
        <ele>83.7</ele>
      </trkpt>
      <trkpt lat="41.148448437452316" lon="-7.782170455902815">
        <ele>89.5</ele>
      </trkpt>
      <trkpt lat="41.14815540611744" lon="-7.781761167570949">
        <ele>94.2</ele>
      </trkpt>
      <trkpt lat="41.14823520183563" lon="-7.781333439052105">
        <ele>88.8</ele>
      </trkpt>
      <trkpt lat="41.14826302975416" lon="-7.781291864812374">
        <ele>88.3</ele>
      </trkpt>
      <trkpt lat="41.14839697256684" lon="-7.781071085482836">
        <ele>86.8</ele>
      </trkpt>
      <trkpt lat="41.14844030700624" lon="-7.780764894559979">
        <ele>89.8</ele>
      </trkpt>
      <trkpt lat="41.14838272333145" lon="-7.780515616759658">
        <ele>92.6</ele>
      </trkpt>
      <trkpt lat="41.1482903547585" lon="-7.780343284830451">
        <ele>96.1</ele>
      </trkpt>
      <trkpt lat="41.14794225431979" lon="-7.779792761430144">
        <ele>105.2</ele>
      </trkpt>
      <trkpt lat="41.14790386520326" lon="-7.779701566323638">
        <ele>105.2</ele>
      </trkpt>
      <trkpt lat="41.14775022491813" lon="-7.779251122847199">
        <ele>100.6</ele>
      </trkpt>
      <trkpt lat="41.14730715751648" lon="-7.779207704588771">
        <ele>105.6</ele>
      </trkpt>
      <trkpt lat="41.14714211784303" lon="-7.779369223862886">
        <ele>107.1</ele>
      </trkpt>
      <trkpt lat="41.14705687388778" lon="-7.779557146131992">
        <ele>109.6</ele>
      </trkpt>
      <trkpt lat="41.14688152447343" lon="-7.780102640390396">
        <ele>116.3</ele>
      </trkpt>
      <trkpt lat="41.146860402077436" lon="-7.780146980658174">
        <ele>116.3</ele>
      </trkpt>
      <trkpt lat="41.146638449281454" lon="-7.780464570969343">
        <ele>116.1</ele>
      </trkpt>
      <trkpt lat="41.14652093499899" lon="-7.78052844107151">
        <ele>115.7</ele>
      </trkpt>
      <trkpt lat="41.14622052758932" lon="-7.78029047884047">
        <ele>114.5</ele>
      </trkpt>
      <trkpt lat="41.14620443433523" lon="-7.780238427221775">
        <ele>114.5</ele>
      </trkpt>
      <trkpt lat="41.14619127474725" lon="-7.780186710879207">
        <ele>114.4</ele>
      </trkpt>
      <trkpt lat="41.14612815901637" lon="-7.779931565746665">
        <ele>114.6</ele>
      </trkpt>
      <trkpt lat="41.14576664753258" lon="-7.77980768121779">
        <ele>118.2</ele>
      </trkpt>
      <trkpt lat="41.14570269361138" lon="-7.779862498864532">
        <ele>119.1</ele>
      </trkpt>
      <trkpt lat="41.14544075913727" lon="-7.780125020071864">
        <ele>125.8</ele>
      </trkpt>
      <trkpt lat="41.1451992765069" lon="-7.780391061678529">
        <ele>129.5</ele>
      </trkpt>
      <trkpt lat="41.14516247995198" lon="-7.780424254015088">
        <ele>129.5</ele>
      </trkpt>
      <trkpt lat="41.14498922601342" lon="-7.780519975349307">
        <ele>129.2</ele>
      </trkpt>
      <trkpt lat="41.14475352689624" lon="-7.780480328947306">
        <ele>128.3</ele>
      </trkpt>
      <trkpt lat="41.14464866928756" lon="-7.780231302604079">
        <ele>127.4</ele>
      </trkpt>
      <trkpt lat="41.14465487189591" lon="-7.780053103342652">
        <ele>126.4</ele>
      </trkpt>
      <trkpt lat="41.14466073922813" lon="-7.779995687305927">
        <ele>126.2</ele>
      </trkpt>
      <trkpt lat="41.14471295848489" lon="-7.77961959131062">
        <ele>124</ele>
      </trkpt>
      <trkpt lat="41.144646322354674" lon="-7.779236538335681">
        <ele>123.6</ele>
      </trkpt>
      <trkpt lat="41.144330659881234" lon="-7.779142241925001">
        <ele>131.4</ele>
      </trkpt>
      <trkpt lat="41.144251534715295" lon="-7.779176104813814">
        <ele>132.9</ele>
      </trkpt>
      <trkpt lat="41.143894884735346" lon="-7.779288422316313">
        <ele>136.7</ele>
      </trkpt>
      <trkpt lat="41.14335014484823" lon="-7.779536191374064">
        <ele>142.6</ele>
      </trkpt>
      <trkpt lat="41.14316456951201" lon="-7.779665943235159">
        <ele>144.1</ele>
      </trkpt>
      <trkpt lat="41.142937587574124" lon="-7.779907761141658">
        <ele>149</ele>
      </trkpt>
      <trkpt lat="41.1427369248122" lon="-7.780114877969027">
        <ele>153.3</ele>
      </trkpt>
      <trkpt lat="41.14239008165896" lon="-7.779975570738316">
        <ele>151.3</ele>
      </trkpt>
      <trkpt lat="41.1423619184643" lon="-7.779931230470538">
        <ele>150.7</ele>
      </trkpt>
      <trkpt lat="41.142338030040264" lon="-7.779883118346334">
        <ele>150.1</ele>
      </trkpt>
      <trkpt lat="41.142045417800546" lon="-7.779357908293605">
        <ele>145.7</ele>
      </trkpt>
      <trkpt lat="41.14156144671142" lon="-7.778926659375429">
        <ele>153.4</ele>
      </trkpt>
      <trkpt lat="41.141350977122784" lon="-7.778717866167426">
        <ele>156</ele>
      </trkpt>
      <trkpt lat="41.14112298935652" lon="-7.778434725478292">
        <ele>156.6</ele>
      </trkpt>
      <trkpt lat="41.14068629220128" lon="-7.777936002239585">
        <ele>158.4</ele>
      </trkpt>
      <trkpt lat="41.140371803194284" lon="-7.777757048606873">
        <ele>164.5</ele>
      </trkpt>
      <trkpt lat="41.14029628224671" lon="-7.777705583721399">
        <ele>165.5</ele>
      </trkpt>
      <trkpt lat="41.14004817791283" lon="-7.777464101091027">
        <ele>163.1</ele>
      </trkpt>
      <trkpt lat="41.139719020575285" lon="-7.77748572640121">
        <ele>165.8</ele>
      </trkpt>
      <trkpt lat="41.13956420682371" lon="-7.777593266218901">
        <ele>168.9</ele>
      </trkpt>
      <trkpt lat="41.13921954296529" lon="-7.777719497680664">
        <ele>172</ele>
      </trkpt>
      <trkpt lat="41.13886750303209" lon="-7.777924183756113">
        <ele>178.4</ele>
      </trkpt>
      <trkpt lat="41.13844648003578" lon="-7.778060054406524">
        <ele>181.9</ele>
      </trkpt>
      <trkpt lat="41.138312285766006" lon="-7.778086289763451">
        <ele>183.5</ele>
      </trkpt>
      <trkpt lat="41.13818974234164" lon="-7.778097437694669">
        <ele>184.3</ele>
      </trkpt>
      <trkpt lat="41.13763033412397" lon="-7.777892919257283">
        <ele>178.4</ele>
      </trkpt>
      <trkpt lat="41.137094562873244" lon="-7.777716396376491">
        <ele>176.7</ele>
      </trkpt>
      <trkpt lat="41.13689364865422" lon="-7.777837766334415">
        <ele>176.9</ele>
      </trkpt>
      <trkpt lat="41.1367167904973" lon="-7.778038010001183">
        <ele>177.7</ele>
      </trkpt>
      <trkpt lat="41.13665501587093" lon="-7.778132054954767">
        <ele>178.5</ele>
      </trkpt>
      <trkpt lat="41.136570274829865" lon="-7.778416788205504">
        <ele>183.5</ele>
      </trkpt>
      <trkpt lat="41.136434404179454" lon="-7.779138302430511">
        <ele>184.9</ele>
      </trkpt>
      <trkpt lat="41.13642451353371" lon="-7.779197981581092">
        <ele>185.4</ele>
      </trkpt>
      <trkpt lat="41.136195100843906" lon="-7.779871551319957">
        <ele>190</ele>
      </trkpt>
      <trkpt lat="41.13578011281788" lon="-7.780408663675189">
        <ele>188.7</ele>
      </trkpt>
      <trkpt lat="41.13575463183224" lon="-7.780454764142633">
        <ele>188.5</ele>
      </trkpt>
      <trkpt lat="41.13590315915644" lon="-7.781019369140267">
        <ele>189.4</ele>
      </trkpt>
      <trkpt lat="41.135987313464284" lon="-7.781084664165974">
        <ele>190.5</ele>
      </trkpt>
      <trkpt lat="41.13642929121852" lon="-7.78157651424408">
        <ele>196.1</ele>
      </trkpt>
      <trkpt lat="41.136453514918685" lon="-7.781631667166948">
        <ele>196.4</ele>
      </trkpt>
      <trkpt lat="41.13647581078112" lon="-7.781687490642071">
        <ele>197</ele>
      </trkpt>
      <trkpt lat="41.13642677664757" lon="-7.782095354050398">
        <ele>200.4</ele>
      </trkpt>
      <trkpt lat="41.13621295429766" lon="-7.782426523044705">
        <ele>203.9</ele>
      </trkpt>
      <trkpt lat="41.13605839200318" lon="-7.782557364553213">
        <ele>205.1</ele>
      </trkpt>
      <trkpt lat="41.13558104261756" lon="-7.782896831631661">
        <ele>204.3</ele>
      </trkpt>
      <trkpt lat="41.1355391331017" lon="-7.782938070595264">
        <ele>204.1</ele>
      </trkpt>
      <trkpt lat="41.1355010792613" lon="-7.782980818301439">
        <ele>203.6</ele>
      </trkpt>
      <trkpt lat="41.13540795631707" lon="-7.783121047541499">
        <ele>202.7</ele>
      </trkpt>
      <trkpt lat="41.13542027771473" lon="-7.783573837950826">
        <ele>206</ele>
      </trkpt>
      <trkpt lat="41.1354458425194" lon="-7.783621530979872">
        <ele>206.9</ele>
      </trkpt>
      <trkpt lat="41.13557819277048" lon="-7.784007182344794">
        <ele>213</ele>
      </trkpt>
      <trkpt lat="41.13538079895079" lon="-7.784312618896365">
        <ele>214.5</ele>
      </trkpt>
      <trkpt lat="41.13516127690673" lon="-7.784453015774488">
        <ele>212.6</ele>
      </trkpt>
      <trkpt lat="41.134913424029946" lon="-7.784805139526725">
        <ele>212.3</ele>
      </trkpt>
      <trkpt lat="41.13470898941159" lon="-7.785215433686972">
        <ele>216.2</ele>
      </trkpt>
      <trkpt lat="41.134669594466686" lon="-7.785331774502993">
        <ele>217.9</ele>
      </trkpt>
      <trkpt lat="41.13429014571011" lon="-7.785887075588107">
        <ele>225.1</ele>
      </trkpt>
      <trkpt lat="41.13387289457023" lon="-7.786276750266552">
        <ele>229.8</ele>
      </trkpt>
      <trkpt lat="41.13339780829847" lon="-7.786639267578721">
        <ele>231.3</ele>
      </trkpt>
      <trkpt lat="41.133063873276114" lon="-7.786929784342647">
        <ele>232</ele>
      </trkpt>
      <trkpt lat="41.13262298516929" lon="-7.787352902814746">
        <ele>231.7</ele>
      </trkpt>
      <trkpt lat="41.132482923567295" lon="-7.787517104297876">
        <ele>231.4</ele>
      </trkpt>
      <trkpt lat="41.13220741041005" lon="-7.788026891648769">
        <ele>235</ele>
      </trkpt>
      <trkpt lat="41.13210842013359" lon="-7.78816033154726">
        <ele>235.7</ele>
      </trkpt>
      <trkpt lat="41.131861824542284" lon="-7.788342135027051">
        <ele>236.4</ele>
      </trkpt>
      <trkpt lat="41.131726959720254" lon="-7.78840416111052">
        <ele>235.6</ele>
      </trkpt>
      <trkpt lat="41.13160106353462" lon="-7.788489740341902">
        <ele>235.1</ele>
      </trkpt>
      <trkpt lat="41.131481202319264" lon="-7.788586551323533">
        <ele>233.7</ele>
      </trkpt>
      <trkpt lat="41.13135396502912" lon="-7.788899783045054">
        <ele>232.8</ele>
      </trkpt>
      <trkpt lat="41.13134675659239" lon="-7.788958456367254">
        <ele>233</ele>
      </trkpt>
      <trkpt lat="41.13133602775633" lon="-7.789072450250387">
        <ele>233.9</ele>
      </trkpt>
      <trkpt lat="41.13134767860174" lon="-7.789311083033681">
        <ele>237.3</ele>
      </trkpt>
      <trkpt lat="41.13134038634598" lon="-7.789913238957524">
        <ele>244.3</ele>
      </trkpt>
      <trkpt lat="41.13117744214833" lon="-7.790610110387206">
        <ele>246.2</ele>
      </trkpt>
      <trkpt lat="41.13114860840142" lon="-7.790737012401223">
        <ele>246.9</ele>
      </trkpt>
      <trkpt lat="41.131028747186065" lon="-7.791298348456621">
        <ele>249.5</ele>
      </trkpt>
      <trkpt lat="41.13092573359609" lon="-7.791753737255931">
        <ele>248</ele>
      </trkpt>
      <trkpt lat="41.130935456603765" lon="-7.79195062816143">
        <ele>248.5</ele>
      </trkpt>
      <trkpt lat="41.130962362512946" lon="-7.792078452184796">
        <ele>249.3</ele>
      </trkpt>
      <trkpt lat="41.131136789917946" lon="-7.792800050228834">
        <ele>249.9</ele>
      </trkpt>
      <trkpt lat="41.13118096254766" lon="-7.793011693283916">
        <ele>249.9</ele>
      </trkpt>
      <trkpt lat="41.1311858240515" lon="-7.793163489550352">
        <ele>249.5</ele>
      </trkpt>
      <trkpt lat="41.131097143515944" lon="-7.793537573888898">
        <ele>249.8</ele>
      </trkpt>
      <trkpt lat="41.130878794938326" lon="-7.794072926044464">
        <ele>253</ele>
      </trkpt>
      <trkpt lat="41.13060244359076" lon="-7.794742472469807">
        <ele>256.1</ele>
      </trkpt>
      <trkpt lat="41.13034134730697" lon="-7.795383771881461">
        <ele>255.2</ele>
      </trkpt>
      <trkpt lat="41.13018217496574" lon="-7.795771937817335">
        <ele>256.6</ele>
      </trkpt>
      <trkpt lat="41.13001964986324" lon="-7.796074189245701">
        <ele>257.3</ele>
      </trkpt>
      <trkpt lat="41.12971253693104" lon="-7.796299997717142">
        <ele>256.1</ele>
      </trkpt>
      <trkpt lat="41.129506258293986" lon="-7.796385996043682">
        <ele>256.5</ele>
      </trkpt>
      <trkpt lat="41.12916645593941" lon="-7.796209305524826">
        <ele>253.8</ele>
      </trkpt>
      <trkpt lat="41.12911080010235" lon="-7.795557361096144">
        <ele>256.3</ele>
      </trkpt>
      <trkpt lat="41.129307858645916" lon="-7.794950427487493">
        <ele>255.6</ele>
      </trkpt>
      <trkpt lat="41.12931934185326" lon="-7.79481103643775">
        <ele>255.9</ele>
      </trkpt>
      <trkpt lat="41.129310289397836" lon="-7.79468446969986">
        <ele>256.6</ele>
      </trkpt>
      <trkpt lat="41.12923527136445" lon="-7.794185159727931">
        <ele>259</ele>
      </trkpt>
      <trkpt lat="41.12919570878148" lon="-7.794076949357987">
        <ele>260.1</ele>
      </trkpt>
      <trkpt lat="41.12909688614309" lon="-7.793871592730284">
        <ele>261.8</ele>
      </trkpt>
      <trkpt lat="41.12882581539452" lon="-7.793446881696582">
        <ele>267.2</ele>
      </trkpt>
      <trkpt lat="41.12859020009637" lon="-7.793070366606116">
        <ele>268.7</ele>
      </trkpt>
      <trkpt lat="41.128562623634934" lon="-7.793017225340009">
        <ele>268.9</ele>
      </trkpt>
      <trkpt lat="41.128514260053635" lon="-7.792907087132335">
        <ele>269.2</ele>
      </trkpt>
      <trkpt lat="41.128544015809894" lon="-7.792337201535702">
        <ele>270.2</ele>
      </trkpt>
      <trkpt lat="41.128657422959805" lon="-7.792114410549402">
        <ele>269.7</ele>
      </trkpt>
      <trkpt lat="41.128974510356784" lon="-7.791750300675631">
        <ele>266.3</ele>
      </trkpt>
      <trkpt lat="41.129022454842925" lon="-7.791584338992834">
        <ele>265.2</ele>
      </trkpt>
      <trkpt lat="41.1290289927274" lon="-7.79146296903491">
        <ele>266.7</ele>
      </trkpt>
      <trkpt lat="41.129034189507365" lon="-7.790717985481024">
        <ele>275.1</ele>
      </trkpt>
      <trkpt lat="41.12905589863658" lon="-7.790599968284369">
        <ele>276.1</ele>
      </trkpt>
      <trkpt lat="41.12915455363691" lon="-7.790011307224631">
        <ele>275.2</ele>
      </trkpt>
      <trkpt lat="41.129137789830565" lon="-7.789833191782236">
        <ele>275.7</ele>
      </trkpt>
      <trkpt lat="41.12912337295711" lon="-7.789779379963875">
        <ele>276.1</ele>
      </trkpt>
      <trkpt lat="41.12893343903124" lon="-7.789363134652376">
        <ele>279.7</ele>
      </trkpt>
      <trkpt lat="41.128719951957464" lon="-7.788905901834369">
        <ele>282.9</ele>
      </trkpt>
      <trkpt lat="41.12870058976114" lon="-7.788853766396642">
        <ele>283.1</ele>
      </trkpt>
      <trkpt lat="41.1286439280957" lon="-7.788409357890487">
        <ele>284.4</ele>
      </trkpt>
      <trkpt lat="41.12869178876281" lon="-7.788054887205362">
        <ele>285.9</ele>
      </trkpt>
      <trkpt lat="41.128753228113055" lon="-7.787876855581999">
        <ele>286.6</ele>
      </trkpt>
      <trkpt lat="41.1288268212229" lon="-7.787653394043446">
        <ele>287.4</ele>
      </trkpt>
      <trkpt lat="41.128891445696354" lon="-7.787367068231106">
        <ele>289</ele>
      </trkpt>
      <trkpt lat="41.12891600467265" lon="-7.787130363285542">
        <ele>290.4</ele>
      </trkpt>
      <trkpt lat="41.128929080441594" lon="-7.786901704967022">
        <ele>292.3</ele>
      </trkpt>
      <trkpt lat="41.12906084395945" lon="-7.786392085254192">
        <ele>291.9</ele>
      </trkpt>
      <trkpt lat="41.12905849702656" lon="-7.786159738898277">
        <ele>293.3</ele>
      </trkpt>
      <trkpt lat="41.1290324293077" lon="-7.786051528528333">
        <ele>293.2</ele>
      </trkpt>
      <trkpt lat="41.12889362499118" lon="-7.785645257681608">
        <ele>294.2</ele>
      </trkpt>
      <trkpt lat="41.12879170104861" lon="-7.785333283245564">
        <ele>294.6</ele>
      </trkpt>
      <trkpt lat="41.12877384759486" lon="-7.785220965743065">
        <ele>294.7</ele>
      </trkpt>
      <trkpt lat="41.1287406552583" lon="-7.784998845309019">
        <ele>296.6</ele>
      </trkpt>
      <trkpt lat="41.128726322203875" lon="-7.784775719046593">
        <ele>298.8</ele>
      </trkpt>
      <trkpt lat="41.12863571383059" lon="-7.784325527027249">
        <ele>303.2</ele>
      </trkpt>
      <trkpt lat="41.12854787148535" lon="-7.78417699970305">
        <ele>304</ele>
      </trkpt>
      <trkpt lat="41.128424322232604" lon="-7.784064514562488">
        <ele>304.7</ele>
      </trkpt>
      <trkpt lat="41.128046717494726" lon="-7.78384474106133">
        <ele>307.2</ele>
      </trkpt>
      <trkpt lat="41.12794185988605" lon="-7.783833174034953">
        <ele>307.9</ele>
      </trkpt>
      <trkpt lat="41.127609852701426" lon="-7.783987317234278">
        <ele>309.4</ele>
      </trkpt>
      <trkpt lat="41.127479346469045" lon="-7.784093096852303">
        <ele>309.6</ele>
      </trkpt>
      <trkpt lat="41.12712889909744" lon="-7.784367268905044">
        <ele>311.9</ele>
      </trkpt>
      <trkpt lat="41.12703644670546" lon="-7.784411357715726">
        <ele>312.7</ele>
      </trkpt>
      <trkpt lat="41.12660310231149" lon="-7.784529374912381">
        <ele>313.4</ele>
      </trkpt>
      <trkpt lat="41.12638559192419" lon="-7.78462559916079">
        <ele>313</ele>
      </trkpt>
      <trkpt lat="41.12627947703004" lon="-7.784733641892672">
        <ele>313.3</ele>
      </trkpt>
      <trkpt lat="41.12616565078497" lon="-7.785047125071287">
        <ele>315.9</ele>
      </trkpt>
      <trkpt lat="41.12605660222471" lon="-7.785748858004808">
        <ele>317.1</ele>
      </trkpt>
      <trkpt lat="41.1260378267616" lon="-7.785867378115654">
        <ele>317.4</ele>
      </trkpt>
      <trkpt lat="41.125906733796" lon="-7.786558633670211">
        <ele>322.6</ele>
      </trkpt>
      <trkpt lat="41.12588871270418" lon="-7.786610685288906">
        <ele>323.1</ele>
      </trkpt>
      <trkpt lat="41.125652343034744" lon="-7.787055931985378">
        <ele>325.4</ele>
      </trkpt>
      <trkpt lat="41.12535956315696" lon="-7.787485839799047">
        <ele>326</ele>
      </trkpt>
      <trkpt lat="41.12517675384879" lon="-7.787780128419399">
        <ele>326.4</ele>
      </trkpt>
      <trkpt lat="41.1251107044518" lon="-7.78801029548049">
        <ele>327.8</ele>
      </trkpt>
      <trkpt lat="41.12509318627417" lon="-7.788131413981319">
        <ele>328.6</ele>
      </trkpt>
      <trkpt lat="41.125083630904555" lon="-7.788193440064788">
        <ele>328.9</ele>
      </trkpt>
      <trkpt lat="41.12504046410322" lon="-7.788443388417363">
        <ele>329.4</ele>
      </trkpt>
      <trkpt lat="41.1250433139503" lon="-7.788631729781628">
        <ele>329.7</ele>
      </trkpt>
      <trkpt lat="41.125053372234106" lon="-7.788692163303495">
        <ele>330</ele>
      </trkpt>
      <trkpt lat="41.125122690573335" lon="-7.789116622880101">
        <ele>331</ele>
      </trkpt>
      <trkpt lat="41.125176921486855" lon="-7.789553822949529">
        <ele>332.3</ele>
      </trkpt>
      <trkpt lat="41.12516258843243" lon="-7.789748115465045">
        <ele>333.4</ele>
      </trkpt>
      <trkpt lat="41.125079775229096" lon="-7.790152290835977">
        <ele>335.9</ele>
      </trkpt>
      <trkpt lat="41.12498162314296" lon="-7.790304590016604">
        <ele>336.9</ele>
      </trkpt>
      <trkpt lat="41.12472480162978" lon="-7.790438365191221">
        <ele>338.1</ele>
      </trkpt>
      <trkpt lat="41.12450201064348" lon="-7.790513215586543">
        <ele>339.7</ele>
      </trkpt>
      <trkpt lat="41.12433931790292" lon="-7.790569039061666">
        <ele>340.1</ele>
      </trkpt>
      <trkpt lat="41.12420202232897" lon="-7.79068018309772">
        <ele>340</ele>
      </trkpt>
      <trkpt lat="41.12411887384951" lon="-7.791077652946115">
        <ele>342.1</ele>
      </trkpt>
      <trkpt lat="41.124112671241164" lon="-7.791362050920725">
        <ele>344</ele>
      </trkpt>
      <trkpt lat="41.12409104593098" lon="-7.791946353390813">
        <ele>346.5</ele>
      </trkpt>
      <trkpt lat="41.12404100596905" lon="-7.792114578187466">
        <ele>346.5</ele>
      </trkpt>
      <trkpt lat="41.1237689293921" lon="-7.792306356132031">
        <ele>347.9</ele>
      </trkpt>
      <trkpt lat="41.12349534407258" lon="-7.792297219857574">
        <ele>348.6</ele>
      </trkpt>
      <trkpt lat="41.12336291000247" lon="-7.792338961735368">
        <ele>349.2</ele>
      </trkpt>
      <trkpt lat="41.12328227609396" lon="-7.792396126314998">
        <ele>350</ele>
      </trkpt>
      <trkpt lat="41.12312821671367" lon="-7.792533840984106">
        <ele>352</ele>
      </trkpt>
      <trkpt lat="41.122833425179124" lon="-7.792830979451537">
        <ele>354.9</ele>
      </trkpt>
      <trkpt lat="41.12253896892071" lon="-7.793115377426148">
        <ele>355.6</ele>
      </trkpt>
      <trkpt lat="41.122395638376474" lon="-7.793245883658528">
        <ele>356.1</ele>
      </trkpt>
      <trkpt lat="41.122142504900694" lon="-7.793417545035482">
        <ele>358.5</ele>
      </trkpt>
      <trkpt lat="41.12171242944896" lon="-7.793499603867531">
        <ele>357.3</ele>
      </trkpt>
      <trkpt lat="41.12157781608403" lon="-7.793547715991736">
        <ele>355.9</ele>
      </trkpt>
      <trkpt lat="41.12138821743429" lon="-7.793856002390385">
        <ele>357.8</ele>
      </trkpt>
      <trkpt lat="41.121303141117096" lon="-7.794126402586699">
        <ele>361</ele>
      </trkpt>
      <trkpt lat="41.121252262964845" lon="-7.794223465025425">
        <ele>362.1</ele>
      </trkpt>
      <trkpt lat="41.12122074700892" lon="-7.794264033436775">
        <ele>362.6</ele>
      </trkpt>
      <trkpt lat="41.12096074037254" lon="-7.794333938509226">
        <ele>363</ele>
      </trkpt>
      <trkpt lat="41.12073702737689" lon="-7.794280964881182">
        <ele>361.8</ele>
      </trkpt>
      <trkpt lat="41.12056259997189" lon="-7.79420418664813">
        <ele>360.6</ele>
      </trkpt>
      <trkpt lat="41.12038071267307" lon="-7.794226063415408">
        <ele>360.4</ele>
      </trkpt>
      <trkpt lat="41.12026051618159" lon="-7.794310972094536">
        <ele>361.6</ele>
      </trkpt>
      <trkpt lat="41.12018642015755" lon="-7.794386493042111">
        <ele>362.9</ele>
      </trkpt>
      <trkpt lat="41.120081478729844" lon="-7.794577684253454">
        <ele>365.6</ele>
      </trkpt>
      <trkpt lat="41.120053147897124" lon="-7.794759655371308">
        <ele>368.1</ele>
      </trkpt>
      <trkpt lat="41.12003630027175" lon="-7.794882450252771">
        <ele>369.2</ele>
      </trkpt>
      <trkpt lat="41.119989696890116" lon="-7.795057380571961">
        <ele>370.5</ele>
      </trkpt>
      <trkpt lat="41.11991216428578" lon="-7.795214457437396">
        <ele>372.2</ele>
      </trkpt>
      <trkpt lat="41.11974854953587" lon="-7.795450240373612">
        <ele>375.1</ele>
      </trkpt>
      <trkpt lat="41.11970957368612" lon="-7.795489048585296">
        <ele>375.6</ele>
      </trkpt>
      <trkpt lat="41.119475634768605" lon="-7.795590553432703">
        <ele>376.9</ele>
      </trkpt>
      <trkpt lat="41.11937714740634" lon="-7.795620141550899">
        <ele>377.3</ele>
      </trkpt>
      <trkpt lat="41.11909182742238" lon="-7.795637911185622">
        <ele>377.7</ele>
      </trkpt>
      <trkpt lat="41.11900046467781" lon="-7.795604970306158">
        <ele>377.7</ele>
      </trkpt>
      <trkpt lat="41.11891069449484" lon="-7.795546548441052">
        <ele>377.5</ele>
      </trkpt>
      <trkpt lat="41.11865353770554" lon="-7.795321578159928">
        <ele>378.9</ele>
      </trkpt>
      <trkpt lat="41.11850601620972" lon="-7.795139020308852">
        <ele>379</ele>
      </trkpt>
      <trkpt lat="41.11843259073794" lon="-7.794891921803355">
        <ele>378.2</ele>
      </trkpt>
      <trkpt lat="41.11842571757734" lon="-7.7948257047683">
        <ele>377.8</ele>
      </trkpt>
      <trkpt lat="41.118373833596706" lon="-7.79450467787683">
        <ele>378.7</ele>
      </trkpt>
      <trkpt lat="41.118340976536274" lon="-7.794386995956302">
        <ele>379.3</ele>
      </trkpt>
      <trkpt lat="41.118207620456815" lon="-7.794130677357316">
        <ele>381</ele>
      </trkpt>
      <trkpt lat="41.118183648213744" lon="-7.794078793376684">
        <ele>381.2</ele>
      </trkpt>
      <trkpt lat="41.1181634478271" lon="-7.794023137539625">
        <ele>381.5</ele>
      </trkpt>
      <trkpt lat="41.11813989467919" lon="-7.793774697929621">
        <ele>382.2</ele>
      </trkpt>
      <trkpt lat="41.11815950833261" lon="-7.793580824509263">
        <ele>383.8</ele>
      </trkpt>
      <trkpt lat="41.11820359714329" lon="-7.793060643598437">
        <ele>384.2</ele>
      </trkpt>
      <trkpt lat="41.118181720376015" lon="-7.792931562289596">
        <ele>384</ele>
      </trkpt>
      <trkpt lat="41.11798491328955" lon="-7.792425127699971">
        <ele>384.1</ele>
      </trkpt>
      <trkpt lat="41.11781585030258" lon="-7.792121786624193">
        <ele>386</ele>
      </trkpt>
      <trkpt lat="41.11776321195066" lon="-7.792015839368105">
        <ele>387.3</ele>
      </trkpt>
      <trkpt lat="41.1177144292742" lon="-7.791701937094331">
        <ele>388.6</ele>
      </trkpt>
      <trkpt lat="41.11782029271126" lon="-7.791418712586165">
        <ele>387.7</ele>
      </trkpt>
      <trkpt lat="41.11797728575766" lon="-7.791189132258296">
        <ele>385.8</ele>
      </trkpt>
      <trkpt lat="41.11811407841742" lon="-7.790945218876004">
        <ele>384.4</ele>
      </trkpt>
      <trkpt lat="41.1181705724448" lon="-7.79051355086267">
        <ele>386.6</ele>
      </trkpt>
      <trkpt lat="41.11817074008286" lon="-7.790384972468019">
        <ele>387.7</ele>
      </trkpt>
      <trkpt lat="41.11819764599204" lon="-7.789947353303433">
        <ele>388.2</ele>
      </trkpt>
      <trkpt lat="41.118165124207735" lon="-7.789769070222974">
        <ele>388.7</ele>
      </trkpt>
      <trkpt lat="41.11806571483612" lon="-7.78954653069377">
        <ele>391.4</ele>
      </trkpt>
      <trkpt lat="41.11799539066851" lon="-7.789442595094442">
        <ele>393.5</ele>
      </trkpt>
      <trkpt lat="41.11782532185316" lon="-7.789302114397287">
        <ele>397.8</ele>
      </trkpt>
      <trkpt lat="41.11745006404817" lon="-7.789462711662054">
        <ele>401.1</ele>
      </trkpt>
      <trkpt lat="41.117143873125315" lon="-7.789805782958865">
        <ele>402.4</ele>
      </trkpt>
      <trkpt lat="41.1170463077724" lon="-7.789874766021967">
        <ele>404</ele>
      </trkpt>
      <trkpt lat="41.11682754009962" lon="-7.789912400767207">
        <ele>405.3</ele>
      </trkpt>
      <trkpt lat="41.11666241660714" lon="-7.789911646395922">
        <ele>404.7</ele>
      </trkpt>
      <trkpt lat="41.11660843715072" lon="-7.78992329724133">
        <ele>404.3</ele>
      </trkpt>
      <trkpt lat="41.116445660591125" lon="-7.79007769189775">
        <ele>405.7</ele>
      </trkpt>
      <trkpt lat="41.116344910115004" lon="-7.79022722505033">
        <ele>408</ele>
      </trkpt>
      <trkpt lat="41.11627500504255" lon="-7.790328310802579">
        <ele>409.6</ele>
      </trkpt>
      <trkpt lat="41.11598884686828" lon="-7.790443478152156">
        <ele>410.7</ele>
      </trkpt>
      <trkpt lat="41.11593461595476" lon="-7.790436185896397">
        <ele>410.8</ele>
      </trkpt>
      <trkpt lat="41.11541569232941" lon="-7.790275672450662">
        <ele>411.8</ele>
      </trkpt>
      <trkpt lat="41.11488335765898" lon="-7.7900957968086">
        <ele>413.5</ele>
      </trkpt>
      <trkpt lat="41.114778919145465" lon="-7.790061011910439">
        <ele>413.3</ele>
      </trkpt>
      <trkpt lat="41.11462410539389" lon="-7.790015665814281">
        <ele>411.7</ele>
      </trkpt>
      <trkpt lat="41.11440676264465" lon="-7.790142735466361">
        <ele>411.1</ele>
      </trkpt>
      <trkpt lat="41.11432948149741" lon="-7.790455715730786">
        <ele>415.7</ele>
      </trkpt>
      <trkpt lat="41.11430902965367" lon="-7.790655372664332">
        <ele>419.2</ele>
      </trkpt>
      <trkpt lat="41.11429494805634" lon="-7.790721757337451">
        <ele>420.1</ele>
      </trkpt>
      <trkpt lat="41.11419956199825" lon="-7.790972543880343">
        <ele>420.7</ele>
      </trkpt>
      <trkpt lat="41.114060170948505" lon="-7.791267419233918">
        <ele>417.7</ele>
      </trkpt>
      <trkpt lat="41.11402756534517" lon="-7.791532455012202">
        <ele>415.7</ele>
      </trkpt>
      <trkpt lat="41.114074755460024" lon="-7.791731860488653">
        <ele>416.5</ele>
      </trkpt>
      <trkpt lat="41.11426058225334" lon="-7.792425965890288">
        <ele>420.3</ele>
      </trkpt>
      <trkpt lat="41.11427399329841" lon="-7.792499642819166">
        <ele>420.6</ele>
      </trkpt>
      <trkpt lat="41.114294696599245" lon="-7.792644314467907">
        <ele>421.7</ele>
      </trkpt>
      <trkpt lat="41.114293187856674" lon="-7.792721344158053">
        <ele>422.2</ele>
      </trkpt>
      <trkpt lat="41.113981464877725" lon="-7.793107833713293">
        <ele>424.8</ele>
      </trkpt>
      <trkpt lat="41.11392706632614" lon="-7.793128788471222">
        <ele>425.2</ele>
      </trkpt>
      <trkpt lat="41.113765966147184" lon="-7.793185533955693">
        <ele>425.5</ele>
      </trkpt>
      <trkpt lat="41.11363428644836" lon="-7.793304389342666">
        <ele>426.5</ele>
      </trkpt>
      <trkpt lat="41.11359966918826" lon="-7.793361889198422">
        <ele>427.5</ele>
      </trkpt>
      <trkpt lat="41.11343831755221" lon="-7.793658021837473">
        <ele>428.2</ele>
      </trkpt>
      <trkpt lat="41.11334569752216" lon="-7.793837646022439">
        <ele>428.9</ele>
      </trkpt>
      <trkpt lat="41.113277385011315" lon="-7.794020874425769">
        <ele>429.3</ele>
      </trkpt>
      <trkpt lat="41.11326632089913" lon="-7.794156828895211">
        <ele>430.7</ele>
      </trkpt>
      <trkpt lat="41.113223070278764" lon="-7.794415578246117">
        <ele>433.6</ele>
      </trkpt>
      <trkpt lat="41.11319256015122" lon="-7.794471401721239">
        <ele>434.2</ele>
      </trkpt>
      <trkpt lat="41.112933894619346" lon="-7.794600818306208">
        <ele>435.7</ele>
      </trkpt>
      <trkpt lat="41.112857619300485" lon="-7.79458774253726">
        <ele>435.2</ele>
      </trkpt>
      <trkpt lat="41.11254011280835" lon="-7.794586233794689">
        <ele>431.2</ele>
      </trkpt>
      <trkpt lat="41.11233341507614" lon="-7.794724702835083">
        <ele>430.8</ele>
      </trkpt>
      <trkpt lat="41.11217373982072" lon="-7.794913295656443">
        <ele>432.1</ele>
      </trkpt>
      <trkpt lat="41.11204138956964" lon="-7.795009687542915">
        <ele>432.8</ele>
      </trkpt>
      <trkpt lat="41.111993780359626" lon="-7.795023433864117">
        <ele>432.6</ele>
      </trkpt>
      <trkpt lat="41.111635537818074" lon="-7.794645493850112">
        <ele>432.5</ele>
      </trkpt>
      <trkpt lat="41.11159714870155" lon="-7.794471317902207">
        <ele>432.1</ele>
      </trkpt>
      <trkpt lat="41.111463038250804" lon="-7.793723484501243">
        <ele>432.9</ele>
      </trkpt>
      <trkpt lat="41.11142288893461" lon="-7.793439170345664">
        <ele>433.4</ele>
      </trkpt>
      <trkpt lat="41.111354576423764" lon="-7.792966766282916">
        <ele>433.9</ele>
      </trkpt>
      <trkpt lat="41.11133915372193" lon="-7.792908009141684">
        <ele>434.2</ele>
      </trkpt>
      <trkpt lat="41.111277379095554" lon="-7.792733665555716">
        <ele>435</ele>
      </trkpt>
      <trkpt lat="41.111126421019435" lon="-7.792595531791449">
        <ele>438</ele>
      </trkpt>
      <trkpt lat="41.11086297780275" lon="-7.792392270639539">
        <ele>442.2</ele>
      </trkpt>
      <trkpt lat="41.11078519374132" lon="-7.792046517133713">
        <ele>441.2</ele>
      </trkpt>
      <trkpt lat="41.110732639208436" lon="-7.791312094777823">
        <ele>442.7</ele>
      </trkpt>
      <trkpt lat="41.11066684126854" lon="-7.790980758145452">
        <ele>444.3</ele>
      </trkpt>
      <trkpt lat="41.1104685254395" lon="-7.790464432910085">
        <ele>445.2</ele>
      </trkpt>
      <trkpt lat="41.11036593094468" lon="-7.790200067684054">
        <ele>447.4</ele>
      </trkpt>
      <trkpt lat="41.110276747494936" lon="-7.79002295807004">
        <ele>449.7</ele>
      </trkpt>
      <trkpt lat="41.11023969948292" lon="-7.789974510669708">
        <ele>450.8</ele>
      </trkpt>
      <trkpt lat="41.110200472176075" lon="-7.789930757135153">
        <ele>451.2</ele>
      </trkpt>
      <trkpt lat="41.10996854491532" lon="-7.789816679432988">
        <ele>452.2</ele>
      </trkpt>
      <trkpt lat="41.109866788610816" lon="-7.789834616705775">
        <ele>452.7</ele>
      </trkpt>
      <trkpt lat="41.109764110296965" lon="-7.789858253672719">
        <ele>453.5</ele>
      </trkpt>
      <trkpt lat="41.109505612403154" lon="-7.789914915338159">
        <ele>452.2</ele>
      </trkpt>
      <trkpt lat="41.10924728214741" lon="-7.789985155686736">
        <ele>450.8</ele>
      </trkpt>
      <trkpt lat="41.10906204208732" lon="-7.790087331086397">
        <ele>452.4</ele>
      </trkpt>
      <trkpt lat="41.108793234452605" lon="-7.790420763194561">
        <ele>457.6</ele>
      </trkpt>
      <trkpt lat="41.10863766632974" lon="-7.790612624958158">
        <ele>457</ele>
      </trkpt>
      <trkpt lat="41.108476147055626" lon="-7.790810773149133">
        <ele>456.5</ele>
      </trkpt>
      <trkpt lat="41.108322674408555" lon="-7.791023841127753">
        <ele>456.1</ele>
      </trkpt>
      <trkpt lat="41.10829669050872" lon="-7.79108620248735">
        <ele>456.5</ele>
      </trkpt>
      <trkpt lat="41.10819820314646" lon="-7.791341599076986">
        <ele>457.9</ele>
      </trkpt>
      <trkpt lat="41.10803333111107" lon="-7.791729094460607">
        <ele>458.1</ele>
      </trkpt>
      <trkpt lat="41.107921516522765" lon="-7.791901007294655">
        <ele>459.1</ele>
      </trkpt>
      <trkpt lat="41.107876589521766" lon="-7.791950460523367">
        <ele>459.2</ele>
      </trkpt>
      <trkpt lat="41.10768615268171" lon="-7.792110638692975">
        <ele>459.9</ele>
      </trkpt>
      <trkpt lat="41.10758221708238" lon="-7.792170569300652">
        <ele>459.3</ele>
      </trkpt>
      <trkpt lat="41.10735942609608" lon="-7.792215412482619">
        <ele>459.6</ele>
      </trkpt>
      <trkpt lat="41.107303434982896" lon="-7.792216502130032">
        <ele>459.8</ele>
      </trkpt>
      <trkpt lat="41.107133366167545" lon="-7.792222201824188">
        <ele>461</ele>
      </trkpt>
      <trkpt lat="41.10690579749644" lon="-7.792278528213501">
        <ele>459.8</ele>
      </trkpt>
      <trkpt lat="41.106710247695446" lon="-7.79243485070765">
        <ele>456.7</ele>
      </trkpt>
      <trkpt lat="41.10659088939428" lon="-7.792593101039529">
        <ele>455.6</ele>
      </trkpt>
      <trkpt lat="41.10630045644939" lon="-7.793195508420467">
        <ele>462.6</ele>
      </trkpt>
      <trkpt lat="41.106139020994306" lon="-7.793366080150008">
        <ele>466.8</ele>
      </trkpt>
      <trkpt lat="41.106090070679784" lon="-7.793400529772043">
        <ele>467</ele>
      </trkpt>
      <trkpt lat="41.10594757832587" lon="-7.793501112610102">
        <ele>467.4</ele>
      </trkpt>
      <trkpt lat="41.1056006513536" lon="-7.793778721243143">
        <ele>464</ele>
      </trkpt>
      <trkpt lat="41.10538381151855" lon="-7.794079128652811">
        <ele>466.8</ele>
      </trkpt>
      <trkpt lat="41.1051997449249" lon="-7.794439969584346">
        <ele>466.9</ele>
      </trkpt>
      <trkpt lat="41.10512078739703" lon="-7.794585814699531">
        <ele>467.1</ele>
      </trkpt>
      <trkpt lat="41.10483379103243" lon="-7.794798463582993">
        <ele>466.9</ele>
      </trkpt>
      <trkpt lat="41.10477017238736" lon="-7.794821765273809">
        <ele>466.9</ele>
      </trkpt>
      <trkpt lat="41.10470814630389" lon="-7.794849341735244">
        <ele>467.1</ele>
      </trkpt>
      <trkpt lat="41.104484" lon="-7.79496">
        <ele>466.3</ele>
      </trkpt>
      <trkpt lat="41.104452" lon="-7.794958">
        <ele>466.3</ele>
      </trkpt>
      <trkpt lat="41.104394" lon="-7.794925">
        <ele>465.5</ele>
      </trkpt>
      <trkpt lat="41.104344" lon="-7.79486">
        <ele>464.3</ele>
      </trkpt>
      <trkpt lat="41.104123" lon="-7.795203">
        <ele>467</ele>
      </trkpt>
      <trkpt lat="41.103831" lon="-7.795654">
        <ele>470.8</ele>
      </trkpt>
      <trkpt lat="41.103678" lon="-7.795891">
        <ele>473</ele>
      </trkpt>
      <trkpt lat="41.1034" lon="-7.79627">
        <ele>475</ele>
      </trkpt>
      <trkpt lat="41.103156" lon="-7.796602">
        <ele>477</ele>
      </trkpt>
      <trkpt lat="41.102922" lon="-7.797017">
        <ele>481.3</ele>
      </trkpt>
      <trkpt lat="41.102436" lon="-7.79807">
        <ele>487</ele>
      </trkpt>
      <trkpt lat="41.102406" lon="-7.798135">
        <ele>487.5</ele>
      </trkpt>
      <trkpt lat="41.102247" lon="-7.798256">
        <ele>486.5</ele>
      </trkpt>
      <trkpt lat="41.102067" lon="-7.798718">
        <ele>489.5</ele>
      </trkpt>
      <trkpt lat="41.10199" lon="-7.798814">
        <ele>489</ele>
      </trkpt>
      <trkpt lat="41.101977" lon="-7.798833">
        <ele>488.3</ele>
      </trkpt>
      <trkpt lat="41.101875" lon="-7.798975">
        <ele>488.3</ele>
      </trkpt>
      <trkpt lat="41.101788" lon="-7.798998">
        <ele>486.5</ele>
      </trkpt>
      <trkpt lat="41.10171" lon="-7.798965">
        <ele>484.5</ele>
      </trkpt>
      <trkpt lat="41.10163" lon="-7.798873">
        <ele>482</ele>
      </trkpt>
      <trkpt lat="41.101654" lon="-7.798836">
        <ele>483.5</ele>
      </trkpt>
      <trkpt lat="41.101806" lon="-7.798611">
        <ele>483.3</ele>
      </trkpt>
      <trkpt lat="41.101813" lon="-7.7986">
        <ele>483.5</ele>
      </trkpt>
    </trkseg>
  </trk>
</gpx>
