<?xml version="1.0" encoding="UTF-8"?>
<gpx creator="https://gpx.studio" version="1.1" schemaLocation="http://www.topografix.com/GPX/1/1 http://www.topografix.com/GPX/1/1/gpx.xsd http://www.garmin.com/xmlschemas/GpxExtensions/v3 http://www.garmin.com/xmlschemas/GpxExtensionsv3.xsd http://www.garmin.com/xmlschemas/TrackPointExtension/v1 http://www.garmin.com/xmlschemas/TrackPointExtensionv1.xsd http://www.garmin.com/xmlschemas/PowerExtension/v1 http://www.garmin.com/xmlschemas/PowerExtensionv1.xsd http://www.topografix.com/GPX/gpx_style/0/2 http://www.topografix.com/GPX/gpx_style/0/2/gpx_style.xsd" xmlns="http://www.topografix.com/GPX/1/1" xmlns:xsi="http://www.w3.org/2001/XMLSchema-instance" xsi:schemaLocation="http://www.topografix.com/GPX/1/1 http://www.topografix.com/GPX/1/1/gpx.xsd http://www.garmin.com/xmlschemas/GpxExtensions/v3 http://www.garmin.com/xmlschemas/GpxExtensionsv3.xsd http://www.garmin.com/xmlschemas/TrackPointExtension/v1 http://www.garmin.com/xmlschemas/TrackPointExtensionv1.xsd http://www.garmin.com/xmlschemas/PowerExtension/v1 http://www.garmin.com/xmlschemas/PowerExtensionv1.xsd http://www.topografix.com/GPX/gpx_style/0/2 http://www.topografix.com/GPX/gpx_style/0/2/gpx_style.xsd" xmlns:gpxtpx="http://www.garmin.com/xmlschemas/TrackPointExtension/v1" xmlns:gpxx="http://www.garmin.com/xmlschemas/GpxExtensions/v3" xmlns:gpxpx="http://www.garmin.com/xmlschemas/PowerExtension/v1" xmlns:gpx_style="http://www.topografix.com/GPX/gpx_style/0/2">
  <metadata>
    <name>Day2-2026</name>
    <author>
      <name>gpx.studio</name>
      <link href="https://gpx.studio"/>
    </author>
  </metadata>
  <wpt lat="40.516662121586535" lon="-8.08006951399858">
    <ele>302.78660312897074</ele>
    <name>Restaurante o Terraço</name>
    <sym>Restaurant</sym>
  </wpt>
  <wpt lat="40.758507" lon="-7.91362">
    <ele>495.1881138661132</ele>
    <name>Ca te Espero</name>
    <sym>Bar</sym>
  </wpt>
  <wpt lat="40.911183" lon="-7.928326">
    <ele>685.9403954861232</ele>
    <name>change - turn left</name>
    <sym>Alert</sym>
  </wpt>
  <wpt lat="39.911866" lon="-8.133246">
    <ele>338.6660614846321</ele>
    <name>close</name>
    <sym>Alert</sym>
  </wpt>
  <wpt lat="39.917924" lon="-8.146491">
    <ele>397.1328707163024</ele>
    <name>Cafe Lido</name>
    <sym>Restaurant</sym>
  </wpt>
  <trk>
    <name>Day2-2026</name>
    <extensions>
      <gpx_style:line>
        <gpx_style:color>ffff00</gpx_style:color>
      </gpx_style:line>
    </extensions>
    <trkseg>
      <trkpt lat="41.101813" lon="-7.7986">
        <ele>483.5</ele>
      </trkpt>
      <trkpt lat="41.10199" lon="-7.798814">
        <ele>489</ele>
      </trkpt>
      <trkpt lat="41.102067" lon="-7.798718">
        <ele>489.5</ele>
      </trkpt>
      <trkpt lat="41.102247" lon="-7.798256">
        <ele>486.5</ele>
      </trkpt>
      <trkpt lat="41.102406" lon="-7.798135">
        <ele>487.5</ele>
      </trkpt>
      <trkpt lat="41.102922" lon="-7.797017">
        <ele>481.3</ele>
      </trkpt>
      <trkpt lat="41.103156" lon="-7.796602">
        <ele>477</ele>
      </trkpt>
      <trkpt lat="41.103678" lon="-7.795891">
        <ele>473</ele>
      </trkpt>
      <trkpt lat="41.104344" lon="-7.79486">
        <ele>464.3</ele>
      </trkpt>
      <trkpt lat="41.104318" lon="-7.79479">
        <ele>463</ele>
      </trkpt>
      <trkpt lat="41.104221" lon="-7.79481">
        <ele>462.5</ele>
      </trkpt>
      <trkpt lat="41.104136584326625" lon="-7.794855711981654">
        <ele>465.6</ele>
      </trkpt>
      <trkpt lat="41.10408939421177" lon="-7.794895274564624">
        <ele>466</ele>
      </trkpt>
      <trkpt lat="41.10385159961879" lon="-7.79510079883039">
        <ele>467.9</ele>
      </trkpt>
      <trkpt lat="41.10371799208224" lon="-7.795208841562271">
        <ele>468</ele>
      </trkpt>
      <trkpt lat="41.10349805094302" lon="-7.795373713597655">
        <ele>467.5</ele>
      </trkpt>
      <trkpt lat="41.10328515060246" lon="-7.795516373589635">
        <ele>468.8</ele>
      </trkpt>
      <trkpt lat="41.102937553077936" lon="-7.795567587018013">
        <ele>469.3</ele>
      </trkpt>
      <trkpt lat="41.10255022533238" lon="-7.795582422986627">
        <ele>468.9</ele>
      </trkpt>
      <trkpt lat="41.102225594222546" lon="-7.795992884784937">
        <ele>468.5</ele>
      </trkpt>
      <trkpt lat="41.10212853178382" lon="-7.796416925266385">
        <ele>470.7</ele>
      </trkpt>
      <trkpt lat="41.10198721289635" lon="-7.796643823385239">
        <ele>470.9</ele>
      </trkpt>
      <trkpt lat="41.101944129914045" lon="-7.796696461737156">
        <ele>470.9</ele>
      </trkpt>
      <trkpt lat="41.10152453184128" lon="-7.797248074784875">
        <ele>471.1</ele>
      </trkpt>
      <trkpt lat="41.101490166038275" lon="-7.797309095039964">
        <ele>471.3</ele>
      </trkpt>
      <trkpt lat="41.10146258957684" lon="-7.797378161922097">
        <ele>471.4</ele>
      </trkpt>
      <trkpt lat="41.10141917131841" lon="-7.797696338966489">
        <ele>473.9</ele>
      </trkpt>
      <trkpt lat="41.10140684992075" lon="-7.798172933980823">
        <ele>479</ele>
      </trkpt>
      <trkpt lat="41.10122705809772" lon="-7.798582222312689">
        <ele>477.5</ele>
      </trkpt>
      <trkpt lat="41.10100921243429" lon="-7.798870392143726">
        <ele>474.6</ele>
      </trkpt>
      <trkpt lat="41.1009191069752" lon="-7.799171637743712">
        <ele>473.4</ele>
      </trkpt>
      <trkpt lat="41.10075708478689" lon="-7.799604060128331">
        <ele>477</ele>
      </trkpt>
      <trkpt lat="41.100715091452" lon="-7.799661392346025">
        <ele>477.9</ele>
      </trkpt>
      <trkpt lat="41.10040856525302" lon="-7.799888206645846">
        <ele>477.9</ele>
      </trkpt>
      <trkpt lat="41.10009231604636" lon="-7.800053749233484">
        <ele>474.8</ele>
      </trkpt>
      <trkpt lat="41.09999952837825" lon="-7.800100687891245">
        <ele>474.3</ele>
      </trkpt>
      <trkpt lat="41.0997808445245" lon="-7.800225913524628">
        <ele>473.9</ele>
      </trkpt>
      <trkpt lat="41.09955193474889" lon="-7.800361281260848">
        <ele>472.3</ele>
      </trkpt>
      <trkpt lat="41.099505918100476" lon="-7.800401179119945">
        <ele>471.9</ele>
      </trkpt>
      <trkpt lat="41.09934716485441" lon="-7.800675686448813">
        <ele>473.3</ele>
      </trkpt>
      <trkpt lat="41.099283462390304" lon="-7.800856148824096">
        <ele>475</ele>
      </trkpt>
      <trkpt lat="41.09921355731785" lon="-7.801086902618408">
        <ele>476.4</ele>
      </trkpt>
      <trkpt lat="41.09913719817996" lon="-7.801341461017728">
        <ele>477.9</ele>
      </trkpt>
      <trkpt lat="41.09908933751285" lon="-7.801582608371973">
        <ele>479.3</ele>
      </trkpt>
      <trkpt lat="41.09906444326043" lon="-7.801774302497506">
        <ele>480.2</ele>
      </trkpt>
      <trkpt lat="41.09904466196895" lon="-7.801991226151586">
        <ele>481.2</ele>
      </trkpt>
      <trkpt lat="41.09904675744474" lon="-7.8023720998317">
        <ele>483.5</ele>
      </trkpt>
      <trkpt lat="41.099052876234055" lon="-7.80242582783103">
        <ele>483.9</ele>
      </trkpt>
      <trkpt lat="41.099113058298826" lon="-7.802752135321498">
        <ele>486.6</ele>
      </trkpt>
      <trkpt lat="41.09915966168046" lon="-7.80311088077724">
        <ele>488.7</ele>
      </trkpt>
      <trkpt lat="41.099136443808675" lon="-7.803746229037643">
        <ele>486.7</ele>
      </trkpt>
      <trkpt lat="41.09910693950951" lon="-7.804021993651986">
        <ele>484.8</ele>
      </trkpt>
      <trkpt lat="41.09911222010851" lon="-7.80407396145165">
        <ele>484.5</ele>
      </trkpt>
      <trkpt lat="41.099340794608" lon="-7.804533708840609">
        <ele>483.5</ele>
      </trkpt>
      <trkpt lat="41.09956978820264" lon="-7.804791620001197">
        <ele>483</ele>
      </trkpt>
      <trkpt lat="41.099791154265404" lon="-7.805011896416545">
        <ele>483.1</ele>
      </trkpt>
      <trkpt lat="41.10000858083367" lon="-7.805254301056266">
        <ele>483.1</ele>
      </trkpt>
      <trkpt lat="41.100115198642015" lon="-7.805410455912352">
        <ele>483</ele>
      </trkpt>
      <trkpt lat="41.10016867518425" lon="-7.805493688210845">
        <ele>483.2</ele>
      </trkpt>
      <trkpt lat="41.100245118141174" lon="-7.805644730105996">
        <ele>484</ele>
      </trkpt>
      <trkpt lat="41.1002919729799" lon="-7.806375464424491">
        <ele>489.9</ele>
      </trkpt>
      <trkpt lat="41.10014906153083" lon="-7.806709399446845">
        <ele>490.9</ele>
      </trkpt>
      <trkpt lat="41.10008695162833" lon="-7.80680101364851">
        <ele>490.9</ele>
      </trkpt>
      <trkpt lat="41.09957699663937" lon="-7.807058338075876">
        <ele>489</ele>
      </trkpt>
      <trkpt lat="41.099378848448396" lon="-7.807083148509264">
        <ele>489.9</ele>
      </trkpt>
      <trkpt lat="41.099078273400664" lon="-7.807045010849834">
        <ele>488.7</ele>
      </trkpt>
      <trkpt lat="41.098501682281494" lon="-7.80696764588356">
        <ele>486.2</ele>
      </trkpt>
      <trkpt lat="41.09805886633694" lon="-7.806913834065199">
        <ele>484.5</ele>
      </trkpt>
      <trkpt lat="41.09779944643378" lon="-7.806883323937655">
        <ele>485.2</ele>
      </trkpt>
      <trkpt lat="41.09775770455599" lon="-7.806882150471211">
        <ele>485.5</ele>
      </trkpt>
      <trkpt lat="41.097288401797414" lon="-7.806848455220461">
        <ele>486.9</ele>
      </trkpt>
      <trkpt lat="41.09714817255736" lon="-7.80691827647388">
        <ele>487.7</ele>
      </trkpt>
      <trkpt lat="41.09658526553382" lon="-7.8079458924090535">
        <ele>490.9</ele>
      </trkpt>
      <trkpt lat="41.096022353686415" lon="-7.808973508344227">
        <ele>492.2</ele>
      </trkpt>
      <trkpt lat="41.09545943701516" lon="-7.810001124279401">
        <ele>493</ele>
      </trkpt>
      <trkpt lat="41.094896515520034" lon="-7.811028740214574">
        <ele>495.6</ele>
      </trkpt>
      <trkpt lat="41.094383" lon="-7.811957">
        <ele>503</ele>
      </trkpt>
      <trkpt lat="41.094374" lon="-7.811956">
        <ele>503.3</ele>
      </trkpt>
      <trkpt lat="41.094348" lon="-7.811944">
        <ele>503.5</ele>
      </trkpt>
      <trkpt lat="41.094392" lon="-7.81207">
        <ele>504</ele>
      </trkpt>
      <trkpt lat="41.09445" lon="-7.8123">
        <ele>505</ele>
      </trkpt>
      <trkpt lat="41.094488" lon="-7.812486">
        <ele>505.5</ele>
      </trkpt>
      <trkpt lat="41.094541" lon="-7.812624">
        <ele>506.3</ele>
      </trkpt>
      <trkpt lat="41.094677" lon="-7.812835">
        <ele>506</ele>
      </trkpt>
      <trkpt lat="41.0949" lon="-7.813064">
        <ele>502.5</ele>
      </trkpt>
      <trkpt lat="41.095221" lon="-7.813368">
        <ele>500.8</ele>
      </trkpt>
      <trkpt lat="41.095653" lon="-7.813776">
        <ele>502.8</ele>
      </trkpt>
      <trkpt lat="41.095815" lon="-7.81391">
        <ele>503</ele>
      </trkpt>
      <trkpt lat="41.096015" lon="-7.814061">
        <ele>504.5</ele>
      </trkpt>
      <trkpt lat="41.096156" lon="-7.814201">
        <ele>505.3</ele>
      </trkpt>
      <trkpt lat="41.096282" lon="-7.814442">
        <ele>506</ele>
      </trkpt>
      <trkpt lat="41.096338" lon="-7.814713">
        <ele>507.3</ele>
      </trkpt>
      <trkpt lat="41.096335" lon="-7.814977">
        <ele>508.3</ele>
      </trkpt>
      <trkpt lat="41.096329" lon="-7.815686">
        <ele>510.8</ele>
      </trkpt>
      <trkpt lat="41.096335" lon="-7.816052">
        <ele>512</ele>
      </trkpt>
      <trkpt lat="41.09611" lon="-7.817269">
        <ele>515</ele>
      </trkpt>
      <trkpt lat="41.09612" lon="-7.817393">
        <ele>515</ele>
      </trkpt>
      <trkpt lat="41.096136" lon="-7.817485">
        <ele>515.3</ele>
      </trkpt>
      <trkpt lat="41.096147" lon="-7.817569">
        <ele>515.3</ele>
      </trkpt>
      <trkpt lat="41.09619" lon="-7.817618">
        <ele>515.5</ele>
      </trkpt>
      <trkpt lat="41.096259" lon="-7.817753">
        <ele>515.8</ele>
      </trkpt>
      <trkpt lat="41.09629" lon="-7.817911">
        <ele>516</ele>
      </trkpt>
      <trkpt lat="41.096286" lon="-7.818032">
        <ele>516.3</ele>
      </trkpt>
      <trkpt lat="41.09625" lon="-7.818172">
        <ele>516.3</ele>
      </trkpt>
      <trkpt lat="41.096206" lon="-7.818258">
        <ele>516</ele>
      </trkpt>
      <trkpt lat="41.096134" lon="-7.818343">
        <ele>515.8</ele>
      </trkpt>
      <trkpt lat="41.096069" lon="-7.818389">
        <ele>515.8</ele>
      </trkpt>
      <trkpt lat="41.095999" lon="-7.818416">
        <ele>515.5</ele>
      </trkpt>
      <trkpt lat="41.09593" lon="-7.818424">
        <ele>515</ele>
      </trkpt>
      <trkpt lat="41.095834" lon="-7.818405">
        <ele>514.3</ele>
      </trkpt>
      <trkpt lat="41.095745" lon="-7.818352">
        <ele>515.3</ele>
      </trkpt>
      <trkpt lat="41.095677" lon="-7.818279">
        <ele>516</ele>
      </trkpt>
      <trkpt lat="41.095513" lon="-7.818254">
        <ele>518.3</ele>
      </trkpt>
      <trkpt lat="41.095362" lon="-7.818259">
        <ele>520.3</ele>
      </trkpt>
      <trkpt lat="41.095062" lon="-7.818405">
        <ele>523.5</ele>
      </trkpt>
      <trkpt lat="41.094845" lon="-7.818529">
        <ele>542.5</ele>
      </trkpt>
      <trkpt lat="41.093913" lon="-7.819062">
        <ele>542.5</ele>
      </trkpt>
      <trkpt lat="41.09374" lon="-7.81913">
        <ele>545.3</ele>
      </trkpt>
      <trkpt lat="41.093445" lon="-7.81919">
        <ele>551</ele>
      </trkpt>
      <trkpt lat="41.09328" lon="-7.819223">
        <ele>554</ele>
      </trkpt>
      <trkpt lat="41.093147" lon="-7.819276">
        <ele>555.8</ele>
      </trkpt>
      <trkpt lat="41.093024" lon="-7.819355">
        <ele>557</ele>
      </trkpt>
      <trkpt lat="41.09293" lon="-7.819449">
        <ele>556.5</ele>
      </trkpt>
      <trkpt lat="41.092582" lon="-7.819801">
        <ele>556.5</ele>
      </trkpt>
      <trkpt lat="41.092385" lon="-7.819948">
        <ele>558</ele>
      </trkpt>
      <trkpt lat="41.092321" lon="-7.820007">
        <ele>558.5</ele>
      </trkpt>
      <trkpt lat="41.092185" lon="-7.820114">
        <ele>561</ele>
      </trkpt>
      <trkpt lat="41.092117" lon="-7.820168">
        <ele>562.3</ele>
      </trkpt>
      <trkpt lat="41.091972" lon="-7.820358">
        <ele>564.5</ele>
      </trkpt>
      <trkpt lat="41.09193219803274" lon="-7.820551441982389">
        <ele>559.1</ele>
      </trkpt>
      <trkpt lat="41.09185676090419" lon="-7.820746824145317">
        <ele>559.9</ele>
      </trkpt>
      <trkpt lat="41.09177101403475" lon="-7.820996269583702">
        <ele>560.6</ele>
      </trkpt>
      <trkpt lat="41.09171250835061" lon="-7.821205984801054">
        <ele>560.3</ele>
      </trkpt>
      <trkpt lat="41.09165685251355" lon="-7.82140857540071">
        <ele>559.5</ele>
      </trkpt>
      <trkpt lat="41.091647716239095" lon="-7.821441600099206">
        <ele>559.4</ele>
      </trkpt>
      <trkpt lat="41.09161703847349" lon="-7.821567747741938">
        <ele>558.9</ele>
      </trkpt>
      <trkpt lat="41.09160454943776" lon="-7.821630863472819">
        <ele>558.8</ele>
      </trkpt>
      <trkpt lat="41.091535817831755" lon="-7.821788946166635">
        <ele>559.7</ele>
      </trkpt>
      <trkpt lat="41.091483095660806" lon="-7.82191576436162">
        <ele>560.4</ele>
      </trkpt>
      <trkpt lat="41.09142777509987" lon="-7.822117265313864">
        <ele>561.1</ele>
      </trkpt>
      <trkpt lat="41.09133808873594" lon="-7.822329495102167">
        <ele>562.5</ele>
      </trkpt>
      <trkpt lat="41.091184951364994" lon="-7.822560835629702">
        <ele>565.8</ele>
      </trkpt>
      <trkpt lat="41.091039357706904" lon="-7.822709698230028">
        <ele>569.8</ele>
      </trkpt>
      <trkpt lat="41.09087842516601" lon="-7.822890747338533">
        <ele>574.4</ele>
      </trkpt>
      <trkpt lat="41.090738447383046" lon="-7.823072550818324">
        <ele>578.3</ele>
      </trkpt>
      <trkpt lat="41.090675415471196" lon="-7.823299868032336">
        <ele>579.9</ele>
      </trkpt>
      <trkpt lat="41.09067424200475" lon="-7.823519473895431">
        <ele>579.7</ele>
      </trkpt>
      <trkpt lat="41.09071388840675" lon="-7.823760956525803">
        <ele>579</ele>
      </trkpt>
      <trkpt lat="41.09079829417169" lon="-7.824063040316105">
        <ele>577.4</ele>
      </trkpt>
      <trkpt lat="41.0908186621964" lon="-7.824311731383205">
        <ele>575.9</ele>
      </trkpt>
      <trkpt lat="41.09079971909523" lon="-7.824561009183526">
        <ele>575.2</ele>
      </trkpt>
      <trkpt lat="41.09074104577303" lon="-7.824784722179174">
        <ele>576.4</ele>
      </trkpt>
      <trkpt lat="41.09065362252295" lon="-7.825115891173482">
        <ele>579.9</ele>
      </trkpt>
      <trkpt lat="41.09060903079808" lon="-7.825289061293006">
        <ele>581.9</ele>
      </trkpt>
      <trkpt lat="41.09054809436202" lon="-7.825531968846917">
        <ele>585.2</ele>
      </trkpt>
      <trkpt lat="41.0904785245657" lon="-7.825836399570108">
        <ele>588.8</ele>
      </trkpt>
      <trkpt lat="41.09046368859708" lon="-7.825966821983457">
        <ele>589.5</ele>
      </trkpt>
      <trkpt lat="41.0904351901263" lon="-7.826072936877608">
        <ele>589.8</ele>
      </trkpt>
      <trkpt lat="41.090391436591744" lon="-7.826246609911323">
        <ele>590.1</ele>
      </trkpt>
      <trkpt lat="41.09031189233065" lon="-7.826518099755049">
        <ele>591.4</ele>
      </trkpt>
      <trkpt lat="41.09023402445018" lon="-7.82685287296772">
        <ele>593.3</ele>
      </trkpt>
      <trkpt lat="41.09018591232598" lon="-7.827073903754354">
        <ele>595.3</ele>
      </trkpt>
      <trkpt lat="41.09018356539309" lon="-7.827257551252842">
        <ele>596.8</ele>
      </trkpt>
      <trkpt lat="41.09028364531696" lon="-7.827458800747991">
        <ele>598.5</ele>
      </trkpt>
      <trkpt lat="41.09041415154934" lon="-7.82753842882812">
        <ele>598.4</ele>
      </trkpt>
      <trkpt lat="41.09052470885217" lon="-7.827559635043144">
        <ele>597.8</ele>
      </trkpt>
      <trkpt lat="41.09060978516936" lon="-7.82756919041276">
        <ele>597.6</ele>
      </trkpt>
      <trkpt lat="41.09083198942244" lon="-7.827619481831789">
        <ele>597.2</ele>
      </trkpt>
      <trkpt lat="41.090992921963334" lon="-7.827770607545972">
        <ele>597.5</ele>
      </trkpt>
      <trkpt lat="41.09111479483545" lon="-7.828003037720919">
        <ele>596.2</ele>
      </trkpt>
      <trkpt lat="41.09110691584647" lon="-7.828274443745613">
        <ele>596.9</ele>
      </trkpt>
      <trkpt lat="41.09104941599071" lon="-7.828480890020728">
        <ele>597.6</ele>
      </trkpt>
      <trkpt lat="41.09094321727753" lon="-7.828745506703854">
        <ele>598.7</ele>
      </trkpt>
      <trkpt lat="41.09086509793997" lon="-7.828953377902508">
        <ele>599</ele>
      </trkpt>
      <trkpt lat="41.090772058814764" lon="-7.829148676246405">
        <ele>599.6</ele>
      </trkpt>
      <trkpt lat="41.09063861891627" lon="-7.829423854127526">
        <ele>599.6</ele>
      </trkpt>
      <trkpt lat="41.090517081320286" lon="-7.829641615971923">
        <ele>601.2</ele>
      </trkpt>
      <trkpt lat="41.09049738384783" lon="-7.829672209918499">
        <ele>601.4</ele>
      </trkpt>
      <trkpt lat="41.09033050015569" lon="-7.829903718084097">
        <ele>602.8</ele>
      </trkpt>
      <trkpt lat="41.09014542773366" lon="-7.830099184066057">
        <ele>603.8</ele>
      </trkpt>
      <trkpt lat="41.09002389013767" lon="-7.830206975340843">
        <ele>604.2</ele>
      </trkpt>
      <trkpt lat="41.08984217047691" lon="-7.830342175439">
        <ele>606.3</ele>
      </trkpt>
      <trkpt lat="41.08968802727759" lon="-7.830458516255021">
        <ele>608.6</ele>
      </trkpt>
      <trkpt lat="41.08953220769763" lon="-7.830586843192577">
        <ele>609.9</ele>
      </trkpt>
      <trkpt lat="41.08941603451967" lon="-7.830799408257008">
        <ele>609.3</ele>
      </trkpt>
      <trkpt lat="41.0893315449357" lon="-7.830998813733459">
        <ele>608.4</ele>
      </trkpt>
      <trkpt lat="41.089210761711" lon="-7.831249348819256">
        <ele>609.8</ele>
      </trkpt>
      <trkpt lat="41.08914043754339" lon="-7.831442886963487">
        <ele>611.4</ele>
      </trkpt>
      <trkpt lat="41.08906055800617" lon="-7.831636089831591">
        <ele>614.1</ele>
      </trkpt>
      <trkpt lat="41.08897824771702" lon="-7.831802973523736">
        <ele>616.1</ele>
      </trkpt>
      <trkpt lat="41.08887883834541" lon="-7.832028111442924">
        <ele>617.5</ele>
      </trkpt>
      <trkpt lat="41.08873567543924" lon="-7.832262217998505">
        <ele>618</ele>
      </trkpt>
      <trkpt lat="41.08851204626262" lon="-7.832445111125708">
        <ele>618.2</ele>
      </trkpt>
      <trkpt lat="41.088324543088675" lon="-7.832601265981793">
        <ele>618.7</ele>
      </trkpt>
      <trkpt lat="41.08812974765897" lon="-7.832771418616176">
        <ele>621</ele>
      </trkpt>
      <trkpt lat="41.088019609451294" lon="-7.83286445774138">
        <ele>622.1</ele>
      </trkpt>
      <trkpt lat="41.08785482123494" lon="-7.833001334220171">
        <ele>624.7</ele>
      </trkpt>
      <trkpt lat="41.08772817067802" lon="-7.833112478256226">
        <ele>625.8</ele>
      </trkpt>
      <trkpt lat="41.08754091896117" lon="-7.833282630890608">
        <ele>626.9</ele>
      </trkpt>
      <trkpt lat="41.08730002306402" lon="-7.833438785746694">
        <ele>627</ele>
      </trkpt>
      <trkpt lat="41.087083267048" lon="-7.83353827893734">
        <ele>627.2</ele>
      </trkpt>
      <trkpt lat="41.08689836226404" lon="-7.833617487922311">
        <ele>628.1</ele>
      </trkpt>
      <trkpt lat="41.08670356683433" lon="-7.83375377766788">
        <ele>631.2</ele>
      </trkpt>
      <trkpt lat="41.08659703284502" lon="-7.833926947787404">
        <ele>633.1</ele>
      </trkpt>
      <trkpt lat="41.08648379333317" lon="-7.834163568913937">
        <ele>634.1</ele>
      </trkpt>
      <trkpt lat="41.08637139201164" lon="-7.83442365936935">
        <ele>633.8</ele>
      </trkpt>
      <trkpt lat="41.08625563792884" lon="-7.83466899767518">
        <ele>634.8</ele>
      </trkpt>
      <trkpt lat="41.08614147640765" lon="-7.834890363737941">
        <ele>636.5</ele>
      </trkpt>
      <trkpt lat="41.08604877255857" lon="-7.835069820284843">
        <ele>637.4</ele>
      </trkpt>
      <trkpt lat="41.08591290190816" lon="-7.835312811657786">
        <ele>637.9</ele>
      </trkpt>
      <trkpt lat="41.08571835793555" lon="-7.835538117215037">
        <ele>637.5</ele>
      </trkpt>
      <trkpt lat="41.08560620807111" lon="-7.835624786093831">
        <ele>637.8</ele>
      </trkpt>
      <trkpt lat="41.08541954308748" lon="-7.835707012563944">
        <ele>639.7</ele>
      </trkpt>
      <trkpt lat="41.085248636081815" lon="-7.835777336731553">
        <ele>641</ele>
      </trkpt>
      <trkpt lat="41.08512039296329" lon="-7.835831148549914">
        <ele>643.4</ele>
      </trkpt>
      <trkpt lat="41.08498242683709" lon="-7.835957380011678">
        <ele>644.7</ele>
      </trkpt>
      <trkpt lat="41.084849908947945" lon="-7.836149409413338">
        <ele>645.5</ele>
      </trkpt>
      <trkpt lat="41.08467766083777" lon="-7.836368177086115">
        <ele>649.6</ele>
      </trkpt>
      <trkpt lat="41.084565008059144" lon="-7.836549980565906">
        <ele>652.4</ele>
      </trkpt>
      <trkpt lat="41.084468364715576" lon="-7.836790038272739">
        <ele>654.2</ele>
      </trkpt>
      <trkpt lat="41.084381360560656" lon="-7.836972596123815">
        <ele>656</ele>
      </trkpt>
      <trkpt lat="41.08431790955365" lon="-7.837221203371882">
        <ele>657.2</ele>
      </trkpt>
      <trkpt lat="41.08433668501675" lon="-7.837475258857012">
        <ele>655.3</ele>
      </trkpt>
      <trkpt lat="41.08435470610857" lon="-7.837718920782208">
        <ele>653.3</ele>
      </trkpt>
      <trkpt lat="41.08432495035231" lon="-7.83793592825532">
        <ele>653.1</ele>
      </trkpt>
      <trkpt lat="41.08424314297736" lon="-7.838104488328099">
        <ele>655.2</ele>
      </trkpt>
      <trkpt lat="41.08410148881376" lon="-7.838346809148789">
        <ele>657.4</ele>
      </trkpt>
      <trkpt lat="41.083920523524284" lon="-7.838624250143766">
        <ele>659.6</ele>
      </trkpt>
      <trkpt lat="41.083811558783054" lon="-7.838771604001522">
        <ele>661.4</ele>
      </trkpt>
      <trkpt lat="41.083674766123295" lon="-7.838990120217204">
        <ele>662.3</ele>
      </trkpt>
      <trkpt lat="41.08355079777539" lon="-7.839173767715693">
        <ele>662.3</ele>
      </trkpt>
      <trkpt lat="41.08342188410461" lon="-7.839352134615183">
        <ele>663.3</ele>
      </trkpt>
      <trkpt lat="41.08327277004719" lon="-7.839546091854572">
        <ele>664.2</ele>
      </trkpt>
      <trkpt lat="41.0831184592098" lon="-7.839730158448219">
        <ele>665.6</ele>
      </trkpt>
      <trkpt lat="41.08302508480847" lon="-7.839827472344041">
        <ele>666.6</ele>
      </trkpt>
      <trkpt lat="41.08300102874637" lon="-7.839851276949048">
        <ele>666.9</ele>
      </trkpt>
      <trkpt lat="41.08288208954036" lon="-7.839969964697957">
        <ele>668.4</ele>
      </trkpt>
      <trkpt lat="41.08263901434839" lon="-7.840257212519646">
        <ele>671.5</ele>
      </trkpt>
      <trkpt lat="41.08254295773804" lon="-7.840417558327317">
        <ele>673</ele>
      </trkpt>
      <trkpt lat="41.082474226132035" lon="-7.840555943548679">
        <ele>674</ele>
      </trkpt>
      <trkpt lat="41.08239317312837" lon="-7.84077831543982">
        <ele>674</ele>
      </trkpt>
      <trkpt lat="41.08233944512904" lon="-7.841017199680209">
        <ele>672.9</ele>
      </trkpt>
      <trkpt lat="41.08231304213405" lon="-7.84130210056901">
        <ele>673.6</ele>
      </trkpt>
      <trkpt lat="41.082289069890976" lon="-7.841581050306559">
        <ele>678.3</ele>
      </trkpt>
      <trkpt lat="41.08227574266493" lon="-7.841808367520571">
        <ele>681.1</ele>
      </trkpt>
      <trkpt lat="41.08227716758847" lon="-7.842036439105868">
        <ele>682.8</ele>
      </trkpt>
      <trkpt lat="41.08223978430033" lon="-7.842402644455433">
        <ele>685.9</ele>
      </trkpt>
      <trkpt lat="41.082130735740066" lon="-7.842710595577955">
        <ele>689.2</ele>
      </trkpt>
      <trkpt lat="41.082037361338735" lon="-7.842870187014341">
        <ele>690.5</ele>
      </trkpt>
      <trkpt lat="41.081854132935405" lon="-7.843126589432359">
        <ele>690.8</ele>
      </trkpt>
      <trkpt lat="41.08171222731471" lon="-7.843322055414319">
        <ele>691.3</ele>
      </trkpt>
      <trkpt lat="41.08160133473575" lon="-7.843495979905129">
        <ele>691</ele>
      </trkpt>
      <trkpt lat="41.08149035833776" lon="-7.843721956014633">
        <ele>690.7</ele>
      </trkpt>
      <trkpt lat="41.08141693286598" lon="-7.844076426699758">
        <ele>690.3</ele>
      </trkpt>
      <trkpt lat="41.08141257427633" lon="-7.844357136636972">
        <ele>689.9</ele>
      </trkpt>
      <trkpt lat="41.08144727535546" lon="-7.844655700027943">
        <ele>690.1</ele>
      </trkpt>
      <trkpt lat="41.08149605803192" lon="-7.844918137416244">
        <ele>691.1</ele>
      </trkpt>
      <trkpt lat="41.08156495727599" lon="-7.845306387171149">
        <ele>693.3</ele>
      </trkpt>
      <trkpt lat="41.08160376548767" lon="-7.845518449321389">
        <ele>694.5</ele>
      </trkpt>
      <trkpt lat="41.081693451851606" lon="-7.846052795648575">
        <ele>695.8</ele>
      </trkpt>
      <trkpt lat="41.0817750915885" lon="-7.846569707617164">
        <ele>697.3</ele>
      </trkpt>
      <trkpt lat="41.0817819647491" lon="-7.846878161653876">
        <ele>700</ele>
      </trkpt>
      <trkpt lat="41.08162614516914" lon="-7.84716465510428">
        <ele>703.2</ele>
      </trkpt>
      <trkpt lat="41.08122800476849" lon="-7.847264483571053">
        <ele>704.3</ele>
      </trkpt>
      <trkpt lat="41.08102893456817" lon="-7.847227435559034">
        <ele>704</ele>
      </trkpt>
      <trkpt lat="41.08063079416752" lon="-7.84718225710094">
        <ele>703.5</ele>
      </trkpt>
      <trkpt lat="41.08030389994383" lon="-7.847331119701266">
        <ele>705.5</ele>
      </trkpt>
      <trkpt lat="41.080031488090754" lon="-7.847434133291245">
        <ele>707.4</ele>
      </trkpt>
      <trkpt lat="41.07990098185837" lon="-7.847450645640492">
        <ele>708</ele>
      </trkpt>
      <trkpt lat="41.07941675931215" lon="-7.847528848797083">
        <ele>709.3</ele>
      </trkpt>
      <trkpt lat="41.0792435053736" lon="-7.847656756639481">
        <ele>709.8</ele>
      </trkpt>
      <trkpt lat="41.07899506576359" lon="-7.84796018153429">
        <ele>709.8</ele>
      </trkpt>
      <trkpt lat="41.07894737273455" lon="-7.848027991130948">
        <ele>710</ele>
      </trkpt>
      <trkpt lat="41.078681498765945" lon="-7.848565857857466">
        <ele>711</ele>
      </trkpt>
      <trkpt lat="41.07850925065577" lon="-7.848892919719219">
        <ele>711.8</ele>
      </trkpt>
      <trkpt lat="41.078255865722895" lon="-7.848989730700851">
        <ele>712.7</ele>
      </trkpt>
      <trkpt lat="41.07772193849087" lon="-7.848753780126572">
        <ele>713.7</ele>
      </trkpt>
      <trkpt lat="41.07752596959472" lon="-7.848765011876822">
        <ele>715.1</ele>
      </trkpt>
      <trkpt lat="41.077398313209414" lon="-7.848786721006036">
        <ele>715.3</ele>
      </trkpt>
      <trkpt lat="41.07717325910926" lon="-7.848918652161956">
        <ele>716</ele>
      </trkpt>
      <trkpt lat="41.07702682726085" lon="-7.84908109344542">
        <ele>716.8</ele>
      </trkpt>
      <trkpt lat="41.076877880841494" lon="-7.849233224987984">
        <ele>717.6</ele>
      </trkpt>
      <trkpt lat="41.07676858082414" lon="-7.849316205829382">
        <ele>717.9</ele>
      </trkpt>
      <trkpt lat="41.07661711983383" lon="-7.84937035292387">
        <ele>718</ele>
      </trkpt>
      <trkpt lat="41.07649692334235" lon="-7.849394995719194">
        <ele>718</ele>
      </trkpt>
      <trkpt lat="41.076343869790435" lon="-7.849422991275787">
        <ele>718.1</ele>
      </trkpt>
      <trkpt lat="41.075917817652225" lon="-7.849701689556241">
        <ele>718.8</ele>
      </trkpt>
      <trkpt lat="41.07582511380315" lon="-7.849854491651058">
        <ele>719</ele>
      </trkpt>
      <trkpt lat="41.07575831003487" lon="-7.849970748648047">
        <ele>719</ele>
      </trkpt>
      <trkpt lat="41.075574243441224" lon="-7.850280543789268">
        <ele>718.9</ele>
      </trkpt>
      <trkpt lat="41.07531499117613" lon="-7.850715145468712">
        <ele>719.7</ele>
      </trkpt>
      <trkpt lat="41.0750384721905" lon="-7.851176653057337">
        <ele>721.3</ele>
      </trkpt>
      <trkpt lat="41.07475281693041" lon="-7.851798590272665">
        <ele>722.2</ele>
      </trkpt>
      <trkpt lat="41.07446372509003" lon="-7.852268563583493">
        <ele>721.7</ele>
      </trkpt>
      <trkpt lat="41.07416725717485" lon="-7.852891087532044">
        <ele>723.4</ele>
      </trkpt>
      <trkpt lat="41.07407555915415" lon="-7.853266512975097">
        <ele>725.1</ele>
      </trkpt>
      <trkpt lat="41.07395192608237" lon="-7.854000348597765">
        <ele>725.7</ele>
      </trkpt>
      <trkpt lat="41.07384321279824" lon="-7.854627817869186">
        <ele>723.5</ele>
      </trkpt>
      <trkpt lat="41.07386860996485" lon="-7.855339860543609">
        <ele>719.9</ele>
      </trkpt>
      <trkpt lat="41.073937928304076" lon="-7.855593748390675">
        <ele>720.1</ele>
      </trkpt>
      <trkpt lat="41.07414563186467" lon="-7.856309395283461">
        <ele>725.3</ele>
      </trkpt>
      <trkpt lat="41.07420153915882" lon="-7.856675265356898">
        <ele>727</ele>
      </trkpt>
      <trkpt lat="41.07418519444764" lon="-7.856730250641704">
        <ele>726.7</ele>
      </trkpt>
      <trkpt lat="41.074011186137795" lon="-7.856940468773246">
        <ele>725.3</ele>
      </trkpt>
      <trkpt lat="41.07374656945467" lon="-7.856937786564231">
        <ele>724.5</ele>
      </trkpt>
      <trkpt lat="41.07358496636152" lon="-7.856856314465404">
        <ele>724.5</ele>
      </trkpt>
      <trkpt lat="41.07326284982264" lon="-7.856701584532857">
        <ele>724.6</ele>
      </trkpt>
      <trkpt lat="41.07300342991948" lon="-7.856626315042377">
        <ele>725.2</ele>
      </trkpt>
      <trkpt lat="41.072449469938874" lon="-7.856560852378607">
        <ele>726.8</ele>
      </trkpt>
      <trkpt lat="41.07197287492454" lon="-7.856182493269444">
        <ele>725.4</ele>
      </trkpt>
      <trkpt lat="41.07185804285109" lon="-7.856133291497827">
        <ele>726.1</ele>
      </trkpt>
      <trkpt lat="41.07165830209851" lon="-7.85610755905509">
        <ele>727.2</ele>
      </trkpt>
      <trkpt lat="41.07134238816798" lon="-7.856089873239398">
        <ele>727.9</ele>
      </trkpt>
      <trkpt lat="41.07107785530388" lon="-7.856067912653089">
        <ele>730.4</ele>
      </trkpt>
      <trkpt lat="41.07104189693928" lon="-7.856060452759266">
        <ele>730.8</ele>
      </trkpt>
      <trkpt lat="41.070849280804396" lon="-7.85598979331553">
        <ele>732.8</ele>
      </trkpt>
      <trkpt lat="41.07062456198037" lon="-7.855837158858776">
        <ele>734.3</ele>
      </trkpt>
      <trkpt lat="41.07037360779941" lon="-7.85565703175962">
        <ele>735.2</ele>
      </trkpt>
      <trkpt lat="41.07028182595968" lon="-7.855597352609038">
        <ele>735.3</ele>
      </trkpt>
      <trkpt lat="41.07003020122647" lon="-7.855437593534589">
        <ele>734.7</ele>
      </trkpt>
      <trkpt lat="41.06973432004452" lon="-7.855400880798698">
        <ele>733.9</ele>
      </trkpt>
      <trkpt lat="41.0695228446275" lon="-7.855481179431081">
        <ele>734.3</ele>
      </trkpt>
      <trkpt lat="41.069367276504636" lon="-7.855554185807705">
        <ele>734.9</ele>
      </trkpt>
      <trkpt lat="41.069136606529355" lon="-7.855669185519218">
        <ele>735.4</ele>
      </trkpt>
      <trkpt lat="41.06898305006325" lon="-7.855744790285826">
        <ele>735.5</ele>
      </trkpt>
      <trkpt lat="41.06886402703822" lon="-7.855809414759278">
        <ele>735.3</ele>
      </trkpt>
      <trkpt lat="41.06866344809532" lon="-7.856309311464429">
        <ele>736.4</ele>
      </trkpt>
      <trkpt lat="41.068662190809846" lon="-7.856365302577615">
        <ele>736.5</ele>
      </trkpt>
      <trkpt lat="41.06865473091602" lon="-7.856755731627345">
        <ele>736.9</ele>
      </trkpt>
      <trkpt lat="41.068645510822535" lon="-7.857377417385578">
        <ele>737.9</ele>
      </trkpt>
      <trkpt lat="41.0686007514596" lon="-7.857649829238653">
        <ele>738.8</ele>
      </trkpt>
      <trkpt lat="41.06833110563457" lon="-7.858110833913088">
        <ele>739</ele>
      </trkpt>
      <trkpt lat="41.06822557747364" lon="-7.85826925188303">
        <ele>738.7</ele>
      </trkpt>
      <trkpt lat="41.06789046898484" lon="-7.858876939862967">
        <ele>739</ele>
      </trkpt>
      <trkpt lat="41.06785166077316" lon="-7.859402149915695">
        <ele>741.1</ele>
      </trkpt>
      <trkpt lat="41.067823665216565" lon="-7.860152246430516">
        <ele>742.9</ele>
      </trkpt>
      <trkpt lat="41.06779122725129" lon="-7.860456593334675">
        <ele>745.6</ele>
      </trkpt>
      <trkpt lat="41.06748662889004" lon="-7.860676534473896">
        <ele>746.4</ele>
      </trkpt>
      <trkpt lat="41.06701606884599" lon="-7.860665721818805">
        <ele>747.4</ele>
      </trkpt>
      <trkpt lat="41.06672756373882" lon="-7.86064543761313">
        <ele>746.9</ele>
      </trkpt>
      <trkpt lat="41.066508293151855" lon="-7.860665135085583">
        <ele>746.7</ele>
      </trkpt>
      <trkpt lat="41.06626915745437" lon="-7.860819529742003">
        <ele>747.9</ele>
      </trkpt>
      <trkpt lat="41.0658997669816" lon="-7.861115327104926">
        <ele>746.1</ele>
      </trkpt>
      <trkpt lat="41.06568703427911" lon="-7.861104430630803">
        <ele>744.3</ele>
      </trkpt>
      <trkpt lat="41.06528654694557" lon="-7.860983898863196">
        <ele>743.3</ele>
      </trkpt>
      <trkpt lat="41.06504615396261" lon="-7.861070651561022">
        <ele>744.8</ele>
      </trkpt>
      <trkpt lat="41.06465086340904" lon="-7.861407771706581">
        <ele>748</ele>
      </trkpt>
      <trkpt lat="41.06440359726548" lon="-7.861634669825435">
        <ele>749.1</ele>
      </trkpt>
      <trkpt lat="41.06406672857702" lon="-7.862003641203046">
        <ele>749</ele>
      </trkpt>
      <trkpt lat="41.06397385708988" lon="-7.86233221180737">
        <ele>747.5</ele>
      </trkpt>
      <trkpt lat="41.06392666697502" lon="-7.863098820671439">
        <ele>747.1</ele>
      </trkpt>
      <trkpt lat="41.06390512548387" lon="-7.863342566415668">
        <ele>747.7</ele>
      </trkpt>
      <trkpt lat="41.06388308107853" lon="-7.863460080698133">
        <ele>748.2</ele>
      </trkpt>
      <trkpt lat="41.06366909109056" lon="-7.863751268014312">
        <ele>751.5</ele>
      </trkpt>
      <trkpt lat="41.063584769144654" lon="-7.863785214722157">
        <ele>752</ele>
      </trkpt>
      <trkpt lat="41.063382010906935" lon="-7.863846737891436">
        <ele>752.9</ele>
      </trkpt>
      <trkpt lat="41.063202219083905" lon="-7.863888312131167">
        <ele>753.6</ele>
      </trkpt>
      <trkpt lat="41.06302376836538" lon="-7.863943297415972">
        <ele>754.3</ele>
      </trkpt>
      <trkpt lat="41.062850849702954" lon="-7.863991996273398">
        <ele>754.4</ele>
      </trkpt>
      <trkpt lat="41.06281539425254" lon="-7.864001970738173">
        <ele>754.5</ele>
      </trkpt>
      <trkpt lat="41.06263367459178" lon="-7.86404974758625">
        <ele>754.3</ele>
      </trkpt>
      <trkpt lat="41.06238464824855" lon="-7.864067433401942">
        <ele>755.1</ele>
      </trkpt>
      <trkpt lat="41.06224827468395" lon="-7.864013286307454">
        <ele>756.7</ele>
      </trkpt>
      <trkpt lat="41.0620834864676" lon="-7.863910440355539">
        <ele>758</ele>
      </trkpt>
      <trkpt lat="41.061889277771115" lon="-7.863750932738185">
        <ele>759.5</ele>
      </trkpt>
      <trkpt lat="41.06147613376379" lon="-7.863386068493128">
        <ele>760.2</ele>
      </trkpt>
      <trkpt lat="41.06118653900921" lon="-7.863160846754909">
        <ele>759</ele>
      </trkpt>
      <trkpt lat="41.0611508321017" lon="-7.863150285556912">
        <ele>759</ele>
      </trkpt>
      <trkpt lat="41.06098897755146" lon="-7.863161684945226">
        <ele>759.8</ele>
      </trkpt>
      <trkpt lat="41.060918401926756" lon="-7.863195547834039">
        <ele>760.2</ele>
      </trkpt>
      <trkpt lat="41.06064925901592" lon="-7.8633788600564">
        <ele>761.3</ele>
      </trkpt>
      <trkpt lat="41.06017836369574" lon="-7.863809270784259">
        <ele>762.6</ele>
      </trkpt>
      <trkpt lat="41.05992766097188" lon="-7.864274047315121">
        <ele>763.9</ele>
      </trkpt>
      <trkpt lat="41.05986119247973" lon="-7.864490384235978">
        <ele>765</ele>
      </trkpt>
      <trkpt lat="41.059809727594256" lon="-7.864717366173863">
        <ele>765.8</ele>
      </trkpt>
      <trkpt lat="41.0597313567996" lon="-7.865227153524756">
        <ele>766.2</ele>
      </trkpt>
      <trkpt lat="41.05963194742799" lon="-7.865949254482985">
        <ele>765.4</ele>
      </trkpt>
      <trkpt lat="41.05959263630211" lon="-7.866123849526048">
        <ele>765.1</ele>
      </trkpt>
      <trkpt lat="41.05913758277893" lon="-7.866417719051242">
        <ele>765.7</ele>
      </trkpt>
      <trkpt lat="41.05867615900934" lon="-7.866329373791814">
        <ele>767.1</ele>
      </trkpt>
      <trkpt lat="41.05828681960702" lon="-7.866264916956425">
        <ele>768.7</ele>
      </trkpt>
      <trkpt lat="41.05811641551554" lon="-7.866266341879964">
        <ele>768.8</ele>
      </trkpt>
      <trkpt lat="41.058034943416715" lon="-7.866282183676958">
        <ele>769.1</ele>
      </trkpt>
      <trkpt lat="41.057837130501866" lon="-7.866350831463933">
        <ele>770</ele>
      </trkpt>
      <trkpt lat="41.05747863650322" lon="-7.866569682955742">
        <ele>770.6</ele>
      </trkpt>
      <trkpt lat="41.05719038285315" lon="-7.866764646023512">
        <ele>769.3</ele>
      </trkpt>
      <trkpt lat="41.057069934904575" lon="-7.866918873041868">
        <ele>768.7</ele>
      </trkpt>
      <trkpt lat="41.05697815306485" lon="-7.86724342033267">
        <ele>768.6</ele>
      </trkpt>
      <trkpt lat="41.056944290176034" lon="-7.867722697556019">
        <ele>768.8</ele>
      </trkpt>
      <trkpt lat="41.05692450888455" lon="-7.868144223466516">
        <ele>769.6</ele>
      </trkpt>
      <trkpt lat="41.056903302669525" lon="-7.868797928094864">
        <ele>769.2</ele>
      </trkpt>
      <trkpt lat="41.05690196156502" lon="-7.86903765052557">
        <ele>769.1</ele>
      </trkpt>
      <trkpt lat="41.05706716887653" lon="-7.869731253013015">
        <ele>768.7</ele>
      </trkpt>
      <trkpt lat="41.05717261321843" lon="-7.86994113586843">
        <ele>770.4</ele>
      </trkpt>
      <trkpt lat="41.057267328724265" lon="-7.87022796459496">
        <ele>774.5</ele>
      </trkpt>
      <trkpt lat="41.057252660393715" lon="-7.870587715879083">
        <ele>776.5</ele>
      </trkpt>
      <trkpt lat="41.056869104504585" lon="-7.871008235961199">
        <ele>770.7</ele>
      </trkpt>
      <trkpt lat="41.056790398433805" lon="-7.871010499075055">
        <ele>770.7</ele>
      </trkpt>
      <trkpt lat="41.05638605542481" lon="-7.870871275663376">
        <ele>772.3</ele>
      </trkpt>
      <trkpt lat="41.056155217811465" lon="-7.870762143284082">
        <ele>774.8</ele>
      </trkpt>
      <trkpt lat="41.055827317759395" lon="-7.870617052540183">
        <ele>777.5</ele>
      </trkpt>
      <trkpt lat="41.05530587956309" lon="-7.870769770815969">
        <ele>781.9</ele>
      </trkpt>
      <trkpt lat="41.05480749160051" lon="-7.871118541806936">
        <ele>782.5</ele>
      </trkpt>
      <trkpt lat="41.05435721576214" lon="-7.871592957526445">
        <ele>785</ele>
      </trkpt>
      <trkpt lat="41.05432318523526" lon="-7.871628748252988">
        <ele>785.4</ele>
      </trkpt>
      <trkpt lat="41.05421220883727" lon="-7.871726732701063">
        <ele>786.6</ele>
      </trkpt>
      <trkpt lat="41.053787749260664" lon="-7.871787250041962">
        <ele>789.3</ele>
      </trkpt>
      <trkpt lat="41.05322113260627" lon="-7.871704772114754">
        <ele>790.7</ele>
      </trkpt>
      <trkpt lat="41.053186766803265" lon="-7.871700497344136">
        <ele>790.7</ele>
      </trkpt>
      <trkpt lat="41.05289499275386" lon="-7.871582983061671">
        <ele>788.9</ele>
      </trkpt>
      <trkpt lat="41.052527613937855" lon="-7.871254663914442">
        <ele>789.7</ele>
      </trkpt>
      <trkpt lat="41.0520520247519" lon="-7.870966913178563">
        <ele>793.2</ele>
      </trkpt>
      <trkpt lat="41.051913388073444" lon="-7.870992394164205">
        <ele>793.7</ele>
      </trkpt>
      <trkpt lat="41.05155631899834" lon="-7.871348541229963">
        <ele>794.4</ele>
      </trkpt>
      <trkpt lat="41.0515012498945" lon="-7.872017584741116">
        <ele>797.5</ele>
      </trkpt>
      <trkpt lat="41.05147099122405" lon="-7.872121520340443">
        <ele>797.5</ele>
      </trkpt>
      <trkpt lat="41.051450623199344" lon="-7.872172817587853">
        <ele>797.5</ele>
      </trkpt>
      <trkpt lat="41.05122213251889" lon="-7.872609263285995">
        <ele>797</ele>
      </trkpt>
      <trkpt lat="41.0508743673563" lon="-7.873209742829204">
        <ele>797.1</ele>
      </trkpt>
      <trkpt lat="41.050695246085525" lon="-7.873489027842879">
        <ele>798.3</ele>
      </trkpt>
      <trkpt lat="41.05062022805214" lon="-7.873563710600138">
        <ele>799</ele>
      </trkpt>
      <trkpt lat="41.05044085532427" lon="-7.873639231547713">
        <ele>800.4</ele>
      </trkpt>
      <trkpt lat="41.05021278373897" lon="-7.873541666194797">
        <ele>799.2</ele>
      </trkpt>
      <trkpt lat="41.04977348819375" lon="-7.873183591291308">
        <ele>795.4</ele>
      </trkpt>
      <trkpt lat="41.04947987012565" lon="-7.872941689565778">
        <ele>795.1</ele>
      </trkpt>
      <trkpt lat="41.04931131005287" lon="-7.872804393991828">
        <ele>795.6</ele>
      </trkpt>
      <trkpt lat="41.04887209832668" lon="-7.872544890269637">
        <ele>797.7</ele>
      </trkpt>
      <trkpt lat="41.048773024231195" lon="-7.872553188353777">
        <ele>797.9</ele>
      </trkpt>
      <trkpt lat="41.048460714519024" lon="-7.872858960181475">
        <ele>798.3</ele>
      </trkpt>
      <trkpt lat="41.04843984358013" lon="-7.872918136417866">
        <ele>798.1</ele>
      </trkpt>
      <trkpt lat="41.0483065713197" lon="-7.873674100264907">
        <ele>797.1</ele>
      </trkpt>
      <trkpt lat="41.04825343005359" lon="-7.874016668647528">
        <ele>799</ele>
      </trkpt>
      <trkpt lat="41.04816927574575" lon="-7.874469375237823">
        <ele>802.8</ele>
      </trkpt>
      <trkpt lat="41.047970708459616" lon="-7.874974384903908">
        <ele>804.7</ele>
      </trkpt>
      <trkpt lat="41.04770223610103" lon="-7.875621048733592">
        <ele>806</ele>
      </trkpt>
      <trkpt lat="41.047635935246944" lon="-7.875779969617724">
        <ele>806.2</ele>
      </trkpt>
      <trkpt lat="41.04760995134711" lon="-7.875827746465802">
        <ele>806.1</ele>
      </trkpt>
      <trkpt lat="41.04737383313477" lon="-7.875953642651439">
        <ele>805</ele>
      </trkpt>
      <trkpt lat="41.04714056476951" lon="-7.875847946852446">
        <ele>806.3</ele>
      </trkpt>
      <trkpt lat="41.047038305550814" lon="-7.875632029026747">
        <ele>806.1</ele>
      </trkpt>
      <trkpt lat="41.04702740907669" lon="-7.875367244705558">
        <ele>803.8</ele>
      </trkpt>
      <trkpt lat="41.04698063805699" lon="-7.874781684949994">
        <ele>802</ele>
      </trkpt>
      <trkpt lat="41.04688877239823" lon="-7.874604491516948">
        <ele>802.7</ele>
      </trkpt>
      <trkpt lat="41.04683085344732" lon="-7.874521762132645">
        <ele>803.3</ele>
      </trkpt>
      <trkpt lat="41.04672649875283" lon="-7.874402906745672">
        <ele>803.9</ele>
      </trkpt>
      <trkpt lat="41.046684170141816" lon="-7.874379269778729">
        <ele>804.1</ele>
      </trkpt>
      <trkpt lat="41.04653287678957" lon="-7.874301737174392">
        <ele>804.7</ele>
      </trkpt>
      <trkpt lat="41.046488704159856" lon="-7.874297043308616">
        <ele>804.8</ele>
      </trkpt>
      <trkpt lat="41.046269768849015" lon="-7.874270556494594">
        <ele>805.2</ele>
      </trkpt>
      <trkpt lat="41.04571430012584" lon="-7.874147510156035">
        <ele>804.1</ele>
      </trkpt>
      <trkpt lat="41.04540693573654" lon="-7.874089339748025">
        <ele>803.6</ele>
      </trkpt>
      <trkpt lat="41.04531850665808" lon="-7.87409302778542">
        <ele>803.9</ele>
      </trkpt>
      <trkpt lat="41.04523225687444" lon="-7.874113144353032">
        <ele>804.6</ele>
      </trkpt>
      <trkpt lat="41.04472389444709" lon="-7.874431572854519">
        <ele>807.3</ele>
      </trkpt>
      <trkpt lat="41.04432290419936" lon="-7.874704236164689">
        <ele>807.7</ele>
      </trkpt>
      <trkpt lat="41.04383516125381" lon="-7.875029454007745">
        <ele>810.8</ele>
      </trkpt>
      <trkpt lat="41.043550008907914" lon="-7.875199858099222">
        <ele>813.7</ele>
      </trkpt>
      <trkpt lat="41.04323719628155" lon="-7.875085445120931">
        <ele>814.1</ele>
      </trkpt>
      <trkpt lat="41.04327139444649" lon="-7.874409528449178">
        <ele>812.1</ele>
      </trkpt>
      <trkpt lat="41.043303832411766" lon="-7.874366864562035">
        <ele>812.1</ele>
      </trkpt>
      <trkpt lat="41.043395111337304" lon="-7.874225629493594">
        <ele>812</ele>
      </trkpt>
      <trkpt lat="41.04347205720842" lon="-7.874076766893268">
        <ele>811.9</ele>
      </trkpt>
      <trkpt lat="41.04351371526718" lon="-7.873972747474909">
        <ele>811.9</ele>
      </trkpt>
      <trkpt lat="41.04358487762511" lon="-7.873755488544703">
        <ele>812</ele>
      </trkpt>
      <trkpt lat="41.043609688058496" lon="-7.87364836782217">
        <ele>812.3</ele>
      </trkpt>
      <trkpt lat="41.043726950883865" lon="-7.873191302642226">
        <ele>814.1</ele>
      </trkpt>
      <trkpt lat="41.04375536553562" lon="-7.873040260747075">
        <ele>814.9</ele>
      </trkpt>
      <trkpt lat="41.04380649514496" lon="-7.872784025967121">
        <ele>815.8</ele>
      </trkpt>
      <trkpt lat="41.04385226033628" lon="-7.87238672375679">
        <ele>816.4</ele>
      </trkpt>
      <trkpt lat="41.043840358033776" lon="-7.872264347970486">
        <ele>817.1</ele>
      </trkpt>
      <trkpt lat="41.043811440467834" lon="-7.871898310258985">
        <ele>818.5</ele>
      </trkpt>
      <trkpt lat="41.04378579184413" lon="-7.871478796005249">
        <ele>819.3</ele>
      </trkpt>
      <trkpt lat="41.04376860894263" lon="-7.871297327801585">
        <ele>819.2</ele>
      </trkpt>
      <trkpt lat="41.04372343048453" lon="-7.870814111083746">
        <ele>819.3</ele>
      </trkpt>
      <trkpt lat="41.04343928396702" lon="-7.870189072564244">
        <ele>822.5</ele>
      </trkpt>
      <trkpt lat="41.043369295075536" lon="-7.870124280452728">
        <ele>823.2</ele>
      </trkpt>
      <trkpt lat="41.04305279441178" lon="-7.869970891624689">
        <ele>826.6</ele>
      </trkpt>
      <trkpt lat="41.04288373142481" lon="-7.869951613247395">
        <ele>828.6</ele>
      </trkpt>
      <trkpt lat="41.04246513918042" lon="-7.869882211089134">
        <ele>831.6</ele>
      </trkpt>
      <trkpt lat="41.04238928295672" lon="-7.86984289996326">
        <ele>832.1</ele>
      </trkpt>
      <trkpt lat="41.0421622171998" lon="-7.869732677936554">
        <ele>835.2</ele>
      </trkpt>
      <trkpt lat="41.04199826717377" lon="-7.869648355990648">
        <ele>839.4</ele>
      </trkpt>
      <trkpt lat="41.04175611399114" lon="-7.869532266631723">
        <ele>840.1</ele>
      </trkpt>
      <trkpt lat="41.04123383760452" lon="-7.869582390412688">
        <ele>839.2</ele>
      </trkpt>
      <trkpt lat="41.04115462861955" lon="-7.869616253301501">
        <ele>839.4</ele>
      </trkpt>
      <trkpt lat="41.040909038856626" lon="-7.869687834754586">
        <ele>840.3</ele>
      </trkpt>
      <trkpt lat="41.040604105219245" lon="-7.86948717199266">
        <ele>840.3</ele>
      </trkpt>
      <trkpt lat="41.04049304500222" lon="-7.869149129837751">
        <ele>839.8</ele>
      </trkpt>
      <trkpt lat="41.040451135486364" lon="-7.86900001578033">
        <ele>839.9</ele>
      </trkpt>
      <trkpt lat="41.040283078327775" lon="-7.868314795196056">
        <ele>837.4</ele>
      </trkpt>
      <trkpt lat="41.040133545175195" lon="-7.868129136040807">
        <ele>838.8</ele>
      </trkpt>
      <trkpt lat="41.04009473696351" lon="-7.868104912340641">
        <ele>839.5</ele>
      </trkpt>
      <trkpt lat="41.040054420009255" lon="-7.868085214868188">
        <ele>840.1</ele>
      </trkpt>
      <trkpt lat="41.04001376777887" lon="-7.868067193776369">
        <ele>840.2</ele>
      </trkpt>
      <trkpt lat="41.039924249053" lon="-7.868045652285218">
        <ele>840.5</ele>
      </trkpt>
      <trkpt lat="41.03982710279524" lon="-7.868053950369358">
        <ele>841.3</ele>
      </trkpt>
      <trkpt lat="41.03978016413748" lon="-7.868067193776369">
        <ele>841.2</ele>
      </trkpt>
      <trkpt lat="41.03928571566939" lon="-7.868449240922928">
        <ele>842.1</ele>
      </trkpt>
      <trkpt lat="41.03909192606807" lon="-7.86863012239337">
        <ele>842.9</ele>
      </trkpt>
      <trkpt lat="41.038723373785615" lon="-7.868990628048778">
        <ele>854.7</ele>
      </trkpt>
      <trkpt lat="41.038157008588314" lon="-7.869087187573314">
        <ele>853.2</ele>
      </trkpt>
      <trkpt lat="41.037967493757606" lon="-7.869036896154285">
        <ele>851.3</ele>
      </trkpt>
      <trkpt lat="41.03782743215561" lon="-7.868982329964638">
        <ele>850.9</ele>
      </trkpt>
      <trkpt lat="41.03751922957599" lon="-7.868811758235097">
        <ele>854</ele>
      </trkpt>
      <trkpt lat="41.037335162982345" lon="-7.868427447974682">
        <ele>851.6</ele>
      </trkpt>
      <trkpt lat="41.03719661012292" lon="-7.867699982598424">
        <ele>843</ele>
      </trkpt>
      <trkpt lat="41.036739042028785" lon="-7.867518262937665">
        <ele>838.8</ele>
      </trkpt>
      <trkpt lat="41.03661029599607" lon="-7.867713812738657">
        <ele>843.5</ele>
      </trkpt>
      <trkpt lat="41.03648381307721" lon="-7.867941968142986">
        <ele>851.4</ele>
      </trkpt>
      <trkpt lat="41.03642513975501" lon="-7.868010699748993">
        <ele>853.6</ele>
      </trkpt>
      <trkpt lat="41.036390690132976" lon="-7.868038527667522">
        <ele>854.2</ele>
      </trkpt>
      <trkpt lat="41.03619161993265" lon="-7.868156796321273">
        <ele>855</ele>
      </trkpt>
      <trkpt lat="41.03587453253567" lon="-7.868337258696556">
        <ele>857</ele>
      </trkpt>
      <trkpt lat="41.03575467132032" lon="-7.86840439774096">
        <ele>858.5</ele>
      </trkpt>
      <trkpt lat="41.03567051701248" lon="-7.868432058021426">
        <ele>858.6</ele>
      </trkpt>
      <trkpt lat="41.03562735021114" lon="-7.868437170982361">
        <ele>858</ele>
      </trkpt>
      <trkpt lat="41.03549072518945" lon="-7.868432141840458">
        <ele>855</ele>
      </trkpt>
      <trkpt lat="41.034954031929374" lon="-7.868381347507238">
        <ele>854.4</ele>
      </trkpt>
      <trkpt lat="41.03485805913806" lon="-7.868370702490211">
        <ele>853.6</ele>
      </trkpt>
      <trkpt lat="41.03476099669933" lon="-7.868376318365336">
        <ele>853.6</ele>
      </trkpt>
      <trkpt lat="41.0346625931561" lon="-7.86840733140707">
        <ele>853.9</ele>
      </trkpt>
      <trkpt lat="41.03449788875878" lon="-7.868529791012406">
        <ele>856.8</ele>
      </trkpt>
      <trkpt lat="41.03434877470136" lon="-7.868680916726589">
        <ele>858.7</ele>
      </trkpt>
      <trkpt lat="41.03414383716881" lon="-7.8688979241997">
        <ele>859.8</ele>
      </trkpt>
      <trkpt lat="41.03411047719419" lon="-7.868931284174323">
        <ele>859.8</ele>
      </trkpt>
      <trkpt lat="41.033810237422585" lon="-7.869212245568633">
        <ele>858.2</ele>
      </trkpt>
      <trkpt lat="41.033727088943124" lon="-7.869331520050764">
        <ele>858.9</ele>
      </trkpt>
      <trkpt lat="41.033668080344796" lon="-7.869475018233061">
        <ele>859.5</ele>
      </trkpt>
      <trkpt lat="41.033636815845966" lon="-7.869575517252088">
        <ele>860.2</ele>
      </trkpt>
      <trkpt lat="41.033535646274686" lon="-7.869935519993305">
        <ele>863.3</ele>
      </trkpt>
      <trkpt lat="41.03323884308338" lon="-7.87027289159596">
        <ele>868.5</ele>
      </trkpt>
      <trkpt lat="41.03319835849106" lon="-7.870287392288446">
        <ele>868.8</ele>
      </trkpt>
      <trkpt lat="41.032692678272724" lon="-7.870463076978922">
        <ele>873.5</ele>
      </trkpt>
      <trkpt lat="41.03241280652583" lon="-7.870604479685426">
        <ele>876.3</ele>
      </trkpt>
      <trkpt lat="41.032331334427" lon="-7.870640438050032">
        <ele>876.3</ele>
      </trkpt>
      <trkpt lat="41.032124888151884" lon="-7.870721323415637">
        <ele>874.4</ele>
      </trkpt>
      <trkpt lat="41.03203687816858" lon="-7.870736578479409">
        <ele>873.3</ele>
      </trkpt>
      <trkpt lat="41.03194777853787" lon="-7.870745044201613">
        <ele>871.9</ele>
      </trkpt>
      <trkpt lat="41.03172146715224" lon="-7.870849063619971">
        <ele>871.2</ele>
      </trkpt>
      <trkpt lat="41.03166036307812" lon="-7.870924081653357">
        <ele>872.5</ele>
      </trkpt>
      <trkpt lat="41.031611412763596" lon="-7.871012929826975">
        <ele>874</ele>
      </trkpt>
      <trkpt lat="41.03158878162503" lon="-7.871058192104101">
        <ele>874.6</ele>
      </trkpt>
      <trkpt lat="41.03154410608113" lon="-7.8711514826864">
        <ele>876</ele>
      </trkpt>
      <trkpt lat="41.03136205114424" lon="-7.871456332504749">
        <ele>879.2</ele>
      </trkpt>
      <trkpt lat="41.03104571811855" lon="-7.871826309710741">
        <ele>880.4</ele>
      </trkpt>
      <trkpt lat="41.031010849401355" lon="-7.871858412399888">
        <ele>880.1</ele>
      </trkpt>
      <trkpt lat="41.030974723398685" lon="-7.871889341622591">
        <ele>879.6</ele>
      </trkpt>
      <trkpt lat="41.03089643642306" lon="-7.871943404898047">
        <ele>878</ele>
      </trkpt>
      <trkpt lat="41.03068571537733" lon="-7.872084807604551">
        <ele>873.6</ele>
      </trkpt>
      <trkpt lat="41.03064808063209" lon="-7.872125878930092">
        <ele>873.3</ele>
      </trkpt>
      <trkpt lat="41.030530566349626" lon="-7.872477164492011">
        <ele>874.6</ele>
      </trkpt>
      <trkpt lat="41.0305215138942" lon="-7.872609347105026">
        <ele>875.7</ele>
      </trkpt>
      <trkpt lat="41.03052092716098" lon="-7.872677575796843">
        <ele>876.4</ele>
      </trkpt>
      <trkpt lat="41.03051036596298" lon="-7.873003799468279">
        <ele>878.7</ele>
      </trkpt>
      <trkpt lat="41.030496284365654" lon="-7.873380314558744">
        <ele>880.5</ele>
      </trkpt>
      <trkpt lat="41.03047122247517" lon="-7.873799912631512">
        <ele>884.4</ele>
      </trkpt>
      <trkpt lat="41.03040902875364" lon="-7.874023709446192">
        <ele>885.8</ele>
      </trkpt>
      <trkpt lat="41.03029092773795" lon="-7.874230407178402">
        <ele>884.9</ele>
      </trkpt>
      <trkpt lat="41.03012706153095" lon="-7.874497789889574">
        <ele>884.5</ele>
      </trkpt>
      <trkpt lat="41.0297720041126" lon="-7.875094832852483">
        <ele>882.7</ele>
      </trkpt>
      <trkpt lat="41.02972271852195" lon="-7.875212514773011">
        <ele>882.2</ele>
      </trkpt>
      <trkpt lat="41.02970369160175" lon="-7.875276384875178">
        <ele>882.2</ele>
      </trkpt>
      <trkpt lat="41.02958869189024" lon="-7.875990271568298">
        <ele>887.4</ele>
      </trkpt>
      <trkpt lat="41.02955751121044" lon="-7.876198394224048">
        <ele>888</ele>
      </trkpt>
      <trkpt lat="41.02941233664751" lon="-7.87692166864872">
        <ele>886</ele>
      </trkpt>
      <trkpt lat="41.02929499000311" lon="-7.877146722748876">
        <ele>883.1</ele>
      </trkpt>
      <trkpt lat="41.02919423952699" lon="-7.87731553427875">
        <ele>881.3</ele>
      </trkpt>
      <trkpt lat="41.029101787135005" lon="-7.877653995528817">
        <ele>880.5</ele>
      </trkpt>
      <trkpt lat="41.02909457869828" lon="-7.877727840095758">
        <ele>880.7</ele>
      </trkpt>
      <trkpt lat="41.02905350737274" lon="-7.878153640776873">
        <ele>883</ele>
      </trkpt>
      <trkpt lat="41.02897563949227" lon="-7.878339802846313">
        <ele>882.6</ele>
      </trkpt>
      <trkpt lat="41.02890749461949" lon="-7.878449941053987">
        <ele>882.4</ele>
      </trkpt>
      <trkpt lat="41.02883708663285" lon="-7.878566198050976">
        <ele>882.4</ele>
      </trkpt>
      <trkpt lat="41.028801212087274" lon="-7.878626296296716">
        <ele>882.5</ele>
      </trkpt>
      <trkpt lat="41.028735330328345" lon="-7.878739535808563">
        <ele>882.9</ele>
      </trkpt>
      <trkpt lat="41.02841665036976" lon="-7.879142621532083">
        <ele>883.4</ele>
      </trkpt>
      <trkpt lat="41.02837624959648" lon="-7.879175059497356">
        <ele>883.2</ele>
      </trkpt>
      <trkpt lat="41.02819696068764" lon="-7.879257872700691">
        <ele>881</ele>
      </trkpt>
      <trkpt lat="41.0278932005167" lon="-7.87903256714344">
        <ele>873.3</ele>
      </trkpt>
      <trkpt lat="41.027784990146756" lon="-7.878876328468323">
        <ele>871.2</ele>
      </trkpt>
      <trkpt lat="41.027606539428234" lon="-7.87863140925765">
        <ele>872.4</ele>
      </trkpt>
      <trkpt lat="41.027368158102036" lon="-7.878338126465678">
        <ele>876.2</ele>
      </trkpt>
      <trkpt lat="41.027331529185176" lon="-7.878284230828285">
        <ele>876.7</ele>
      </trkpt>
      <trkpt lat="41.02726170793176" lon="-7.878174344077706">
        <ele>877.8</ele>
      </trkpt>
      <trkpt lat="41.027025673538446" lon="-7.877770168706775">
        <ele>880</ele>
      </trkpt>
      <trkpt lat="41.02690313011408" lon="-7.877533044666052">
        <ele>880.9</ele>
      </trkpt>
      <trkpt lat="41.02661060169339" lon="-7.876877747476101">
        <ele>883.3</ele>
      </trkpt>
      <trkpt lat="41.026372304186225" lon="-7.876513050869107">
        <ele>882.7</ele>
      </trkpt>
      <trkpt lat="41.02632871828973" lon="-7.876472566276789">
        <ele>882.6</ele>
      </trkpt>
      <trkpt lat="41.026144148781896" lon="-7.876342311501503">
        <ele>883.3</ele>
      </trkpt>
      <trkpt lat="41.025906102731824" lon="-7.876245584338903">
        <ele>885.3</ele>
      </trkpt>
      <trkpt lat="41.02576763369143" lon="-7.876242231577635">
        <ele>885.7</ele>
      </trkpt>
      <trkpt lat="41.025630589574575" lon="-7.876254301518202">
        <ele>885.8</ele>
      </trkpt>
      <trkpt lat="41.02505290880799" lon="-7.876282464712858">
        <ele>887.1</ele>
      </trkpt>
      <trkpt lat="41.02490798570216" lon="-7.876281794160605">
        <ele>888.1</ele>
      </trkpt>
      <trkpt lat="41.02479717694223" lon="-7.876291684806347">
        <ele>888.6</ele>
      </trkpt>
      <trkpt lat="41.02422779425979" lon="-7.876327559351921">
        <ele>891.4</ele>
      </trkpt>
      <trkpt lat="41.02413165383041" lon="-7.876335941255093">
        <ele>891.6</ele>
      </trkpt>
      <trkpt lat="41.0236641112715" lon="-7.87636804394424">
        <ele>892.1</ele>
      </trkpt>
      <trkpt lat="41.02317653596401" lon="-7.876481618732214">
        <ele>895.5</ele>
      </trkpt>
      <trkpt lat="41.02310411632061" lon="-7.876522690057755">
        <ele>896</ele>
      </trkpt>
      <trkpt lat="41.022713435813785" lon="-7.876798203215003">
        <ele>899.2</ele>
      </trkpt>
      <trkpt lat="41.02259390987456" lon="-7.876960393041372">
        <ele>899.6</ele>
      </trkpt>
      <trkpt lat="41.02243456989527" lon="-7.877156361937523">
        <ele>899.2</ele>
      </trkpt>
      <trkpt lat="41.0224069096148" lon="-7.877199444919825">
        <ele>898.9</ele>
      </trkpt>
      <trkpt lat="41.022376315668225" lon="-7.877240516245365">
        <ele>898.6</ele>
      </trkpt>
      <trkpt lat="41.02219769731164" lon="-7.877489291131496">
        <ele>897.5</ele>
      </trkpt>
      <trkpt lat="41.02180718444288" lon="-7.878050543367863">
        <ele>901.1</ele>
      </trkpt>
      <trkpt lat="41.021723952144384" lon="-7.878169398754835">
        <ele>901.4</ele>
      </trkpt>
      <trkpt lat="41.02138867601752" lon="-7.878658985719085">
        <ele>903.4</ele>
      </trkpt>
      <trkpt lat="41.02103244513273" lon="-7.879179585725069">
        <ele>907.8</ele>
      </trkpt>
      <trkpt lat="41.020868411287665" lon="-7.879416039213538">
        <ele>911.3</ele>
      </trkpt>
      <trkpt lat="41.02081392891705" lon="-7.879496421664953">
        <ele>912.4</ele>
      </trkpt>
      <trkpt lat="41.02051880210638" lon="-7.879924066364765">
        <ele>915</ele>
      </trkpt>
      <trkpt lat="41.0203589592129" lon="-7.880150796845555">
        <ele>915.2</ele>
      </trkpt>
      <trkpt lat="41.02031126618385" lon="-7.880217432975769">
        <ele>915.3</ele>
      </trkpt>
      <trkpt lat="41.020310930907726" lon="-7.880208631977439">
        <ele>915.4</ele>
      </trkpt>
      <trkpt lat="41.020367005839944" lon="-7.880109641700983">
        <ele>915.4</ele>
      </trkpt>
      <trkpt lat="41.02036197669804" lon="-7.880096063017845">
        <ele>915.7</ele>
      </trkpt>
      <trkpt lat="41.020367508754134" lon="-7.880095895379782">
        <ele>915.6</ele>
      </trkpt>
      <trkpt lat="41.02036784403026" lon="-7.880096817389131">
        <ele>915.6</ele>
      </trkpt>
      <trkpt lat="41.0203658323735" lon="-7.880103019997478">
        <ele>915.5</ele>
      </trkpt>
      <trkpt lat="41.0203658323735" lon="-7.880103019997478">
        <ele>915.5</ele>
      </trkpt>
      <trkpt lat="41.0203658323735" lon="-7.880103019997478">
        <ele>915.5</ele>
      </trkpt>
      <trkpt lat="41.020353427156806" lon="-7.880154233425856">
        <ele>915.2</ele>
      </trkpt>
      <trkpt lat="41.02002577856183" lon="-7.880589002743363">
        <ele>915.7</ele>
      </trkpt>
      <trkpt lat="41.01994908414781" lon="-7.880682209506631">
        <ele>915</ele>
      </trkpt>
      <trkpt lat="41.01978639140725" lon="-7.880868874490261">
        <ele>913.7</ele>
      </trkpt>
      <trkpt lat="41.01954633370042" lon="-7.881076578050852">
        <ele>914.5</ele>
      </trkpt>
      <trkpt lat="41.019424041733146" lon="-7.881187051534653">
        <ele>915.4</ele>
      </trkpt>
      <trkpt lat="41.01900025270879" lon="-7.88153431378305">
        <ele>916.3</ele>
      </trkpt>
      <trkpt lat="41.0185731947422" lon="-7.881863219663501">
        <ele>917.2</ele>
      </trkpt>
      <trkpt lat="41.01850898936391" lon="-7.881909571588039">
        <ele>917.9</ele>
      </trkpt>
      <trkpt lat="41.01831846870482" lon="-7.882057512179017">
        <ele>921.2</ele>
      </trkpt>
      <trkpt lat="41.018199948593974" lon="-7.882153065875173">
        <ele>923.5</ele>
      </trkpt>
      <trkpt lat="41.01811034604907" lon="-7.882223725318909">
        <ele>925.3</ele>
      </trkpt>
      <trkpt lat="41.0179153829813" lon="-7.882359344512224">
        <ele>929.5</ele>
      </trkpt>
      <trkpt lat="41.01788353174925" lon="-7.882384238764644">
        <ele>929.9</ele>
      </trkpt>
      <trkpt lat="41.017851596698165" lon="-7.882410222664475">
        <ele>930.3</ele>
      </trkpt>
      <trkpt lat="41.01775570772588" lon="-7.882488006725907">
        <ele>931.3</ele>
      </trkpt>
      <trkpt lat="41.01734105497599" lon="-7.882801657542586">
        <ele>931.3</ele>
      </trkpt>
      <trkpt lat="41.01724851876497" lon="-7.8828717302531">
        <ele>931.4</ele>
      </trkpt>
      <trkpt lat="41.01693335920572" lon="-7.883131401613355">
        <ele>930.4</ele>
      </trkpt>
      <trkpt lat="41.01663999259472" lon="-7.883358718827367">
        <ele>927.9</ele>
      </trkpt>
      <trkpt lat="41.01613732986152" lon="-7.883721655234695">
        <ele>927.3</ele>
      </trkpt>
      <trkpt lat="41.01607756689191" lon="-7.883769348263741">
        <ele>927.7</ele>
      </trkpt>
      <trkpt lat="41.01560767740011" lon="-7.884134966880083">
        <ele>930.3</ele>
      </trkpt>
      <trkpt lat="41.01547792553902" lon="-7.884239573031664">
        <ele>930.7</ele>
      </trkpt>
      <trkpt lat="41.015348341315985" lon="-7.884337389841676">
        <ele>931.1</ele>
      </trkpt>
      <trkpt lat="41.01529008708894" lon="-7.884389609098434">
        <ele>931.3</ele>
      </trkpt>
      <trkpt lat="41.01506184786558" lon="-7.884564958512783">
        <ele>934.4</ele>
      </trkpt>
      <trkpt lat="41.01489429362118" lon="-7.884699488058686">
        <ele>936</ele>
      </trkpt>
      <trkpt lat="41.0143855959177" lon="-7.885057479143143">
        <ele>938.1</ele>
      </trkpt>
      <trkpt lat="41.0142114199698" lon="-7.885137526318431">
        <ele>938.4</ele>
      </trkpt>
      <trkpt lat="41.013756953179836" lon="-7.885291837155819">
        <ele>936.9</ele>
      </trkpt>
      <trkpt lat="41.013716887682676" lon="-7.885301057249308">
        <ele>937</ele>
      </trkpt>
      <trkpt lat="41.01334783248603" lon="-7.885350929573178">
        <ele>938.6</ele>
      </trkpt>
      <trkpt lat="41.01326468400657" lon="-7.885356629267335">
        <ele>938.9</ele>
      </trkpt>
      <trkpt lat="41.013177931308746" lon="-7.885362831875682">
        <ele>939.3</ele>
      </trkpt>
      <trkpt lat="41.01305362768471" lon="-7.8853774163872">
        <ele>939.4</ele>
      </trkpt>
      <trkpt lat="41.01271776482463" lon="-7.885415889322758">
        <ele>938.5</ele>
      </trkpt>
      <trkpt lat="41.012369161471725" lon="-7.885455451905727">
        <ele>937.3</ele>
      </trkpt>
      <trkpt lat="41.01209909655154" lon="-7.885487973690033">
        <ele>937.9</ele>
      </trkpt>
      <trkpt lat="41.01165460422635" lon="-7.885560728609562">
        <ele>941.2</ele>
      </trkpt>
      <trkpt lat="41.01140884682536" lon="-7.885642284527421">
        <ele>942.9</ele>
      </trkpt>
      <trkpt lat="41.0110666975379" lon="-7.885783351957798">
        <ele>942.3</ele>
      </trkpt>
      <trkpt lat="41.01053645834327" lon="-7.886030115187168">
        <ele>941</ele>
      </trkpt>
      <trkpt lat="41.01039472036064" lon="-7.886102702468634">
        <ele>940.8</ele>
      </trkpt>
      <trkpt lat="41.009849309921265" lon="-7.886368744075298">
        <ele>939.9</ele>
      </trkpt>
      <trkpt lat="41.0095074120909" lon="-7.886525737121701">
        <ele>940.2</ele>
      </trkpt>
      <trkpt lat="41.00946927443147" lon="-7.886547110974789">
        <ele>940.2</ele>
      </trkpt>
      <trkpt lat="41.009390484541655" lon="-7.886582231149077">
        <ele>940.5</ele>
      </trkpt>
      <trkpt lat="41.00915755145252" lon="-7.886691698804498">
        <ele>941.8</ele>
      </trkpt>
      <trkpt lat="41.008919924497604" lon="-7.886813990771771">
        <ele>943.7</ele>
      </trkpt>
      <trkpt lat="41.00868112407625" lon="-7.886932762339711">
        <ele>946.6</ele>
      </trkpt>
      <trkpt lat="41.008489010855556" lon="-7.88702504709363">
        <ele>949</ele>
      </trkpt>
      <trkpt lat="41.008412819355726" lon="-7.887063687667251">
        <ele>949.9</ele>
      </trkpt>
      <trkpt lat="41.00817980244756" lon="-7.887150272727013">
        <ele>953.2</ele>
      </trkpt>
      <trkpt lat="41.00803253240883" lon="-7.88719704374671">
        <ele>955.1</ele>
      </trkpt>
      <trkpt lat="41.00799431093037" lon="-7.887206096202135">
        <ele>955.6</ele>
      </trkpt>
      <trkpt lat="41.00791711360216" lon="-7.88722244091332">
        <ele>956.5</ele>
      </trkpt>
      <trkpt lat="41.0073487367481" lon="-7.887250520288944">
        <ele>962.2</ele>
      </trkpt>
      <trkpt lat="41.0071674361825" lon="-7.887242641299963">
        <ele>963.6</ele>
      </trkpt>
      <trkpt lat="41.00709426216781" lon="-7.887239456176758">
        <ele>964.2</ele>
      </trkpt>
      <trkpt lat="41.00666041485965" lon="-7.887221937999129">
        <ele>968.7</ele>
      </trkpt>
      <trkpt lat="41.006285240873694" lon="-7.887206850573421">
        <ele>971.3</ele>
      </trkpt>
      <trkpt lat="41.006182143464684" lon="-7.887204922735691">
        <ele>971.6</ele>
      </trkpt>
      <trkpt lat="41.00577930919826" lon="-7.887198552489281">
        <ele>973.5</ele>
      </trkpt>
      <trkpt lat="41.00570370443165" lon="-7.88719511590898">
        <ele>973.8</ele>
      </trkpt>
      <trkpt lat="41.00544981658459" lon="-7.88719218224287">
        <ele>973.4</ele>
      </trkpt>
      <trkpt lat="41.005331045016646" lon="-7.887189500033855">
        <ele>972.8</ele>
      </trkpt>
      <trkpt lat="41.00528779439628" lon="-7.887191930785775">
        <ele>972.6</ele>
      </trkpt>
      <trkpt lat="41.005247980356216" lon="-7.887195032089949">
        <ele>972.4</ele>
      </trkpt>
      <trkpt lat="41.00516022183001" lon="-7.887195702642202">
        <ele>972</ele>
      </trkpt>
      <trkpt lat="41.00498369894922" lon="-7.887177430093288">
        <ele>972.2</ele>
      </trkpt>
      <trkpt lat="41.00480583496392" lon="-7.887174412608147">
        <ele>972.3</ele>
      </trkpt>
      <trkpt lat="41.004654206335545" lon="-7.887150272727013">
        <ele>972.1</ele>
      </trkpt>
      <trkpt lat="41.00452680140734" lon="-7.887062598019838">
        <ele>971.6</ele>
      </trkpt>
      <trkpt lat="41.004453459754586" lon="-7.88697081618011">
        <ele>971.3</ele>
      </trkpt>
      <trkpt lat="41.004377184435725" lon="-7.886872077360749">
        <ele>970.7</ele>
      </trkpt>
      <trkpt lat="41.00429252721369" lon="-7.886781552806497">
        <ele>970</ele>
      </trkpt>
      <trkpt lat="41.00408373400569" lon="-7.886689519509673">
        <ele>968.2</ele>
      </trkpt>
      <trkpt lat="41.00402723997831" lon="-7.886683400720358">
        <ele>967.8</ele>
      </trkpt>
      <trkpt lat="41.003755666315556" lon="-7.886788174510002">
        <ele>966</ele>
      </trkpt>
      <trkpt lat="41.003235736861825" lon="-7.887087492272258">
        <ele>963</ele>
      </trkpt>
      <trkpt lat="41.00284078158438" lon="-7.887239288538694">
        <ele>964.1</ele>
      </trkpt>
      <trkpt lat="41.002679681405425" lon="-7.887293519452214">
        <ele>964.3</ele>
      </trkpt>
      <trkpt lat="41.002299059182405" lon="-7.887341044843197">
        <ele>962.6</ele>
      </trkpt>
      <trkpt lat="41.00184618495405" lon="-7.887338111177087">
        <ele>960.3</ele>
      </trkpt>
      <trkpt lat="41.00167821161449" lon="-7.887312881648541">
        <ele>960.3</ele>
      </trkpt>
      <trkpt lat="41.0011441167444" lon="-7.887179357931018">
        <ele>960.3</ele>
      </trkpt>
      <trkpt lat="41.00057188421488" lon="-7.886942066252232">
        <ele>957</ele>
      </trkpt>
      <trkpt lat="41.00007492117584" lon="-7.886639479547739">
        <ele>955.4</ele>
      </trkpt>
      <trkpt lat="40.99983821623027" lon="-7.886494640260935">
        <ele>954.9</ele>
      </trkpt>
      <trkpt lat="40.99978230893612" lon="-7.886459436267614">
        <ele>954.9</ele>
      </trkpt>
      <trkpt lat="40.99961961619556" lon="-7.886355584487319">
        <ele>955</ele>
      </trkpt>
      <trkpt lat="40.99911008030176" lon="-7.886030869558454">
        <ele>954.4</ele>
      </trkpt>
      <trkpt lat="40.99896289408207" lon="-7.885929280892015">
        <ele>954</ele>
      </trkpt>
      <trkpt lat="40.99856022745371" lon="-7.885683607310057">
        <ele>955.2</ele>
      </trkpt>
      <trkpt lat="40.99851286970079" lon="-7.885647816583514">
        <ele>955.2</ele>
      </trkpt>
      <trkpt lat="40.99825965240598" lon="-7.885500211268663">
        <ele>955.3</ele>
      </trkpt>
      <trkpt lat="40.99800702184439" lon="-7.885360820218921">
        <ele>955.1</ele>
      </trkpt>
      <trkpt lat="40.997843239456415" lon="-7.885267026722431">
        <ele>955.6</ele>
      </trkpt>
      <trkpt lat="40.997723964974284" lon="-7.885192092508078">
        <ele>955.9</ele>
      </trkpt>
      <trkpt lat="40.99765431135893" lon="-7.885145153850317">
        <ele>955.6</ele>
      </trkpt>
      <trkpt lat="40.99742162972689" lon="-7.885005343705416">
        <ele>954.8</ele>
      </trkpt>
      <trkpt lat="40.99698392674327" lon="-7.884729746729136">
        <ele>953.6</ele>
      </trkpt>
      <trkpt lat="40.996453603729606" lon="-7.884334456175566">
        <ele>948</ele>
      </trkpt>
      <trkpt lat="40.99604096263647" lon="-7.883939584717155">
        <ele>949.1</ele>
      </trkpt>
      <trkpt lat="40.99559336900711" lon="-7.883481429889798">
        <ele>950.2</ele>
      </trkpt>
      <trkpt lat="40.99538943730295" lon="-7.883269786834717">
        <ele>949.6</ele>
      </trkpt>
      <trkpt lat="40.99524644203484" lon="-7.883134251460433">
        <ele>948.1</ele>
      </trkpt>
      <trkpt lat="40.99503354169428" lon="-7.882922859862447">
        <ele>944.5</ele>
      </trkpt>
      <trkpt lat="40.99465794861317" lon="-7.882560510188341">
        <ele>938.3</ele>
      </trkpt>
      <trkpt lat="40.994234746322036" lon="-7.8822863381356">
        <ele>938.8</ele>
      </trkpt>
      <trkpt lat="40.99404665641487" lon="-7.882238980382681">
        <ele>939.3</ele>
      </trkpt>
      <trkpt lat="40.99366620182991" lon="-7.882279129698873">
        <ele>937.2</ele>
      </trkpt>
      <trkpt lat="40.99348674528301" lon="-7.88235423155129">
        <ele>935.6</ele>
      </trkpt>
      <trkpt lat="40.992952063679695" lon="-7.882631085813046">
        <ele>928.6</ele>
      </trkpt>
      <trkpt lat="40.99268166348338" lon="-7.882768716663122">
        <ele>925.3</ele>
      </trkpt>
      <trkpt lat="40.99259130656719" lon="-7.882812554016709">
        <ele>924.9</ele>
      </trkpt>
      <trkpt lat="40.99205679260194" lon="-7.88308328948915">
        <ele>925.5</ele>
      </trkpt>
      <trkpt lat="40.99196853116155" lon="-7.883127126842737">
        <ele>925.7</ele>
      </trkpt>
      <trkpt lat="40.99170282483101" lon="-7.883258974179626">
        <ele>925.8</ele>
      </trkpt>
      <trkpt lat="40.991186164319515" lon="-7.88353088311851">
        <ele>925.4</ele>
      </trkpt>
      <trkpt lat="40.99110268056393" lon="-7.883574469015002">
        <ele>924.8</ele>
      </trkpt>
      <trkpt lat="40.99076799117029" lon="-7.883743951097131">
        <ele>920.9</ele>
      </trkpt>
      <trkpt lat="40.99068308249116" lon="-7.883786112070084">
        <ele>919.8</ele>
      </trkpt>
      <trkpt lat="40.99051158875227" lon="-7.883871775120497">
        <ele>918</ele>
      </trkpt>
      <trkpt lat="40.990425338968635" lon="-7.883915528655052">
        <ele>917.6</ele>
      </trkpt>
      <trkpt lat="40.99016608670354" lon="-7.884046789258719">
        <ele>916.5</ele>
      </trkpt>
      <trkpt lat="40.98982259631157" lon="-7.88422180339694">
        <ele>913.9</ele>
      </trkpt>
      <trkpt lat="40.989564349874854" lon="-7.884351639077067">
        <ele>912.4</ele>
      </trkpt>
      <trkpt lat="40.98898507654667" lon="-7.884646849706769">
        <ele>911.4</ele>
      </trkpt>
      <trkpt lat="40.98875541239977" lon="-7.884763441979885">
        <ele>911.5</ele>
      </trkpt>
      <trkpt lat="40.988157112151384" lon="-7.884907107800245">
        <ele>911.7</ele>
      </trkpt>
      <trkpt lat="40.987571720033884" lon="-7.884784648194909">
        <ele>912.4</ele>
      </trkpt>
      <trkpt lat="40.98742838948965" lon="-7.884731255471706">
        <ele>912.1</ele>
      </trkpt>
      <trkpt lat="40.9868336096406" lon="-7.884531514719129">
        <ele>908.9</ele>
      </trkpt>
      <trkpt lat="40.986368833109736" lon="-7.88436789996922">
        <ele>909.6</ele>
      </trkpt>
      <trkpt lat="40.98583624698222" lon="-7.884191796183586">
        <ele>910.2</ele>
      </trkpt>
      <trkpt lat="40.98534733057022" lon="-7.884047459810972">
        <ele>911.1</ele>
      </trkpt>
      <trkpt lat="40.9847994055599" lon="-7.884031953290105">
        <ele>908.6</ele>
      </trkpt>
      <trkpt lat="40.98427637480199" lon="-7.884210739284754">
        <ele>906.3</ele>
      </trkpt>
      <trkpt lat="40.984016535803676" lon="-7.884331438690424">
        <ele>904.9</ele>
      </trkpt>
      <trkpt lat="40.98381889052689" lon="-7.88442405872047">
        <ele>903.5</ele>
      </trkpt>
      <trkpt lat="40.983276749029756" lon="-7.884673839434981">
        <ele>902</ele>
      </trkpt>
      <trkpt lat="40.982763692736626" lon="-7.884910125285387">
        <ele>907.5</ele>
      </trkpt>
      <trkpt lat="40.982701582834125" lon="-7.884938037022948">
        <ele>907.9</ele>
      </trkpt>
      <trkpt lat="40.98216044716537" lon="-7.885187650099397">
        <ele>910.1</ele>
      </trkpt>
      <trkpt lat="40.98177236504853" lon="-7.885369453579187">
        <ele>909.7</ele>
      </trkpt>
      <trkpt lat="40.98138604313135" lon="-7.885551759973168">
        <ele>908.1</ele>
      </trkpt>
      <trkpt lat="40.98088715225458" lon="-7.885780250653625">
        <ele>906.5</ele>
      </trkpt>
      <trkpt lat="40.980343921110034" lon="-7.886032378301024">
        <ele>908.7</ele>
      </trkpt>
      <trkpt lat="40.9797880332917" lon="-7.886285092681646">
        <ele>910.4</ele>
      </trkpt>
      <trkpt lat="40.979254860430956" lon="-7.886529425159097">
        <ele>912.1</ele>
      </trkpt>
      <trkpt lat="40.97871020436287" lon="-7.886774009093642">
        <ele>908.1</ele>
      </trkpt>
      <trkpt lat="40.978161692619324" lon="-7.887032842263579">
        <ele>907.7</ele>
      </trkpt>
      <trkpt lat="40.977633967995644" lon="-7.887253789231181">
        <ele>906.4</ele>
      </trkpt>
      <trkpt lat="40.97744420170784" lon="-7.887306595221162">
        <ele>905.8</ele>
      </trkpt>
      <trkpt lat="40.97724739462137" lon="-7.887340458109975">
        <ele>905.4</ele>
      </trkpt>
      <trkpt lat="40.976829724386334" lon="-7.887351522222161">
        <ele>905.7</ele>
      </trkpt>
      <trkpt lat="40.97653225064278" lon="-7.88730944506824">
        <ele>905.7</ele>
      </trkpt>
      <trkpt lat="40.97637810744345" lon="-7.887269044294953">
        <ele>906.1</ele>
      </trkpt>
      <trkpt lat="40.97597946412861" lon="-7.887104842811823">
        <ele>905.2</ele>
      </trkpt>
      <trkpt lat="40.97565516829491" lon="-7.886901581659913">
        <ele>901.6</ele>
      </trkpt>
      <trkpt lat="40.97541636787355" lon="-7.88671282120049">
        <ele>898.9</ele>
      </trkpt>
      <trkpt lat="40.97491102293134" lon="-7.886272519826889">
        <ele>898.3</ele>
      </trkpt>
      <trkpt lat="40.97470256499946" lon="-7.886100690811873">
        <ele>898.5</ele>
      </trkpt>
      <trkpt lat="40.97450617700815" lon="-7.885949648916721">
        <ele>900.5</ele>
      </trkpt>
      <trkpt lat="40.97433518618345" lon="-7.885811850428581">
        <ele>902.3</ele>
      </trkpt>
      <trkpt lat="40.97417676821351" lon="-7.885687379166484">
        <ele>904.2</ele>
      </trkpt>
      <trkpt lat="40.97408004105091" lon="-7.885615294799209">
        <ele>905.4</ele>
      </trkpt>
      <trkpt lat="40.97402966581285" lon="-7.885576402768493">
        <ele>906</ele>
      </trkpt>
      <trkpt lat="40.97388507798314" lon="-7.885453440248966">
        <ele>907.7</ele>
      </trkpt>
      <trkpt lat="40.97368810325861" lon="-7.885309774428606">
        <ele>909.4</ele>
      </trkpt>
      <trkpt lat="40.97350177355111" lon="-7.885178346186876">
        <ele>910.9</ele>
      </trkpt>
      <trkpt lat="40.97326490096748" lon="-7.885024873539805">
        <ele>912.2</ele>
      </trkpt>
      <trkpt lat="40.97303833812475" lon="-7.884889421984553">
        <ele>913.2</ele>
      </trkpt>
      <trkpt lat="40.972661739215255" lon="-7.884676940739155">
        <ele>912.5</ele>
      </trkpt>
      <trkpt lat="40.972117921337485" lon="-7.884402181953192">
        <ele>910.8</ele>
      </trkpt>
      <trkpt lat="40.971575025469065" lon="-7.884260443970561">
        <ele>912.7</ele>
      </trkpt>
      <trkpt lat="40.971012096852064" lon="-7.884230269119144">
        <ele>913.9</ele>
      </trkpt>
      <trkpt lat="40.97043139860034" lon="-7.88423496298492">
        <ele>913.2</ele>
      </trkpt>
      <trkpt lat="40.97012856043875" lon="-7.884242422878742">
        <ele>912.5</ele>
      </trkpt>
      <trkpt lat="40.96987668424845" lon="-7.884247032925487">
        <ele>912.4</ele>
      </trkpt>
      <trkpt lat="40.96962078474462" lon="-7.884253906086087">
        <ele>911.6</ele>
      </trkpt>
      <trkpt lat="40.969365891069174" lon="-7.884258851408958">
        <ele>909.6</ele>
      </trkpt>
      <trkpt lat="40.969103788957" lon="-7.884262874722481">
        <ele>908.2</ele>
      </trkpt>
      <trkpt lat="40.968841686844826" lon="-7.884264886379242">
        <ele>908.1</ele>
      </trkpt>
      <trkpt lat="40.9685165528208" lon="-7.884269747883081">
        <ele>908.7</ele>
      </trkpt>
      <trkpt lat="40.96792730502784" lon="-7.884279051795602">
        <ele>908</ele>
      </trkpt>
      <trkpt lat="40.96737250685692" lon="-7.884320290759206">
        <ele>904.8</ele>
      </trkpt>
      <trkpt lat="40.96708618104458" lon="-7.884355578571558">
        <ele>903.6</ele>
      </trkpt>
      <trkpt lat="40.966786947101355" lon="-7.884409977123141">
        <ele>902.9</ele>
      </trkpt>
      <trkpt lat="40.96621748059988" lon="-7.884541489183903">
        <ele>900.2</ele>
      </trkpt>
      <trkpt lat="40.96560048870742" lon="-7.884693285450339">
        <ele>897.6</ele>
      </trkpt>
      <trkpt lat="40.96532137133181" lon="-7.88476025685668">
        <ele>895.9</ele>
      </trkpt>
      <trkpt lat="40.964847542345524" lon="-7.884879279881716">
        <ele>894.4</ele>
      </trkpt>
      <trkpt lat="40.96429919824004" lon="-7.885015988722444">
        <ele>892</ele>
      </trkpt>
      <trkpt lat="40.96404019743204" lon="-7.885079523548484">
        <ele>890.3</ele>
      </trkpt>
      <trkpt lat="40.963534098118544" lon="-7.885210365056992">
        <ele>889.4</ele>
      </trkpt>
      <trkpt lat="40.96307351253927" lon="-7.885378925129771">
        <ele>890.4</ele>
      </trkpt>
      <trkpt lat="40.962709905579686" lon="-7.885583778843284">
        <ele>890.5</ele>
      </trkpt>
      <trkpt lat="40.962501950562" lon="-7.885722247883678">
        <ele>889</ele>
      </trkpt>
      <trkpt lat="40.96229483373463" lon="-7.885863818228245">
        <ele>887.5</ele>
      </trkpt>
      <trkpt lat="40.961765768006444" lon="-7.886242428794503">
        <ele>887.1</ele>
      </trkpt>
      <trkpt lat="40.961286406964064" lon="-7.886640150099993">
        <ele>886.7</ele>
      </trkpt>
      <trkpt lat="40.960956159979105" lon="-7.886970899999142">
        <ele>886.9</ele>
      </trkpt>
      <trkpt lat="40.960548883304" lon="-7.887471970170736">
        <ele>885.1</ele>
      </trkpt>
      <trkpt lat="40.96014671958983" lon="-7.887982008978725">
        <ele>887.2</ele>
      </trkpt>
      <trkpt lat="40.95971630886197" lon="-7.888525323942304">
        <ele>888.2</ele>
      </trkpt>
      <trkpt lat="40.95962276682258" lon="-7.888643592596054">
        <ele>888.6</ele>
      </trkpt>
      <trkpt lat="40.959202498197556" lon="-7.889142148196697">
        <ele>889.7</ele>
      </trkpt>
      <trkpt lat="40.95884584821761" lon="-7.8894027415663">
        <ele>889.5</ele>
      </trkpt>
      <trkpt lat="40.95827529206872" lon="-7.889577839523554">
        <ele>888.6</ele>
      </trkpt>
      <trkpt lat="40.95768151804805" lon="-7.889636009931564">
        <ele>888.3</ele>
      </trkpt>
      <trkpt lat="40.95713786780834" lon="-7.889678338542581">
        <ele>888.3</ele>
      </trkpt>
      <trkpt lat="40.95689445734024" lon="-7.889700634405017">
        <ele>888.6</ele>
      </trkpt>
      <trkpt lat="40.956710893660784" lon="-7.889713710173965">
        <ele>888.7</ele>
      </trkpt>
      <trkpt lat="40.95615215599537" lon="-7.88977162912488">
        <ele>888</ele>
      </trkpt>
      <trkpt lat="40.95554916188121" lon="-7.889826782047749">
        <ele>888.5</ele>
      </trkpt>
      <trkpt lat="40.95499503426254" lon="-7.889876235276461">
        <ele>889.9</ele>
      </trkpt>
      <trkpt lat="40.954653806984425" lon="-7.889908086508513">
        <ele>888.5</ele>
      </trkpt>
      <trkpt lat="40.95444803126156" lon="-7.889927532523871">
        <ele>886.7</ele>
      </trkpt>
      <trkpt lat="40.954170506447554" lon="-7.889961982145906">
        <ele>883.9</ele>
      </trkpt>
      <trkpt lat="40.95372810959816" lon="-7.890078742057085">
        <ele>882.6</ele>
      </trkpt>
      <trkpt lat="40.95351076684892" lon="-7.890173709020019">
        <ele>883</ele>
      </trkpt>
      <trkpt lat="40.95329996198416" lon="-7.890296252444387">
        <ele>882.6</ele>
      </trkpt>
      <trkpt lat="40.95288950018585" lon="-7.890610992908478">
        <ele>880.1</ele>
      </trkpt>
      <trkpt lat="40.95241810195148" lon="-7.891033021733165">
        <ele>878.2</ele>
      </trkpt>
      <trkpt lat="40.952084586024284" lon="-7.891340050846338">
        <ele>877.5</ele>
      </trkpt>
      <trkpt lat="40.951760206371546" lon="-7.891635093837977">
        <ele>877.2</ele>
      </trkpt>
      <trkpt lat="40.95138603821397" lon="-7.891976237297058">
        <ele>877.8</ele>
      </trkpt>
      <trkpt lat="40.951083954423666" lon="-7.892249990254641">
        <ele>878.3</ele>
      </trkpt>
      <trkpt lat="40.95060836523771" lon="-7.892683921381831">
        <ele>878.5</ele>
      </trkpt>
      <trkpt lat="40.95020410604775" lon="-7.893046857789159">
        <ele>880.9</ele>
      </trkpt>
      <trkpt lat="40.949757266789675" lon="-7.893450614064932">
        <ele>880.5</ele>
      </trkpt>
      <trkpt lat="40.949317552149296" lon="-7.893856801092625">
        <ele>880.7</ele>
      </trkpt>
      <trkpt lat="40.949205067008734" lon="-7.893958222121">
        <ele>880</ele>
      </trkpt>
      <trkpt lat="40.94875772483647" lon="-7.894360972568393">
        <ele>878.4</ele>
      </trkpt>
      <trkpt lat="40.94826277345419" lon="-7.894811751320958">
        <ele>880.3</ele>
      </trkpt>
      <trkpt lat="40.947775449603796" lon="-7.895255656912923">
        <ele>881</ele>
      </trkpt>
      <trkpt lat="40.94729491509497" lon="-7.895711548626423">
        <ele>882.1</ele>
      </trkpt>
      <trkpt lat="40.946891494095325" lon="-7.896269531920552">
        <ele>882</ele>
      </trkpt>
      <trkpt lat="40.94658421352506" lon="-7.896935138851404">
        <ele>882</ele>
      </trkpt>
      <trkpt lat="40.946336360648274" lon="-7.897634273394942">
        <ele>884.4</ele>
      </trkpt>
      <trkpt lat="40.946102840825915" lon="-7.898318571969867">
        <ele>884.1</ele>
      </trkpt>
      <trkpt lat="40.94584719277918" lon="-7.899048132821918">
        <ele>882.9</ele>
      </trkpt>
      <trkpt lat="40.94573034904897" lon="-7.899392880499363">
        <ele>882.2</ele>
      </trkpt>
      <trkpt lat="40.945581402629614" lon="-7.899836786091328">
        <ele>880.9</ele>
      </trkpt>
      <trkpt lat="40.94542248174548" lon="-7.900295360013843">
        <ele>880.2</ele>
      </trkpt>
      <trkpt lat="40.94525517895818" lon="-7.900783186778426">
        <ele>880</ele>
      </trkpt>
      <trkpt lat="40.944996597245336" lon="-7.901533283293247">
        <ele>876.4</ele>
      </trkpt>
      <trkpt lat="40.9447930008173" lon="-7.902115490287542">
        <ele>873</ele>
      </trkpt>
      <trkpt lat="40.944535844027996" lon="-7.902857707813382">
        <ele>868.4</ele>
      </trkpt>
      <trkpt lat="40.944266282022" lon="-7.903637560084462">
        <ele>866.4</ele>
      </trkpt>
      <trkpt lat="40.94421850517392" lon="-7.90376597084105">
        <ele>865.7</ele>
      </trkpt>
      <trkpt lat="40.943979704752564" lon="-7.904445743188262">
        <ele>862</ele>
      </trkpt>
      <trkpt lat="40.943787256255746" lon="-7.905009258538485">
        <ele>859.5</ele>
      </trkpt>
      <trkpt lat="40.94354711472988" lon="-7.905678050592542">
        <ele>859.6</ele>
      </trkpt>
      <trkpt lat="40.943281911313534" lon="-7.906449856236577">
        <ele>860.1</ele>
      </trkpt>
      <trkpt lat="40.943195996806026" lon="-7.906697373837233">
        <ele>859.6</ele>
      </trkpt>
      <trkpt lat="40.94315366819501" lon="-7.906820001080632">
        <ele>859.3</ele>
      </trkpt>
      <trkpt lat="40.94298854470253" lon="-7.907301457598805">
        <ele>857.2</ele>
      </trkpt>
      <trkpt lat="40.942824594676495" lon="-7.907777968794107">
        <ele>853.6</ele>
      </trkpt>
      <trkpt lat="40.94261865131557" lon="-7.90837618522346">
        <ele>850.8</ele>
      </trkpt>
      <trkpt lat="40.942450761795044" lon="-7.90886820293963">
        <ele>848.9</ele>
      </trkpt>
      <trkpt lat="40.94219645485282" lon="-7.909603882580996">
        <ele>851.2</ele>
      </trkpt>
      <trkpt lat="40.941981291398406" lon="-7.910220455378294">
        <ele>853.5</ele>
      </trkpt>
      <trkpt lat="40.94170820899308" lon="-7.910917159169912">
        <ele>851.6</ele>
      </trkpt>
      <trkpt lat="40.94131392426789" lon="-7.911479501053691">
        <ele>853</ele>
      </trkpt>
      <trkpt lat="40.941066993400455" lon="-7.911706231534481">
        <ele>851.1</ele>
      </trkpt>
      <trkpt lat="40.94053742475808" lon="-7.912076124921441">
        <ele>849.6</ele>
      </trkpt>
      <trkpt lat="40.9403686132282" lon="-7.91218944825232">
        <ele>849</ele>
      </trkpt>
      <trkpt lat="40.93980166129768" lon="-7.912491699680686">
        <ele>846.4</ele>
      </trkpt>
      <trkpt lat="40.93963787890971" lon="-7.912537464872003">
        <ele>845</ele>
      </trkpt>
      <trkpt lat="40.93901367858052" lon="-7.912517348304391">
        <ele>838.8</ele>
      </trkpt>
      <trkpt lat="40.938629200682044" lon="-7.912394804880023">
        <ele>834.6</ele>
      </trkpt>
      <trkpt lat="40.93824790790677" lon="-7.912268824875355">
        <ele>833.3</ele>
      </trkpt>
      <trkpt lat="40.937781957909465" lon="-7.912103785201907">
        <ele>831.9</ele>
      </trkpt>
      <trkpt lat="40.93723042868078" lon="-7.911853920668364">
        <ele>831.3</ele>
      </trkpt>
      <trkpt lat="40.937138982117176" lon="-7.911803964525461">
        <ele>831.8</ele>
      </trkpt>
      <trkpt lat="40.93659767881036" lon="-7.91146139614284">
        <ele>830.9</ele>
      </trkpt>
      <trkpt lat="40.93650723807514" lon="-7.911398448050022">
        <ele>830.2</ele>
      </trkpt>
      <trkpt lat="40.93597146682441" lon="-7.911032913252711">
        <ele>827.2</ele>
      </trkpt>
      <trkpt lat="40.935882115736604" lon="-7.910980023443699">
        <ele>826.4</ele>
      </trkpt>
      <trkpt lat="40.93532438389957" lon="-7.910741558298469">
        <ele>820.6</ele>
      </trkpt>
      <trkpt lat="40.935123302042484" lon="-7.910720435902476">
        <ele>820</ele>
      </trkpt>
      <trkpt lat="40.93452265486121" lon="-7.910854462534189">
        <ele>820.4</ele>
      </trkpt>
      <trkpt lat="40.9344264306128" lon="-7.910905843600631">
        <ele>820.2</ele>
      </trkpt>
      <trkpt lat="40.9339879732579" lon="-7.911259895190597">
        <ele>820.6</ele>
      </trkpt>
      <trkpt lat="40.9338256996125" lon="-7.911423509940505">
        <ele>820.8</ele>
      </trkpt>
      <trkpt lat="40.93334449455142" lon="-7.911914102733135">
        <ele>815.4</ele>
      </trkpt>
      <trkpt lat="40.9328689891845" lon="-7.912423387169838">
        <ele>809.2</ele>
      </trkpt>
      <trkpt lat="40.93270428478718" lon="-7.912589013576508">
        <ele>807.7</ele>
      </trkpt>
      <trkpt lat="40.93220539391041" lon="-7.91311489418149">
        <ele>806.4</ele>
      </trkpt>
      <trkpt lat="40.93203255906701" lon="-7.913293093442917">
        <ele>808.4</ele>
      </trkpt>
      <trkpt lat="40.931598795577884" lon="-7.913750158622861">
        <ele>808.3</ele>
      </trkpt>
      <trkpt lat="40.93133476562798" lon="-7.914018463343382">
        <ele>803.8</ele>
      </trkpt>
      <trkpt lat="40.930904019623995" lon="-7.914464715868235">
        <ele>800.8</ele>
      </trkpt>
      <trkpt lat="40.930647533386946" lon="-7.914736540988088">
        <ele>800</ele>
      </trkpt>
      <trkpt lat="40.930306976661086" lon="-7.915091263130307">
        <ele>798.2</ele>
      </trkpt>
      <trkpt lat="40.92997748404741" lon="-7.915443973615766">
        <ele>796</ele>
      </trkpt>
      <trkpt lat="40.92972963117063" lon="-7.915704064071178">
        <ele>794.1</ele>
      </trkpt>
      <trkpt lat="40.9292459115386" lon="-7.916207229718566">
        <ele>791</ele>
      </trkpt>
      <trkpt lat="40.929164942353964" lon="-7.916286941617727">
        <ele>790.6</ele>
      </trkpt>
      <trkpt lat="40.92868977226317" lon="-7.916768984869123">
        <ele>789.4</ele>
      </trkpt>
      <trkpt lat="40.92827101238072" lon="-7.917220517992973">
        <ele>789.1</ele>
      </trkpt>
      <trkpt lat="40.92813170515001" lon="-7.91737181134522">
        <ele>789.5</ele>
      </trkpt>
      <trkpt lat="40.92770515009761" lon="-7.91781647130847">
        <ele>790.4</ele>
      </trkpt>
      <trkpt lat="40.92756265774369" lon="-7.917964076623321">
        <ele>790.4</ele>
      </trkpt>
      <trkpt lat="40.92722687870264" lon="-7.918355762958527">
        <ele>790.7</ele>
      </trkpt>
      <trkpt lat="40.926976008340716" lon="-7.91870528832078">
        <ele>788.9</ele>
      </trkpt>
      <trkpt lat="40.92663427814841" lon="-7.919291434809566">
        <ele>786.7</ele>
      </trkpt>
      <trkpt lat="40.926577281206846" lon="-7.919386485591531">
        <ele>786.1</ele>
      </trkpt>
      <trkpt lat="40.92622649855912" lon="-7.919990569353104">
        <ele>782</ele>
      </trkpt>
      <trkpt lat="40.92610705643892" lon="-7.920194836333394">
        <ele>779.8</ele>
      </trkpt>
      <trkpt lat="40.92587077058852" lon="-7.92060068808496">
        <ele>777.3</ele>
      </trkpt>
      <trkpt lat="40.925697684288025" lon="-7.920897994190455">
        <ele>776.2</ele>
      </trkpt>
      <trkpt lat="40.92536022886634" lon="-7.921490930020809">
        <ele>778.6</ele>
      </trkpt>
      <trkpt lat="40.9252446424216" lon="-7.92168689891696">
        <ele>778.3</ele>
      </trkpt>
      <trkpt lat="40.924886567518115" lon="-7.92229282669723">
        <ele>775.8</ele>
      </trkpt>
      <trkpt lat="40.92450083233416" lon="-7.922947956249118">
        <ele>771.5</ele>
      </trkpt>
      <trkpt lat="40.9243674762547" lon="-7.923176195472479">
        <ele>771</ele>
      </trkpt>
      <trkpt lat="40.92410051263869" lon="-7.923640217632055">
        <ele>769.7</ele>
      </trkpt>
      <trkpt lat="40.92376548796892" lon="-7.924212785437703">
        <ele>766</ele>
      </trkpt>
      <trkpt lat="40.92369801364839" lon="-7.92432795278728">
        <ele>764.5</ele>
      </trkpt>
      <trkpt lat="40.923367934301496" lon="-7.924919798970223">
        <ele>762.7</ele>
      </trkpt>
      <trkpt lat="40.923034166917205" lon="-7.925527403131127">
        <ele>759.2</ele>
      </trkpt>
      <trkpt lat="40.922969123348594" lon="-7.925649024546146">
        <ele>757.6</ele>
      </trkpt>
      <trkpt lat="40.92260308563709" lon="-7.926243469119072">
        <ele>750.6</ele>
      </trkpt>
      <trkpt lat="40.922242663800716" lon="-7.926841266453266">
        <ele>749.4</ele>
      </trkpt>
      <trkpt lat="40.92195860110223" lon="-7.927325321361423">
        <ele>746.8</ele>
      </trkpt>
      <trkpt lat="40.92188752256334" lon="-7.927447529509664">
        <ele>746.4</ele>
      </trkpt>
      <trkpt lat="40.92152684926987" lon="-7.928057564422488">
        <ele>741.3</ele>
      </trkpt>
      <trkpt lat="40.921239936724305" lon="-7.928550587967038">
        <ele>738.9</ele>
      </trkpt>
      <trkpt lat="40.92100666835904" lon="-7.928879410028458">
        <ele>737.6</ele>
      </trkpt>
      <trkpt lat="40.920651610940695" lon="-7.929198676720262">
        <ele>735.6</ele>
      </trkpt>
      <trkpt lat="40.92046234756708" lon="-7.929307809099555">
        <ele>734.3</ele>
      </trkpt>
      <trkpt lat="40.92007133178413" lon="-7.929408475756645">
        <ele>731.7</ele>
      </trkpt>
      <trkpt lat="40.91997066512704" lon="-7.92941308580339">
        <ele>731.2</ele>
      </trkpt>
      <trkpt lat="40.91956380754709" lon="-7.929315939545631">
        <ele>728.7</ele>
      </trkpt>
      <trkpt lat="40.919168097898364" lon="-7.929060207679868">
        <ele>725.7</ele>
      </trkpt>
      <trkpt lat="40.918975565582514" lon="-7.928898353129625">
        <ele>724.9</ele>
      </trkpt>
      <trkpt lat="40.91858589090407" lon="-7.928579421713948">
        <ele>726.5</ele>
      </trkpt>
      <trkpt lat="40.91848614625633" lon="-7.928509097546339">
        <ele>726.5</ele>
      </trkpt>
      <trkpt lat="40.917958756908774" lon="-7.928228052332997">
        <ele>723.2</ele>
      </trkpt>
      <trkpt lat="40.9175203833729" lon="-7.928070137277246">
        <ele>718.8</ele>
      </trkpt>
      <trkpt lat="40.917067006230354" lon="-7.927944660186768">
        <ele>714.5</ele>
      </trkpt>
      <trkpt lat="40.916617568582296" lon="-7.927810801193118">
        <ele>712.2</ele>
      </trkpt>
      <trkpt lat="40.91628857888281" lon="-7.927711475640535">
        <ele>710.6</ele>
      </trkpt>
      <trkpt lat="40.91617986559868" lon="-7.927679037675262">
        <ele>710.2</ele>
      </trkpt>
      <trkpt lat="40.91585699468851" lon="-7.927589016035199">
        <ele>709.8</ele>
      </trkpt>
      <trkpt lat="40.91554703190923" lon="-7.927499413490295">
        <ele>709.7</ele>
      </trkpt>
      <trkpt lat="40.91505417600274" lon="-7.927360106259584">
        <ele>708.9</ele>
      </trkpt>
      <trkpt lat="40.91495837084949" lon="-7.927330937236548">
        <ele>708.7</ele>
      </trkpt>
      <trkpt lat="40.91458202339709" lon="-7.927215183153749">
        <ele>709.2</ele>
      </trkpt>
      <trkpt lat="40.914396699517965" lon="-7.927162712439895">
        <ele>709.8</ele>
      </trkpt>
      <trkpt lat="40.91411992907524" lon="-7.927078222855926">
        <ele>710.3</ele>
      </trkpt>
      <trkpt lat="40.91393359936774" lon="-7.927026674151421">
        <ele>710.4</ele>
      </trkpt>
      <trkpt lat="40.91345733962953" lon="-7.926892228424549">
        <ele>710.2</ele>
      </trkpt>
      <trkpt lat="40.91285870410502" lon="-7.926721908152103">
        <ele>707.6</ele>
      </trkpt>
      <trkpt lat="40.912557961419225" lon="-7.926674215123057">
        <ele>705.9</ele>
      </trkpt>
      <trkpt lat="40.91225663200021" lon="-7.926752585917711">
        <ele>704.2</ele>
      </trkpt>
      <trkpt lat="40.911911046132445" lon="-7.927027847617865">
        <ele>700.5</ele>
      </trkpt>
      <trkpt lat="40.911909" lon="-7.927025">
        <ele>698.22</ele>
      </trkpt>
      <trkpt lat="40.911507" lon="-7.927624">
        <ele>693.46</ele>
      </trkpt>
      <trkpt lat="40.911342" lon="-7.927917">
        <ele>691.85</ele>
      </trkpt>
      <trkpt lat="40.911224" lon="-7.928145">
        <ele>690.83</ele>
      </trkpt>
      <trkpt lat="40.91118" lon="-7.928286">
        <ele>690.86</ele>
      </trkpt>
      <trkpt lat="40.911158" lon="-7.928384">
        <ele>691.08</ele>
      </trkpt>
      <trkpt lat="40.911166" lon="-7.928416">
        <ele>691.43</ele>
      </trkpt>
      <trkpt lat="40.911165" lon="-7.92849">
        <ele>691.89</ele>
      </trkpt>
      <trkpt lat="40.911145" lon="-7.928564">
        <ele>692.01</ele>
      </trkpt>
      <trkpt lat="40.911106" lon="-7.928626">
        <ele>691.73</ele>
      </trkpt>
      <trkpt lat="40.911055" lon="-7.928666">
        <ele>691.09</ele>
      </trkpt>
      <trkpt lat="40.910979" lon="-7.928677">
        <ele>689.84</ele>
      </trkpt>
      <trkpt lat="40.910936" lon="-7.928668">
        <ele>688.89</ele>
      </trkpt>
      <trkpt lat="40.910884" lon="-7.928629">
        <ele>687.57</ele>
      </trkpt>
      <trkpt lat="40.910844" lon="-7.92857">
        <ele>686.4</ele>
      </trkpt>
      <trkpt lat="40.910822" lon="-7.928495">
        <ele>685.52</ele>
      </trkpt>
      <trkpt lat="40.910823" lon="-7.928409">
        <ele>685.01</ele>
      </trkpt>
      <trkpt lat="40.910772" lon="-7.928322">
        <ele>683.57</ele>
      </trkpt>
      <trkpt lat="40.910638" lon="-7.928182">
        <ele>680.49</ele>
      </trkpt>
      <trkpt lat="40.910129" lon="-7.927765">
        <ele>671.8</ele>
      </trkpt>
      <trkpt lat="40.909822" lon="-7.927543">
        <ele>669.49</ele>
      </trkpt>
      <trkpt lat="40.9095" lon="-7.927393">
        <ele>667.75</ele>
      </trkpt>
      <trkpt lat="40.909233" lon="-7.927344">
        <ele>667.47</ele>
      </trkpt>
      <trkpt lat="40.908879" lon="-7.927358">
        <ele>669.84</ele>
      </trkpt>
      <trkpt lat="40.90841" lon="-7.927448">
        <ele>670.49</ele>
      </trkpt>
      <trkpt lat="40.908055" lon="-7.927505">
        <ele>666.99</ele>
      </trkpt>
      <trkpt lat="40.907637" lon="-7.927592">
        <ele>663.22</ele>
      </trkpt>
      <trkpt lat="40.90696" lon="-7.927708">
        <ele>658.47</ele>
      </trkpt>
      <trkpt lat="40.905746" lon="-7.92792">
        <ele>647.69</ele>
      </trkpt>
      <trkpt lat="40.905503" lon="-7.92803">
        <ele>643.04</ele>
      </trkpt>
      <trkpt lat="40.905481" lon="-7.928077">
        <ele>642.31</ele>
      </trkpt>
      <trkpt lat="40.90545" lon="-7.928113">
        <ele>641.49</ele>
      </trkpt>
      <trkpt lat="40.905412" lon="-7.928138">
        <ele>640.62</ele>
      </trkpt>
      <trkpt lat="40.905372" lon="-7.928142">
        <ele>639.86</ele>
      </trkpt>
      <trkpt lat="40.905331" lon="-7.928131">
        <ele>639.21</ele>
      </trkpt>
      <trkpt lat="40.905307" lon="-7.928114">
        <ele>638.91</ele>
      </trkpt>
      <trkpt lat="40.905265" lon="-7.928068">
        <ele>638.47</ele>
      </trkpt>
      <trkpt lat="40.905243" lon="-7.928025">
        <ele>638.38</ele>
      </trkpt>
      <trkpt lat="40.905174" lon="-7.928002">
        <ele>637.31</ele>
      </trkpt>
      <trkpt lat="40.904896" lon="-7.927977">
        <ele>636.6</ele>
      </trkpt>
      <trkpt lat="40.904754" lon="-7.928021">
        <ele>635.82</ele>
      </trkpt>
      <trkpt lat="40.904073" lon="-7.928314">
        <ele>633.46</ele>
      </trkpt>
      <trkpt lat="40.903744" lon="-7.92852">
        <ele>632.12</ele>
      </trkpt>
      <trkpt lat="40.902953" lon="-7.92906">
        <ele>624.87</ele>
      </trkpt>
      <trkpt lat="40.902654" lon="-7.929288">
        <ele>622.39</ele>
      </trkpt>
      <trkpt lat="40.902177" lon="-7.929623">
        <ele>621.16</ele>
      </trkpt>
      <trkpt lat="40.902045" lon="-7.929735">
        <ele>620.59</ele>
      </trkpt>
      <trkpt lat="40.902001" lon="-7.929757">
        <ele>620.59</ele>
      </trkpt>
      <trkpt lat="40.901887" lon="-7.929941">
        <ele>619.06</ele>
      </trkpt>
      <trkpt lat="40.901457" lon="-7.930871">
        <ele>610.19</ele>
      </trkpt>
      <trkpt lat="40.90144" lon="-7.930968">
        <ele>609.3</ele>
      </trkpt>
      <trkpt lat="40.901446" lon="-7.931104">
        <ele>607.98</ele>
      </trkpt>
      <trkpt lat="40.901499" lon="-7.931152">
        <ele>607.4</ele>
      </trkpt>
      <trkpt lat="40.901514" lon="-7.931229">
        <ele>606.62</ele>
      </trkpt>
      <trkpt lat="40.901479" lon="-7.931338">
        <ele>605.63</ele>
      </trkpt>
      <trkpt lat="40.901437" lon="-7.931382">
        <ele>605.26</ele>
      </trkpt>
      <trkpt lat="40.901409" lon="-7.931412">
        <ele>605</ele>
      </trkpt>
      <trkpt lat="40.901341" lon="-7.931454">
        <ele>604.76</ele>
      </trkpt>
      <trkpt lat="40.901276" lon="-7.931461">
        <ele>604.89</ele>
      </trkpt>
      <trkpt lat="40.901119" lon="-7.931606">
        <ele>604.06</ele>
      </trkpt>
      <trkpt lat="40.900349" lon="-7.93284">
        <ele>591.69</ele>
      </trkpt>
      <trkpt lat="40.900246" lon="-7.932987">
        <ele>590.56</ele>
      </trkpt>
      <trkpt lat="40.899985" lon="-7.933278">
        <ele>584.44</ele>
      </trkpt>
      <trkpt lat="40.899852" lon="-7.933415">
        <ele>581.24</ele>
      </trkpt>
      <trkpt lat="40.899738" lon="-7.933483">
        <ele>579.53</ele>
      </trkpt>
      <trkpt lat="40.899658" lon="-7.933515">
        <ele>578.65</ele>
      </trkpt>
      <trkpt lat="40.899585" lon="-7.933571">
        <ele>577.36</ele>
      </trkpt>
      <trkpt lat="40.899505" lon="-7.933708">
        <ele>574.57</ele>
      </trkpt>
      <trkpt lat="40.899414" lon="-7.934089">
        <ele>568.63</ele>
      </trkpt>
      <trkpt lat="40.899401" lon="-7.934215">
        <ele>566.93</ele>
      </trkpt>
      <trkpt lat="40.899407" lon="-7.934314">
        <ele>565.59</ele>
      </trkpt>
      <trkpt lat="40.898606" lon="-7.934681">
        <ele>563.19</ele>
      </trkpt>
      <trkpt lat="40.89848" lon="-7.934687">
        <ele>563.57</ele>
      </trkpt>
      <trkpt lat="40.898424" lon="-7.934657">
        <ele>564.4</ele>
      </trkpt>
      <trkpt lat="40.89841878041625" lon="-7.934673484414816">
        <ele>566.7</ele>
      </trkpt>
      <trkpt lat="40.898424" lon="-7.934657">
        <ele>564.4</ele>
      </trkpt>
      <trkpt lat="40.898328" lon="-7.934591">
        <ele>565.71</ele>
      </trkpt>
      <trkpt lat="40.898307" lon="-7.934561">
        <ele>566.06</ele>
      </trkpt>
      <trkpt lat="40.898279" lon="-7.934522">
        <ele>566.49</ele>
      </trkpt>
      <trkpt lat="40.89823" lon="-7.934414">
        <ele>567.36</ele>
      </trkpt>
      <trkpt lat="40.897982" lon="-7.933696">
        <ele>569.13</ele>
      </trkpt>
      <trkpt lat="40.897843" lon="-7.93324">
        <ele>564.53</ele>
      </trkpt>
      <trkpt lat="40.897763" lon="-7.932926">
        <ele>560.43</ele>
      </trkpt>
      <trkpt lat="40.897676" lon="-7.932519">
        <ele>557.03</ele>
      </trkpt>
      <trkpt lat="40.897671" lon="-7.932338">
        <ele>556.29</ele>
      </trkpt>
      <trkpt lat="40.897684" lon="-7.932147">
        <ele>556.1</ele>
      </trkpt>
      <trkpt lat="40.897744" lon="-7.93166">
        <ele>558.94</ele>
      </trkpt>
      <trkpt lat="40.897614" lon="-7.931497">
        <ele>555.05</ele>
      </trkpt>
      <trkpt lat="40.897512" lon="-7.931323">
        <ele>551.05</ele>
      </trkpt>
      <trkpt lat="40.897486" lon="-7.931246">
        <ele>549.99</ele>
      </trkpt>
      <trkpt lat="40.89749526232481" lon="-7.931241095066071">
        <ele>557.8</ele>
      </trkpt>
      <trkpt lat="40.897486" lon="-7.931246">
        <ele>549.99</ele>
      </trkpt>
      <trkpt lat="40.897473" lon="-7.931131">
        <ele>549.47</ele>
      </trkpt>
      <trkpt lat="40.897479" lon="-7.930368">
        <ele>549.31</ele>
      </trkpt>
      <trkpt lat="40.897487" lon="-7.930268">
        <ele>548.96</ele>
      </trkpt>
      <trkpt lat="40.897507" lon="-7.930169">
        <ele>549.04</ele>
      </trkpt>
      <trkpt lat="40.897555" lon="-7.930041">
        <ele>549.97</ele>
      </trkpt>
      <trkpt lat="40.897807" lon="-7.929633">
        <ele>554.4</ele>
      </trkpt>
      <trkpt lat="40.897873" lon="-7.929503">
        <ele>554.8</ele>
      </trkpt>
      <trkpt lat="40.897919" lon="-7.929392">
        <ele>554.83</ele>
      </trkpt>
      <trkpt lat="40.897974" lon="-7.929205">
        <ele>554.32</ele>
      </trkpt>
      <trkpt lat="40.898006" lon="-7.929063">
        <ele>553.65</ele>
      </trkpt>
      <trkpt lat="40.898021" lon="-7.928949">
        <ele>552.87</ele>
      </trkpt>
      <trkpt lat="40.898022" lon="-7.928877">
        <ele>552.23</ele>
      </trkpt>
      <trkpt lat="40.897997" lon="-7.928722">
        <ele>551.03</ele>
      </trkpt>
      <trkpt lat="40.89795" lon="-7.928599">
        <ele>550</ele>
      </trkpt>
      <trkpt lat="40.897918" lon="-7.928545">
        <ele>549.41</ele>
      </trkpt>
      <trkpt lat="40.897871" lon="-7.928491">
        <ele>548.65</ele>
      </trkpt>
      <trkpt lat="40.897814" lon="-7.928442">
        <ele>547.78</ele>
      </trkpt>
      <trkpt lat="40.897714" lon="-7.928389">
        <ele>546.39</ele>
      </trkpt>
      <trkpt lat="40.897509" lon="-7.928338">
        <ele>543.6</ele>
      </trkpt>
      <trkpt lat="40.897533" lon="-7.928125">
        <ele>544.77</ele>
      </trkpt>
      <trkpt lat="40.897525772452354" lon="-7.928123362362385">
        <ele>546.5</ele>
      </trkpt>
      <trkpt lat="40.897534573450685" lon="-7.927916580811143">
        <ele>545.9</ele>
      </trkpt>
      <trkpt lat="40.897548235952854" lon="-7.927649617195129">
        <ele>544.6</ele>
      </trkpt>
      <trkpt lat="40.89755686931312" lon="-7.927210405468941">
        <ele>542.8</ele>
      </trkpt>
      <trkpt lat="40.89758092537522" lon="-7.926577907055616">
        <ele>541.3</ele>
      </trkpt>
      <trkpt lat="40.897636748850346" lon="-7.926103742793202">
        <ele>543.3</ele>
      </trkpt>
      <trkpt lat="40.897387554869056" lon="-7.925583310425282">
        <ele>538.5</ele>
      </trkpt>
      <trkpt lat="40.8970708027482" lon="-7.925118869170547">
        <ele>533.3</ele>
      </trkpt>
      <trkpt lat="40.89700324460864" lon="-7.924916865304112">
        <ele>534.9</ele>
      </trkpt>
      <trkpt lat="40.89681272394955" lon="-7.924216305837035">
        <ele>537.7</ele>
      </trkpt>
      <trkpt lat="40.89675287716091" lon="-7.923984797671437">
        <ele>535.4</ele>
      </trkpt>
      <trkpt lat="40.896743573248386" lon="-7.92386619374156">
        <ele>534.7</ele>
      </trkpt>
      <trkpt lat="40.89679897762835" lon="-7.923505855724216">
        <ele>534.8</ele>
      </trkpt>
      <trkpt lat="40.89696183800697" lon="-7.922863131389022">
        <ele>537.1</ele>
      </trkpt>
      <trkpt lat="40.89689411222935" lon="-7.92257328517735">
        <ele>532.7</ele>
      </trkpt>
      <trkpt lat="40.896778190508485" lon="-7.922524334862828">
        <ele>528.3</ele>
      </trkpt>
      <trkpt lat="40.89665438979864" lon="-7.922584349289537">
        <ele>524.8</ele>
      </trkpt>
      <trkpt lat="40.89649907313287" lon="-7.922966312617064">
        <ele>521.7</ele>
      </trkpt>
      <trkpt lat="40.896311569958925" lon="-7.92366486042738">
        <ele>520</ele>
      </trkpt>
      <trkpt lat="40.89637812227011" lon="-7.924409676343203">
        <ele>519.2</ele>
      </trkpt>
      <trkpt lat="40.89653318747878" lon="-7.924763392657042">
        <ele>520.4</ele>
      </trkpt>
      <trkpt lat="40.89687533676624" lon="-7.925406871363521">
        <ele>519.3</ele>
      </trkpt>
      <trkpt lat="40.896972650662065" lon="-7.925604181364179">
        <ele>517.8</ele>
      </trkpt>
      <trkpt lat="40.89700718410313" lon="-7.925707949325442">
        <ele>517.2</ele>
      </trkpt>
      <trkpt lat="40.89683116413653" lon="-7.926379088312388">
        <ele>511.5</ele>
      </trkpt>
      <trkpt lat="40.89654835872352" lon="-7.926558712497354">
        <ele>507.1</ele>
      </trkpt>
      <trkpt lat="40.89645138010383" lon="-7.926620235666633">
        <ele>506.1</ele>
      </trkpt>
      <trkpt lat="40.896353563293815" lon="-7.926690727472305">
        <ele>505.2</ele>
      </trkpt>
      <trkpt lat="40.89617787860334" lon="-7.926859287545085">
        <ele>503.2</ele>
      </trkpt>
      <trkpt lat="40.896020382642746" lon="-7.927074870094657">
        <ele>502.4</ele>
      </trkpt>
      <trkpt lat="40.895859031006694" lon="-7.927311658859253">
        <ele>501.7</ele>
      </trkpt>
      <trkpt lat="40.895510762929916" lon="-7.927988497540355">
        <ele>495.7</ele>
      </trkpt>
      <trkpt lat="40.895455023273826" lon="-7.928451849147677">
        <ele>492.5</ele>
      </trkpt>
      <trkpt lat="40.89561997912824" lon="-7.929013688117266">
        <ele>490.6</ele>
      </trkpt>
      <trkpt lat="40.89573631994426" lon="-7.929284172132611">
        <ele>490.4</ele>
      </trkpt>
      <trkpt lat="40.895950896665454" lon="-7.929822793230414">
        <ele>489</ele>
      </trkpt>
      <trkpt lat="40.89598006568849" lon="-7.930127140134573">
        <ele>489.6</ele>
      </trkpt>
      <trkpt lat="40.89593103155494" lon="-7.930570039898157">
        <ele>489.2</ele>
      </trkpt>
      <trkpt lat="40.895914770662785" lon="-7.930969772860408">
        <ele>486.5</ele>
      </trkpt>
      <trkpt lat="40.89602155610919" lon="-7.931512836366892">
        <ele>486.4</ele>
      </trkpt>
      <trkpt lat="40.89601585641503" lon="-7.931808046996594">
        <ele>485.6</ele>
      </trkpt>
      <trkpt lat="40.8959296066314" lon="-7.932095881551504">
        <ele>483.7</ele>
      </trkpt>
      <trkpt lat="40.89579960331321" lon="-7.932364102452993">
        <ele>481.3</ele>
      </trkpt>
      <trkpt lat="40.89566909708083" lon="-7.932635927572846">
        <ele>480</ele>
      </trkpt>
      <trkpt lat="40.89528654702008" lon="-7.933254679664969">
        <ele>473</ele>
      </trkpt>
      <trkpt lat="40.89519660919905" lon="-7.93335928581655">
        <ele>472.9</ele>
      </trkpt>
      <trkpt lat="40.89483819901943" lon="-7.933770585805178">
        <ele>472</ele>
      </trkpt>
      <trkpt lat="40.89443000033498" lon="-7.934327311813831">
        <ele>469.7</ele>
      </trkpt>
      <trkpt lat="40.8942595962435" lon="-7.934702318161726">
        <ele>468.6</ele>
      </trkpt>
      <trkpt lat="40.89414048939943" lon="-7.935103559866548">
        <ele>466.4</ele>
      </trkpt>
      <trkpt lat="40.894101010635495" lon="-7.935490049421787">
        <ele>465.7</ele>
      </trkpt>
      <trkpt lat="40.89407913386822" lon="-7.935609156265855">
        <ele>464.7</ele>
      </trkpt>
      <trkpt lat="40.893901605159044" lon="-7.935998495668173">
        <ele>456.3</ele>
      </trkpt>
      <trkpt lat="40.89372223243117" lon="-7.936247354373336">
        <ele>451.9</ele>
      </trkpt>
      <trkpt lat="40.89361108839512" lon="-7.936405520886183">
        <ele>453.2</ele>
      </trkpt>
      <trkpt lat="40.89345099404454" lon="-7.936630239710212">
        <ele>460.7</ele>
      </trkpt>
      <trkpt lat="40.89308604598045" lon="-7.93664381839335">
        <ele>469.2</ele>
      </trkpt>
      <trkpt lat="40.89297750033438" lon="-7.936517838388681">
        <ele>470.7</ele>
      </trkpt>
      <trkpt lat="40.89291145093739" lon="-7.936370316892862">
        <ele>470.4</ele>
      </trkpt>
      <trkpt lat="40.892894603312016" lon="-7.936290185898542">
        <ele>469.7</ele>
      </trkpt>
      <trkpt lat="40.892872642725706" lon="-7.936086673289537">
        <ele>467.5</ele>
      </trkpt>
      <trkpt lat="40.89288253337145" lon="-7.93580386787653">
        <ele>466.2</ele>
      </trkpt>
      <trkpt lat="40.892899464815855" lon="-7.935633128508925">
        <ele>466.2</ele>
      </trkpt>
      <trkpt lat="40.892920503392816" lon="-7.935478398576379">
        <ele>465.9</ele>
      </trkpt>
      <trkpt lat="40.892930226400495" lon="-7.935229120776057">
        <ele>469</ele>
      </trkpt>
      <trkpt lat="40.89293835684657" lon="-7.934991158545017">
        <ele>471</ele>
      </trkpt>
      <trkpt lat="40.892964927479625" lon="-7.934847911819816">
        <ele>471.1</ele>
      </trkpt>
      <trkpt lat="40.89300851337612" lon="-7.934472402557731">
        <ele>470.9</ele>
      </trkpt>
      <trkpt lat="40.893014715984464" lon="-7.93409806676209">
        <ele>471.1</ele>
      </trkpt>
      <trkpt lat="40.89284121058881" lon="-7.93393143452704">
        <ele>471.2</ele>
      </trkpt>
      <trkpt lat="40.892746075987816" lon="-7.933962279930711">
        <ele>471.9</ele>
      </trkpt>
      <trkpt lat="40.892508532851934" lon="-7.934033190831542">
        <ele>474.3</ele>
      </trkpt>
      <trkpt lat="40.892186081036925" lon="-7.934125643223524">
        <ele>478.4</ele>
      </trkpt>
      <trkpt lat="40.89200855232775" lon="-7.934197140857577">
        <ele>480.2</ele>
      </trkpt>
      <trkpt lat="40.89193311519921" lon="-7.934253886342049">
        <ele>481.3</ele>
      </trkpt>
      <trkpt lat="40.89173714630306" lon="-7.934422362595797">
        <ele>484.9</ele>
      </trkpt>
      <trkpt lat="40.89122920297086" lon="-7.93459159322083">
        <ele>491.6</ele>
      </trkpt>
      <trkpt lat="40.891137504950166" lon="-7.934587066993117">
        <ele>492.9</ele>
      </trkpt>
      <trkpt lat="40.89064481668174" lon="-7.934279032051563">
        <ele>498.3</ele>
      </trkpt>
      <trkpt lat="40.890604332089424" lon="-7.934233685955405">
        <ele>498.4</ele>
      </trkpt>
      <trkpt lat="40.8904105424881" lon="-7.933970661833882">
        <ele>499.8</ele>
      </trkpt>
      <trkpt lat="40.8902152441442" lon="-7.933574365451932">
        <ele>503.3</ele>
      </trkpt>
      <trkpt lat="40.890220776200294" lon="-7.933299439027906">
        <ele>500.5</ele>
      </trkpt>
      <trkpt lat="40.890234941616654" lon="-7.933082263916731">
        <ele>498.1</ele>
      </trkpt>
      <trkpt lat="40.89017936959863" lon="-7.932476839050651">
        <ele>494.8</ele>
      </trkpt>
      <trkpt lat="40.89007484726608" lon="-7.932242816314101">
        <ele>494.6</ele>
      </trkpt>
      <trkpt lat="40.88986395858228" lon="-7.9320477694273">
        <ele>495.8</ele>
      </trkpt>
      <trkpt lat="40.88971157558262" lon="-7.931993873789907">
        <ele>497.1</ele>
      </trkpt>
      <trkpt lat="40.88946221396327" lon="-7.93192807585001">
        <ele>499</ele>
      </trkpt>
      <trkpt lat="40.88937168940902" lon="-7.93186160735786">
        <ele>499.7</ele>
      </trkpt>
      <trkpt lat="40.88892032392323" lon="-7.931432034820318">
        <ele>503.9</ele>
      </trkpt>
      <trkpt lat="40.88842922821641" lon="-7.931102542206645">
        <ele>506.1</ele>
      </trkpt>
      <trkpt lat="40.8878752682358" lon="-7.93101143091917">
        <ele>511.6</ele>
      </trkpt>
      <trkpt lat="40.88732214644551" lon="-7.930921660736203">
        <ele>518.7</ele>
      </trkpt>
      <trkpt lat="40.887173283845186" lon="-7.930894084274769">
        <ele>521</ele>
      </trkpt>
      <trkpt lat="40.88688570074737" lon="-7.930403240025044">
        <ele>521.4</ele>
      </trkpt>
      <trkpt lat="40.88689584285021" lon="-7.930221352726221">
        <ele>521.5</ele>
      </trkpt>
      <trkpt lat="40.88712617754936" lon="-7.929565720260143">
        <ele>520.3</ele>
      </trkpt>
      <trkpt lat="40.88714713230729" lon="-7.929200939834118">
        <ele>519.9</ele>
      </trkpt>
      <trkpt lat="40.88704931549728" lon="-7.928855605423451">
        <ele>519.5</ele>
      </trkpt>
      <trkpt lat="40.886548245325685" lon="-7.928820820525289">
        <ele>525.2</ele>
      </trkpt>
      <trkpt lat="40.88644539937377" lon="-7.928936155512929">
        <ele>525.9</ele>
      </trkpt>
      <trkpt lat="40.88622897863388" lon="-7.929185600951314">
        <ele>526.9</ele>
      </trkpt>
      <trkpt lat="40.8859034255147" lon="-7.929553985595703">
        <ele>531.4</ele>
      </trkpt>
      <trkpt lat="40.885474774986506" lon="-7.929388526827097">
        <ele>537.8</ele>
      </trkpt>
      <trkpt lat="40.88545993901789" lon="-7.92933639138937">
        <ele>538</ele>
      </trkpt>
      <trkpt lat="40.8853989187628" lon="-7.929117372259498">
        <ele>538.8</ele>
      </trkpt>
      <trkpt lat="40.885379891842604" lon="-7.929061464965344">
        <ele>539</ele>
      </trkpt>
      <trkpt lat="40.885308142751455" lon="-7.92891226708889">
        <ele>540.3</ele>
      </trkpt>
      <trkpt lat="40.885242093354464" lon="-7.928827190771699">
        <ele>541.8</ele>
      </trkpt>
      <trkpt lat="40.885130697861314" lon="-7.928717471659184">
        <ele>544.4</ele>
      </trkpt>
      <trkpt lat="40.885047633200884" lon="-7.928659468889237">
        <ele>547</ele>
      </trkpt>
      <trkpt lat="40.88489114306867" lon="-7.928543211892247">
        <ele>551.9</ele>
      </trkpt>
      <trkpt lat="40.88478611782193" lon="-7.928297873586416">
        <ele>555.1</ele>
      </trkpt>
      <trkpt lat="40.8847619779408" lon="-7.928179437294602">
        <ele>555.9</ele>
      </trkpt>
      <trkpt lat="40.88475367985666" lon="-7.928057480603457">
        <ele>557.3</ele>
      </trkpt>
      <trkpt lat="40.884855603799224" lon="-7.927700579166412">
        <ele>556.9</ele>
      </trkpt>
      <trkpt lat="40.885140001773834" lon="-7.927316017448902">
        <ele>545.5</ele>
      </trkpt>
      <trkpt lat="40.88516330346465" lon="-7.927201604470611">
        <ele>545</ele>
      </trkpt>
      <trkpt lat="40.885074622929096" lon="-7.926869848743081">
        <ele>547</ele>
      </trkpt>
      <trkpt lat="40.88500019162893" lon="-7.926772870123386">
        <ele>547.8</ele>
      </trkpt>
      <trkpt lat="40.88495459407568" lon="-7.926738420501351">
        <ele>548.5</ele>
      </trkpt>
      <trkpt lat="40.884798523038626" lon="-7.926691649481654">
        <ele>551.6</ele>
      </trkpt>
      <trkpt lat="40.88454027660191" lon="-7.926605232059956">
        <ele>554.8</ele>
      </trkpt>
      <trkpt lat="40.88432176038623" lon="-7.926436923444271">
        <ele>555.6</ele>
      </trkpt>
      <trkpt lat="40.88421824388206" lon="-7.92629367671907">
        <ele>555.3</ele>
      </trkpt>
      <trkpt lat="40.88401288725436" lon="-7.925932500511408">
        <ele>556.1</ele>
      </trkpt>
      <trkpt lat="40.88367828167975" lon="-7.925358423963189">
        <ele>560.6</ele>
      </trkpt>
      <trkpt lat="40.883463621139526" lon="-7.925087353214622">
        <ele>561.4</ele>
      </trkpt>
      <trkpt lat="40.88338038884103" lon="-7.925036894157529">
        <ele>561.4</ele>
      </trkpt>
      <trkpt lat="40.8831540774554" lon="-7.92492407374084">
        <ele>561.1</ele>
      </trkpt>
      <trkpt lat="40.88257681578398" lon="-7.924890881404281">
        <ele>562.9</ele>
      </trkpt>
      <trkpt lat="40.88224120438099" lon="-7.925045108422637">
        <ele>562.1</ele>
      </trkpt>
      <trkpt lat="40.88171406649053" lon="-7.925442829728127">
        <ele>557</ele>
      </trkpt>
      <trkpt lat="40.88110897690058" lon="-7.925695041194558">
        <ele>553.7</ele>
      </trkpt>
      <trkpt lat="40.880546886473894" lon="-7.925849771127105">
        <ele>553.9</ele>
      </trkpt>
      <trkpt lat="40.88021672330797" lon="-7.925943396985531">
        <ele>551.5</ele>
      </trkpt>
      <trkpt lat="40.87966091930866" lon="-7.92608798481524">
        <ele>547.1</ele>
      </trkpt>
      <trkpt lat="40.879432344809175" lon="-7.926151184365153">
        <ele>546</ele>
      </trkpt>
      <trkpt lat="40.878859693184495" lon="-7.926310524344444">
        <ele>543.3</ele>
      </trkpt>
      <trkpt lat="40.878277318552136" lon="-7.926460895687342">
        <ele>542</ele>
      </trkpt>
      <trkpt lat="40.87769150733948" lon="-7.926628449931741">
        <ele>539.3</ele>
      </trkpt>
      <trkpt lat="40.87733427062631" lon="-7.926743114367127">
        <ele>536.7</ele>
      </trkpt>
      <trkpt lat="40.87673094123602" lon="-7.926976969465613">
        <ele>531.5</ele>
      </trkpt>
      <trkpt lat="40.876251831650734" lon="-7.927168663591147">
        <ele>527.8</ele>
      </trkpt>
      <trkpt lat="40.87589157745242" lon="-7.927310988306999">
        <ele>524.2</ele>
      </trkpt>
      <trkpt lat="40.87553090415895" lon="-7.927456330507994">
        <ele>520</ele>
      </trkpt>
      <trkpt lat="40.87491718120873" lon="-7.927703596651554">
        <ele>516.1</ele>
      </trkpt>
      <trkpt lat="40.87454200722277" lon="-7.927848184481263">
        <ele>514.9</ele>
      </trkpt>
      <trkpt lat="40.87392568588257" lon="-7.928094444796443">
        <ele>517.7</ele>
      </trkpt>
      <trkpt lat="40.873685628175735" lon="-7.928185220807791">
        <ele>518.3</ele>
      </trkpt>
      <trkpt lat="40.87330609560013" lon="-7.92832494713366">
        <ele>516.8</ele>
      </trkpt>
      <trkpt lat="40.873037707060575" lon="-7.928437348455191">
        <ele>516.5</ele>
      </trkpt>
      <trkpt lat="40.87261375039816" lon="-7.928621750324965">
        <ele>518.5</ele>
      </trkpt>
      <trkpt lat="40.872335471212864" lon="-7.928774049505591">
        <ele>519.5</ele>
      </trkpt>
      <trkpt lat="40.87191939353943" lon="-7.929011089727283">
        <ele>517.2</ele>
      </trkpt>
      <trkpt lat="40.87139627896249" lon="-7.929353322833777">
        <ele>513.3</ele>
      </trkpt>
      <trkpt lat="40.87080912664533" lon="-7.929779207333922">
        <ele>505.3</ele>
      </trkpt>
      <trkpt lat="40.87058641947806" lon="-7.929946845397353">
        <ele>502.7</ele>
      </trkpt>
      <trkpt lat="40.87004109285772" lon="-7.930355295538902">
        <ele>500.2</ele>
      </trkpt>
      <trkpt lat="40.86952233687043" lon="-7.930730050429702">
        <ele>502.9</ele>
      </trkpt>
      <trkpt lat="40.86932829581201" lon="-7.930875141173601">
        <ele>504.7</ele>
      </trkpt>
      <trkpt lat="40.868877936154604" lon="-7.931197844445705">
        <ele>507.7</ele>
      </trkpt>
      <trkpt lat="40.8684809692204" lon="-7.931496659293771">
        <ele>507</ele>
      </trkpt>
      <trkpt lat="40.868259435519576" lon="-7.931664548814297">
        <ele>505.4</ele>
      </trkpt>
      <trkpt lat="40.86802960373461" lon="-7.931790528818965">
        <ele>502.7</ele>
      </trkpt>
      <trkpt lat="40.86787411943078" lon="-7.931837299838662">
        <ele>501.8</ele>
      </trkpt>
      <trkpt lat="40.8675966784358" lon="-7.931980630382896">
        <ele>500.7</ele>
      </trkpt>
      <trkpt lat="40.86752912029624" lon="-7.932008039206266">
        <ele>500.5</ele>
      </trkpt>
      <trkpt lat="40.86717766709626" lon="-7.932118764147162">
        <ele>500.1</ele>
      </trkpt>
      <trkpt lat="40.866628317162395" lon="-7.93227156624198">
        <ele>501.4</ele>
      </trkpt>
      <trkpt lat="40.86616395972669" lon="-7.93241472914815">
        <ele>503.7</ele>
      </trkpt>
      <trkpt lat="40.86596807464957" lon="-7.932473653927445">
        <ele>505.8</ele>
      </trkpt>
      <trkpt lat="40.865709241479635" lon="-7.932560825720429">
        <ele>507.4</ele>
      </trkpt>
      <trkpt lat="40.865193251520395" lon="-7.932715304195881">
        <ele>505.5</ele>
      </trkpt>
      <trkpt lat="40.86466678418219" lon="-7.932869363576174">
        <ele>504.7</ele>
      </trkpt>
      <trkpt lat="40.8642656262964" lon="-7.93298645876348">
        <ele>504.3</ele>
      </trkpt>
      <trkpt lat="40.863989191129804" lon="-7.933068601414561">
        <ele>503.4</ele>
      </trkpt>
      <trkpt lat="40.863916520029306" lon="-7.933090645819902">
        <ele>503</ele>
      </trkpt>
      <trkpt lat="40.86377142928541" lon="-7.933135321363807">
        <ele>501.6</ele>
      </trkpt>
      <trkpt lat="40.86355526000261" lon="-7.933199778199196">
        <ele>499.5</ele>
      </trkpt>
      <trkpt lat="40.863332049921155" lon="-7.93326155282557">
        <ele>497.4</ele>
      </trkpt>
      <trkpt lat="40.862793596461415" lon="-7.933423910290003">
        <ele>496</ele>
      </trkpt>
      <trkpt lat="40.86241062730551" lon="-7.933541759848595">
        <ele>496.5</ele>
      </trkpt>
      <trkpt lat="40.86186840198934" lon="-7.933698585256934">
        <ele>494.7</ele>
      </trkpt>
      <trkpt lat="40.86156103760004" lon="-7.933780141174793">
        <ele>491.5</ele>
      </trkpt>
      <trkpt lat="40.86140848696232" lon="-7.933802269399166">
        <ele>490.3</ele>
      </trkpt>
      <trkpt lat="40.86102887056768" lon="-7.933821463957429">
        <ele>489.5</ele>
      </trkpt>
      <trkpt lat="40.86087648756802" lon="-7.9338195361197">
        <ele>489.7</ele>
      </trkpt>
      <trkpt lat="40.86027215234935" lon="-7.933818362653256">
        <ele>489.9</ele>
      </trkpt>
      <trkpt lat="40.85989278741181" lon="-7.933810986578465">
        <ele>492.7</ele>
      </trkpt>
      <trkpt lat="40.85958315990865" lon="-7.933813836425543">
        <ele>494.9</ele>
      </trkpt>
      <trkpt lat="40.85903129540384" lon="-7.933812495321035">
        <ele>495.7</ele>
      </trkpt>
      <trkpt lat="40.85847247391939" lon="-7.933809813112021">
        <ele>494</ele>
      </trkpt>
      <trkpt lat="40.857915664091706" lon="-7.933800844475627">
        <ele>491.7</ele>
      </trkpt>
      <trkpt lat="40.857364470139146" lon="-7.933745440095663">
        <ele>488.6</ele>
      </trkpt>
      <trkpt lat="40.85682366974652" lon="-7.933609485626221">
        <ele>489.1</ele>
      </trkpt>
      <trkpt lat="40.85629653185606" lon="-7.933374708518386">
        <ele>490.3</ele>
      </trkpt>
      <trkpt lat="40.85577065125108" lon="-7.933044629171491">
        <ele>492.2</ele>
      </trkpt>
      <trkpt lat="40.85538826882839" lon="-7.932771882042289">
        <ele>490.7</ele>
      </trkpt>
      <trkpt lat="40.85490060970187" lon="-7.932428475469351">
        <ele>486.5</ele>
      </trkpt>
      <trkpt lat="40.85456172935665" lon="-7.932182885706425">
        <ele>487</ele>
      </trkpt>
      <trkpt lat="40.85447673685849" lon="-7.932121446356177">
        <ele>487.3</ele>
      </trkpt>
      <trkpt lat="40.85422527976334" lon="-7.93193737976253">
        <ele>486.6</ele>
      </trkpt>
      <trkpt lat="40.853754887357354" lon="-7.931517697870731">
        <ele>480.6</ele>
      </trkpt>
      <trkpt lat="40.8536712359637" lon="-7.931449301540852">
        <ele>480</ele>
      </trkpt>
      <trkpt lat="40.85338524542749" lon="-7.931315945461392">
        <ele>478.1</ele>
      </trkpt>
      <trkpt lat="40.852937987074256" lon="-7.931011850014329">
        <ele>474.6</ele>
      </trkpt>
      <trkpt lat="40.85250615142286" lon="-7.930703815072775">
        <ele>472</ele>
      </trkpt>
      <trkpt lat="40.85218772292137" lon="-7.930515306070447">
        <ele>472.8</ele>
      </trkpt>
      <trkpt lat="40.85203131660819" lon="-7.930436599999666">
        <ele>473.4</ele>
      </trkpt>
      <trkpt lat="40.851508202031255" lon="-7.93008984066546">
        <ele>474</ele>
      </trkpt>
      <trkpt lat="40.85106966085732" lon="-7.929967800155282">
        <ele>472.2</ele>
      </trkpt>
      <trkpt lat="40.85066850297153" lon="-7.929968638345599">
        <ele>470.4</ele>
      </trkpt>
      <trkpt lat="40.85021127015352" lon="-7.930003926157951">
        <ele>471</ele>
      </trkpt>
      <trkpt lat="40.849669547751546" lon="-7.930071484297514">
        <ele>470.8</ele>
      </trkpt>
      <trkpt lat="40.84910326637328" lon="-7.930143149569631">
        <ele>468</ele>
      </trkpt>
      <trkpt lat="40.84893738850951" lon="-7.930167121812701">
        <ele>467.2</ele>
      </trkpt>
      <trkpt lat="40.848426427692175" lon="-7.93023987673223">
        <ele>466.1</ele>
      </trkpt>
      <trkpt lat="40.84808670915663" lon="-7.930283378809691">
        <ele>466.6</ele>
      </trkpt>
      <trkpt lat="40.84749000146985" lon="-7.9303571395576">
        <ele>466.7</ele>
      </trkpt>
      <trkpt lat="40.84722714498639" lon="-7.930388068780303">
        <ele>467.5</ele>
      </trkpt>
      <trkpt lat="40.846605291590095" lon="-7.930464930832386">
        <ele>468.5</ele>
      </trkpt>
      <trkpt lat="40.84615149535239" lon="-7.930523101240397">
        <ele>467.9</ele>
      </trkpt>
      <trkpt lat="40.84559669718146" lon="-7.930596191436052">
        <ele>462</ele>
      </trkpt>
      <trkpt lat="40.84541120566428" lon="-7.930619828402996">
        <ele>462.2</ele>
      </trkpt>
      <trkpt lat="40.844866214320064" lon="-7.930714879184961">
        <ele>461</ele>
      </trkpt>
      <trkpt lat="40.84460126236081" lon="-7.930785454809666">
        <ele>458.8</ele>
      </trkpt>
      <trkpt lat="40.84402081556618" lon="-7.931038588285446">
        <ele>456.3</ele>
      </trkpt>
      <trkpt lat="40.84362208843231" lon="-7.931295493617654">
        <ele>453.8</ele>
      </trkpt>
      <trkpt lat="40.843084221705794" lon="-7.931702937930822">
        <ele>452.9</ele>
      </trkpt>
      <trkpt lat="40.84258113987744" lon="-7.932095797732472">
        <ele>452.5</ele>
      </trkpt>
      <trkpt lat="40.842513581737876" lon="-7.932148352265358">
        <ele>452.4</ele>
      </trkpt>
      <trkpt lat="40.84212860092521" lon="-7.932442054152489">
        <ele>455.2</ele>
      </trkpt>
      <trkpt lat="40.84171931259334" lon="-7.932758219540119">
        <ele>458.1</ele>
      </trkpt>
      <trkpt lat="40.84149199537933" lon="-7.932926109060645">
        <ele>458.6</ele>
      </trkpt>
      <trkpt lat="40.841378504410386" lon="-7.933010598644614">
        <ele>458.5</ele>
      </trkpt>
      <trkpt lat="40.84116920828819" lon="-7.933168765157461">
        <ele>458.4</ele>
      </trkpt>
      <trkpt lat="40.84077869541943" lon="-7.933472944423556">
        <ele>459.2</ele>
      </trkpt>
      <trkpt lat="40.840302435681224" lon="-7.933860691264272">
        <ele>465</ele>
      </trkpt>
      <trkpt lat="40.839817291125655" lon="-7.934207953512669">
        <ele>465.2</ele>
      </trkpt>
      <trkpt lat="40.8396818395704" lon="-7.93431406840682">
        <ele>463.8</ele>
      </trkpt>
      <trkpt lat="40.839175237342715" lon="-7.93471128679812">
        <ele>458.6</ele>
      </trkpt>
      <trkpt lat="40.83868539892137" lon="-7.935091238468885">
        <ele>457.9</ele>
      </trkpt>
      <trkpt lat="40.83818097598851" lon="-7.935522990301251">
        <ele>455.4</ele>
      </trkpt>
      <trkpt lat="40.83768032491207" lon="-7.936049625277519">
        <ele>452.7</ele>
      </trkpt>
      <trkpt lat="40.837192917242646" lon="-7.936597215011716">
        <ele>454.1</ele>
      </trkpt>
      <trkpt lat="40.83673970773816" lon="-7.937105661258102">
        <ele>452.6</ele>
      </trkpt>
      <trkpt lat="40.83626604638994" lon="-7.937619388103485">
        <ele>456</ele>
      </trkpt>
      <trkpt lat="40.83599363453686" lon="-7.937868665903807">
        <ele>456.7</ele>
      </trkpt>
      <trkpt lat="40.835506562143564" lon="-7.93822456151247">
        <ele>457.3</ele>
      </trkpt>
      <trkpt lat="40.83500507287681" lon="-7.938492028042674">
        <ele>456</ele>
      </trkpt>
      <trkpt lat="40.83493407815695" lon="-7.938529243692756">
        <ele>455.8</ele>
      </trkpt>
      <trkpt lat="40.834425799548626" lon="-7.938776006922126">
        <ele>454.9</ele>
      </trkpt>
      <trkpt lat="40.83428028970957" lon="-7.938847588375211">
        <ele>455.1</ele>
      </trkpt>
      <trkpt lat="40.83370864391327" lon="-7.939134920015931">
        <ele>454.3</ele>
      </trkpt>
      <trkpt lat="40.833567241206765" lon="-7.939204825088382">
        <ele>453.3</ele>
      </trkpt>
      <trkpt lat="40.83320774137974" lon="-7.939386125653982">
        <ele>452.5</ele>
      </trkpt>
      <trkpt lat="40.83263274282217" lon="-7.93967429548502">
        <ele>453.7</ele>
      </trkpt>
      <trkpt lat="40.832561664283276" lon="-7.93971000239253">
        <ele>453.7</ele>
      </trkpt>
      <trkpt lat="40.83200284279883" lon="-7.939993981271982">
        <ele>447.7</ele>
      </trkpt>
      <trkpt lat="40.83146438933909" lon="-7.940267063677311">
        <ele>445.6</ele>
      </trkpt>
      <trkpt lat="40.83133136853576" lon="-7.940333867445588">
        <ele>446.5</ele>
      </trkpt>
      <trkpt lat="40.83079995587468" lon="-7.940598567947745">
        <ele>450.6</ele>
      </trkpt>
      <trkpt lat="40.83060189150274" lon="-7.94069848023355">
        <ele>452.1</ele>
      </trkpt>
      <trkpt lat="40.830073580145836" lon="-7.940937113016844">
        <ele>455.9</ele>
      </trkpt>
      <trkpt lat="40.82959438674152" lon="-7.941078767180443">
        <ele>455.7</ele>
      </trkpt>
      <trkpt lat="40.82901880145073" lon="-7.941166693344712">
        <ele>453.5</ele>
      </trkpt>
      <trkpt lat="40.82842133939266" lon="-7.94125797227025">
        <ele>453.5</ele>
      </trkpt>
      <trkpt lat="40.82826979458332" lon="-7.941283117979765">
        <ele>454.3</ele>
      </trkpt>
      <trkpt lat="40.82774383015931" lon="-7.941363668069243">
        <ele>456.7</ele>
      </trkpt>
      <trkpt lat="40.82730847410858" lon="-7.941436590626836">
        <ele>456.6</ele>
      </trkpt>
      <trkpt lat="40.82672903314233" lon="-7.941521164029837">
        <ele>458.3</ele>
      </trkpt>
      <trkpt lat="40.82634757272899" lon="-7.941580843180418">
        <ele>459.7</ele>
      </trkpt>
      <trkpt lat="40.825788332149386" lon="-7.94166449457407">
        <ele>459.2</ele>
      </trkpt>
      <trkpt lat="40.825706608593464" lon="-7.941677318885922">
        <ele>458.5</ele>
      </trkpt>
      <trkpt lat="40.825113002210855" lon="-7.941766669973731">
        <ele>454.2</ele>
      </trkpt>
      <trkpt lat="40.82468368113041" lon="-7.941833809018135">
        <ele>452.7</ele>
      </trkpt>
      <trkpt lat="40.824078004807234" lon="-7.941927434876561">
        <ele>450.5</ele>
      </trkpt>
      <trkpt lat="40.8237274736166" lon="-7.941984683275223">
        <ele>450.9</ele>
      </trkpt>
      <trkpt lat="40.82311509177089" lon="-7.942077554762363">
        <ele>449.6</ele>
      </trkpt>
      <trkpt lat="40.82285525277257" lon="-7.942118626087904">
        <ele>449.1</ele>
      </trkpt>
      <trkpt lat="40.822271117940545" lon="-7.942204289138317">
        <ele>447.1</ele>
      </trkpt>
      <trkpt lat="40.82196366973221" lon="-7.942250976338983">
        <ele>445.9</ele>
      </trkpt>
      <trkpt lat="40.82147056236863" lon="-7.942309230566025">
        <ele>448.2</ele>
      </trkpt>
      <trkpt lat="40.821201084181666" lon="-7.942343261092901">
        <ele>452.6</ele>
      </trkpt>
      <trkpt lat="40.82072230987251" lon="-7.942305207252502">
        <ele>458.9</ele>
      </trkpt>
      <trkpt lat="40.82067210227251" lon="-7.942260447889566">
        <ele>459.6</ele>
      </trkpt>
      <trkpt lat="40.820618541911244" lon="-7.942221974954009">
        <ele>460.4</ele>
      </trkpt>
      <trkpt lat="40.82021973095834" lon="-7.942310068756342">
        <ele>463.4</ele>
      </trkpt>
      <trkpt lat="40.81994782201946" lon="-7.942515844479203">
        <ele>462</ele>
      </trkpt>
      <trkpt lat="40.819899290800095" lon="-7.942540990188718">
        <ele>461.8</ele>
      </trkpt>
      <trkpt lat="40.81946913152933" lon="-7.942673759534955">
        <ele>460</ele>
      </trkpt>
      <trkpt lat="40.81928967498243" lon="-7.942691361531615">
        <ele>459.2</ele>
      </trkpt>
      <trkpt lat="40.818706545978785" lon="-7.942763445898891">
        <ele>457.7</ele>
      </trkpt>
      <trkpt lat="40.818349895998836" lon="-7.942772246897221">
        <ele>455.2</ele>
      </trkpt>
      <trkpt lat="40.81784823909402" lon="-7.942706951871514">
        <ele>451.7</ele>
      </trkpt>
      <trkpt lat="40.81749603152275" lon="-7.942611984908581">
        <ele>450.5</ele>
      </trkpt>
      <trkpt lat="40.816914327442646" lon="-7.942350553348661">
        <ele>447.9</ele>
      </trkpt>
      <trkpt lat="40.81668910570443" lon="-7.942242259159684">
        <ele>448.5</ele>
      </trkpt>
      <trkpt lat="40.816147131845355" lon="-7.941980995237827">
        <ele>449.8</ele>
      </trkpt>
      <trkpt lat="40.81590942107141" lon="-7.941863983869553">
        <ele>450.2</ele>
      </trkpt>
      <trkpt lat="40.81544925458729" lon="-7.941591152921319">
        <ele>449.3</ele>
      </trkpt>
      <trkpt lat="40.815207017585635" lon="-7.941275574266911">
        <ele>447.8</ele>
      </trkpt>
      <trkpt lat="40.81514943391085" lon="-7.941184714436531">
        <ele>447.6</ele>
      </trkpt>
      <trkpt lat="40.814788676798344" lon="-7.940609967336059">
        <ele>445.4</ele>
      </trkpt>
      <trkpt lat="40.814595725387335" lon="-7.940308218821883">
        <ele>443.9</ele>
      </trkpt>
      <trkpt lat="40.81433496437967" lon="-7.939896248281002">
        <ele>444.9</ele>
      </trkpt>
      <trkpt lat="40.81426665186882" lon="-7.939802119508386">
        <ele>445.4</ele>
      </trkpt>
      <trkpt lat="40.814107060432434" lon="-7.939635654911399">
        <ele>445.2</ele>
      </trkpt>
      <trkpt lat="40.813601380214095" lon="-7.93957656249404">
        <ele>440.5</ele>
      </trkpt>
      <trkpt lat="40.813398119062185" lon="-7.939664907753468">
        <ele>439.3</ele>
      </trkpt>
      <trkpt lat="40.81289562396705" lon="-7.939934469759464">
        <ele>436.6</ele>
      </trkpt>
      <trkpt lat="40.81247284077108" lon="-7.940138820558786">
        <ele>433.3</ele>
      </trkpt>
      <trkpt lat="40.812358763068914" lon="-7.940162792801857">
        <ele>432.5</ele>
      </trkpt>
      <trkpt lat="40.81180991604924" lon="-7.939994735643268">
        <ele>431.2</ele>
      </trkpt>
      <trkpt lat="40.81162165850401" lon="-7.939818715676665">
        <ele>430.8</ele>
      </trkpt>
      <trkpt lat="40.8113457262516" lon="-7.939535910263658">
        <ele>430</ele>
      </trkpt>
      <trkpt lat="40.81114766187966" lon="-7.939373049885035">
        <ele>428.9</ele>
      </trkpt>
      <trkpt lat="40.81059210933745" lon="-7.939168615266681">
        <ele>424.9</ele>
      </trkpt>
      <trkpt lat="40.810253731906414" lon="-7.939098626375198">
        <ele>423.9</ele>
      </trkpt>
      <trkpt lat="40.809922059997916" lon="-7.939028972759843">
        <ele>425</ele>
      </trkpt>
      <trkpt lat="40.80960262566805" lon="-7.938962923362851">
        <ele>427</ele>
      </trkpt>
      <trkpt lat="40.8089885674417" lon="-7.938829986378551">
        <ele>420.8</ele>
      </trkpt>
      <trkpt lat="40.80888915807009" lon="-7.938799476251006">
        <ele>419.4</ele>
      </trkpt>
      <trkpt lat="40.80833435989916" lon="-7.938479874283075">
        <ele>418.6</ele>
      </trkpt>
      <trkpt lat="40.80801215954125" lon="-7.938164714723826">
        <ele>417.8</ele>
      </trkpt>
      <trkpt lat="40.80754855647683" lon="-7.937674624845386">
        <ele>415.1</ele>
      </trkpt>
      <trkpt lat="40.807421235367656" lon="-7.937483852729201">
        <ele>414.2</ele>
      </trkpt>
      <trkpt lat="40.80733012408018" lon="-7.937262821942568">
        <ele>414</ele>
      </trkpt>
      <trkpt lat="40.8071721252054" lon="-7.936638034880161">
        <ele>414.5</ele>
      </trkpt>
      <trkpt lat="40.80699828453362" lon="-7.936101509258151">
        <ele>415.6</ele>
      </trkpt>
      <trkpt lat="40.806489838287234" lon="-7.935704626142979">
        <ele>408.5</ele>
      </trkpt>
      <trkpt lat="40.806386237964034" lon="-7.935634721070528">
        <ele>406.2</ele>
      </trkpt>
      <trkpt lat="40.806290013715625" lon="-7.935558194294572">
        <ele>403.9</ele>
      </trkpt>
      <trkpt lat="40.80608415417373" lon="-7.935209255665541">
        <ele>399.2</ele>
      </trkpt>
      <trkpt lat="40.80605959519744" lon="-7.934908010065556">
        <ele>399.6</ele>
      </trkpt>
      <trkpt lat="40.80606906674802" lon="-7.934753028675914">
        <ele>400.6</ele>
      </trkpt>
      <trkpt lat="40.80609228461981" lon="-7.934438707306981">
        <ele>402.1</ele>
      </trkpt>
      <trkpt lat="40.80608205869794" lon="-7.934280876070261">
        <ele>401.5</ele>
      </trkpt>
      <trkpt lat="40.80590997822583" lon="-7.933857254683971">
        <ele>396.2</ele>
      </trkpt>
      <trkpt lat="40.805740328505635" lon="-7.933615688234568">
        <ele>392.8</ele>
      </trkpt>
      <trkpt lat="40.80535953864455" lon="-7.933186031877995">
        <ele>390.8</ele>
      </trkpt>
      <trkpt lat="40.80514881759882" lon="-7.933006994426251">
        <ele>391.8</ele>
      </trkpt>
      <trkpt lat="40.804903814569116" lon="-7.932917475700378">
        <ele>392</ele>
      </trkpt>
      <trkpt lat="40.80427818931639" lon="-7.933089723810554">
        <ele>390.5</ele>
      </trkpt>
      <trkpt lat="40.80392916686833" lon="-7.933264151215553">
        <ele>386.3</ele>
      </trkpt>
      <trkpt lat="40.80368785187602" lon="-7.933333804830909">
        <ele>383.9</ele>
      </trkpt>
      <trkpt lat="40.803186697885394" lon="-7.933330787345767">
        <ele>377.8</ele>
      </trkpt>
      <trkpt lat="40.803064154461026" lon="-7.933301785960794">
        <ele>376.6</ele>
      </trkpt>
      <trkpt lat="40.802561743184924" lon="-7.933152252808213">
        <ele>375.4</ele>
      </trkpt>
      <trkpt lat="40.80219302326441" lon="-7.933017052710056">
        <ele>372.4</ele>
      </trkpt>
      <trkpt lat="40.8019466791302" lon="-7.932921415194869">
        <ele>368.3</ele>
      </trkpt>
      <trkpt lat="40.801463294774294" lon="-7.932417495176196">
        <ele>363.7</ele>
      </trkpt>
      <trkpt lat="40.80138634890318" lon="-7.932293778285384">
        <ele>363.8</ele>
      </trkpt>
      <trkpt lat="40.801151068881154" lon="-7.931918855756521">
        <ele>367.1</ele>
      </trkpt>
      <trkpt lat="40.80100094899535" lon="-7.93166714720428">
        <ele>369</ele>
      </trkpt>
      <trkpt lat="40.80093925818801" lon="-7.931530689820647">
        <ele>369.2</ele>
      </trkpt>
      <trkpt lat="40.80082844942808" lon="-7.930916966870427">
        <ele>364.2</ele>
      </trkpt>
      <trkpt lat="40.800914112478495" lon="-7.930444981902838">
        <ele>357.9</ele>
      </trkpt>
      <trkpt lat="40.801055515185" lon="-7.929991101846099">
        <ele>354.2</ele>
      </trkpt>
      <trkpt lat="40.80092039890587" lon="-7.929191971197724">
        <ele>353.9</ele>
      </trkpt>
      <trkpt lat="40.800853511318564" lon="-7.929049646481872">
        <ele>353.5</ele>
      </trkpt>
      <trkpt lat="40.80060297623277" lon="-7.928473390638828">
        <ele>349</ele>
      </trkpt>
      <trkpt lat="40.800718143582344" lon="-7.927698316052556">
        <ele>339</ele>
      </trkpt>
      <trkpt lat="40.80077572725713" lon="-7.927557416260243">
        <ele>338.7</ele>
      </trkpt>
      <trkpt lat="40.80100220628083" lon="-7.927001947537065">
        <ele>339</ele>
      </trkpt>
      <trkpt lat="40.80109189264476" lon="-7.926714532077313">
        <ele>338.4</ele>
      </trkpt>
      <trkpt lat="40.80111142247915" lon="-7.926562316715717">
        <ele>337.3</ele>
      </trkpt>
      <trkpt lat="40.801026094704866" lon="-7.925963178277016">
        <ele>336</ele>
      </trkpt>
      <trkpt lat="40.80097949132323" lon="-7.925816075876355">
        <ele>335.7</ele>
      </trkpt>
      <trkpt lat="40.80077505670488" lon="-7.925060531124473">
        <ele>334.1</ele>
      </trkpt>
      <trkpt lat="40.80064807087183" lon="-7.924637831747532">
        <ele>327.3</ele>
      </trkpt>
      <trkpt lat="40.800308268517256" lon="-7.924248743802309">
        <ele>322.7</ele>
      </trkpt>
      <trkpt lat="40.800099642947316" lon="-7.924149418249726">
        <ele>325.7</ele>
      </trkpt>
      <trkpt lat="40.79988766461611" lon="-7.924156291410327">
        <ele>328.2</ele>
      </trkpt>
      <trkpt lat="40.79963654279709" lon="-7.924386709928513">
        <ele>328.1</ele>
      </trkpt>
      <trkpt lat="40.79958289861679" lon="-7.924513025209308">
        <ele>327.6</ele>
      </trkpt>
      <trkpt lat="40.799608044326305" lon="-7.925018537789583">
        <ele>322.6</ele>
      </trkpt>
      <trkpt lat="40.7997430767864" lon="-7.925676852464676">
        <ele>318.4</ele>
      </trkpt>
      <trkpt lat="40.799796134233475" lon="-7.92607038281858">
        <ele>319.9</ele>
      </trkpt>
      <trkpt lat="40.79975766129792" lon="-7.926462572067976">
        <ele>320.2</ele>
      </trkpt>
      <trkpt lat="40.799615168944" lon="-7.926860880106688">
        <ele>319.9</ele>
      </trkpt>
      <trkpt lat="40.799394473433495" lon="-7.927301684394479">
        <ele>316.6</ele>
      </trkpt>
      <trkpt lat="40.79913999885321" lon="-7.927819853648543">
        <ele>318.9</ele>
      </trkpt>
      <trkpt lat="40.799002619460225" lon="-7.928083213046193">
        <ele>321.8</ele>
      </trkpt>
      <trkpt lat="40.79891528002918" lon="-7.928254622966051">
        <ele>324</ele>
      </trkpt>
      <trkpt lat="40.79885224811733" lon="-7.928406586870551">
        <ele>324.9</ele>
      </trkpt>
      <trkpt lat="40.79877664335072" lon="-7.92855310253799">
        <ele>325.7</ele>
      </trkpt>
      <trkpt lat="40.798722077161074" lon="-7.928644130006433">
        <ele>326.9</ele>
      </trkpt>
      <trkpt lat="40.79863582737744" lon="-7.928768685087562">
        <ele>328.7</ele>
      </trkpt>
      <trkpt lat="40.79853365197778" lon="-7.928871866315603">
        <ele>331.2</ele>
      </trkpt>
      <trkpt lat="40.798416221514344" lon="-7.928969515487552">
        <ele>334.1</ele>
      </trkpt>
      <trkpt lat="40.79833986237645" lon="-7.929019555449486">
        <ele>336.3</ele>
      </trkpt>
      <trkpt lat="40.79805554822087" lon="-7.929119886830449">
        <ele>343.5</ele>
      </trkpt>
      <trkpt lat="40.79766461625695" lon="-7.929216446354985">
        <ele>345.5</ele>
      </trkpt>
      <trkpt lat="40.79736638814211" lon="-7.929311916232109">
        <ele>345.6</ele>
      </trkpt>
      <trkpt lat="40.7972373906523" lon="-7.929345946758986">
        <ele>345.9</ele>
      </trkpt>
      <trkpt lat="40.79707947559655" lon="-7.929399758577347">
        <ele>346.2</ele>
      </trkpt>
      <trkpt lat="40.79689054749906" lon="-7.929458096623421">
        <ele>347.8</ele>
      </trkpt>
      <trkpt lat="40.7966451253742" lon="-7.929524146020412">
        <ele>352.8</ele>
      </trkpt>
      <trkpt lat="40.796430967748165" lon="-7.929588351398706">
        <ele>358</ele>
      </trkpt>
      <trkpt lat="40.79640372656286" lon="-7.929595643654466">
        <ele>358.6</ele>
      </trkpt>
      <trkpt lat="40.79613768495619" lon="-7.929671332240105">
        <ele>360.9</ele>
      </trkpt>
      <trkpt lat="40.79607062973082" lon="-7.929680552333593">
        <ele>361.2</ele>
      </trkpt>
      <trkpt lat="40.79586929641664" lon="-7.9297268204391">
        <ele>361.1</ele>
      </trkpt>
      <trkpt lat="40.795796290040016" lon="-7.929809717461467">
        <ele>360.8</ele>
      </trkpt>
      <trkpt lat="40.79574750736356" lon="-7.929840562865138">
        <ele>360.9</ele>
      </trkpt>
      <trkpt lat="40.79536755569279" lon="-7.929900074377656">
        <ele>365.1</ele>
      </trkpt>
      <trkpt lat="40.79485693015158" lon="-7.930133761838079">
        <ele>371.2</ele>
      </trkpt>
      <trkpt lat="40.794601533561945" lon="-7.930278601124883">
        <ele>372.8</ele>
      </trkpt>
      <trkpt lat="40.79429685138166" lon="-7.930453363806009">
        <ele>373.8</ele>
      </trkpt>
      <trkpt lat="40.79378086142242" lon="-7.930736588314176">
        <ele>377.3</ele>
      </trkpt>
      <trkpt lat="40.793752362951636" lon="-7.930748490616679">
        <ele>377.7</ele>
      </trkpt>
      <trkpt lat="40.79328163526952" lon="-7.93096792884171">
        <ele>384</ele>
      </trkpt>
      <trkpt lat="40.79272918403149" lon="-7.931111678481102">
        <ele>381.4</ele>
      </trkpt>
      <trkpt lat="40.792303970083594" lon="-7.931230366230011">
        <ele>381.9</ele>
      </trkpt>
      <trkpt lat="40.79211303032935" lon="-7.931300355121493">
        <ele>383.9</ele>
      </trkpt>
      <trkpt lat="40.7916044164449" lon="-7.931090136989951">
        <ele>392.9</ele>
      </trkpt>
      <trkpt lat="40.79140274785459" lon="-7.930944208055735">
        <ele>393.8</ele>
      </trkpt>
      <trkpt lat="40.79091852530837" lon="-7.930555874481797">
        <ele>394.4</ele>
      </trkpt>
      <trkpt lat="40.79079288057983" lon="-7.930479515343905">
        <ele>395.3</ele>
      </trkpt>
      <trkpt lat="40.79038652591407" lon="-7.930425954982638">
        <ele>400.4</ele>
      </trkpt>
      <trkpt lat="40.79003004357219" lon="-7.930470714345574">
        <ele>404.4</ele>
      </trkpt>
      <trkpt lat="40.789841786026955" lon="-7.930487729609013">
        <ele>406.8</ele>
      </trkpt>
      <trkpt lat="40.78942000865936" lon="-7.930466523393989">
        <ele>414.4</ele>
      </trkpt>
      <trkpt lat="40.78889270313084" lon="-7.930319756269455">
        <ele>417.5</ele>
      </trkpt>
      <trkpt lat="40.78836003318429" lon="-7.930186316370964">
        <ele>416.8</ele>
      </trkpt>
      <trkpt lat="40.787965999916196" lon="-7.930044494569302">
        <ele>419.3</ele>
      </trkpt>
      <trkpt lat="40.78764430247247" lon="-7.929694466292858">
        <ele>422.1</ele>
      </trkpt>
      <trkpt lat="40.78753684647381" lon="-7.929539987817407">
        <ele>421.9</ele>
      </trkpt>
      <trkpt lat="40.78736074268818" lon="-7.929309653118253">
        <ele>420.9</ele>
      </trkpt>
      <trkpt lat="40.78714775852859" lon="-7.929085521027446">
        <ele>418.5</ele>
      </trkpt>
      <trkpt lat="40.78691038303077" lon="-7.928899275138974">
        <ele>416.5</ele>
      </trkpt>
      <trkpt lat="40.786699913442135" lon="-7.928788801655173">
        <ele>416.8</ele>
      </trkpt>
      <trkpt lat="40.78653319738805" lon="-7.928728451952338">
        <ele>418.9</ele>
      </trkpt>
      <trkpt lat="40.786252319812775" lon="-7.928663659840822">
        <ele>421.7</ele>
      </trkpt>
      <trkpt lat="40.78619490377605" lon="-7.928657624870539">
        <ele>421.9</ele>
      </trkpt>
      <trkpt lat="40.785922072827816" lon="-7.928643794730306">
        <ele>422.3</ele>
      </trkpt>
      <trkpt lat="40.7857034727931" lon="-7.928637424483895">
        <ele>422.6</ele>
      </trkpt>
      <trkpt lat="40.78551856800914" lon="-7.928634574636817">
        <ele>423.6</ele>
      </trkpt>
      <trkpt lat="40.78543935902417" lon="-7.928629377856851">
        <ele>424.2</ele>
      </trkpt>
      <trkpt lat="40.78522662632167" lon="-7.928622588515282">
        <ele>425.9</ele>
      </trkpt>
      <trkpt lat="40.784871401265264" lon="-7.92860884219408">
        <ele>429.5</ele>
      </trkpt>
      <trkpt lat="40.7845189422369" lon="-7.928599705919623">
        <ele>437.9</ele>
      </trkpt>
      <trkpt lat="40.78424669802189" lon="-7.928587552160025">
        <ele>444.1</ele>
      </trkpt>
      <trkpt lat="40.784029606729746" lon="-7.928586881607771">
        <ele>446.5</ele>
      </trkpt>
      <trkpt lat="40.7838196400553" lon="-7.928579589352012">
        <ele>447.6</ele>
      </trkpt>
      <trkpt lat="40.7837350666523" lon="-7.928563915193081">
        <ele>448.7</ele>
      </trkpt>
      <trkpt lat="40.78356114216149" lon="-7.928568860515952">
        <ele>451</ele>
      </trkpt>
      <trkpt lat="40.78351269476116" lon="-7.928565172478557">
        <ele>451.5</ele>
      </trkpt>
      <trkpt lat="40.7834586314857" lon="-7.928549330681562">
        <ele>452.3</ele>
      </trkpt>
      <trkpt lat="40.783368442207575" lon="-7.928564418107271">
        <ele>452.9</ele>
      </trkpt>
      <trkpt lat="40.78332376666367" lon="-7.928567519411445">
        <ele>453.1</ele>
      </trkpt>
      <trkpt lat="40.78309368342161" lon="-7.92857070453465">
        <ele>453.1</ele>
      </trkpt>
      <trkpt lat="40.78299016691744" lon="-7.928565507754684">
        <ele>453.2</ele>
      </trkpt>
      <trkpt lat="40.78288547694683" lon="-7.928560227155685">
        <ele>453.4</ele>
      </trkpt>
      <trkpt lat="40.782683389261365" lon="-7.928565926849842">
        <ele>453.9</ele>
      </trkpt>
      <trkpt lat="40.78250636346638" lon="-7.928592832759023">
        <ele>454.8</ele>
      </trkpt>
      <trkpt lat="40.78237962909043" lon="-7.928629126399756">
        <ele>455.7</ele>
      </trkpt>
      <trkpt lat="40.78230704180896" lon="-7.928652931004763">
        <ele>456.6</ele>
      </trkpt>
      <trkpt lat="40.78221165575087" lon="-7.928697103634477">
        <ele>458</ele>
      </trkpt>
      <trkpt lat="40.78208844177425" lon="-7.928757537156344">
        <ele>459.7</ele>
      </trkpt>
      <trkpt lat="40.781931951642036" lon="-7.928856695070863">
        <ele>462.6</ele>
      </trkpt>
      <trkpt lat="40.78179884701967" lon="-7.928964151069522">
        <ele>464.6</ele>
      </trkpt>
      <trkpt lat="40.78169113956392" lon="-7.929067332297564">
        <ele>465.9</ele>
      </trkpt>
      <trkpt lat="40.78161126002669" lon="-7.929151235148311">
        <ele>466.7</ele>
      </trkpt>
      <trkpt lat="40.781573709100485" lon="-7.929196413606405">
        <ele>467.1</ele>
      </trkpt>
      <trkpt lat="40.78152844682336" lon="-7.929257685318589">
        <ele>467.4</ele>
      </trkpt>
      <trkpt lat="40.78145971521735" lon="-7.929330188781023">
        <ele>467.9</ele>
      </trkpt>
      <trkpt lat="40.78139819204807" lon="-7.929404703900218">
        <ele>468.2</ele>
      </trkpt>
      <trkpt lat="40.78131747432053" lon="-7.929503694176674">
        <ele>469.6</ele>
      </trkpt>
      <trkpt lat="40.7812550291419" lon="-7.92958072386682">
        <ele>470.7</ele>
      </trkpt>
      <trkpt lat="40.781192164868116" lon="-7.929657083004713">
        <ele>472</ele>
      </trkpt>
      <trkpt lat="40.7811120338738" lon="-7.929753893986344">
        <ele>474.2</ele>
      </trkpt>
      <trkpt lat="40.78105411492288" lon="-7.929825307801366">
        <ele>476.1</ele>
      </trkpt>
      <trkpt lat="40.78099829144776" lon="-7.92988951317966">
        <ele>477.9</ele>
      </trkpt>
      <trkpt lat="40.78094506636262" lon="-7.929953886196017">
        <ele>479.4</ele>
      </trkpt>
      <trkpt lat="40.780911203473806" lon="-7.929988754913211">
        <ele>480.3</ele>
      </trkpt>
      <trkpt lat="40.78084993176162" lon="-7.930043488740921">
        <ele>481.9</ele>
      </trkpt>
      <trkpt lat="40.78078287653625" lon="-7.930099982768297">
        <ele>483.5</ele>
      </trkpt>
      <trkpt lat="40.78073509968817" lon="-7.930135270580649">
        <ele>484.6</ele>
      </trkpt>
      <trkpt lat="40.78069151379168" lon="-7.93017047457397">
        <ele>485.5</ele>
      </trkpt>
      <trkpt lat="40.78057232312858" lon="-7.930251192301512">
        <ele>487.6</ele>
      </trkpt>
      <trkpt lat="40.78043343499303" lon="-7.930328389629722">
        <ele>490</ele>
      </trkpt>
      <trkpt lat="40.78030217438936" lon="-7.930405251681805">
        <ele>491.6</ele>
      </trkpt>
      <trkpt lat="40.78010662458837" lon="-7.930495021864772">
        <ele>494.2</ele>
      </trkpt>
      <trkpt lat="40.77981828711927" lon="-7.930601723492146">
        <ele>497.8</ele>
      </trkpt>
      <trkpt lat="40.779635393992066" lon="-7.930672718212009">
        <ele>499.2</ele>
      </trkpt>
      <trkpt lat="40.77947722747922" lon="-7.930733654648066">
        <ele>499.8</ele>
      </trkpt>
      <trkpt lat="40.77911227941513" lon="-7.930883439257741">
        <ele>498.6</ele>
      </trkpt>
      <trkpt lat="40.77908537350595" lon="-7.930893497541547">
        <ele>498.6</ele>
      </trkpt>
      <trkpt lat="40.778948077932" lon="-7.930939430370927">
        <ele>498.9</ele>
      </trkpt>
      <trkpt lat="40.77872319146991" lon="-7.930974299088121">
        <ele>501.2</ele>
      </trkpt>
      <trkpt lat="40.77817400917411" lon="-7.93083943426609">
        <ele>510.9</ele>
      </trkpt>
      <trkpt lat="40.7781449239701" lon="-7.930825017392635">
        <ele>511.2</ele>
      </trkpt>
      <trkpt lat="40.77790453098714" lon="-7.930645141750574">
        <ele>512.7</ele>
      </trkpt>
      <trkpt lat="40.77777829952538" lon="-7.930517317727208">
        <ele>513.1</ele>
      </trkpt>
      <trkpt lat="40.77773253433406" lon="-7.930469205603004">
        <ele>512.9</ele>
      </trkpt>
      <trkpt lat="40.777663215994835" lon="-7.930393181741238">
        <ele>512.6</ele>
      </trkpt>
      <trkpt lat="40.77759515494108" lon="-7.930318079888821">
        <ele>512.7</ele>
      </trkpt>
      <trkpt lat="40.777502031996846" lon="-7.930218083783984">
        <ele>513.1</ele>
      </trkpt>
      <trkpt lat="40.77747931703925" lon="-7.930193189531565">
        <ele>513.1</ele>
      </trkpt>
      <trkpt lat="40.77736540697515" lon="-7.930064778774977">
        <ele>513.2</ele>
      </trkpt>
      <trkpt lat="40.77727094292641" lon="-7.929959418252111">
        <ele>512.8</ele>
      </trkpt>
      <trkpt lat="40.777172120288014" lon="-7.929851626977325">
        <ele>511.8</ele>
      </trkpt>
      <trkpt lat="40.777040775865316" lon="-7.92971852235496">
        <ele>510.2</ele>
      </trkpt>
      <trkpt lat="40.776990903541446" lon="-7.929649036377668">
        <ele>509.2</ele>
      </trkpt>
      <trkpt lat="40.776930805295706" lon="-7.92957921512425">
        <ele>508.2</ele>
      </trkpt>
      <trkpt lat="40.7768811006099" lon="-7.929517943412066">
        <ele>507.5</ele>
      </trkpt>
      <trkpt lat="40.77687028795481" lon="-7.929506124928594">
        <ele>507.3</ele>
      </trkpt>
      <trkpt lat="40.776850087568164" lon="-7.929492965340614">
        <ele>507.1</ele>
      </trkpt>
      <trkpt lat="40.77684665098786" lon="-7.929503610357642">
        <ele>507</ele>
      </trkpt>
      <trkpt lat="40.776844220235944" lon="-7.92950201779604">
        <ele>507</ele>
      </trkpt>
      <trkpt lat="40.776844220235944" lon="-7.92950201779604">
        <ele>507</ele>
      </trkpt>
      <trkpt lat="40.776844220235944" lon="-7.92950201779604">
        <ele>507</ele>
      </trkpt>
      <trkpt lat="40.776844220235944" lon="-7.92950201779604">
        <ele>507</ele>
      </trkpt>
      <trkpt lat="40.776844220235944" lon="-7.92950201779604">
        <ele>507</ele>
      </trkpt>
      <trkpt lat="40.776844220235944" lon="-7.92950201779604">
        <ele>507</ele>
      </trkpt>
      <trkpt lat="40.776844220235944" lon="-7.92950201779604">
        <ele>507</ele>
      </trkpt>
      <trkpt lat="40.776844220235944" lon="-7.92950201779604">
        <ele>507</ele>
      </trkpt>
      <trkpt lat="40.776844220235944" lon="-7.92950201779604">
        <ele>507</ele>
      </trkpt>
      <trkpt lat="40.776844220235944" lon="-7.92950201779604">
        <ele>507</ele>
      </trkpt>
      <trkpt lat="40.776844220235944" lon="-7.92950201779604">
        <ele>507</ele>
      </trkpt>
      <trkpt lat="40.776844220235944" lon="-7.92950201779604">
        <ele>507</ele>
      </trkpt>
      <trkpt lat="40.776844220235944" lon="-7.92950201779604">
        <ele>507</ele>
      </trkpt>
      <trkpt lat="40.776844220235944" lon="-7.92950201779604">
        <ele>507</ele>
      </trkpt>
      <trkpt lat="40.776844220235944" lon="-7.92950201779604">
        <ele>507</ele>
      </trkpt>
      <trkpt lat="40.776844220235944" lon="-7.92950201779604">
        <ele>507</ele>
      </trkpt>
      <trkpt lat="40.776844220235944" lon="-7.92950201779604">
        <ele>507</ele>
      </trkpt>
      <trkpt lat="40.776844220235944" lon="-7.92950201779604">
        <ele>507</ele>
      </trkpt>
      <trkpt lat="40.776844220235944" lon="-7.92950201779604">
        <ele>507</ele>
      </trkpt>
      <trkpt lat="40.776844220235944" lon="-7.92950201779604">
        <ele>507</ele>
      </trkpt>
      <trkpt lat="40.776844220235944" lon="-7.92950201779604">
        <ele>507</ele>
      </trkpt>
      <trkpt lat="40.776844220235944" lon="-7.92950201779604">
        <ele>507</ele>
      </trkpt>
      <trkpt lat="40.776844220235944" lon="-7.92950201779604">
        <ele>507</ele>
      </trkpt>
      <trkpt lat="40.776844220235944" lon="-7.92950201779604">
        <ele>507</ele>
      </trkpt>
      <trkpt lat="40.776844220235944" lon="-7.92950201779604">
        <ele>507</ele>
      </trkpt>
      <trkpt lat="40.776844723150134" lon="-7.929502101615071">
        <ele>507</ele>
      </trkpt>
      <trkpt lat="40.77684514224529" lon="-7.929502604529262">
        <ele>507</ele>
      </trkpt>
      <trkpt lat="40.77684547752142" lon="-7.929502688348293">
        <ele>507</ele>
      </trkpt>
      <trkpt lat="40.77684598043561" lon="-7.929503358900547">
        <ele>507</ele>
      </trkpt>
      <trkpt lat="40.77684589661658" lon="-7.929503610357642">
        <ele>507</ele>
      </trkpt>
      <trkpt lat="40.77684606425464" lon="-7.929503861814737">
        <ele>507</ele>
      </trkpt>
      <trkpt lat="40.77684614807367" lon="-7.929504364728928">
        <ele>507</ele>
      </trkpt>
      <trkpt lat="40.77684614807367" lon="-7.929504616186023">
        <ele>507</ele>
      </trkpt>
      <trkpt lat="40.77684606425464" lon="-7.929505370557308">
        <ele>507</ele>
      </trkpt>
      <trkpt lat="40.77684589661658" lon="-7.929506879299879">
        <ele>507</ele>
      </trkpt>
      <trkpt lat="40.77684589661658" lon="-7.929507466033101">
        <ele>507</ele>
      </trkpt>
      <trkpt lat="40.77684589661658" lon="-7.929508974775672">
        <ele>507</ele>
      </trkpt>
      <trkpt lat="40.77684556134045" lon="-7.929509477689862">
        <ele>506.9</ele>
      </trkpt>
      <trkpt lat="40.77684539370239" lon="-7.929509645327926">
        <ele>506.9</ele>
      </trkpt>
      <trkpt lat="40.77684539370239" lon="-7.929510399699211">
        <ele>506.9</ele>
      </trkpt>
      <trkpt lat="40.776845226064324" lon="-7.929510399699211">
        <ele>506.9</ele>
      </trkpt>
      <trkpt lat="40.77684539370239" lon="-7.929510483518243">
        <ele>506.9</ele>
      </trkpt>
      <trkpt lat="40.77684547752142" lon="-7.929510483518243">
        <ele>506.9</ele>
      </trkpt>
      <trkpt lat="40.77684539370239" lon="-7.929510483518243">
        <ele>506.9</ele>
      </trkpt>
      <trkpt lat="40.77683634124696" lon="-7.929504867643118">
        <ele>506.8</ele>
      </trkpt>
      <trkpt lat="40.77683391049504" lon="-7.929498748853803">
        <ele>506.8</ele>
      </trkpt>
      <trkpt lat="40.77683474868536" lon="-7.929498497396708">
        <ele>506.8</ele>
      </trkpt>
      <trkpt lat="40.77683483250439" lon="-7.929498497396708">
        <ele>506.8</ele>
      </trkpt>
      <trkpt lat="40.77683483250439" lon="-7.929497743025422">
        <ele>506.8</ele>
      </trkpt>
      <trkpt lat="40.776835000142455" lon="-7.929497743025422">
        <ele>506.8</ele>
      </trkpt>
      <trkpt lat="40.77683474868536" lon="-7.92949765920639">
        <ele>506.8</ele>
      </trkpt>
      <trkpt lat="40.77683474868536" lon="-7.929497407749295">
        <ele>506.8</ele>
      </trkpt>
      <trkpt lat="40.77683466486633" lon="-7.929497407749295">
        <ele>506.8</ele>
      </trkpt>
      <trkpt lat="40.776834497228265" lon="-7.929497575387359">
        <ele>506.8</ele>
      </trkpt>
      <trkpt lat="40.77683466486633" lon="-7.929497743025422">
        <ele>506.8</ele>
      </trkpt>
      <trkpt lat="40.7768345810473" lon="-7.92949765920639">
        <ele>506.8</ele>
      </trkpt>
      <trkpt lat="40.7768345810473" lon="-7.929497575387359">
        <ele>506.8</ele>
      </trkpt>
      <trkpt lat="40.7768345810473" lon="-7.929497491568327">
        <ele>506.8</ele>
      </trkpt>
      <trkpt lat="40.776834497228265" lon="-7.929497575387359">
        <ele>506.8</ele>
      </trkpt>
      <trkpt lat="40.7768345810473" lon="-7.929496821016073">
        <ele>506.8</ele>
      </trkpt>
      <trkpt lat="40.776834497228265" lon="-7.929496485739946">
        <ele>506.8</ele>
      </trkpt>
      <trkpt lat="40.77683466486633" lon="-7.929495815187693">
        <ele>506.8</ele>
      </trkpt>
      <trkpt lat="40.7768345810473" lon="-7.929495815187693">
        <ele>506.8</ele>
      </trkpt>
      <trkpt lat="40.77683474868536" lon="-7.929495982825756">
        <ele>506.8</ele>
      </trkpt>
      <trkpt lat="40.7768345810473" lon="-7.929496066644788">
        <ele>506.8</ele>
      </trkpt>
      <trkpt lat="40.77683466486633" lon="-7.92949615046382">
        <ele>506.8</ele>
      </trkpt>
      <trkpt lat="40.776833575218916" lon="-7.929495731368661">
        <ele>506.8</ele>
      </trkpt>
      <trkpt lat="40.77683047391474" lon="-7.92949128895998">
        <ele>506.8</ele>
      </trkpt>
      <trkpt lat="40.776806585490704" lon="-7.929440662264824">
        <ele>506.6</ele>
      </trkpt>
      <trkpt lat="40.77680398710072" lon="-7.929437728598714">
        <ele>506.6</ele>
      </trkpt>
      <trkpt lat="40.77680365182459" lon="-7.929439153522253">
        <ele>506.6</ele>
      </trkpt>
      <trkpt lat="40.77680356800556" lon="-7.929439824074507">
        <ele>506.6</ele>
      </trkpt>
      <trkpt lat="40.77680390328169" lon="-7.929439907893539">
        <ele>506.6</ele>
      </trkpt>
      <trkpt lat="40.776803735643625" lon="-7.929439824074507">
        <ele>506.6</ele>
      </trkpt>
      <trkpt lat="40.77680407091975" lon="-7.929439321160317">
        <ele>506.6</ele>
      </trkpt>
      <trkpt lat="40.77680432237685" lon="-7.929439153522253">
        <ele>506.6</ele>
      </trkpt>
      <trkpt lat="40.77680365182459" lon="-7.929438482969999">
        <ele>506.6</ele>
      </trkpt>
      <trkpt lat="40.77680113725364" lon="-7.929431945085526">
        <ele>506.6</ele>
      </trkpt>
      <trkpt lat="40.77679560519755" lon="-7.929414175450802">
        <ele>506.6</ele>
      </trkpt>
      <trkpt lat="40.776785211637616" lon="-7.929388359189034">
        <ele>506.4</ele>
      </trkpt>
      <trkpt lat="40.77677766792476" lon="-7.929373439401388">
        <ele>506.3</ele>
      </trkpt>
      <trkpt lat="40.776775404810905" lon="-7.92936229147017">
        <ele>506.4</ele>
      </trkpt>
      <trkpt lat="40.77675998210907" lon="-7.929322896525264">
        <ele>506.3</ele>
      </trkpt>
      <trkpt lat="40.77675545588136" lon="-7.929307138547301">
        <ele>506.2</ele>
      </trkpt>
      <trkpt lat="40.77675595879555" lon="-7.929306467995048">
        <ele>506.2</ele>
      </trkpt>
      <trkpt lat="40.77675553970039" lon="-7.929310239851475">
        <ele>506.2</ele>
      </trkpt>
      <trkpt lat="40.77675562351942" lon="-7.929309736937285">
        <ele>506.2</ele>
      </trkpt>
      <trkpt lat="40.77675445005298" lon="-7.929308144375682">
        <ele>506.2</ele>
      </trkpt>
      <trkpt lat="40.77674891799688" lon="-7.929290626198053">
        <ele>506.2</ele>
      </trkpt>
      <trkpt lat="40.77672335319221" lon="-7.929228097200394">
        <ele>506</ele>
      </trkpt>
      <trkpt lat="40.77668756246567" lon="-7.929148972034454">
        <ele>506</ele>
      </trkpt>
      <trkpt lat="40.77656250447035" lon="-7.928652931004763">
        <ele>502.5</ele>
      </trkpt>
      <trkpt lat="40.776553116738796" lon="-7.928256550803781">
        <ele>497.9</ele>
      </trkpt>
      <trkpt lat="40.77669301070273" lon="-7.92762229219079">
        <ele>498</ele>
      </trkpt>
      <trkpt lat="40.77681681141257" lon="-7.927215434610844">
        <ele>502.4</ele>
      </trkpt>
      <trkpt lat="40.77684732154012" lon="-7.927114767953754">
        <ele>503.8</ele>
      </trkpt>
      <trkpt lat="40.776938516646624" lon="-7.926815450191498">
        <ele>507.6</ele>
      </trkpt>
      <trkpt lat="40.77696877531707" lon="-7.926716879010201">
        <ele>508.9</ele>
      </trkpt>
      <trkpt lat="40.7770846132189" lon="-7.92633424513042">
        <ele>513.6</ele>
      </trkpt>
      <trkpt lat="40.7771903090179" lon="-7.925992263481021">
        <ele>516.6</ele>
      </trkpt>
      <trkpt lat="40.77725996263325" lon="-7.925761761143804">
        <ele>517.4</ele>
      </trkpt>
      <trkpt lat="40.77732685022056" lon="-7.925540143623948">
        <ele>518.3</ele>
      </trkpt>
      <trkpt lat="40.777376387268305" lon="-7.925320034846664">
        <ele>519.5</ele>
      </trkpt>
      <trkpt lat="40.77739683911204" lon="-7.925111660733819">
        <ele>520.3</ele>
      </trkpt>
      <trkpt lat="40.77740044333041" lon="-7.924909992143512">
        <ele>520.5</ele>
      </trkpt>
      <trkpt lat="40.77737856656313" lon="-7.924711592495441">
        <ele>519.9</ele>
      </trkpt>
      <trkpt lat="40.77736062929034" lon="-7.924584439024329">
        <ele>519.3</ele>
      </trkpt>
      <trkpt lat="40.7773488946259" lon="-7.924519646912813">
        <ele>518.9</ele>
      </trkpt>
      <trkpt lat="40.777295250445604" lon="-7.924313032999635">
        <ele>517.5</ele>
      </trkpt>
      <trkpt lat="40.77722040005028" lon="-7.924100467935205">
        <ele>516.6</ele>
      </trkpt>
      <trkpt lat="40.777129121124744" lon="-7.923877593129873">
        <ele>516</ele>
      </trkpt>
      <trkpt lat="40.776976235210896" lon="-7.923556650057435">
        <ele>515.4</ele>
      </trkpt>
      <trkpt lat="40.77678395435214" lon="-7.92322606779635">
        <ele>513.8</ele>
      </trkpt>
      <trkpt lat="40.776554457843304" lon="-7.922893557697535">
        <ele>510.8</ele>
      </trkpt>
      <trkpt lat="40.77636477537453" lon="-7.922645788639784">
        <ele>509.1</ele>
      </trkpt>
      <trkpt lat="40.77616780065" lon="-7.922394080087543">
        <ele>508.2</ele>
      </trkpt>
      <trkpt lat="40.77596412040293" lon="-7.922131139785051">
        <ele>506.4</ele>
      </trkpt>
      <trkpt lat="40.77575541101396" lon="-7.92186576873064">
        <ele>504.9</ele>
      </trkpt>
      <trkpt lat="40.77554200775921" lon="-7.921597883105278">
        <ele>503.2</ele>
      </trkpt>
      <trkpt lat="40.7753371540457" lon="-7.921325722709298">
        <ele>502.4</ele>
      </trkpt>
      <trkpt lat="40.77520555816591" lon="-7.921139057725668">
        <ele>502.3</ele>
      </trkpt>
      <trkpt lat="40.77501847408712" lon="-7.920845439657569">
        <ele>501</ele>
      </trkpt>
      <trkpt lat="40.774862403050065" lon="-7.9205122590065">
        <ele>499.8</ele>
      </trkpt>
      <trkpt lat="40.77473449520767" lon="-7.920145466923714">
        <ele>499.7</ele>
      </trkpt>
      <trkpt lat="40.774630308151245" lon="-7.919759731739759">
        <ele>499.1</ele>
      </trkpt>
      <trkpt lat="40.77452980913222" lon="-7.919366871938109">
        <ele>496.8</ele>
      </trkpt>
      <trkpt lat="40.77439938671887" lon="-7.918836800381541">
        <ele>494.7</ele>
      </trkpt>
      <trkpt lat="40.77423417940736" lon="-7.91817563585937">
        <ele>493.1</ele>
      </trkpt>
      <trkpt lat="40.77410685829818" lon="-7.917794594541192">
        <ele>492.5</ele>
      </trkpt>
      <trkpt lat="40.77404994517565" lon="-7.917678002268076">
        <ele>492</ele>
      </trkpt>
      <trkpt lat="40.77374601736665" lon="-7.91729461401701">
        <ele>489.2</ele>
      </trkpt>
      <trkpt lat="40.77346606180072" lon="-7.917129825800657">
        <ele>489.6</ele>
      </trkpt>
      <trkpt lat="40.7733721844852" lon="-7.917094118893147">
        <ele>490.6</ele>
      </trkpt>
      <trkpt lat="40.77301042154431" lon="-7.917053801938891">
        <ele>495</ele>
      </trkpt>
      <trkpt lat="40.772926434874535" lon="-7.917065704241395">
        <ele>495.6</ele>
      </trkpt>
      <trkpt lat="40.772768603637815" lon="-7.917107529938221">
        <ele>496</ele>
      </trkpt>
      <trkpt lat="40.77269517816603" lon="-7.917137118056417">
        <ele>496</ele>
      </trkpt>
      <trkpt lat="40.77249091118574" lon="-7.917234767228365">
        <ele>496.7</ele>
      </trkpt>
      <trkpt lat="40.772251691669226" lon="-7.917373152449727">
        <ele>500.5</ele>
      </trkpt>
      <trkpt lat="40.77208086848259" lon="-7.917473064735532">
        <ele>502.4</ele>
      </trkpt>
      <trkpt lat="40.77191390097141" lon="-7.91757071390748">
        <ele>503.6</ele>
      </trkpt>
      <trkpt lat="40.77170670032501" lon="-7.917698370292783">
        <ele>504</ele>
      </trkpt>
      <trkpt lat="40.77155498787761" lon="-7.917782608419657">
        <ele>504.1</ele>
      </trkpt>
      <trkpt lat="40.77150327153504" lon="-7.917809514328837">
        <ele>504.2</ele>
      </trkpt>
      <trkpt lat="40.77130294404924" lon="-7.917927028611302">
        <ele>504.6</ele>
      </trkpt>
      <trkpt lat="40.77115098014474" lon="-7.918003303930163">
        <ele>505.6</ele>
      </trkpt>
      <trkpt lat="40.77094662934542" lon="-7.918102713301778">
        <ele>507.5</ele>
      </trkpt>
      <trkpt lat="40.77072149142623" lon="-7.918207235634327">
        <ele>510.2</ele>
      </trkpt>
      <trkpt lat="40.77056625857949" lon="-7.918287618085742">
        <ele>512.2</ele>
      </trkpt>
      <trkpt lat="40.77045268379152" lon="-7.918342435732484">
        <ele>513.5</ele>
      </trkpt>
      <trkpt lat="40.770303485915065" lon="-7.918423404917121">
        <ele>514.7</ele>
      </trkpt>
      <trkpt lat="40.77015604823828" lon="-7.918500518426299">
        <ele>516.1</ele>
      </trkpt>
      <trkpt lat="40.76997818425298" lon="-7.918593641370535">
        <ele>517.7</ele>
      </trkpt>
      <trkpt lat="40.76984340324998" lon="-7.918680813163519">
        <ele>518.6</ele>
      </trkpt>
      <trkpt lat="40.76973938383162" lon="-7.918742587789893">
        <ele>518.8</ele>
      </trkpt>
      <trkpt lat="40.76970459893346" lon="-7.918764716014266">
        <ele>518.8</ele>
      </trkpt>
      <trkpt lat="40.76954592950642" lon="-7.918890612199903">
        <ele>518.4</ele>
      </trkpt>
      <trkpt lat="40.76939748600125" lon="-7.919040899723768">
        <ele>518.7</ele>
      </trkpt>
      <trkpt lat="40.7692482881248" lon="-7.9191963840276">
        <ele>518.4</ele>
      </trkpt>
      <trkpt lat="40.76910948380828" lon="-7.91936544701457">
        <ele>518.5</ele>
      </trkpt>
      <trkpt lat="40.76894695870578" lon="-7.91960877366364">
        <ele>519.1</ele>
      </trkpt>
      <trkpt lat="40.768845956772566" lon="-7.919781189411879">
        <ele>520</ele>
      </trkpt>
      <trkpt lat="40.76877621933818" lon="-7.919918484985828">
        <ele>520.5</ele>
      </trkpt>
      <trkpt lat="40.768682761117816" lon="-7.92009886354208">
        <ele>521.3</ele>
      </trkpt>
      <trkpt lat="40.76854261569679" lon="-7.920368928462267">
        <ele>522.4</ele>
      </trkpt>
      <trkpt lat="40.76838260516524" lon="-7.920672688633204">
        <ele>524</ele>
      </trkpt>
      <trkpt lat="40.76829073950648" lon="-7.920849127694964">
        <ele>525.1</ele>
      </trkpt>
      <trkpt lat="40.76817414723337" lon="-7.921053059399128">
        <ele>527.5</ele>
      </trkpt>
      <trkpt lat="40.76805604621768" lon="-7.92124324478209">
        <ele>529.2</ele>
      </trkpt>
      <trkpt lat="40.767921432852745" lon="-7.921423790976405">
        <ele>530.8</ele>
      </trkpt>
      <trkpt lat="40.76775949448347" lon="-7.921597631648183">
        <ele>534</ele>
      </trkpt>
      <trkpt lat="40.7675457559526" lon="-7.92168983258307">
        <ele>536.7</ele>
      </trkpt>
      <trkpt lat="40.76734165661037" lon="-7.921714307740331">
        <ele>538.1</ele>
      </trkpt>
      <trkpt lat="40.767255406826735" lon="-7.921718247234821">
        <ele>538.3</ele>
      </trkpt>
      <trkpt lat="40.76708366163075" lon="-7.921684049069881">
        <ele>538</ele>
      </trkpt>
      <trkpt lat="40.766747212037444" lon="-7.921464443206787">
        <ele>534.2</ele>
      </trkpt>
      <trkpt lat="40.76653213240206" lon="-7.921136375516653">
        <ele>533.5</ele>
      </trkpt>
      <trkpt lat="40.76631520874798" lon="-7.920622145757079">
        <ele>535.7</ele>
      </trkpt>
      <trkpt lat="40.7661260291934" lon="-7.920162817463279">
        <ele>535.3</ele>
      </trkpt>
      <trkpt lat="40.76589837670326" lon="-7.919605001807213">
        <ele>533.2</ele>
      </trkpt>
      <trkpt lat="40.76569193042815" lon="-7.919113989919424">
        <ele>532.1</ele>
      </trkpt>
      <trkpt lat="40.76552043668926" lon="-7.918698415160179">
        <ele>534.7</ele>
      </trkpt>
      <trkpt lat="40.76525037176907" lon="-7.918033478781581">
        <ele>535.5</ele>
      </trkpt>
      <trkpt lat="40.765216425061226" lon="-7.917952509596944">
        <ele>535.3</ele>
      </trkpt>
      <trkpt lat="40.76492867432535" lon="-7.917277934029698">
        <ele>537.1</ele>
      </trkpt>
      <trkpt lat="40.76488886028528" lon="-7.91719101369381">
        <ele>537.2</ele>
      </trkpt>
      <trkpt lat="40.76456288807094" lon="-7.916592545807362">
        <ele>534.5</ele>
      </trkpt>
      <trkpt lat="40.76450798660517" lon="-7.916510486975312">
        <ele>533.6</ele>
      </trkpt>
      <trkpt lat="40.764092998579144" lon="-7.915955856442452">
        <ele>528.8</ele>
      </trkpt>
      <trkpt lat="40.7639173977077" lon="-7.915718564763665">
        <ele>529</ele>
      </trkpt>
      <trkpt lat="40.7635307405144" lon="-7.915188493207097">
        <ele>528.8</ele>
      </trkpt>
      <trkpt lat="40.76347902417183" lon="-7.915119342505932">
        <ele>528.6</ele>
      </trkpt>
      <trkpt lat="40.763467962995264" lon="-7.915104548863384">
        <ele>528.5891654408141</ele>
      </trkpt>
      <trkpt lat="40.763469" lon="-7.915104">
        <ele>527.97</ele>
      </trkpt>
      <trkpt lat="40.763265" lon="-7.914837">
        <ele>527.8</ele>
      </trkpt>
      <trkpt lat="40.76312" lon="-7.914619">
        <ele>527.9</ele>
      </trkpt>
      <trkpt lat="40.762192" lon="-7.913377">
        <ele>526.15</ele>
      </trkpt>
      <trkpt lat="40.762158" lon="-7.913318">
        <ele>525.97</ele>
      </trkpt>
      <trkpt lat="40.762014" lon="-7.913075">
        <ele>525.25</ele>
      </trkpt>
      <trkpt lat="40.761833" lon="-7.912514">
        <ele>523.64</ele>
      </trkpt>
      <trkpt lat="40.761723" lon="-7.912484">
        <ele>522.86</ele>
      </trkpt>
      <trkpt lat="40.761596" lon="-7.912506">
        <ele>521.9</ele>
      </trkpt>
      <trkpt lat="40.761569" lon="-7.912621">
        <ele>521.79</ele>
      </trkpt>
      <trkpt lat="40.761508" lon="-7.912711">
        <ele>521.38</ele>
      </trkpt>
      <trkpt lat="40.761359" lon="-7.912759">
        <ele>520.22</ele>
      </trkpt>
      <trkpt lat="40.761144" lon="-7.912766">
        <ele>518.48</ele>
      </trkpt>
      <trkpt lat="40.760574" lon="-7.912695">
        <ele>513.29</ele>
      </trkpt>
      <trkpt lat="40.760425" lon="-7.91273">
        <ele>511.86</ele>
      </trkpt>
      <trkpt lat="40.75999" lon="-7.912963">
        <ele>507.69</ele>
      </trkpt>
      <trkpt lat="40.75977" lon="-7.913093">
        <ele>505.78</ele>
      </trkpt>
      <trkpt lat="40.759589" lon="-7.913106">
        <ele>504.04</ele>
      </trkpt>
      <trkpt lat="40.7594" lon="-7.91314">
        <ele>502.24</ele>
      </trkpt>
      <trkpt lat="40.759256" lon="-7.91326">
        <ele>500.99</ele>
      </trkpt>
      <trkpt lat="40.759102" lon="-7.913492">
        <ele>499.91</ele>
      </trkpt>
      <trkpt lat="40.758921" lon="-7.913683">
        <ele>498.64</ele>
      </trkpt>
      <trkpt lat="40.758921" lon="-7.913683">
        <ele>498.64</ele>
      </trkpt>
      <trkpt lat="40.758506" lon="-7.91362">
        <ele>496.95</ele>
      </trkpt>
      <trkpt lat="40.758921" lon="-7.913683">
        <ele>498.64</ele>
      </trkpt>
      <trkpt lat="40.758921" lon="-7.913683">
        <ele>498.64</ele>
      </trkpt>
      <trkpt lat="40.759102" lon="-7.913492">
        <ele>499.91</ele>
      </trkpt>
      <trkpt lat="40.759256" lon="-7.91326">
        <ele>500.99</ele>
      </trkpt>
      <trkpt lat="40.7594" lon="-7.91314">
        <ele>502.24</ele>
      </trkpt>
      <trkpt lat="40.759589" lon="-7.913106">
        <ele>504.04</ele>
      </trkpt>
      <trkpt lat="40.75977" lon="-7.913093">
        <ele>505.78</ele>
      </trkpt>
      <trkpt lat="40.75999" lon="-7.912963">
        <ele>507.69</ele>
      </trkpt>
      <trkpt lat="40.760425" lon="-7.91273">
        <ele>511.86</ele>
      </trkpt>
      <trkpt lat="40.760574" lon="-7.912695">
        <ele>513.29</ele>
      </trkpt>
      <trkpt lat="40.761144" lon="-7.912766">
        <ele>518.48</ele>
      </trkpt>
      <trkpt lat="40.761359" lon="-7.912759">
        <ele>520.22</ele>
      </trkpt>
      <trkpt lat="40.761508" lon="-7.912711">
        <ele>521.38</ele>
      </trkpt>
      <trkpt lat="40.761569" lon="-7.912621">
        <ele>521.79</ele>
      </trkpt>
      <trkpt lat="40.761596" lon="-7.912506">
        <ele>521.9</ele>
      </trkpt>
      <trkpt lat="40.761762" lon="-7.912034">
        <ele>522.36</ele>
      </trkpt>
      <trkpt lat="40.761745" lon="-7.911881">
        <ele>521.71</ele>
      </trkpt>
      <trkpt lat="40.761778" lon="-7.911351">
        <ele>520.04</ele>
      </trkpt>
      <trkpt lat="40.761817" lon="-7.911174">
        <ele>519.33</ele>
      </trkpt>
      <trkpt lat="40.7617960802788" lon="-7.911165740753434">
        <ele>518.4342178157649</ele>
      </trkpt>
      <trkpt lat="40.76182762160897" lon="-7.91098496876657">
        <ele>517.8</ele>
      </trkpt>
      <trkpt lat="40.76204949058592" lon="-7.91033361107111">
        <ele>516.1</ele>
      </trkpt>
      <trkpt lat="40.76230740174651" lon="-7.909644870087504">
        <ele>512.2</ele>
      </trkpt>
      <trkpt lat="40.76256472617388" lon="-7.908949004486203">
        <ele>509.6</ele>
      </trkpt>
      <trkpt lat="40.76282858848572" lon="-7.9082325194031">
        <ele>509.7</ele>
      </trkpt>
      <trkpt lat="40.76293512247503" lon="-7.907936470583081">
        <ele>509.3</ele>
      </trkpt>
      <trkpt lat="40.763158835470676" lon="-7.907338840886951">
        <ele>505.2</ele>
      </trkpt>
      <trkpt lat="40.76344390399754" lon="-7.906593354418874">
        <ele>502.9</ele>
      </trkpt>
      <trkpt lat="40.76365940272808" lon="-7.90599656291306">
        <ele>502.7</ele>
      </trkpt>
      <trkpt lat="40.76393064111471" lon="-7.905253423377872">
        <ele>500.9</ele>
      </trkpt>
      <trkpt lat="40.76419718563557" lon="-7.904493100941181">
        <ele>493.4</ele>
      </trkpt>
      <trkpt lat="40.764243956655264" lon="-7.904336443170905">
        <ele>491.8</ele>
      </trkpt>
      <trkpt lat="40.764298187568784" lon="-7.903519878163934">
        <ele>487.3</ele>
      </trkpt>
      <trkpt lat="40.76402963139117" lon="-7.902838094159961">
        <ele>488.3</ele>
      </trkpt>
      <trkpt lat="40.7636758312583" lon="-7.902499716728926">
        <ele>487.4</ele>
      </trkpt>
      <trkpt lat="40.763579020276666" lon="-7.902436098083854">
        <ele>487.1</ele>
      </trkpt>
      <trkpt lat="40.76300209388137" lon="-7.902082046493888">
        <ele>487.1</ele>
      </trkpt>
      <trkpt lat="40.76274166814983" lon="-7.901881970465183">
        <ele>487.6</ele>
      </trkpt>
      <trkpt lat="40.76251393184066" lon="-7.901649875566363">
        <ele>486.5</ele>
      </trkpt>
      <trkpt lat="40.76226172037423" lon="-7.901143273338676">
        <ele>483.8</ele>
      </trkpt>
      <trkpt lat="40.76217488385737" lon="-7.900811349973083">
        <ele>482.4</ele>
      </trkpt>
      <trkpt lat="40.762138003483415" lon="-7.900355374440551">
        <ele>480.7</ele>
      </trkpt>
      <trkpt lat="40.762156108394265" lon="-7.899643583223224">
        <ele>480</ele>
      </trkpt>
      <trkpt lat="40.7621628139168" lon="-7.899042265489698">
        <ele>474.1</ele>
      </trkpt>
      <trkpt lat="40.76218133792281" lon="-7.89841840043664">
        <ele>470.5</ele>
      </trkpt>
      <trkpt lat="40.762197598814964" lon="-7.897926131263375">
        <ele>470.1</ele>
      </trkpt>
      <trkpt lat="40.762216709554195" lon="-7.897190535441041">
        <ele>468.8</ele>
      </trkpt>
      <trkpt lat="40.7622389215976" lon="-7.89658703841269">
        <ele>470.5</ele>
      </trkpt>
      <trkpt lat="40.76224462129176" lon="-7.896248660981655">
        <ele>471.1</ele>
      </trkpt>
      <trkpt lat="40.762260630726814" lon="-7.895443579182029">
        <ele>470.5</ele>
      </trkpt>
      <trkpt lat="40.76225887052715" lon="-7.895074607804418">
        <ele>469.1</ele>
      </trkpt>
      <trkpt lat="40.76211914420128" lon="-7.894355189055204">
        <ele>463.6</ele>
      </trkpt>
      <trkpt lat="40.76177523471415" lon="-7.893722439184785">
        <ele>457.3</ele>
      </trkpt>
      <trkpt lat="40.76125010848045" lon="-7.893239306285977">
        <ele>451.1</ele>
      </trkpt>
      <trkpt lat="40.76114592142403" lon="-7.893185578286648">
        <ele>450.3</ele>
      </trkpt>
      <trkpt lat="40.760812321677804" lon="-7.893083738163114">
        <ele>447.7</ele>
      </trkpt>
      <trkpt lat="40.76035290956497" lon="-7.89307426661253">
        <ele>443.6</ele>
      </trkpt>
      <trkpt lat="40.75977237895131" lon="-7.893111230805516">
        <ele>440.4</ele>
      </trkpt>
      <trkpt lat="40.759410951286554" lon="-7.893134448677301">
        <ele>438.8</ele>
      </trkpt>
      <trkpt lat="40.759167708456516" lon="-7.893159594386816">
        <ele>434.8</ele>
      </trkpt>
      <trkpt lat="40.75880175456405" lon="-7.893205024302006">
        <ele>429.4</ele>
      </trkpt>
      <trkpt lat="40.75868122279644" lon="-7.893214747309685">
        <ele>427.9</ele>
      </trkpt>
      <trkpt lat="40.75822784565389" lon="-7.893237797543407">
        <ele>425.7</ele>
      </trkpt>
      <trkpt lat="40.758121479302645" lon="-7.893240731209517">
        <ele>426.1</ele>
      </trkpt>
      <trkpt lat="40.757914781570435" lon="-7.893255650997162">
        <ele>427.5</ele>
      </trkpt>
      <trkpt lat="40.75763155706227" lon="-7.893274342641234">
        <ele>431.4</ele>
      </trkpt>
      <trkpt lat="40.75724615715444" lon="-7.893350869417191">
        <ele>435.5</ele>
      </trkpt>
      <trkpt lat="40.757127637043595" lon="-7.893415074795485">
        <ele>436.4</ele>
      </trkpt>
      <trkpt lat="40.75698313303292" lon="-7.893522949889302">
        <ele>437.7</ele>
      </trkpt>
      <trkpt lat="40.75687810778618" lon="-7.89364842697978">
        <ele>439.6</ele>
      </trkpt>
      <trkpt lat="40.75679956935346" lon="-7.893773820251226">
        <ele>441.3</ele>
      </trkpt>
      <trkpt lat="40.75672128237784" lon="-7.893945900723338">
        <ele>443.3</ele>
      </trkpt>
      <trkpt lat="40.756706446409225" lon="-7.893991498276591">
        <ele>443.7</ele>
      </trkpt>
      <trkpt lat="40.75665783137083" lon="-7.894179169088602">
        <ele>446</ele>
      </trkpt>
      <trkpt lat="40.7566281594336" lon="-7.894413862377405">
        <ele>448.5</ele>
      </trkpt>
      <trkpt lat="40.75659957714379" lon="-7.89474687539041">
        <ele>451.9</ele>
      </trkpt>
      <trkpt lat="40.7565953861922" lon="-7.894785432145">
        <ele>452.4</ele>
      </trkpt>
      <trkpt lat="40.75658239424229" lon="-7.894941587001085">
        <ele>454</ele>
      </trkpt>
      <trkpt lat="40.75656705535948" lon="-7.895137052983046">
        <ele>456.2</ele>
      </trkpt>
      <trkpt lat="40.7565335277468" lon="-7.895597470924258">
        <ele>460.1</ele>
      </trkpt>
      <trkpt lat="40.756458677351475" lon="-7.896295180544257">
        <ele>461.5</ele>
      </trkpt>
      <trkpt lat="40.75644132681191" lon="-7.89656943641603">
        <ele>461.6</ele>
      </trkpt>
      <trkpt lat="40.75639313086867" lon="-7.896941341459751">
        <ele>464</ele>
      </trkpt>
      <trkpt lat="40.756233958527446" lon="-7.897649109363556">
        <ele>465.4</ele>
      </trkpt>
      <trkpt lat="40.755973532795906" lon="-7.898286050185561">
        <ele>469.3</ele>
      </trkpt>
      <trkpt lat="40.75569910928607" lon="-7.898819893598557">
        <ele>474.8</ele>
      </trkpt>
      <trkpt lat="40.75568259693682" lon="-7.898847386240959">
        <ele>475.1</ele>
      </trkpt>
      <trkpt lat="40.75538923032582" lon="-7.899282826110721">
        <ele>480.7</ele>
      </trkpt>
      <trkpt lat="40.75536651536822" lon="-7.899308558553457">
        <ele>481.2</ele>
      </trkpt>
      <trkpt lat="40.755240032449365" lon="-7.899475274607539">
        <ele>484.7</ele>
      </trkpt>
      <trkpt lat="40.75506526976824" lon="-7.899682810530067">
        <ele>490.7</ele>
      </trkpt>
      <trkpt lat="40.75477274134755" lon="-7.900099642574787">
        <ele>492</ele>
      </trkpt>
      <trkpt lat="40.75469403527677" lon="-7.900205757468939">
        <ele>491.5</ele>
      </trkpt>
      <trkpt lat="40.75435632839799" lon="-7.900671288371086">
        <ele>491.6</ele>
      </trkpt>
      <trkpt lat="40.753974951803684" lon="-7.901197168976069">
        <ele>495.4</ele>
      </trkpt>
      <trkpt lat="40.753582175821066" lon="-7.901707040145993">
        <ele>498.6</ele>
      </trkpt>
      <trkpt lat="40.753542026504874" lon="-7.901757499203086">
        <ele>498.4</ele>
      </trkpt>
      <trkpt lat="40.75333901681006" lon="-7.902064528316259">
        <ele>498.2</ele>
      </trkpt>
      <trkpt lat="40.75300432741642" lon="-7.902542967349291">
        <ele>502</ele>
      </trkpt>
      <trkpt lat="40.75268531218171" lon="-7.902958206832409">
        <ele>507.9</ele>
      </trkpt>
      <trkpt lat="40.752298068255186" lon="-7.90350697003305">
        <ele>510.4</ele>
      </trkpt>
      <trkpt lat="40.75223528780043" lon="-7.903601266443729">
        <ele>511</ele>
      </trkpt>
      <trkpt lat="40.75203060172498" lon="-7.90389547124505">
        <ele>513.5</ele>
      </trkpt>
      <trkpt lat="40.752023896202445" lon="-7.903898153454065">
        <ele>513.6</ele>
      </trkpt>
      <trkpt lat="40.752023896202445" lon="-7.903898153454065">
        <ele>513.6</ele>
      </trkpt>
      <trkpt lat="40.752023896202445" lon="-7.903898153454065">
        <ele>513.6</ele>
      </trkpt>
      <trkpt lat="40.752023896202445" lon="-7.903898153454065">
        <ele>513.6</ele>
      </trkpt>
      <trkpt lat="40.752023896202445" lon="-7.903898153454065">
        <ele>513.6</ele>
      </trkpt>
      <trkpt lat="40.751822143793106" lon="-7.904142150655389">
        <ele>514.8</ele>
      </trkpt>
      <trkpt lat="40.75171644799411" lon="-7.904256312176585">
        <ele>515.1</ele>
      </trkpt>
      <trkpt lat="40.75161997228861" lon="-7.904349602758884">
        <ele>515.1</ele>
      </trkpt>
      <trkpt lat="40.751513270661235" lon="-7.904438115656376">
        <ele>514.9</ele>
      </trkpt>
      <trkpt lat="40.751426266506314" lon="-7.904501566663384">
        <ele>514.5</ele>
      </trkpt>
      <trkpt lat="40.751323169097304" lon="-7.904569292441011">
        <ele>514</ele>
      </trkpt>
      <trkpt lat="40.751204481348395" lon="-7.904646070674062">
        <ele>513.3</ele>
      </trkpt>
      <trkpt lat="40.751085206866264" lon="-7.90471974760294">
        <ele>513.4</ele>
      </trkpt>
      <trkpt lat="40.75096526183188" lon="-7.904778840020299">
        <ele>514</ele>
      </trkpt>
      <trkpt lat="40.75082025490701" lon="-7.904832232743502">
        <ele>516.8</ele>
      </trkpt>
      <trkpt lat="40.75067055411637" lon="-7.904879255220294">
        <ele>520.2</ele>
      </trkpt>
      <trkpt lat="40.750435860827565" lon="-7.90495871566236">
        <ele>525.1</ele>
      </trkpt>
      <trkpt lat="40.75011357665062" lon="-7.905032141134143">
        <ele>527.4</ele>
      </trkpt>
      <trkpt lat="40.74952474795282" lon="-7.905066339299083">
        <ele>526.3</ele>
      </trkpt>
      <trkpt lat="40.748949497938156" lon="-7.905076900497079">
        <ele>532.5</ele>
      </trkpt>
      <trkpt lat="40.74858530424535" lon="-7.905082181096077">
        <ele>536.2</ele>
      </trkpt>
      <trkpt lat="40.7483153231442" lon="-7.905090814456344">
        <ele>536.8</ele>
      </trkpt>
      <trkpt lat="40.748210130259395" lon="-7.905093748122454">
        <ele>536.7</ele>
      </trkpt>
      <trkpt lat="40.7481062784791" lon="-7.905093999579549">
        <ele>536.5</ele>
      </trkpt>
      <trkpt lat="40.74797350913286" lon="-7.905091904103756">
        <ele>536.1</ele>
      </trkpt>
      <trkpt lat="40.74781400151551" lon="-7.905097771435976">
        <ele>535.6</ele>
      </trkpt>
      <trkpt lat="40.74771350249648" lon="-7.905103135854006">
        <ele>535.4</ele>
      </trkpt>
      <trkpt lat="40.74757696129382" lon="-7.905107326805592">
        <ele>535.1</ele>
      </trkpt>
      <trkpt lat="40.74733656831086" lon="-7.905112691223621">
        <ele>534.1</ele>
      </trkpt>
      <trkpt lat="40.74710422195494" lon="-7.90510967373848">
        <ele>532.5</ele>
      </trkpt>
      <trkpt lat="40.746980337426066" lon="-7.905112020671368">
        <ele>531.5</ele>
      </trkpt>
      <trkpt lat="40.74689735658467" lon="-7.905112523585558">
        <ele>530.8</ele>
      </trkpt>
      <trkpt lat="40.74677037075162" lon="-7.905113529413939">
        <ele>530.1</ele>
      </trkpt>
      <trkpt lat="40.74655671603978" lon="-7.905116630718112">
        <ele>529.2</ele>
      </trkpt>
      <trkpt lat="40.746397878974676" lon="-7.905124258249998">
        <ele>529.2</ele>
      </trkpt>
      <trkpt lat="40.746111972257495" lon="-7.905129203572869">
        <ele>531.6</ele>
      </trkpt>
      <trkpt lat="40.745760686695576" lon="-7.905138423666358">
        <ele>536.1</ele>
      </trkpt>
      <trkpt lat="40.74547561816871" lon="-7.905144626274705">
        <ele>538</ele>
      </trkpt>
      <trkpt lat="40.74526531621814" lon="-7.90514680556953">
        <ele>538.7</ele>
      </trkpt>
      <trkpt lat="40.745162554085255" lon="-7.905146637931466">
        <ele>539</ele>
      </trkpt>
      <trkpt lat="40.744871869683266" lon="-7.905151834711433">
        <ele>540.8</ele>
      </trkpt>
      <trkpt lat="40.74460381641984" lon="-7.90518393740058">
        <ele>543.7</ele>
      </trkpt>
      <trkpt lat="40.74430542066693" lon="-7.905290555208921">
        <ele>546.7</ele>
      </trkpt>
      <trkpt lat="40.74405932798982" lon="-7.905454337596893">
        <ele>549.3</ele>
      </trkpt>
      <trkpt lat="40.74390711262822" lon="-7.905579647049308">
        <ele>550.5</ele>
      </trkpt>
      <trkpt lat="40.74377316981554" lon="-7.905696239322424">
        <ele>551</ele>
      </trkpt>
      <trkpt lat="40.74358415789902" lon="-7.905870331451297">
        <ele>552.4</ele>
      </trkpt>
      <trkpt lat="40.7433763705194" lon="-7.906041238456965">
        <ele>555</ele>
      </trkpt>
      <trkpt lat="40.74319062754512" lon="-7.906206864863634">
        <ele>557.1</ele>
      </trkpt>
      <trkpt lat="40.74305190704763" lon="-7.906332593411207">
        <ele>558.4</ele>
      </trkpt>
      <trkpt lat="40.742935398593545" lon="-7.906433930620551">
        <ele>559.2</ele>
      </trkpt>
      <trkpt lat="40.74284135363996" lon="-7.906514229252935">
        <ele>559.9</ele>
      </trkpt>
      <trkpt lat="40.742690144106746" lon="-7.906661247834563">
        <ele>561.4</ele>
      </trkpt>
      <trkpt lat="40.74255452491343" lon="-7.906782617792487">
        <ele>563.4</ele>
      </trkpt>
      <trkpt lat="40.74243097566068" lon="-7.906869286671281">
        <ele>564.9</ele>
      </trkpt>
      <trkpt lat="40.742246992886066" lon="-7.90701974183321">
        <ele>566.9</ele>
      </trkpt>
      <trkpt lat="40.742114055901766" lon="-7.907142955809832">
        <ele>567.5</ele>
      </trkpt>
      <trkpt lat="40.74196997098625" lon="-7.907286789268255">
        <ele>567.3</ele>
      </trkpt>
      <trkpt lat="40.74175598099828" lon="-7.907479740679264">
        <ele>566.8</ele>
      </trkpt>
      <trkpt lat="40.741666462272406" lon="-7.907545706257224">
        <ele>566.6</ele>
      </trkpt>
      <trkpt lat="40.74151810258627" lon="-7.907636566087604">
        <ele>566.8</ele>
      </trkpt>
      <trkpt lat="40.74135792441666" lon="-7.907714936882258">
        <ele>567.4</ele>
      </trkpt>
      <trkpt lat="40.74132456444204" lon="-7.907726671546698">
        <ele>567.6</ele>
      </trkpt>
      <trkpt lat="40.74112046509981" lon="-7.907788027077913">
        <ele>568.1</ele>
      </trkpt>
      <trkpt lat="40.74108861386776" lon="-7.907796073704958">
        <ele>568.2</ele>
      </trkpt>
      <trkpt lat="40.74087621644139" lon="-7.907819207757711">
        <ele>568.9</ele>
      </trkpt>
      <trkpt lat="40.74061704799533" lon="-7.907819375395775">
        <ele>569.1</ele>
      </trkpt>
      <trkpt lat="40.740352515131235" lon="-7.907818369567394">
        <ele>569.1</ele>
      </trkpt>
      <trkpt lat="40.73995781131089" lon="-7.907824907451868">
        <ele>571.6</ele>
      </trkpt>
      <trkpt lat="40.73952103033662" lon="-7.907825075089932">
        <ele>571.4</ele>
      </trkpt>
      <trkpt lat="40.73919975198805" lon="-7.907824907451868">
        <ele>568.9</ele>
      </trkpt>
      <trkpt lat="40.738915521651506" lon="-7.907827002927661">
        <ele>567</ele>
      </trkpt>
      <trkpt lat="40.73853841982782" lon="-7.907830690965056">
        <ele>567.4</ele>
      </trkpt>
      <trkpt lat="40.738108260557055" lon="-7.90782549418509">
        <ele>568.1</ele>
      </trkpt>
      <trkpt lat="40.737765273079276" lon="-7.907830020412803">
        <ele>568.9</ele>
      </trkpt>
      <trkpt lat="40.73749705217779" lon="-7.907832283526659">
        <ele>569.7</ele>
      </trkpt>
      <trkpt lat="40.737077202647924" lon="-7.907841335982084">
        <ele>570.7</ele>
      </trkpt>
      <trkpt lat="40.73674963787198" lon="-7.907846365123987">
        <ele>570.8</ele>
      </trkpt>
      <trkpt lat="40.73647102341056" lon="-7.907853238284588">
        <ele>571.1</ele>
      </trkpt>
      <trkpt lat="40.73599761351943" lon="-7.907881652936339">
        <ele>571</ele>
      </trkpt>
      <trkpt lat="40.73565948754549" lon="-7.907939152792096">
        <ele>572.4</ele>
      </trkpt>
      <trkpt lat="40.73536528274417" lon="-7.907999334856868">
        <ele>574.1</ele>
      </trkpt>
      <trkpt lat="40.734808975830674" lon="-7.908109053969383">
        <ele>574.8</ele>
      </trkpt>
      <trkpt lat="40.734461545944214" lon="-7.908183066174388">
        <ele>575.4</ele>
      </trkpt>
      <trkpt lat="40.734462551772594" lon="-7.908179797232151">
        <ele>575.5</ele>
      </trkpt>
      <trkpt lat="40.73446129448712" lon="-7.908177534118295">
        <ele>575.5</ele>
      </trkpt>
      <trkpt lat="40.73446129448712" lon="-7.908177534118295">
        <ele>575.5</ele>
      </trkpt>
      <trkpt lat="40.73446129448712" lon="-7.908177534118295">
        <ele>575.5</ele>
      </trkpt>
      <trkpt lat="40.73446129448712" lon="-7.908177534118295">
        <ele>575.5</ele>
      </trkpt>
      <trkpt lat="40.73447520844638" lon="-7.908180048689246">
        <ele>575.4</ele>
      </trkpt>
      <trkpt lat="40.73447520844638" lon="-7.908180048689246">
        <ele>575.4</ele>
      </trkpt>
      <trkpt lat="40.73433564975858" lon="-7.90818952023983">
        <ele>575.8</ele>
      </trkpt>
      <trkpt lat="40.73387263342738" lon="-7.908268980681896">
        <ele>575.6</ele>
      </trkpt>
      <trkpt lat="40.7336609903723" lon="-7.908305861055851">
        <ele>575.3</ele>
      </trkpt>
      <trkpt lat="40.73308976367116" lon="-7.90841817855835">
        <ele>575.7</ele>
      </trkpt>
      <trkpt lat="40.732932183891535" lon="-7.908444916829467">
        <ele>577.7</ele>
      </trkpt>
      <trkpt lat="40.73270042426884" lon="-7.908487413078547">
        <ele>581.6</ele>
      </trkpt>
      <trkpt lat="40.732415774837136" lon="-7.908541141077876">
        <ele>586.3</ele>
      </trkpt>
      <trkpt lat="40.73225559666753" lon="-7.908569723367691">
        <ele>587.7</ele>
      </trkpt>
      <trkpt lat="40.731757460162044" lon="-7.908662091940641">
        <ele>587.7</ele>
      </trkpt>
      <trkpt lat="40.73120073415339" lon="-7.908763010054827">
        <ele>588.7</ele>
      </trkpt>
      <trkpt lat="40.72927071712911" lon="-7.909117816016078">
        <ele>599.7</ele>
      </trkpt>
      <trkpt lat="40.72919930331409" lon="-7.909132651984692">
        <ele>599.6</ele>
      </trkpt>
      <trkpt lat="40.728642074391246" lon="-7.909234575927258">
        <ele>599.1</ele>
      </trkpt>
      <trkpt lat="40.728602511808276" lon="-7.909244215115905">
        <ele>599.1</ele>
      </trkpt>
      <trkpt lat="40.7281503919512" lon="-7.909347228705883">
        <ele>600.1</ele>
      </trkpt>
      <trkpt lat="40.72777873836458" lon="-7.909416127949953">
        <ele>600.5</ele>
      </trkpt>
      <trkpt lat="40.72736928239465" lon="-7.909482177346945">
        <ele>603.7</ele>
      </trkpt>
      <trkpt lat="40.72721061296761" lon="-7.909503802657127">
        <ele>604.7</ele>
      </trkpt>
      <trkpt lat="40.72688271291554" lon="-7.909536324441433">
        <ele>604.1</ele>
      </trkpt>
      <trkpt lat="40.72659152559936" lon="-7.909577898681164">
        <ele>602.3</ele>
      </trkpt>
      <trkpt lat="40.72614133358002" lon="-7.909670937806368">
        <ele>601.2</ele>
      </trkpt>
      <trkpt lat="40.72599548846483" lon="-7.909697173163295">
        <ele>601.2</ele>
      </trkpt>
      <trkpt lat="40.72568426840007" lon="-7.909755511209369">
        <ele>600.7</ele>
      </trkpt>
      <trkpt lat="40.72552224621177" lon="-7.909784764051437">
        <ele>599.8</ele>
      </trkpt>
      <trkpt lat="40.72527129203081" lon="-7.909825835376978">
        <ele>597.2</ele>
      </trkpt>
      <trkpt lat="40.7247331738472" lon="-7.909926250576973">
        <ele>592.2</ele>
      </trkpt>
      <trkpt lat="40.72464181110263" lon="-7.909944606944919">
        <ele>592</ele>
      </trkpt>
      <trkpt lat="40.72409673593938" lon="-7.910058600828052">
        <ele>594.1</ele>
      </trkpt>
      <trkpt lat="40.72352567687631" lon="-7.910177288576961">
        <ele>593</ele>
      </trkpt>
      <trkpt lat="40.72314044460654" lon="-7.910285079851747">
        <ele>590.6</ele>
      </trkpt>
      <trkpt lat="40.72256184183061" lon="-7.910478450357914">
        <ele>586.6</ele>
      </trkpt>
      <trkpt lat="40.72217493318021" lon="-7.910607950761914">
        <ele>582</ele>
      </trkpt>
      <trkpt lat="40.72164452634752" lon="-7.910786652937532">
        <ele>581.2</ele>
      </trkpt>
      <trkpt lat="40.721484599635005" lon="-7.910838034003973">
        <ele>581.6</ele>
      </trkpt>
      <trkpt lat="40.72104505263269" lon="-7.910982705652714">
        <ele>581.3</ele>
      </trkpt>
      <trkpt lat="40.720842042937875" lon="-7.911048168316484">
        <ele>580.8</ele>
      </trkpt>
      <trkpt lat="40.720714973285794" lon="-7.911089910194278">
        <ele>580.7</ele>
      </trkpt>
      <trkpt lat="40.720596285536885" lon="-7.911126874387264">
        <ele>581</ele>
      </trkpt>
      <trkpt lat="40.7203743327409" lon="-7.91120340116322">
        <ele>582.2</ele>
      </trkpt>
      <trkpt lat="40.72021742351353" lon="-7.911262158304453">
        <ele>583.4</ele>
      </trkpt>
      <trkpt lat="40.720061268657446" lon="-7.911324519664049">
        <ele>584.6</ele>
      </trkpt>
      <trkpt lat="40.719909807667136" lon="-7.911385791376233">
        <ele>585.6</ele>
      </trkpt>
      <trkpt lat="40.71976102888584" lon="-7.911440441384912">
        <ele>586.5</ele>
      </trkpt>
      <trkpt lat="40.71955868974328" lon="-7.911506490781903">
        <ele>587.7</ele>
      </trkpt>
      <trkpt lat="40.71915258653462" lon="-7.911645798012614">
        <ele>590.1</ele>
      </trkpt>
      <trkpt lat="40.71892015635967" lon="-7.911719223484397">
        <ele>591</ele>
      </trkpt>
      <trkpt lat="40.71871932595968" lon="-7.911779154092073">
        <ele>591.4</ele>
      </trkpt>
      <trkpt lat="40.718524949625134" lon="-7.911847047507763">
        <ele>592.1</ele>
      </trkpt>
      <trkpt lat="40.718297800049186" lon="-7.911924915388227">
        <ele>593.4</ele>
      </trkpt>
      <trkpt lat="40.718048103153706" lon="-7.91201057843864">
        <ele>595.3</ele>
      </trkpt>
      <trkpt lat="40.71779186837375" lon="-7.91209464892745">
        <ele>597.2</ele>
      </trkpt>
      <trkpt lat="40.717755407094955" lon="-7.912106802687049">
        <ele>597.4</ele>
      </trkpt>
      <trkpt lat="40.71746723726392" lon="-7.912214091047645">
        <ele>598.8</ele>
      </trkpt>
      <trkpt lat="40.71743119508028" lon="-7.912227502092719">
        <ele>599</ele>
      </trkpt>
      <trkpt lat="40.71722608990967" lon="-7.912326995283365">
        <ele>600.7</ele>
      </trkpt>
      <trkpt lat="40.71706457063556" lon="-7.912422046065331">
        <ele>601.9</ele>
      </trkpt>
      <trkpt lat="40.71692350320518" lon="-7.912556910887361">
        <ele>602.1</ele>
      </trkpt>
      <trkpt lat="40.71689575910568" lon="-7.912586499005556">
        <ele>602.2</ele>
      </trkpt>
      <trkpt lat="40.716685792431235" lon="-7.912657996639609">
        <ele>602.9</ele>
      </trkpt>
      <trkpt lat="40.71653248742223" lon="-7.912633772939444">
        <ele>602.8</ele>
      </trkpt>
      <trkpt lat="40.71622269228101" lon="-7.91266243904829">
        <ele>600.8</ele>
      </trkpt>
      <trkpt lat="40.71571030654013" lon="-7.912806188687682">
        <ele>597.1</ele>
      </trkpt>
      <trkpt lat="40.71553227491677" lon="-7.912864945828915">
        <ele>597.1</ele>
      </trkpt>
      <trkpt lat="40.71526061743498" lon="-7.912966785952449">
        <ele>597.5</ele>
      </trkpt>
      <trkpt lat="40.71483917534351" lon="-7.91310709901154">
        <ele>597</ele>
      </trkpt>
      <trkpt lat="40.71474026888609" lon="-7.913137944415212">
        <ele>597.2</ele>
      </trkpt>
      <trkpt lat="40.714593920856714" lon="-7.913182703778148">
        <ele>597.4</ele>
      </trkpt>
      <trkpt lat="40.71432938799262" lon="-7.913285968825221">
        <ele>596.5</ele>
      </trkpt>
      <trkpt lat="40.71410659700632" lon="-7.913359729573131">
        <ele>595.1</ele>
      </trkpt>
      <trkpt lat="40.71404993534088" lon="-7.913379846140742">
        <ele>594.7</ele>
      </trkpt>
      <trkpt lat="40.71347166784108" lon="-7.913574641570449">
        <ele>592.2</ele>
      </trkpt>
      <trkpt lat="40.71335155516863" lon="-7.91361722163856">
        <ele>592</ele>
      </trkpt>
      <trkpt lat="40.71310864761472" lon="-7.913698358461261">
        <ele>591.1</ele>
      </trkpt>
      <trkpt lat="40.7125499099493" lon="-7.91388695128262">
        <ele>591.6</ele>
      </trkpt>
      <trkpt lat="40.71242560632527" lon="-7.913929531350732">
        <ele>592</ele>
      </trkpt>
      <trkpt lat="40.71185203269124" lon="-7.914127763360739">
        <ele>591.6</ele>
      </trkpt>
      <trkpt lat="40.71178816258907" lon="-7.91415031068027">
        <ele>591.5</ele>
      </trkpt>
      <trkpt lat="40.71166008710861" lon="-7.914196075871587">
        <ele>591.2</ele>
      </trkpt>
      <trkpt lat="40.711156334728" lon="-7.914372431114316">
        <ele>590.1</ele>
      </trkpt>
      <trkpt lat="40.71058787405491" lon="-7.91449623182416">
        <ele>589.4</ele>
      </trkpt>
      <trkpt lat="40.71039450354874" lon="-7.9144820664078">
        <ele>589.3</ele>
      </trkpt>
      <trkpt lat="40.709942718967795" lon="-7.914342507719994">
        <ele>590.2</ele>
      </trkpt>
      <trkpt lat="40.70944198407233" lon="-7.913979906588793">
        <ele>591.8</ele>
      </trkpt>
      <trkpt lat="40.70901911705732" lon="-7.913467353209853">
        <ele>589.2</ele>
      </trkpt>
      <trkpt lat="40.708758775144815" lon="-7.913133250549436">
        <ele>588.3</ele>
      </trkpt>
      <trkpt lat="40.70832056924701" lon="-7.912588510662317">
        <ele>584.9</ele>
      </trkpt>
      <trkpt lat="40.70791714824736" lon="-7.912089200690389">
        <ele>582.8</ele>
      </trkpt>
      <trkpt lat="40.70747869089246" lon="-7.911546388641">
        <ele>578.8</ele>
      </trkpt>
      <trkpt lat="40.70729076862335" lon="-7.911329297348857">
        <ele>576.4</ele>
      </trkpt>
      <trkpt lat="40.706750471144915" lon="-7.910885727033019">
        <ele>569.6</ele>
      </trkpt>
      <trkpt lat="40.70615200325847" lon="-7.910616500303149">
        <ele>565.3</ele>
      </trkpt>
      <trkpt lat="40.705516654998064" lon="-7.910546511411667">
        <ele>559.8</ele>
      </trkpt>
      <trkpt lat="40.704880971461535" lon="-7.91068447753787">
        <ele>556.3</ele>
      </trkpt>
      <trkpt lat="40.70428409613669" lon="-7.91097667068243">
        <ele>552.7</ele>
      </trkpt>
      <trkpt lat="40.70371001958847" lon="-7.911283951252699">
        <ele>550.7</ele>
      </trkpt>
      <trkpt lat="40.70313057862222" lon="-7.911462988704443">
        <ele>549</ele>
      </trkpt>
      <trkpt lat="40.70277577266097" lon="-7.911500371992588">
        <ele>547.5</ele>
      </trkpt>
      <trkpt lat="40.702171018347144" lon="-7.911429293453693">
        <ele>546.4</ele>
      </trkpt>
      <trkpt lat="40.70155905559659" lon="-7.911376152187586">
        <ele>540.9</ele>
      </trkpt>
      <trkpt lat="40.70094390772283" lon="-7.911326866596937">
        <ele>537.1</ele>
      </trkpt>
      <trkpt lat="40.70045758970082" lon="-7.911289818584919">
        <ele>534</ele>
      </trkpt>
      <trkpt lat="40.69985333830118" lon="-7.911239610984922">
        <ele>531.9</ele>
      </trkpt>
      <trkpt lat="40.699387807399035" lon="-7.911199042573571">
        <ele>529.7</ele>
      </trkpt>
      <trkpt lat="40.699275992810726" lon="-7.911190241575241">
        <ele>529.4</ele>
      </trkpt>
      <trkpt lat="40.69873443804681" lon="-7.911148080602288">
        <ele>527.3</ele>
      </trkpt>
      <trkpt lat="40.698122307658195" lon="-7.91109879501164">
        <ele>525.6</ele>
      </trkpt>
      <trkpt lat="40.6980287656188" lon="-7.911088820546866">
        <ele>525.7</ele>
      </trkpt>
      <trkpt lat="40.697847129777074" lon="-7.911063423380256">
        <ele>526.5</ele>
      </trkpt>
      <trkpt lat="40.69767630659044" lon="-7.911037607118487">
        <ele>527.1</ele>
      </trkpt>
      <trkpt lat="40.697526689618826" lon="-7.911016484722495">
        <ele>527.4</ele>
      </trkpt>
      <trkpt lat="40.69732217118144" lon="-7.910997793078423">
        <ele>527.7</ele>
      </trkpt>
      <trkpt lat="40.69705780595541" lon="-7.910983208566904">
        <ele>528</ele>
      </trkpt>
      <trkpt lat="40.69686577655375" lon="-7.910969713702798">
        <ele>528.2</ele>
      </trkpt>
      <trkpt lat="40.69640586152673" lon="-7.910933922976255">
        <ele>528.9</ele>
      </trkpt>
      <trkpt lat="40.69602037779987" lon="-7.91093660518527">
        <ele>527.7</ele>
      </trkpt>
      <trkpt lat="40.69558795541525" lon="-7.910998463630676">
        <ele>526.1</ele>
      </trkpt>
      <trkpt lat="40.69509090855718" lon="-7.911187559366226">
        <ele>524.9</ele>
      </trkpt>
      <trkpt lat="40.69454465992749" lon="-7.911513196304441">
        <ele>524.7</ele>
      </trkpt>
      <trkpt lat="40.69405800662935" lon="-7.911844532936811">
        <ele>525.5</ele>
      </trkpt>
      <trkpt lat="40.693559451028705" lon="-7.912175115197897">
        <ele>524.8</ele>
      </trkpt>
      <trkpt lat="40.69306533783674" lon="-7.912477953359485">
        <ele>521</ele>
      </trkpt>
      <trkpt lat="40.692515736445785" lon="-7.91280459612608">
        <ele>517.2</ele>
      </trkpt>
      <trkpt lat="40.692318845540285" lon="-7.912895120680332">
        <ele>517.2</ele>
      </trkpt>
      <trkpt lat="40.692190267145634" lon="-7.912961505353451">
        <ele>517.6</ele>
      </trkpt>
      <trkpt lat="40.69205875508487" lon="-7.913049599155784">
        <ele>518.2</ele>
      </trkpt>
      <trkpt lat="40.69150202907622" lon="-7.913357215002179">
        <ele>517.7</ele>
      </trkpt>
      <trkpt lat="40.69099307991564" lon="-7.913682768121362">
        <ele>516.4</ele>
      </trkpt>
      <trkpt lat="40.690471390262246" lon="-7.914005052298307">
        <ele>514.7</ele>
      </trkpt>
      <trkpt lat="40.68993452936411" lon="-7.914319625124335">
        <ele>513.8</ele>
      </trkpt>
      <trkpt lat="40.689638732001185" lon="-7.914503524079919">
        <ele>513.2</ele>
      </trkpt>
      <trkpt lat="40.689201448112726" lon="-7.914832346141338">
        <ele>511.1</ele>
      </trkpt>
      <trkpt lat="40.68912768736482" lon="-7.914845254272223">
        <ele>510.8</ele>
      </trkpt>
      <trkpt lat="40.68905409425497" lon="-7.914867382496595">
        <ele>510.6</ele>
      </trkpt>
      <trkpt lat="40.68884186446667" lon="-7.914970479905605">
        <ele>509.8</ele>
      </trkpt>
      <trkpt lat="40.688583282753825" lon="-7.915117330849171">
        <ele>509.3</ele>
      </trkpt>
      <trkpt lat="40.688448417931795" lon="-7.915213136002421">
        <ele>509.5</ele>
      </trkpt>
      <trkpt lat="40.68838714621961" lon="-7.915226379409432">
        <ele>509.5</ele>
      </trkpt>
      <trkpt lat="40.68829419091344" lon="-7.915280107408762">
        <ele>509.7</ele>
      </trkpt>
      <trkpt lat="40.688120098784566" lon="-7.915388820692897">
        <ele>509.9</ele>
      </trkpt>
      <trkpt lat="40.68791105411947" lon="-7.915511531755328">
        <ele>509.3</ele>
      </trkpt>
      <trkpt lat="40.687378300353885" lon="-7.915826942771673">
        <ele>508.3</ele>
      </trkpt>
      <trkpt lat="40.686894077807665" lon="-7.916112346574664">
        <ele>508.5</ele>
      </trkpt>
      <trkpt lat="40.68661127239466" lon="-7.91627487167716">
        <ele>508.4</ele>
      </trkpt>
      <trkpt lat="40.68651773035526" lon="-7.916359528899193">
        <ele>508.5</ele>
      </trkpt>
      <trkpt lat="40.68642636761069" lon="-7.916533453390002">
        <ele>508.4</ele>
      </trkpt>
      <trkpt lat="40.68639828823507" lon="-7.916596401482821">
        <ele>508.3</ele>
      </trkpt>
      <trkpt lat="40.686252024024725" lon="-7.916692541912198">
        <ele>508.4</ele>
      </trkpt>
      <trkpt lat="40.68619745783508" lon="-7.91668432764709">
        <ele>508.6</ele>
      </trkpt>
      <trkpt lat="40.68614381365478" lon="-7.916671168059111">
        <ele>508.8</ele>
      </trkpt>
      <trkpt lat="40.68608891218901" lon="-7.91666379198432">
        <ele>509</ele>
      </trkpt>
      <trkpt lat="40.6858698092401" lon="-7.916732272133231">
        <ele>509.8</ele>
      </trkpt>
      <trkpt lat="40.68575983867049" lon="-7.916798321530223">
        <ele>510.2</ele>
      </trkpt>
      <trkpt lat="40.68558767437935" lon="-7.916899072006345">
        <ele>510.9</ele>
      </trkpt>
      <trkpt lat="40.685411151498556" lon="-7.917003007605672">
        <ele>511.2</ele>
      </trkpt>
      <trkpt lat="40.6851221434772" lon="-7.917190846055746">
        <ele>510.5</ele>
      </trkpt>
      <trkpt lat="40.68500865250826" lon="-7.917266199365258">
        <ele>510.1</ele>
      </trkpt>
      <trkpt lat="40.68467488512397" lon="-7.917499551549554">
        <ele>509</ele>
      </trkpt>
      <trkpt lat="40.68462015129626" lon="-7.917542299255729">
        <ele>509</ele>
      </trkpt>
      <trkpt lat="40.684568267315626" lon="-7.917590327560902">
        <ele>509</ele>
      </trkpt>
      <trkpt lat="40.684436336159706" lon="-7.917861482128501">
        <ele>508.1</ele>
      </trkpt>
      <trkpt lat="40.68438126705587" lon="-7.918007913976908">
        <ele>507.7</ele>
      </trkpt>
      <trkpt lat="40.68410273641348" lon="-7.918203296139836">
        <ele>507.5</ele>
      </trkpt>
      <trkpt lat="40.68397826515138" lon="-7.918260125443339">
        <ele>507.8</ele>
      </trkpt>
      <trkpt lat="40.68392344750464" lon="-7.91830999776721">
        <ele>507.8</ele>
      </trkpt>
      <trkpt lat="40.68365522660315" lon="-7.918704031035304">
        <ele>508.6</ele>
      </trkpt>
      <trkpt lat="40.683400835841894" lon="-7.919113235548139">
        <ele>509.8</ele>
      </trkpt>
      <trkpt lat="40.683104787021875" lon="-7.919572480022907">
        <ele>512</ele>
      </trkpt>
      <trkpt lat="40.68293949589133" lon="-7.919822931289673">
        <ele>511.6</ele>
      </trkpt>
      <trkpt lat="40.68268468603492" lon="-7.920201793313026">
        <ele>510.6</ele>
      </trkpt>
      <trkpt lat="40.6824438739568" lon="-7.920488873496652">
        <ele>510.4</ele>
      </trkpt>
      <trkpt lat="40.682125613093376" lon="-7.920757597312331">
        <ele>513</ele>
      </trkpt>
      <trkpt lat="40.68184616044164" lon="-7.920939652249217">
        <ele>514.1</ele>
      </trkpt>
      <trkpt lat="40.68179209716618" lon="-7.920978628098965">
        <ele>514.1</ele>
      </trkpt>
      <trkpt lat="40.68169193342328" lon="-7.921070661395788">
        <ele>513.9</ele>
      </trkpt>
      <trkpt lat="40.68154323846102" lon="-7.921322705224156">
        <ele>512.9</ele>
      </trkpt>
      <trkpt lat="40.681244591251016" lon="-7.92136981151998">
        <ele>511.8</ele>
      </trkpt>
      <trkpt lat="40.681175608187914" lon="-7.92136587202549">
        <ele>511.9</ele>
      </trkpt>
      <trkpt lat="40.68103730678558" lon="-7.921388084068894">
        <ele>512</ele>
      </trkpt>
      <trkpt lat="40.68090428598225" lon="-7.921445919200778">
        <ele>512</ele>
      </trkpt>
      <trkpt lat="40.68083924241364" lon="-7.921480955556035">
        <ele>512</ele>
      </trkpt>
      <trkpt lat="40.680773528292775" lon="-7.92151590809226">
        <ele>512.2</ele>
      </trkpt>
      <trkpt lat="40.68064142949879" lon="-7.921591429039836">
        <ele>512.3</ele>
      </trkpt>
      <trkpt lat="40.680146142840385" lon="-7.921877503395081">
        <ele>510</ele>
      </trkpt>
      <trkpt lat="40.680068945512176" lon="-7.921918909996748">
        <ele>509</ele>
      </trkpt>
      <trkpt lat="40.679502580314875" lon="-7.922250581905246">
        <ele>503.7</ele>
      </trkpt>
      <trkpt lat="40.67942228168249" lon="-7.922295425087214">
        <ele>503.4</ele>
      </trkpt>
      <trkpt lat="40.67920217290521" lon="-7.922416292130947">
        <ele>503.5</ele>
      </trkpt>
      <trkpt lat="40.67901215516031" lon="-7.922515450045466">
        <ele>503.4</ele>
      </trkpt>
      <trkpt lat="40.67882322706282" lon="-7.922609997913241">
        <ele>501.9</ele>
      </trkpt>
      <trkpt lat="40.678306482732296" lon="-7.922888025641441">
        <ele>494</ele>
      </trkpt>
      <trkpt lat="40.6777832005173" lon="-7.923199832439423">
        <ele>492.4</ele>
      </trkpt>
      <trkpt lat="40.67762897349894" lon="-7.923291446641088">
        <ele>492.6</ele>
      </trkpt>
      <trkpt lat="40.67724382504821" lon="-7.923512225970626">
        <ele>492.3</ele>
      </trkpt>
      <trkpt lat="40.676952386274934" lon="-7.923673158511519">
        <ele>489.1</ele>
      </trkpt>
      <trkpt lat="40.67662524059415" lon="-7.923863092437387">
        <ele>485</ele>
      </trkpt>
      <trkpt lat="40.67653111182153" lon="-7.923937356099486">
        <ele>483.9</ele>
      </trkpt>
      <trkpt lat="40.67645969800651" lon="-7.92404405772686">
        <ele>483.3</ele>
      </trkpt>
      <trkpt lat="40.67643371410668" lon="-7.924124272540212">
        <ele>483.4</ele>
      </trkpt>
      <trkpt lat="40.67639063112438" lon="-7.92419501580298">
        <ele>483.3</ele>
      </trkpt>
      <trkpt lat="40.676361629739404" lon="-7.924230974167585">
        <ele>483.1</ele>
      </trkpt>
      <trkpt lat="40.67603079602122" lon="-7.924267267808318">
        <ele>481.2</ele>
      </trkpt>
      <trkpt lat="40.675897523760796" lon="-7.924179006367922">
        <ele>480.7</ele>
      </trkpt>
      <trkpt lat="40.675465017557144" lon="-7.924152268096805">
        <ele>481.4</ele>
      </trkpt>
      <trkpt lat="40.674913907423615" lon="-7.924343543127179">
        <ele>480.3</ele>
      </trkpt>
      <trkpt lat="40.67461266182363" lon="-7.924526855349541">
        <ele>479.6</ele>
      </trkpt>
      <trkpt lat="40.67428442649543" lon="-7.924353936687112">
        <ele>476.3</ele>
      </trkpt>
      <trkpt lat="40.67418862134218" lon="-7.924162242561579">
        <ele>474.2</ele>
      </trkpt>
      <trkpt lat="40.67408527247608" lon="-7.923966776579619">
        <ele>472</ele>
      </trkpt>
      <trkpt lat="40.67391922697425" lon="-7.92374893091619">
        <ele>469.7</ele>
      </trkpt>
      <trkpt lat="40.673477333039045" lon="-7.923302426934242">
        <ele>468</ele>
      </trkpt>
      <trkpt lat="40.67337750457227" lon="-7.923205615952611">
        <ele>467.9</ele>
      </trkpt>
      <trkpt lat="40.67289747297764" lon="-7.922717118635774">
        <ele>465.9</ele>
      </trkpt>
      <trkpt lat="40.67244610749185" lon="-7.92226399295032">
        <ele>462.6</ele>
      </trkpt>
      <trkpt lat="40.671975212171674" lon="-7.921797204762697">
        <ele>460.8</ele>
      </trkpt>
      <trkpt lat="40.67187580280006" lon="-7.921704417094588">
        <ele>460.3</ele>
      </trkpt>
      <trkpt lat="40.67165116779506" lon="-7.92159017175436">
        <ele>459.7</ele>
      </trkpt>
      <trkpt lat="40.6715336535126" lon="-7.921536779031158">
        <ele>459.3</ele>
      </trkpt>
      <trkpt lat="40.67135386168957" lon="-7.921318430453539">
        <ele>458</ele>
      </trkpt>
      <trkpt lat="40.67123467102647" lon="-7.921136626973748">
        <ele>457.6</ele>
      </trkpt>
      <trkpt lat="40.67076478153467" lon="-7.920695068314672">
        <ele>456.2</ele>
      </trkpt>
      <trkpt lat="40.6705872528255" lon="-7.920550312846899">
        <ele>456.1</ele>
      </trkpt>
      <trkpt lat="40.67009774968028" lon="-7.920135827735066">
        <ele>455</ele>
      </trkpt>
      <trkpt lat="40.66959818825126" lon="-7.919708266854286">
        <ele>452.8</ele>
      </trkpt>
      <trkpt lat="40.66911497153342" lon="-7.919289255514741">
        <ele>450.9</ele>
      </trkpt>
      <trkpt lat="40.66888430155814" lon="-7.919086497277021">
        <ele>449.4</ele>
      </trkpt>
      <trkpt lat="40.66877592355013" lon="-7.918987674638629">
        <ele>449.1</ele>
      </trkpt>
      <trkpt lat="40.6685649510473" lon="-7.918807044625282">
        <ele>449.1</ele>
      </trkpt>
      <trkpt lat="40.66819413565099" lon="-7.918681651353836">
        <ele>449.2</ele>
      </trkpt>
      <trkpt lat="40.6680868472904" lon="-7.918599843978882">
        <ele>448.7</ele>
      </trkpt>
      <trkpt lat="40.66796522587538" lon="-7.918427428230643">
        <ele>447.8</ele>
      </trkpt>
      <trkpt lat="40.66781762056053" lon="-7.918182006105781">
        <ele>447.1</ele>
      </trkpt>
      <trkpt lat="40.66741629503667" lon="-7.917806664481759">
        <ele>445.6</ele>
      </trkpt>
      <trkpt lat="40.66693450324237" lon="-7.917389245703816">
        <ele>443.2</ele>
      </trkpt>
      <trkpt lat="40.666551031172276" lon="-7.917072912678123">
        <ele>443</ele>
      </trkpt>
      <trkpt lat="40.66646369174123" lon="-7.917008036747575">
        <ele>442.9</ele>
      </trkpt>
      <trkpt lat="40.665971422567964" lon="-7.916651051491499">
        <ele>442.5</ele>
      </trkpt>
      <trkpt lat="40.665711583569646" lon="-7.916467403993011">
        <ele>442.8</ele>
      </trkpt>
      <trkpt lat="40.66550019197166" lon="-7.916344022378326">
        <ele>443.4</ele>
      </trkpt>
      <trkpt lat="40.664962492883205" lon="-7.916246205568314">
        <ele>443.9</ele>
      </trkpt>
      <trkpt lat="40.664775827899575" lon="-7.916183341294527">
        <ele>443.9</ele>
      </trkpt>
      <trkpt lat="40.664602909237146" lon="-7.915947725996375">
        <ele>443.6</ele>
      </trkpt>
      <trkpt lat="40.66464154981077" lon="-7.915503485128284">
        <ele>443.9</ele>
      </trkpt>
      <trkpt lat="40.66483466885984" lon="-7.914593378081918">
        <ele>445.5</ele>
      </trkpt>
      <trkpt lat="40.66499115899205" lon="-7.913569863885641">
        <ele>447.8</ele>
      </trkpt>
      <trkpt lat="40.6652164645493" lon="-7.912557665258646">
        <ele>448.9</ele>
      </trkpt>
      <trkpt lat="40.66524471156299" lon="-7.912110826000571">
        <ele>449.8</ele>
      </trkpt>
      <trkpt lat="40.665049161762" lon="-7.91107046417892">
        <ele>451.1</ele>
      </trkpt>
      <trkpt lat="40.66489367745817" lon="-7.91031651198864">
        <ele>446.8</ele>
      </trkpt>
      <trkpt lat="40.6647277995944" lon="-7.909411266446114">
        <ele>441.3</ele>
      </trkpt>
      <trkpt lat="40.66469410434365" lon="-7.908939952030778">
        <ele>440.9</ele>
      </trkpt>
      <trkpt lat="40.66476107574999" lon="-7.908470146358013">
        <ele>441.4</ele>
      </trkpt>
      <trkpt lat="40.66470919176936" lon="-7.908102851361036">
        <ele>440.8</ele>
      </trkpt>
      <trkpt lat="40.664592515677214" lon="-7.907954240217805">
        <ele>439.3</ele>
      </trkpt>
      <trkpt lat="40.66459000110626" lon="-7.907776543870568">
        <ele>438.2</ele>
      </trkpt>
      <trkpt lat="40.66460550762713" lon="-7.90765693411231">
        <ele>437.8</ele>
      </trkpt>
      <trkpt lat="40.664619924500585" lon="-7.907531457021833">
        <ele>437.7</ele>
      </trkpt>
      <trkpt lat="40.66451665945351" lon="-7.907142788171768">
        <ele>436.9</ele>
      </trkpt>
      <trkpt lat="40.6644014082849" lon="-7.906910860911012">
        <ele>437.1</ele>
      </trkpt>
      <trkpt lat="40.664339968934655" lon="-7.90678814984858">
        <ele>437.5</ele>
      </trkpt>
      <trkpt lat="40.664063449949026" lon="-7.906391099095345">
        <ele>438.6</ele>
      </trkpt>
      <trkpt lat="40.66381936892867" lon="-7.906120447441936">
        <ele>438</ele>
      </trkpt>
      <trkpt lat="40.663729179650545" lon="-7.906023133546114">
        <ele>437.9</ele>
      </trkpt>
      <trkpt lat="40.66325048916042" lon="-7.905669249594212">
        <ele>440.4</ele>
      </trkpt>
      <trkpt lat="40.66295687109232" lon="-7.905520722270012">
        <ele>442.6</ele>
      </trkpt>
      <trkpt lat="40.66256552003324" lon="-7.905437238514423">
        <ele>441.8</ele>
      </trkpt>
      <trkpt lat="40.662427889183164" lon="-7.90547227486968">
        <ele>441.1</ele>
      </trkpt>
      <trkpt lat="40.66224440932274" lon="-7.9055196326226">
        <ele>440.3</ele>
      </trkpt>
      <trkpt lat="40.662196800112724" lon="-7.905509825795889">
        <ele>440.3</ele>
      </trkpt>
      <trkpt lat="40.66182581707835" lon="-7.905373033136129">
        <ele>441.9</ele>
      </trkpt>
      <trkpt lat="40.66149397753179" lon="-7.905424414202571">
        <ele>444.1</ele>
      </trkpt>
      <trkpt lat="40.66136456094682" lon="-7.905441680923104">
        <ele>444.8</ele>
      </trkpt>
      <trkpt lat="40.661208406090736" lon="-7.905466910451651">
        <ele>445.6</ele>
      </trkpt>
      <trkpt lat="40.661097848787904" lon="-7.905487027019262">
        <ele>446.1</ele>
      </trkpt>
      <trkpt lat="40.661062225699425" lon="-7.905492894351482">
        <ele>446.3</ele>
      </trkpt>
      <trkpt lat="40.66092727705836" lon="-7.905518542975187">
        <ele>447.2</ele>
      </trkpt>
      <trkpt lat="40.660732481628656" lon="-7.905549220740795">
        <ele>449</ele>
      </trkpt>
      <trkpt lat="40.660386895760894" lon="-7.905588950961828">
        <ele>452.1</ele>
      </trkpt>
      <trkpt lat="40.66013812087476" lon="-7.905639158561826">
        <ele>454.3</ele>
      </trkpt>
      <trkpt lat="40.659870989620686" lon="-7.905854908749461">
        <ele>457.6</ele>
      </trkpt>
      <trkpt lat="40.6597682274878" lon="-7.905920371413231">
        <ele>458.4</ele>
      </trkpt>
      <trkpt lat="40.65963612869382" lon="-7.905880138278008">
        <ele>459.7</ele>
      </trkpt>
      <trkpt lat="40.659478548914194" lon="-7.905795061960816">
        <ele>461.1</ele>
      </trkpt>
      <trkpt lat="40.659324238076806" lon="-7.905813418328762">
        <ele>462</ele>
      </trkpt>
      <trkpt lat="40.658773966133595" lon="-7.905903439968824">
        <ele>463.1</ele>
      </trkpt>
      <trkpt lat="40.65861152485013" lon="-7.905936548486352">
        <ele>463.5</ele>
      </trkpt>
      <trkpt lat="40.65814280882478" lon="-7.906017517670989">
        <ele>464</ele>
      </trkpt>
      <trkpt lat="40.65792018547654" lon="-7.906037047505379">
        <ele>465.2</ele>
      </trkpt>
      <trkpt lat="40.65773234702647" lon="-7.906083064153791">
        <ele>466.9</ele>
      </trkpt>
      <trkpt lat="40.65731660462916" lon="-7.906156573444605">
        <ele>474.2</ele>
      </trkpt>
      <trkpt lat="40.656774546951056" lon="-7.906199572607875">
        <ele>482.4</ele>
      </trkpt>
      <trkpt lat="40.65662803128362" lon="-7.906290851533413">
        <ele>482.2</ele>
      </trkpt>
      <trkpt lat="40.65656332299113" lon="-7.906332844868302">
        <ele>482.4</ele>
      </trkpt>
      <trkpt lat="40.65652057528496" lon="-7.906346255913377">
        <ele>482.7</ele>
      </trkpt>
      <trkpt lat="40.656446143984795" lon="-7.906349943950772">
        <ele>483.2</ele>
      </trkpt>
      <trkpt lat="40.656379675492644" lon="-7.906344579532743">
        <ele>483.8</ele>
      </trkpt>
      <trkpt lat="40.65632661804557" lon="-7.906340472400188">
        <ele>484.2</ele>
      </trkpt>
      <trkpt lat="40.65625621005893" lon="-7.906339969485998">
        <ele>484.7</ele>
      </trkpt>
      <trkpt lat="40.65617322921753" lon="-7.906355643644929">
        <ele>485.2</ele>
      </trkpt>
      <trkpt lat="40.6560917571187" lon="-7.90637232363224">
        <ele>485.4</ele>
      </trkpt>
      <trkpt lat="40.656014727428555" lon="-7.906400403007865">
        <ele>485.7</ele>
      </trkpt>
      <trkpt lat="40.655935518443584" lon="-7.90642119012773">
        <ele>485.8</ele>
      </trkpt>
      <trkpt lat="40.65587365999818" lon="-7.906433260068297">
        <ele>485.7</ele>
      </trkpt>
      <trkpt lat="40.655839797109365" lon="-7.906440803781152">
        <ele>485.6</ele>
      </trkpt>
      <trkpt lat="40.6556773558259" lon="-7.906485311686993">
        <ele>485.2</ele>
      </trkpt>
      <trkpt lat="40.65557576715946" lon="-7.906515235081315">
        <ele>485</ele>
      </trkpt>
      <trkpt lat="40.655474346131086" lon="-7.906542979180813">
        <ele>484.9</ele>
      </trkpt>
      <trkpt lat="40.65536898560822" lon="-7.906567538157105">
        <ele>485.5</ele>
      </trkpt>
      <trkpt lat="40.65526035614312" lon="-7.906593438237906">
        <ele>486.2</ele>
      </trkpt>
      <trkpt lat="40.65515734255314" lon="-7.906621182337403">
        <ele>486.9</ele>
      </trkpt>
      <trkpt lat="40.655058939009905" lon="-7.906655799597502">
        <ele>487.6</ele>
      </trkpt>
      <trkpt lat="40.65482600592077" lon="-7.906711455434561">
        <ele>488.7</ele>
      </trkpt>
      <trkpt lat="40.654470697045326" lon="-7.906803237274289">
        <ele>489.8</ele>
      </trkpt>
      <trkpt lat="40.65428604371846" lon="-7.906848667189479">
        <ele>490.1</ele>
      </trkpt>
      <trkpt lat="40.65413324162364" lon="-7.906884625554085">
        <ele>490.1</ele>
      </trkpt>
      <trkpt lat="40.653596045449376" lon="-7.907016472890973">
        <ele>491.6</ele>
      </trkpt>
      <trkpt lat="40.653461096808314" lon="-7.907049581408501">
        <ele>492.1</ele>
      </trkpt>
      <trkpt lat="40.65303144045174" lon="-7.907156031578779">
        <ele>494.2</ele>
      </trkpt>
      <trkpt lat="40.65281451679766" lon="-7.907251166179776">
        <ele>494.4</ele>
      </trkpt>
      <trkpt lat="40.652577644214034" lon="-7.90736616589129">
        <ele>493.2</ele>
      </trkpt>
      <trkpt lat="40.652407659217715" lon="-7.907457863911986">
        <ele>491.6</ele>
      </trkpt>
      <trkpt lat="40.651932153850794" lon="-7.907770341262221">
        <ele>487.1</ele>
      </trkpt>
      <trkpt lat="40.65170810557902" lon="-7.907955413684249">
        <ele>485.8</ele>
      </trkpt>
      <trkpt lat="40.65130258910358" lon="-7.908339891582727">
        <ele>484</ele>
      </trkpt>
      <trkpt lat="40.65116663463414" lon="-7.908497219905257">
        <ele>483.7</ele>
      </trkpt>
      <trkpt lat="40.65105004236102" lon="-7.908637281507254">
        <ele>483.5</ele>
      </trkpt>
      <trkpt lat="40.650943256914616" lon="-7.908797627314925">
        <ele>483.3</ele>
      </trkpt>
      <trkpt lat="40.650813253596425" lon="-7.909020250663161">
        <ele>483.1</ele>
      </trkpt>
      <trkpt lat="40.65065433271229" lon="-7.909277323633432">
        <ele>483.7</ele>
      </trkpt>
      <trkpt lat="40.65054126083851" lon="-7.909477734938264">
        <ele>483.1</ele>
      </trkpt>
      <trkpt lat="40.65040597692132" lon="-7.909777890890837">
        <ele>482.5</ele>
      </trkpt>
      <trkpt lat="40.650246972218156" lon="-7.910117944702506">
        <ele>482.4</ele>
      </trkpt>
      <trkpt lat="40.65017480403185" lon="-7.910278206691146">
        <ele>482.6</ele>
      </trkpt>
      <trkpt lat="40.650083776563406" lon="-7.910547601059079">
        <ele>483.3</ele>
      </trkpt>
      <trkpt lat="40.650028539821506" lon="-7.910676514729857">
        <ele>483.6</ele>
      </trkpt>
      <trkpt lat="40.6499423738569" lon="-7.910922942683101">
        <ele>484.3</ele>
      </trkpt>
      <trkpt lat="40.649860901758075" lon="-7.911149337887764">
        <ele>485.8</ele>
      </trkpt>
      <trkpt lat="40.64978060312569" lon="-7.911406578496099">
        <ele>487.8</ele>
      </trkpt>
      <trkpt lat="40.64962889067829" lon="-7.91181125678122">
        <ele>490.1</ele>
      </trkpt>
      <trkpt lat="40.64958304166794" lon="-7.911985013633966">
        <ele>490</ele>
      </trkpt>
      <trkpt lat="40.6495591532439" lon="-7.912223814055324">
        <ele>489.4</ele>
      </trkpt>
      <trkpt lat="40.64946619793773" lon="-7.91241517290473">
        <ele>488.5</ele>
      </trkpt>
      <trkpt lat="40.6493450794369" lon="-7.912668222561479">
        <ele>487.3</ele>
      </trkpt>
      <trkpt lat="40.649246256798506" lon="-7.912991512566805">
        <ele>486</ele>
      </trkpt>
      <trkpt lat="40.64907585270703" lon="-7.913497276604176">
        <ele>485.4</ele>
      </trkpt>
      <trkpt lat="40.648969151079655" lon="-7.914237817749381">
        <ele>486.6</ele>
      </trkpt>
      <trkpt lat="40.648945262655616" lon="-7.914469745010138">
        <ele>486.5</ele>
      </trkpt>
      <trkpt lat="40.64892087131739" lon="-7.914699828252196">
        <ele>486</ele>
      </trkpt>
      <trkpt lat="40.64889673143625" lon="-7.915007108822465">
        <ele>485.4</ele>
      </trkpt>
      <trkpt lat="40.648884661495686" lon="-7.915720995515585">
        <ele>484.5</ele>
      </trkpt>
      <trkpt lat="40.648885583505034" lon="-7.916282834485173">
        <ele>484.3</ele>
      </trkpt>
      <trkpt lat="40.64895096234977" lon="-7.917049191892147">
        <ele>485.4</ele>
      </trkpt>
      <trkpt lat="40.6490377150476" lon="-7.917526122182608">
        <ele>487.2</ele>
      </trkpt>
      <trkpt lat="40.64910477027297" lon="-7.917832648381591">
        <ele>488.9</ele>
      </trkpt>
      <trkpt lat="40.64915866591036" lon="-7.918044039979577">
        <ele>489.4</ele>
      </trkpt>
      <trkpt lat="40.64923946745694" lon="-7.918309075757861">
        <ele>489</ele>
      </trkpt>
      <trkpt lat="40.64933971501887" lon="-7.918535638600588">
        <ele>488.2</ele>
      </trkpt>
      <trkpt lat="40.64948036335409" lon="-7.918696152046323">
        <ele>487.6</ele>
      </trkpt>
      <trkpt lat="40.64956150017679" lon="-7.918776283040643">
        <ele>487.2</ele>
      </trkpt>
      <trkpt lat="40.649653282016516" lon="-7.91885674931109">
        <ele>487</ele>
      </trkpt>
      <trkpt lat="40.64973944798112" lon="-7.918949369341135">
        <ele>487</ele>
      </trkpt>
      <trkpt lat="40.64981957897544" lon="-7.919379780068994">
        <ele>487.7</ele>
      </trkpt>
      <trkpt lat="40.64946938306093" lon="-7.91967230848968">
        <ele>484.6</ele>
      </trkpt>
      <trkpt lat="40.649407440796494" lon="-7.919691503047943">
        <ele>484.4</ele>
      </trkpt>
      <trkpt lat="40.64921926707029" lon="-7.919730311259627">
        <ele>484.8</ele>
      </trkpt>
      <trkpt lat="40.64915497787297" lon="-7.919750260189176">
        <ele>484.8</ele>
      </trkpt>
      <trkpt lat="40.64896143972874" lon="-7.919828211888671">
        <ele>484.9</ele>
      </trkpt>
      <trkpt lat="40.64847235567868" lon="-7.920185867697001">
        <ele>485</ele>
      </trkpt>
      <trkpt lat="40.647972375154495" lon="-7.92060068808496">
        <ele>483.6</ele>
      </trkpt>
      <trkpt lat="40.64750952646136" lon="-7.921018693596125">
        <ele>480.1</ele>
      </trkpt>
      <trkpt lat="40.64707542769611" lon="-7.921415744349361">
        <ele>477.9</ele>
      </trkpt>
      <trkpt lat="40.646813828498125" lon="-7.921687234193087">
        <ele>476.9</ele>
      </trkpt>
      <trkpt lat="40.64641686156392" lon="-7.922098450362682">
        <ele>477.1</ele>
      </trkpt>
      <trkpt lat="40.64599852077663" lon="-7.922548055648804">
        <ele>476</ele>
      </trkpt>
      <trkpt lat="40.645518908277154" lon="-7.922977460548282">
        <ele>476.6</ele>
      </trkpt>
      <trkpt lat="40.645008785650134" lon="-7.923260014504194">
        <ele>474.8</ele>
      </trkpt>
      <trkpt lat="40.64448173157871" lon="-7.923493115231395">
        <ele>475</ele>
      </trkpt>
      <trkpt lat="40.64430344849825" lon="-7.923619598150253">
        <ele>475.3</ele>
      </trkpt>
      <trkpt lat="40.644103456288576" lon="-7.92386032640934">
        <ele>475.4</ele>
      </trkpt>
      <trkpt lat="40.64390296116471" lon="-7.923961328342557">
        <ele>474.3</ele>
      </trkpt>
      <trkpt lat="40.6437533441931" lon="-7.923956885933876">
        <ele>474</ele>
      </trkpt>
      <trkpt lat="40.64345930702984" lon="-7.923967614769936">
        <ele>474.4</ele>
      </trkpt>
      <trkpt lat="40.64324967563152" lon="-7.924032155424357">
        <ele>474.8</ele>
      </trkpt>
      <trkpt lat="40.64270225353539" lon="-7.924263747408986">
        <ele>476.7</ele>
      </trkpt>
      <trkpt lat="40.64256445504725" lon="-7.924320157617331">
        <ele>476.9</ele>
      </trkpt>
      <trkpt lat="40.6420817412436" lon="-7.924529872834683">
        <ele>474.7</ele>
      </trkpt>
      <trkpt lat="40.64187755808234" lon="-7.924620481207967">
        <ele>474.3</ele>
      </trkpt>
      <trkpt lat="40.64153406769037" lon="-7.924777306616306">
        <ele>474</ele>
      </trkpt>
      <trkpt lat="40.64132200554013" lon="-7.924864981323481">
        <ele>474.2</ele>
      </trkpt>
      <trkpt lat="40.64111555926502" lon="-7.92496120557189">
        <ele>474.7</ele>
      </trkpt>
      <trkpt lat="40.640851613134146" lon="-7.925103446468711">
        <ele>475.2</ele>
      </trkpt>
      <trkpt lat="40.64066704362631" lon="-7.925208220258355">
        <ele>475.5</ele>
      </trkpt>
      <trkpt lat="40.64060853794217" lon="-7.925243424251676">
        <ele>475.7</ele>
      </trkpt>
      <trkpt lat="40.640441067516804" lon="-7.925371751189232">
        <ele>476</ele>
      </trkpt>
      <trkpt lat="40.64038868062198" lon="-7.925418270751834">
        <ele>476.2</ele>
      </trkpt>
      <trkpt lat="40.64022297039628" lon="-7.925565205514431">
        <ele>476.9</ele>
      </trkpt>
      <trkpt lat="40.64006907865405" lon="-7.925732005387545">
        <ele>477.9</ele>
      </trkpt>
      <trkpt lat="40.63994192518294" lon="-7.925895033404231">
        <ele>478.8</ele>
      </trkpt>
      <trkpt lat="40.639842096716166" lon="-7.926057307049632">
        <ele>479.2</ele>
      </trkpt>
      <trkpt lat="40.63974796794355" lon="-7.926206002011895">
        <ele>479.6</ele>
      </trkpt>
      <trkpt lat="40.63966104760766" lon="-7.926355618983507">
        <ele>479.9</ele>
      </trkpt>
      <trkpt lat="40.63957563601434" lon="-7.926496183499694">
        <ele>479.9</ele>
      </trkpt>
      <trkpt lat="40.63948712311685" lon="-7.926647309213877">
        <ele>479.5</ele>
      </trkpt>
      <trkpt lat="40.639426186680794" lon="-7.926754346117377">
        <ele>479</ele>
      </trkpt>
      <trkpt lat="40.63935955055058" lon="-7.9268585331738">
        <ele>478.5</ele>
      </trkpt>
      <trkpt lat="40.639305990189314" lon="-7.926972024142742">
        <ele>478.3</ele>
      </trkpt>
      <trkpt lat="40.63926139846444" lon="-7.927091382443905">
        <ele>478.3</ele>
      </trkpt>
      <trkpt lat="40.63922921195626" lon="-7.927219038829207">
        <ele>478.4</ele>
      </trkpt>
      <trkpt lat="40.63921865075827" lon="-7.927286513149738">
        <ele>478.6</ele>
      </trkpt>
      <trkpt lat="40.63921211287379" lon="-7.927352394908667">
        <ele>478.7</ele>
      </trkpt>
      <trkpt lat="40.63920222222805" lon="-7.927541574463248">
        <ele>479.1</ele>
      </trkpt>
      <trkpt lat="40.63918864354491" lon="-7.927671829238534">
        <ele>478.9</ele>
      </trkpt>
      <trkpt lat="40.63917766325176" lon="-7.927734944969416">
        <ele>478.8</ele>
      </trkpt>
      <trkpt lat="40.63913491554558" lon="-7.927849441766739">
        <ele>478.4</ele>
      </trkpt>
      <trkpt lat="40.63896870240569" lon="-7.928012972697616">
        <ele>476.8</ele>
      </trkpt>
      <trkpt lat="40.63891782425344" lon="-7.928046835586429">
        <ele>476.4</ele>
      </trkpt>
      <trkpt lat="40.638525718823075" lon="-7.928398875519633">
        <ele>474.7</ele>
      </trkpt>
      <trkpt lat="40.63835011795163" lon="-7.92860004119575">
        <ele>475</ele>
      </trkpt>
      <trkpt lat="40.63821609131992" lon="-7.928732642903924">
        <ele>475.3</ele>
      </trkpt>
      <trkpt lat="40.638097655028105" lon="-7.928863735869527">
        <ele>475.7</ele>
      </trkpt>
      <trkpt lat="40.63786095008254" lon="-7.929260116070509">
        <ele>477.2</ele>
      </trkpt>
      <trkpt lat="40.63762156292796" lon="-7.929320381954312">
        <ele>478.5</ele>
      </trkpt>
      <trkpt lat="40.63756724819541" lon="-7.929307641461492">
        <ele>479.1</ele>
      </trkpt>
      <trkpt lat="40.636992668733" lon="-7.929191216826439">
        <ele>487.1</ele>
      </trkpt>
      <trkpt lat="40.63693164847791" lon="-7.929203789681196">
        <ele>487.8</ele>
      </trkpt>
      <trkpt lat="40.63638833351433" lon="-7.929370505735278">
        <ele>489.3</ele>
      </trkpt>
      <trkpt lat="40.63601475208998" lon="-7.929472848773003">
        <ele>484.2</ele>
      </trkpt>
      <trkpt lat="40.635450230911374" lon="-7.929633529856801">
        <ele>482.4</ele>
      </trkpt>
      <trkpt lat="40.63526029698551" lon="-7.929697399958968">
        <ele>481.9</ele>
      </trkpt>
      <trkpt lat="40.634732488542795" lon="-7.92991055175662">
        <ele>479.1</ele>
      </trkpt>
      <trkpt lat="40.63445404171944" lon="-7.930059749633074">
        <ele>476.3</ele>
      </trkpt>
      <trkpt lat="40.63432026654482" lon="-7.930155554786325">
        <ele>476</ele>
      </trkpt>
      <trkpt lat="40.63425790518522" lon="-7.930216155946255">
        <ele>475.9</ele>
      </trkpt>
      <trkpt lat="40.63381659798324" lon="-7.930739773437381">
        <ele>472.7</ele>
      </trkpt>
      <trkpt lat="40.63369128853083" lon="-7.930914284661412">
        <ele>472.1</ele>
      </trkpt>
      <trkpt lat="40.63330102711916" lon="-7.931451899930835">
        <ele>471.1</ele>
      </trkpt>
      <trkpt lat="40.63288126140833" lon="-7.932017343118787">
        <ele>466.8</ele>
      </trkpt>
      <trkpt lat="40.63280900940299" lon="-7.932115159928799">
        <ele>466</ele>
      </trkpt>
      <trkpt lat="40.63251480460167" lon="-7.932508606463671">
        <ele>464.9</ele>
      </trkpt>
      <trkpt lat="40.63244171440601" lon="-7.932607932016254">
        <ele>465.2</ele>
      </trkpt>
      <trkpt lat="40.6320727430284" lon="-7.933105314150453">
        <ele>467.5</ele>
      </trkpt>
      <trkpt lat="40.631629256531596" lon="-7.933694059029222">
        <ele>464.9</ele>
      </trkpt>
      <trkpt lat="40.631245113909245" lon="-7.934211809188128">
        <ele>465.7</ele>
      </trkpt>
      <trkpt lat="40.631135730072856" lon="-7.934365030378103">
        <ele>465.9</ele>
      </trkpt>
      <trkpt lat="40.631083929911256" lon="-7.934439210221171">
        <ele>465.8</ele>
      </trkpt>
      <trkpt lat="40.63098477199674" lon="-7.934586312621832">
        <ele>465.4</ele>
      </trkpt>
      <trkpt lat="40.63093800097704" lon="-7.934659905731678">
        <ele>465</ele>
      </trkpt>
      <trkpt lat="40.63085066154599" lon="-7.934806840494275">
        <ele>463.9</ele>
      </trkpt>
      <trkpt lat="40.63065838068724" lon="-7.935168854892254">
        <ele>462.4</ele>
      </trkpt>
      <trkpt lat="40.63049342483282" lon="-7.935515949502587">
        <ele>463.1</ele>
      </trkpt>
      <trkpt lat="40.63034732826054" lon="-7.935866396874189">
        <ele>464.6</ele>
      </trkpt>
      <trkpt lat="40.63032193109393" lon="-7.936099329963327">
        <ele>466</ele>
      </trkpt>
      <trkpt lat="40.63019813038409" lon="-7.936356151476502">
        <ele>468.2</ele>
      </trkpt>
      <trkpt lat="40.63015705905855" lon="-7.936413483694196">
        <ele>468.8</ele>
      </trkpt>
      <trkpt lat="40.630043065175414" lon="-7.936606518924236">
        <ele>471.6</ele>
      </trkpt>
      <trkpt lat="40.6298815459013" lon="-7.937005832791328">
        <ele>475.3</ele>
      </trkpt>
      <trkpt lat="40.62985925003886" lon="-7.937067607417703">
        <ele>475.7</ele>
      </trkpt>
      <trkpt lat="40.629728911444545" lon="-7.937412522733212">
        <ele>473.7</ele>
      </trkpt>
      <trkpt lat="40.62961030751467" lon="-7.937711337581277">
        <ele>471.3</ele>
      </trkpt>
      <trkpt lat="40.62941593118012" lon="-7.938136216253042">
        <ele>467.1</ele>
      </trkpt>
      <trkpt lat="40.62927813269198" lon="-7.93844441883266">
        <ele>466</ele>
      </trkpt>
      <trkpt lat="40.628993483260274" lon="-7.938987230882049">
        <ele>464.5</ele>
      </trkpt>
      <trkpt lat="40.62895266339183" lon="-7.939059566706419">
        <ele>464.2</ele>
      </trkpt>
      <trkpt lat="40.628867000341415" lon="-7.939207926392555">
        <ele>463.7</ele>
      </trkpt>
      <trkpt lat="40.62877823598683" lon="-7.939360812306404">
        <ele>463.4</ele>
      </trkpt>
      <trkpt lat="40.6287329737097" lon="-7.939438093453646">
        <ele>463.1</ele>
      </trkpt>
      <trkpt lat="40.62859115190804" lon="-7.939679911360145">
        <ele>461.8</ele>
      </trkpt>
      <trkpt lat="40.62849350273609" lon="-7.939848806709051">
        <ele>460.9</ele>
      </trkpt>
      <trkpt lat="40.628349501639605" lon="-7.94009548611939">
        <ele>459.8</ele>
      </trkpt>
      <trkpt lat="40.62798094935715" lon="-7.940721865743399">
        <ele>457.7</ele>
      </trkpt>
      <trkpt lat="40.62793677672744" lon="-7.940796883776784">
        <ele>457.5</ele>
      </trkpt>
      <trkpt lat="40.62776721082628" lon="-7.941076755523682">
        <ele>457.5</ele>
      </trkpt>
      <trkpt lat="40.62759429216385" lon="-7.941335840150714">
        <ele>458.7</ele>
      </trkpt>
      <trkpt lat="40.627548191696405" lon="-7.941396022215486">
        <ele>459.1</ele>
      </trkpt>
      <trkpt lat="40.627075703814626" lon="-7.941894913092256">
        <ele>459.5</ele>
      </trkpt>
      <trkpt lat="40.62657714821398" lon="-7.942268745973706">
        <ele>457.9</ele>
      </trkpt>
      <trkpt lat="40.62625930644572" lon="-7.942510060966015">
        <ele>456</ele>
      </trkpt>
      <trkpt lat="40.62601304613054" lon="-7.942694462835789">
        <ele>455</ele>
      </trkpt>
      <trkpt lat="40.62575848773122" lon="-7.942875092849135">
        <ele>454.3</ele>
      </trkpt>
      <trkpt lat="40.625235456973314" lon="-7.943279268220067">
        <ele>449.8</ele>
      </trkpt>
      <trkpt lat="40.62502708286047" lon="-7.943500382825732">
        <ele>445.7</ele>
      </trkpt>
      <trkpt lat="40.624865060672164" lon="-7.943571461364627">
        <ele>443.3</ele>
      </trkpt>
      <trkpt lat="40.6246576923877" lon="-7.943594343960285">
        <ele>440.2</ele>
      </trkpt>
      <trkpt lat="40.62454730272293" lon="-7.94362485408783">
        <ele>438.3</ele>
      </trkpt>
      <trkpt lat="40.624312441796064" lon="-7.943738009780645">
        <ele>435</ele>
      </trkpt>
      <trkpt lat="40.62419241294265" lon="-7.943810094147921">
        <ele>433.7</ele>
      </trkpt>
      <trkpt lat="40.62370492145419" lon="-7.944065155461431">
        <ele>434.8</ele>
      </trkpt>
      <trkpt lat="40.62316118739545" lon="-7.944355420768261">
        <ele>437.6</ele>
      </trkpt>
      <trkpt lat="40.62297452241182" lon="-7.944471426308155">
        <ele>438.3</ele>
      </trkpt>
      <trkpt lat="40.62288726679981" lon="-7.944528674706817">
        <ele>439</ele>
      </trkpt>
      <trkpt lat="40.62265223823488" lon="-7.944704191759229">
        <ele>441.6</ele>
      </trkpt>
      <trkpt lat="40.622581243515015" lon="-7.944763954728842">
        <ele>442.4</ele>
      </trkpt>
      <trkpt lat="40.622333977371454" lon="-7.945008706301451">
        <ele>443.8</ele>
      </trkpt>
      <trkpt lat="40.62228091992438" lon="-7.945068301633">
        <ele>444</ele>
      </trkpt>
      <trkpt lat="40.62214110977948" lon="-7.945242058485746">
        <ele>444.4</ele>
      </trkpt>
      <trkpt lat="40.62202895991504" lon="-7.945396453142166">
        <ele>444.6</ele>
      </trkpt>
      <trkpt lat="40.62199912033975" lon="-7.945449594408274">
        <ele>444.7</ele>
      </trkpt>
      <trkpt lat="40.62195553444326" lon="-7.945563420653343">
        <ele>444.7</ele>
      </trkpt>
      <trkpt lat="40.621931813657284" lon="-7.945697112008929">
        <ele>444.7</ele>
      </trkpt>
      <trkpt lat="40.621914295479655" lon="-7.945766765624285">
        <ele>444.6</ele>
      </trkpt>
      <trkpt lat="40.621799882501364" lon="-7.945939684286714">
        <ele>444.3</ele>
      </trkpt>
      <trkpt lat="40.62175076454878" lon="-7.945987461134791">
        <ele>444</ele>
      </trkpt>
      <trkpt lat="40.62165227718651" lon="-7.946095587685704">
        <ele>444.1</ele>
      </trkpt>
      <trkpt lat="40.6216062605381" lon="-7.946160463616252">
        <ele>444.3</ele>
      </trkpt>
      <trkpt lat="40.62153794802725" lon="-7.946311002597213">
        <ele>444.9</ele>
      </trkpt>
      <trkpt lat="40.62145144678652" lon="-7.94654443860054">
        <ele>444.7</ele>
      </trkpt>
      <trkpt lat="40.621369890868664" lon="-7.946783574298024">
        <ele>443.9</ele>
      </trkpt>
      <trkpt lat="40.621313732117414" lon="-7.94694609940052">
        <ele>443.3</ele>
      </trkpt>
      <trkpt lat="40.62123142182827" lon="-7.94719479046762">
        <ele>442.8</ele>
      </trkpt>
      <trkpt lat="40.62112530693412" lon="-7.947530737146735">
        <ele>442.3</ele>
      </trkpt>
      <trkpt lat="40.62104341574013" lon="-7.947784624993801">
        <ele>442</ele>
      </trkpt>
      <trkpt lat="40.620958004146814" lon="-7.948036836460233">
        <ele>442.2</ele>
      </trkpt>
      <trkpt lat="40.62087770551443" lon="-7.948285276070237">
        <ele>443.2</ele>
      </trkpt>
      <trkpt lat="40.62079749070108" lon="-7.948538493365049">
        <ele>444.4</ele>
      </trkpt>
      <trkpt lat="40.62074610963464" lon="-7.948706299066544">
        <ele>444.3</ele>
      </trkpt>
      <trkpt lat="40.62071803025901" lon="-7.948792213574052">
        <ele>444.2</ele>
      </trkpt>
      <trkpt lat="40.620633037760854" lon="-7.94904769398272">
        <ele>443.2</ele>
      </trkpt>
      <trkpt lat="40.62057754956186" lon="-7.94921382330358">
        <ele>442.6</ele>
      </trkpt>
      <trkpt lat="40.62050228007138" lon="-7.949461759999394">
        <ele>443.2</ele>
      </trkpt>
      <trkpt lat="40.620343359187245" lon="-7.949947407469153">
        <ele>444</ele>
      </trkpt>
      <trkpt lat="40.62018929980695" lon="-7.950422577559948">
        <ele>443.5</ele>
      </trkpt>
      <trkpt lat="40.6200329773128" lon="-7.950897747650743">
        <ele>443.5</ele>
      </trkpt>
      <trkpt lat="40.6199034769088" lon="-7.951288763433695">
        <ele>444.2</ele>
      </trkpt>
      <trkpt lat="40.619800044223666" lon="-7.951612137258053">
        <ele>443.9</ele>
      </trkpt>
      <trkpt lat="40.619721254333854" lon="-7.951862085610628">
        <ele>442.7</ele>
      </trkpt>
      <trkpt lat="40.619706669822335" lon="-7.951949005946517">
        <ele>442.7</ele>
      </trkpt>
      <trkpt lat="40.61967859044671" lon="-7.952201552689076">
        <ele>442.5</ele>
      </trkpt>
      <trkpt lat="40.61956183053553" lon="-7.952384194359183">
        <ele>441.1</ele>
      </trkpt>
      <trkpt lat="40.6194478366524" lon="-7.952467845752835">
        <ele>440.1</ele>
      </trkpt>
      <trkpt lat="40.61938966624439" lon="-7.952514197677374">
        <ele>439.8</ele>
      </trkpt>
      <trkpt lat="40.61927894130349" lon="-7.952632801607251">
        <ele>439.2</ele>
      </trkpt>
      <trkpt lat="40.619116835296154" lon="-7.952827345579863">
        <ele>438.5</ele>
      </trkpt>
      <trkpt lat="40.61895682476461" lon="-7.953021470457315">
        <ele>437.2</ele>
      </trkpt>
      <trkpt lat="40.6187466904521" lon="-7.95328801497817">
        <ele>436.6</ele>
      </trkpt>
      <trkpt lat="40.61858844012022" lon="-7.953486330807209">
        <ele>436.9</ele>
      </trkpt>
      <trkpt lat="40.618430357426405" lon="-7.953682467341423">
        <ele>436.8</ele>
      </trkpt>
      <trkpt lat="40.61837671324611" lon="-7.953747930005193">
        <ele>436.5</ele>
      </trkpt>
      <trkpt lat="40.6181612983346" lon="-7.954017324373126">
        <ele>434.9</ele>
      </trkpt>
      <trkpt lat="40.61800606548786" lon="-7.954209269955754">
        <ele>433.4</ele>
      </trkpt>
      <trkpt lat="40.61787002719939" lon="-7.954391073435545">
        <ele>432</ele>
      </trkpt>
      <trkpt lat="40.617729127407074" lon="-7.954566841945052">
        <ele>430.5</ele>
      </trkpt>
      <trkpt lat="40.617629550397396" lon="-7.954688714817166">
        <ele>429.6</ele>
      </trkpt>
      <trkpt lat="40.61747498810291" lon="-7.954858615994453">
        <ele>428.3</ele>
      </trkpt>
      <trkpt lat="40.6173132173717" lon="-7.955017788335681">
        <ele>427.2</ele>
      </trkpt>
      <trkpt lat="40.61714390292764" lon="-7.955167824402452">
        <ele>426.1</ele>
      </trkpt>
      <trkpt lat="40.616978695616126" lon="-7.955314004793763">
        <ele>424.7</ele>
      </trkpt>
      <trkpt lat="40.61682011000812" lon="-7.955451970919967">
        <ele>423.4</ele>
      </trkpt>
      <trkpt lat="40.61671466566622" lon="-7.955537298694253">
        <ele>422.5</ele>
      </trkpt>
      <trkpt lat="40.61666320078075" lon="-7.955584824085236">
        <ele>421.9</ele>
      </trkpt>
      <trkpt lat="40.61656949110329" lon="-7.955695297569037">
        <ele>420.6</ele>
      </trkpt>
      <trkpt lat="40.61653328128159" lon="-7.955767214298248">
        <ele>420.3</ele>
      </trkpt>
      <trkpt lat="40.616471506655216" lon="-7.95609176158905">
        <ele>418.6</ele>
      </trkpt>
      <trkpt lat="40.616563288494945" lon="-7.956435922533274">
        <ele>418</ele>
      </trkpt>
      <trkpt lat="40.616649286821485" lon="-7.956605991348624">
        <ele>418.5</ele>
      </trkpt>
      <trkpt lat="40.61676973477006" lon="-7.956875469535589">
        <ele>420.3</ele>
      </trkpt>
      <trkpt lat="40.616859421133995" lon="-7.957273274660111">
        <ele>423.7</ele>
      </trkpt>
      <trkpt lat="40.616867216303945" lon="-7.957373773679137">
        <ele>424.3</ele>
      </trkpt>
      <trkpt lat="40.6168694794178" lon="-7.957472763955593">
        <ele>424.7</ele>
      </trkpt>
      <trkpt lat="40.616849195212126" lon="-7.95776286162436">
        <ele>425.3</ele>
      </trkpt>
      <trkpt lat="40.61678767204285" lon="-7.958058742806315">
        <ele>423.7</ele>
      </trkpt>
      <trkpt lat="40.61675984412432" lon="-7.958159577101469">
        <ele>422.8</ele>
      </trkpt>
      <trkpt lat="40.61662313528359" lon="-7.958562076091766">
        <ele>418.5</ele>
      </trkpt>
      <trkpt lat="40.61647318303585" lon="-7.958987541496754">
        <ele>415.1</ele>
      </trkpt>
      <trkpt lat="40.61626698821783" lon="-7.959582069888711">
        <ele>413.9</ele>
      </trkpt>
      <trkpt lat="40.61601905152202" lon="-7.96030324883759">
        <ele>412.8</ele>
      </trkpt>
      <trkpt lat="40.61598049476743" lon="-7.960418500006199">
        <ele>411.9</ele>
      </trkpt>
      <trkpt lat="40.615833308547735" lon="-7.960844384506345">
        <ele>406.3</ele>
      </trkpt>
      <trkpt lat="40.615728283300996" lon="-7.961191898211837">
        <ele>401.6</ele>
      </trkpt>
      <trkpt lat="40.615721829235554" lon="-7.961434554308653">
        <ele>398.3</ele>
      </trkpt>
      <trkpt lat="40.61571738682687" lon="-7.961508398875594">
        <ele>397.2</ele>
      </trkpt>
      <trkpt lat="40.61558436602354" lon="-7.961746361106634">
        <ele>392.4</ele>
      </trkpt>
      <trkpt lat="40.615500966086984" lon="-7.96186781488359">
        <ele>390.4</ele>
      </trkpt>
      <trkpt lat="40.61546232551336" lon="-7.96193621121347">
        <ele>389.4</ele>
      </trkpt>
      <trkpt lat="40.615388648584485" lon="-7.962084989994764">
        <ele>387.5</ele>
      </trkpt>
      <trkpt lat="40.61531329527497" lon="-7.962241815403104">
        <ele>385.8</ele>
      </trkpt>
      <trkpt lat="40.61522503383458" lon="-7.96239210292697">
        <ele>384.7</ele>
      </trkpt>
      <trkpt lat="40.61511028558016" lon="-7.962516574189067">
        <ele>383.6</ele>
      </trkpt>
      <trkpt lat="40.61481616459787" lon="-7.962646242231131">
        <ele>383</ele>
      </trkpt>
      <trkpt lat="40.6144880130887" lon="-7.962589832022786">
        <ele>382.8</ele>
      </trkpt>
      <trkpt lat="40.61433051712811" lon="-7.962475335225463">
        <ele>382.1</ele>
      </trkpt>
      <trkpt lat="40.614254074171185" lon="-7.962407441809773">
        <ele>381.5</ele>
      </trkpt>
      <trkpt lat="40.61388476751745" lon="-7.962003517895937">
        <ele>377.5</ele>
      </trkpt>
      <trkpt lat="40.61358670704067" lon="-7.961691543459892">
        <ele>375.7</ele>
      </trkpt>
      <trkpt lat="40.61342351138592" lon="-7.961570341140032">
        <ele>374.6</ele>
      </trkpt>
      <trkpt lat="40.61332980170846" lon="-7.961535220965743">
        <ele>374</ele>
      </trkpt>
      <trkpt lat="40.613039787858725" lon="-7.961619962006807">
        <ele>371</ele>
      </trkpt>
      <trkpt lat="40.61283241957426" lon="-7.962054060772061">
        <ele>371</ele>
      </trkpt>
      <trkpt lat="40.612852871418" lon="-7.962446082383394">
        <ele>368.6</ele>
      </trkpt>
      <trkpt lat="40.61287114396691" lon="-7.962577259168029">
        <ele>367.5</ele>
      </trkpt>
      <trkpt lat="40.61289746314287" lon="-7.962845982983708">
        <ele>365</ele>
      </trkpt>
      <trkpt lat="40.612893272191286" lon="-7.963254097849131">
        <ele>361</ele>
      </trkpt>
      <trkpt lat="40.61281372793019" lon="-7.963808728381991">
        <ele>358.1</ele>
      </trkpt>
      <trkpt lat="40.61269965022802" lon="-7.964394707232714">
        <ele>357.6</ele>
      </trkpt>
      <trkpt lat="40.61256067827344" lon="-7.965111443772912">
        <ele>350.2</ele>
      </trkpt>
      <trkpt lat="40.61240091919899" lon="-7.965932618826628">
        <ele>344.6</ele>
      </trkpt>
      <trkpt lat="40.61224015429616" lon="-7.966696545481682">
        <ele>340.9</ele>
      </trkpt>
      <trkpt lat="40.61220067553222" lon="-7.966813137754798">
        <ele>340.6</ele>
      </trkpt>
      <trkpt lat="40.612105121836066" lon="-7.967036766931415">
        <ele>340.1</ele>
      </trkpt>
      <trkpt lat="40.611989200115204" lon="-7.967250170186162">
        <ele>339.4</ele>
      </trkpt>
      <trkpt lat="40.61156256124377" lon="-7.96778216958046">
        <ele>340.9</ele>
      </trkpt>
      <trkpt lat="40.61109082773328" lon="-7.968285670503974">
        <ele>339.8</ele>
      </trkpt>
      <trkpt lat="40.610741302371025" lon="-7.96874625608325">
        <ele>336.3</ele>
      </trkpt>
      <trkpt lat="40.61035397462547" lon="-7.969348495826125">
        <ele>333.5</ele>
      </trkpt>
      <trkpt lat="40.60995474457741" lon="-7.96996783465147">
        <ele>327</ele>
      </trkpt>
      <trkpt lat="40.6097063049674" lon="-7.970667304471135">
        <ele>322.1</ele>
      </trkpt>
      <trkpt lat="40.60949851758778" lon="-7.971380185335875">
        <ele>319.6</ele>
      </trkpt>
      <trkpt lat="40.60930883511901" lon="-7.972138412296772">
        <ele>315.6</ele>
      </trkpt>
      <trkpt lat="40.609143963083625" lon="-7.972659263759852">
        <ele>311.8</ele>
      </trkpt>
      <trkpt lat="40.60902879573405" lon="-7.973333168774843">
        <ele>307.6</ele>
      </trkpt>
      <trkpt lat="40.609028711915016" lon="-7.97346593812108">
        <ele>307.5</ele>
      </trkpt>
      <trkpt lat="40.60905343852937" lon="-7.973957620561123">
        <ele>311.3</ele>
      </trkpt>
      <trkpt lat="40.60903717763722" lon="-7.974058957770467">
        <ele>312.5</ele>
      </trkpt>
      <trkpt lat="40.60891270637512" lon="-7.974288035184145">
        <ele>313.4</ele>
      </trkpt>
      <trkpt lat="40.60881840996444" lon="-7.974420133978128">
        <ele>313.2</ele>
      </trkpt>
      <trkpt lat="40.60869812965393" lon="-7.97462104819715">
        <ele>312.5</ele>
      </trkpt>
      <trkpt lat="40.608620094135404" lon="-7.974838307127357">
        <ele>312.1</ele>
      </trkpt>
      <trkpt lat="40.60858279466629" lon="-7.974983146414161">
        <ele>312</ele>
      </trkpt>
      <trkpt lat="40.60852621681988" lon="-7.975182635709643">
        <ele>312.5</ele>
      </trkpt>
      <trkpt lat="40.60846586711705" lon="-7.975377766415477">
        <ele>313.6</ele>
      </trkpt>
      <trkpt lat="40.60835455544293" lon="-7.97572779469192">
        <ele>315.4</ele>
      </trkpt>
      <trkpt lat="40.60830661095679" lon="-7.975889900699258">
        <ele>316.4</ele>
      </trkpt>
      <trkpt lat="40.608257073909044" lon="-7.976044295355678">
        <ele>317.4</ele>
      </trkpt>
      <trkpt lat="40.608212146908045" lon="-7.976201204583049">
        <ele>318.3</ele>
      </trkpt>
      <trkpt lat="40.60817509889603" lon="-7.976356102153659">
        <ele>319.6</ele>
      </trkpt>
      <trkpt lat="40.60810184106231" lon="-7.976554417982698">
        <ele>321.5</ele>
      </trkpt>
      <trkpt lat="40.60797502286732" lon="-7.976761367172003">
        <ele>322.8</ele>
      </trkpt>
      <trkpt lat="40.607921378687024" lon="-7.976874522864819">
        <ele>323.7</ele>
      </trkpt>
      <trkpt lat="40.607856418937445" lon="-7.977031264454126">
        <ele>324.1</ele>
      </trkpt>
      <trkpt lat="40.607818365097046" lon="-7.977214576676488">
        <ele>324.3</ele>
      </trkpt>
      <trkpt lat="40.60780495405197" lon="-7.977503417059779">
        <ele>323.6</ele>
      </trkpt>
      <trkpt lat="40.607797829434276" lon="-7.977761998772621">
        <ele>321.6</ele>
      </trkpt>
      <trkpt lat="40.60779506340623" lon="-7.978049581870437">
        <ele>319.8</ele>
      </trkpt>
      <trkpt lat="40.60778249055147" lon="-7.978120660409331">
        <ele>319.5</ele>
      </trkpt>
      <trkpt lat="40.60771258547902" lon="-7.978310091421008">
        <ele>320.1</ele>
      </trkpt>
      <trkpt lat="40.60767972841859" lon="-7.978363651782274">
        <ele>320.5</ele>
      </trkpt>
      <trkpt lat="40.60756489634514" lon="-7.978500528261066">
        <ele>321.3</ele>
      </trkpt>
      <trkpt lat="40.60743749141693" lon="-7.978612678125501">
        <ele>322.2</ele>
      </trkpt>
      <trkpt lat="40.60731234960258" lon="-7.978712841868401">
        <ele>322.5</ele>
      </trkpt>
      <trkpt lat="40.6071939971298" lon="-7.978810407221317">
        <ele>322.6</ele>
      </trkpt>
      <trkpt lat="40.60704982839525" lon="-7.978924317285419">
        <ele>322.4</ele>
      </trkpt>
      <trkpt lat="40.606900714337826" lon="-7.97904753126204">
        <ele>321.3</ele>
      </trkpt>
      <trkpt lat="40.60677146539092" lon="-7.979164710268378">
        <ele>320.6</ele>
      </trkpt>
      <trkpt lat="40.60673022642732" lon="-7.979207960888743">
        <ele>320.6</ele>
      </trkpt>
      <trkpt lat="40.60657365247607" lon="-7.979408707469702">
        <ele>320.4</ele>
      </trkpt>
      <trkpt lat="40.60642068274319" lon="-7.979631582275033">
        <ele>321.2</ele>
      </trkpt>
      <trkpt lat="40.6062716525048" lon="-7.979858228936791">
        <ele>322</ele>
      </trkpt>
      <trkpt lat="40.6061683036387" lon="-7.980036847293377">
        <ele>322</ele>
      </trkpt>
      <trkpt lat="40.606076857075095" lon="-7.980234324932098">
        <ele>321.8</ele>
      </trkpt>
      <trkpt lat="40.60599756427109" lon="-7.980448063462973">
        <ele>321.2</ele>
      </trkpt>
      <trkpt lat="40.60594861395657" lon="-7.980599440634251">
        <ele>321</ele>
      </trkpt>
      <trkpt lat="40.60592371970415" lon="-7.980676637962461">
        <ele>320.9</ele>
      </trkpt>
      <trkpt lat="40.605845181271434" lon="-7.980913929641247">
        <ele>320.1</ele>
      </trkpt>
      <trkpt lat="40.60574225150049" lon="-7.981150299310684">
        <ele>318.9</ele>
      </trkpt>
      <trkpt lat="40.60569640249014" lon="-7.981223724782467">
        <ele>318.3</ele>
      </trkpt>
      <trkpt lat="40.60553731396794" lon="-7.981433607637882">
        <ele>316.2</ele>
      </trkpt>
      <trkpt lat="40.60548341833055" lon="-7.981507536023855">
        <ele>315.5</ele>
      </trkpt>
      <trkpt lat="40.60526800341904" lon="-7.981812721118331">
        <ele>313.3</ele>
      </trkpt>
      <trkpt lat="40.605212515220046" lon="-7.981891008093953">
        <ele>312.9</ele>
      </trkpt>
      <trkpt lat="40.60516331344843" lon="-7.981972983106971">
        <ele>312.6</ele>
      </trkpt>
      <trkpt lat="40.60494261793792" lon="-7.982298117130995">
        <ele>311.3</ele>
      </trkpt>
      <trkpt lat="40.60477338731289" lon="-7.982527110725641">
        <ele>310.2</ele>
      </trkpt>
      <trkpt lat="40.60471982695162" lon="-7.982599949464202">
        <ele>309.9</ele>
      </trkpt>
      <trkpt lat="40.6043582316488" lon="-7.982957186177373">
        <ele>307.8</ele>
      </trkpt>
      <trkpt lat="40.604179948568344" lon="-7.983103198930621">
        <ele>308.7</ele>
      </trkpt>
      <trkpt lat="40.60395841486752" lon="-7.983293971046805">
        <ele>311.9</ele>
      </trkpt>
      <trkpt lat="40.60385129414499" lon="-7.983393967151642">
        <ele>312.7</ele>
      </trkpt>
      <trkpt lat="40.60369681566954" lon="-7.983549870550633">
        <ele>312.8</ele>
      </trkpt>
      <trkpt lat="40.603597573935986" lon="-7.983662355691195">
        <ele>312.3</ele>
      </trkpt>
      <trkpt lat="40.60340386815369" lon="-7.983899060636759">
        <ele>311.7</ele>
      </trkpt>
      <trkpt lat="40.603265315294266" lon="-7.984088910743594">
        <ele>311.9</ele>
      </trkpt>
      <trkpt lat="40.603083930909634" lon="-7.984343888238072">
        <ele>311.7</ele>
      </trkpt>
      <trkpt lat="40.60286298394203" lon="-7.984652761369944">
        <ele>311.4</ele>
      </trkpt>
      <trkpt lat="40.60270255431533" lon="-7.984897177666426">
        <ele>312.6</ele>
      </trkpt>
      <trkpt lat="40.60241237282753" lon="-7.985345609486103">
        <ele>320.6</ele>
      </trkpt>
      <trkpt lat="40.60227608308196" lon="-7.985609387978911">
        <ele>322.9</ele>
      </trkpt>
      <trkpt lat="40.60220265761018" lon="-7.985985819250345">
        <ele>324.2</ele>
      </trkpt>
      <trkpt lat="40.60213677585125" lon="-7.986727198585868">
        <ele>325</ele>
      </trkpt>
      <trkpt lat="40.60207458212972" lon="-7.987307980656624">
        <ele>328</ele>
      </trkpt>
      <trkpt lat="40.602034935727715" lon="-7.987489951774478">
        <ele>329</ele>
      </trkpt>
      <trkpt lat="40.60194315388799" lon="-7.987714922055602">
        <ele>330.3</ele>
      </trkpt>
      <trkpt lat="40.60175799764693" lon="-7.98791466280818">
        <ele>329.4</ele>
      </trkpt>
      <trkpt lat="40.601643584668636" lon="-7.987963780760765">
        <ele>328.9</ele>
      </trkpt>
      <trkpt lat="40.60151861049235" lon="-7.987991441041231">
        <ele>328.1</ele>
      </trkpt>
      <trkpt lat="40.60141735710204" lon="-7.988005606457591">
        <ele>328.4</ele>
      </trkpt>
      <trkpt lat="40.60134627856314" lon="-7.988018095493317">
        <ele>328.6</ele>
      </trkpt>
      <trkpt lat="40.60127536766231" lon="-7.988032763823867">
        <ele>328.9</ele>
      </trkpt>
      <trkpt lat="40.60120680369437" lon="-7.98805589787662">
        <ele>330</ele>
      </trkpt>
      <trkpt lat="40.601107981055975" lon="-7.988105770200491">
        <ele>331.4</ele>
      </trkpt>
      <trkpt lat="40.60102919116616" lon="-7.988204006105661">
        <ele>331.9</ele>
      </trkpt>
      <trkpt lat="40.60098518617451" lon="-7.988300146535039">
        <ele>332.1</ele>
      </trkpt>
      <trkpt lat="40.60094151645899" lon="-7.988421348854899">
        <ele>332.1</ele>
      </trkpt>
      <trkpt lat="40.60094746761024" lon="-7.988652437925339">
        <ele>329.3</ele>
      </trkpt>
      <trkpt lat="40.60097185894847" lon="-7.988735837861896">
        <ele>327.7</ele>
      </trkpt>
      <trkpt lat="40.601000944152474" lon="-7.988819237798452">
        <ele>326.3</ele>
      </trkpt>
      <trkpt lat="40.60107789002359" lon="-7.989067677408457">
        <ele>324</ele>
      </trkpt>
      <trkpt lat="40.60109356418252" lon="-7.98914747312665">
        <ele>324.3</ele>
      </trkpt>
      <trkpt lat="40.601098760962486" lon="-7.989302286878228">
        <ele>324.8</ele>
      </trkpt>
      <trkpt lat="40.601083002984524" lon="-7.989441510289908">
        <ele>325.1</ele>
      </trkpt>
      <trkpt lat="40.60106556862593" lon="-7.98950370401144">
        <ele>325.2</ele>
      </trkpt>
      <trkpt lat="40.600997088477015" lon="-7.989615267142654">
        <ele>325</ele>
      </trkpt>
      <trkpt lat="40.60089776292443" lon="-7.989714676514268">
        <ele>324</ele>
      </trkpt>
      <trkpt lat="40.60075895860791" lon="-7.989792712032795">
        <ele>322.2</ele>
      </trkpt>
      <trkpt lat="40.60061914846301" lon="-7.989883488044143">
        <ele>320</ele>
      </trkpt>
      <trkpt lat="40.60040691867471" lon="-7.990031512454152">
        <ele>316.1</ele>
      </trkpt>
      <trkpt lat="40.600294852629304" lon="-7.990161348134279">
        <ele>312.6</ele>
      </trkpt>
      <trkpt lat="40.60021799057722" lon="-7.990614306181669">
        <ele>304.6</ele>
      </trkpt>
      <trkpt lat="40.600377498194575" lon="-7.990921083837748">
        <ele>303.9</ele>
      </trkpt>
      <trkpt lat="40.600424939766526" lon="-7.990990653634071">
        <ele>303.9</ele>
      </trkpt>
      <trkpt lat="40.600573383271694" lon="-7.991217887029052">
        <ele>303.5</ele>
      </trkpt>
      <trkpt lat="40.60087219811976" lon="-7.991683501750231">
        <ele>300.5</ele>
      </trkpt>
      <trkpt lat="40.60106808319688" lon="-7.991970246657729">
        <ele>299.3</ele>
      </trkpt>
      <trkpt lat="40.60110823251307" lon="-7.99205188639462">
        <ele>299</ele>
      </trkpt>
      <trkpt lat="40.60112675651908" lon="-7.992527140304446">
        <ele>294.9</ele>
      </trkpt>
      <trkpt lat="40.60109691694379" lon="-7.992625795304775">
        <ele>294</ele>
      </trkpt>
      <trkpt lat="40.6009167060256" lon="-7.99309509806335">
        <ele>293.2</ele>
      </trkpt>
      <trkpt lat="40.6007266882807" lon="-7.993496088311076">
        <ele>297.1</ele>
      </trkpt>
      <trkpt lat="40.60068444348872" lon="-7.993558449670672">
        <ele>298.2</ele>
      </trkpt>
      <trkpt lat="40.60055217705667" lon="-7.993713347241283">
        <ele>301.1</ele>
      </trkpt>
      <trkpt lat="40.60045729391277" lon="-7.993794735521078">
        <ele>302.2</ele>
      </trkpt>
      <trkpt lat="40.600353106856346" lon="-7.993844021111727">
        <ele>302.6</ele>
      </trkpt>
      <trkpt lat="40.60029971413314" lon="-7.993857767432928">
        <ele>302.6</ele>
      </trkpt>
      <trkpt lat="40.60024715960026" lon="-7.993860198184848">
        <ele>302.5</ele>
      </trkpt>
      <trkpt lat="40.60019787400961" lon="-7.993854749947786">
        <ele>302.3</ele>
      </trkpt>
      <trkpt lat="40.60014808550477" lon="-7.993842847645283">
        <ele>302.1</ele>
      </trkpt>
      <trkpt lat="40.600057896226645" lon="-7.993804542347789">
        <ele>301.8</ele>
      </trkpt>
      <trkpt lat="40.59998438693583" lon="-7.993740923702717">
        <ele>302.2</ele>
      </trkpt>
      <trkpt lat="40.599992" lon="-7.993728">
        <ele>304</ele>
      </trkpt>
      <trkpt lat="40.599906" lon="-7.993637">
        <ele>305.25</ele>
      </trkpt>
      <trkpt lat="40.599841" lon="-7.99345">
        <ele>306.25</ele>
      </trkpt>
      <trkpt lat="40.59982" lon="-7.993176">
        <ele>306.5</ele>
      </trkpt>
      <trkpt lat="40.599818" lon="-7.993046">
        <ele>306.75</ele>
      </trkpt>
      <trkpt lat="40.599818" lon="-7.993046">
        <ele>306.5</ele>
      </trkpt>
      <trkpt lat="40.599816" lon="-7.992908">
        <ele>306.75</ele>
      </trkpt>
      <trkpt lat="40.599767" lon="-7.99272">
        <ele>307.75</ele>
      </trkpt>
      <trkpt lat="40.599617" lon="-7.992421">
        <ele>308.25</ele>
      </trkpt>
      <trkpt lat="40.599617" lon="-7.992421">
        <ele>307.75</ele>
      </trkpt>
      <trkpt lat="40.599315" lon="-7.991818">
        <ele>308.25</ele>
      </trkpt>
      <trkpt lat="40.599315" lon="-7.991818">
        <ele>308</ele>
      </trkpt>
      <trkpt lat="40.599295" lon="-7.991776">
        <ele>308.25</ele>
      </trkpt>
      <trkpt lat="40.599152" lon="-7.991712">
        <ele>309.5</ele>
      </trkpt>
      <trkpt lat="40.599018" lon="-7.991749">
        <ele>308.5</ele>
      </trkpt>
      <trkpt lat="40.598989" lon="-7.991781">
        <ele>309.75</ele>
      </trkpt>
      <trkpt lat="40.598988" lon="-7.991782">
        <ele>308.75</ele>
      </trkpt>
      <trkpt lat="40.598875" lon="-7.99191">
        <ele>309.75</ele>
      </trkpt>
      <trkpt lat="40.598566" lon="-7.992366">
        <ele>315</ele>
      </trkpt>
      <trkpt lat="40.598369" lon="-7.992708">
        <ele>319.25</ele>
      </trkpt>
      <trkpt lat="40.598369" lon="-7.99271">
        <ele>318.5</ele>
      </trkpt>
      <trkpt lat="40.598338" lon="-7.992763">
        <ele>319.25</ele>
      </trkpt>
      <trkpt lat="40.598264" lon="-7.992983">
        <ele>321.25</ele>
      </trkpt>
      <trkpt lat="40.598146" lon="-7.993755">
        <ele>327</ele>
      </trkpt>
      <trkpt lat="40.597983" lon="-7.994249">
        <ele>330</ele>
      </trkpt>
      <trkpt lat="40.597915" lon="-7.994353">
        <ele>332.25</ele>
      </trkpt>
      <trkpt lat="40.597837" lon="-7.994474">
        <ele>332.25</ele>
      </trkpt>
      <trkpt lat="40.597718" lon="-7.994512">
        <ele>333</ele>
      </trkpt>
      <trkpt lat="40.597592" lon="-7.99449">
        <ele>333.5</ele>
      </trkpt>
      <trkpt lat="40.597478" lon="-7.994383">
        <ele>332.75</ele>
      </trkpt>
      <trkpt lat="40.597156" lon="-7.993981">
        <ele>330.5</ele>
      </trkpt>
      <trkpt lat="40.59701" lon="-7.993895">
        <ele>330.75</ele>
      </trkpt>
      <trkpt lat="40.596831" lon="-7.993895">
        <ele>332.5</ele>
      </trkpt>
      <trkpt lat="40.596766" lon="-7.993953">
        <ele>334.5</ele>
      </trkpt>
      <trkpt lat="40.596778308972716" lon="-7.993974862620235">
        <ele>337.9</ele>
      </trkpt>
      <trkpt lat="40.59668552130461" lon="-7.994184410199523">
        <ele>340.6</ele>
      </trkpt>
      <trkpt lat="40.596672277897596" lon="-7.99422430805862">
        <ele>340.6</ele>
      </trkpt>
      <trkpt lat="40.59658946469426" lon="-7.994640218093991">
        <ele>341.1</ele>
      </trkpt>
      <trkpt lat="40.59655912220478" lon="-7.994826212525368">
        <ele>341.3</ele>
      </trkpt>
      <trkpt lat="40.59654428623617" lon="-7.994886729866266">
        <ele>341.3</ele>
      </trkpt>
      <trkpt lat="40.59650522656739" lon="-7.994989324361086">
        <ele>341.2</ele>
      </trkpt>
      <trkpt lat="40.596435740590096" lon="-7.995123686268926">
        <ele>341</ele>
      </trkpt>
      <trkpt lat="40.59634848497808" lon="-7.995336754247546">
        <ele>342.5</ele>
      </trkpt>
      <trkpt lat="40.59625846333802" lon="-7.995588295161724">
        <ele>344.9</ele>
      </trkpt>
      <trkpt lat="40.596152767539024" lon="-7.995782252401114">
        <ele>347.7</ele>
      </trkpt>
      <trkpt lat="40.595973981544375" lon="-7.99587344750762">
        <ele>350.5</ele>
      </trkpt>
      <trkpt lat="40.595770217478275" lon="-7.995801279321313">
        <ele>350.8</ele>
      </trkpt>
      <trkpt lat="40.59559168294072" lon="-7.995721399784088">
        <ele>350.6</ele>
      </trkpt>
      <trkpt lat="40.595343662425876" lon="-7.995687369257212">
        <ele>351.9</ele>
      </trkpt>
      <trkpt lat="40.595158506184816" lon="-7.995703043416143">
        <ele>352.5</ele>
      </trkpt>
      <trkpt lat="40.59500629082322" lon="-7.995736403390765">
        <ele>352.3</ele>
      </trkpt>
      <trkpt lat="40.594876203686" lon="-7.995760207995772">
        <ele>351.3</ele>
      </trkpt>
      <trkpt lat="40.594707475975156" lon="-7.995831035077572">
        <ele>350.5</ele>
      </trkpt>
      <trkpt lat="40.59456238523126" lon="-7.995971851050854">
        <ele>350.5</ele>
      </trkpt>
      <trkpt lat="40.59444629587233" lon="-7.99618081189692">
        <ele>350.6</ele>
      </trkpt>
      <trkpt lat="40.59436314739287" lon="-7.996460851281881">
        <ele>350.9</ele>
      </trkpt>
      <trkpt lat="40.59435945935547" lon="-7.996789673343301">
        <ele>353.2</ele>
      </trkpt>
      <trkpt lat="40.59440924786031" lon="-7.996982038021088">
        <ele>356.7</ele>
      </trkpt>
      <trkpt lat="40.59443506412208" lon="-7.997055631130934">
        <ele>357.9</ele>
      </trkpt>
      <trkpt lat="40.59455685317516" lon="-7.997275991365314">
        <ele>361.6</ele>
      </trkpt>
      <trkpt lat="40.594666404649615" lon="-7.997445138171315">
        <ele>364.2</ele>
      </trkpt>
      <trkpt lat="40.59475449845195" lon="-7.997644459828734">
        <ele>366.3</ele>
      </trkpt>
      <trkpt lat="40.594795402139425" lon="-7.997853253036737">
        <ele>367.6</ele>
      </trkpt>
      <trkpt lat="40.594823230057955" lon="-7.998110158368945">
        <ele>368.6</ele>
      </trkpt>
      <trkpt lat="40.59482482261956" lon="-7.998359017074108">
        <ele>368.9</ele>
      </trkpt>
      <trkpt lat="40.594798838719726" lon="-7.998583652079105">
        <ele>368.7</ele>
      </trkpt>
      <trkpt lat="40.59478484094143" lon="-7.998825805261731">
        <ele>369.1</ele>
      </trkpt>
      <trkpt lat="40.594788109883666" lon="-7.999050691723824">
        <ele>370.2</ele>
      </trkpt>
      <trkpt lat="40.59480554424226" lon="-7.999318661168218">
        <ele>372</ele>
      </trkpt>
      <trkpt lat="40.59484250843525" lon="-7.999561987817287">
        <ele>373.5</ele>
      </trkpt>
      <trkpt lat="40.59487100690603" lon="-7.999885277822614">
        <ele>374.1</ele>
      </trkpt>
      <trkpt lat="40.59484854340553" lon="-8.000207478180528">
        <ele>374.3</ele>
      </trkpt>
      <trkpt lat="40.594754330813885" lon="-8.000570749863982">
        <ele>374.5</ele>
      </trkpt>
      <trkpt lat="40.59468233026564" lon="-8.000890268012881">
        <ele>375.7</ele>
      </trkpt>
      <trkpt lat="40.594620974734426" lon="-8.00117064267397">
        <ele>376.1</ele>
      </trkpt>
      <trkpt lat="40.59452265501022" lon="-8.001550929620862">
        <ele>377.1</ele>
      </trkpt>
      <trkpt lat="40.59439893811941" lon="-8.00193733535707">
        <ele>380.5</ele>
      </trkpt>
      <trkpt lat="40.594368344172835" lon="-8.001999277621508">
        <ele>381.2</ele>
      </trkpt>
      <trkpt lat="40.59434571303427" lon="-8.00216649658978">
        <ele>382.9</ele>
      </trkpt>
      <trkpt lat="40.59430422261357" lon="-8.002319885417819">
        <ele>384</ele>
      </trkpt>
      <trkpt lat="40.59424479492009" lon="-8.002544101327658">
        <ele>385.8</ele>
      </trkpt>
      <trkpt lat="40.59422702528536" lon="-8.002612665295601">
        <ele>386.5</ele>
      </trkpt>
      <trkpt lat="40.59414144605398" lon="-8.00290871411562">
        <ele>389.1</ele>
      </trkpt>
      <trkpt lat="40.594032146036625" lon="-8.003267208114266">
        <ele>393.2</ele>
      </trkpt>
      <trkpt lat="40.59393843635917" lon="-8.00355571322143">
        <ele>398.2</ele>
      </trkpt>
      <trkpt lat="40.59390482492745" lon="-8.003664845600724">
        <ele>399.9</ele>
      </trkpt>
      <trkpt lat="40.59381111524999" lon="-8.003936922177672">
        <ele>403.1</ele>
      </trkpt>
      <trkpt lat="40.593681279569864" lon="-8.004307989031076">
        <ele>406.2</ele>
      </trkpt>
      <trkpt lat="40.59359461069107" lon="-8.004557015374303">
        <ele>406.8</ele>
      </trkpt>
      <trkpt lat="40.59355454519391" lon="-8.0046780500561">
        <ele>406.7</ele>
      </trkpt>
      <trkpt lat="40.59348807670176" lon="-8.004862871021032">
        <ele>406.5</ele>
      </trkpt>
      <trkpt lat="40.59346502646804" lon="-8.004936212673783">
        <ele>406.4</ele>
      </trkpt>
      <trkpt lat="40.59342202730477" lon="-8.005069987848401">
        <ele>405.5</ele>
      </trkpt>
      <trkpt lat="40.59338095597923" lon="-8.005206193774939">
        <ele>404.2</ele>
      </trkpt>
      <trkpt lat="40.59335748665035" lon="-8.00528297200799">
        <ele>403.3</ele>
      </trkpt>
      <trkpt lat="40.593330916017294" lon="-8.005363689735532">
        <ele>402.8</ele>
      </trkpt>
      <trkpt lat="40.593297220766544" lon="-8.005502158775926">
        <ele>402</ele>
      </trkpt>
      <trkpt lat="40.59328515082598" lon="-8.005555970594287">
        <ele>401.8</ele>
      </trkpt>
      <trkpt lat="40.593247348442674" lon="-8.005661414936185">
        <ele>401.7</ele>
      </trkpt>
      <trkpt lat="40.593210719525814" lon="-8.005772139877081">
        <ele>401.6</ele>
      </trkpt>
      <trkpt lat="40.59317777864635" lon="-8.005885714665055">
        <ele>401.3</ele>
      </trkpt>
      <trkpt lat="40.59283881448209" lon="-8.006462305784225">
        <ele>397.8</ele>
      </trkpt>
      <trkpt lat="40.592772932723165" lon="-8.00655484199524">
        <ele>396.8</ele>
      </trkpt>
      <trkpt lat="40.59267830103636" lon="-8.006708147004247">
        <ele>395.4</ele>
      </trkpt>
      <trkpt lat="40.592571683228016" lon="-8.006849633529782">
        <ele>393.7</ele>
      </trkpt>
      <trkpt lat="40.59243757277727" lon="-8.007014421746135">
        <ele>392.7</ele>
      </trkpt>
      <trkpt lat="40.59227638877928" lon="-8.007239727303386">
        <ele>391.1</ele>
      </trkpt>
      <trkpt lat="40.59211218729615" lon="-8.007471654564142">
        <ele>388.9</ele>
      </trkpt>
      <trkpt lat="40.59191848151386" lon="-8.007746245712042">
        <ele>386.7</ele>
      </trkpt>
      <trkpt lat="40.591668114066124" lon="-8.00809996202588">
        <ele>383.5</ele>
      </trkpt>
      <trkpt lat="40.59138799086213" lon="-8.008425934240222">
        <ele>380</ele>
      </trkpt>
      <trkpt lat="40.59091608971357" lon="-8.008742267265916">
        <ele>376.5</ele>
      </trkpt>
      <trkpt lat="40.59077334590256" lon="-8.008851651102304">
        <ele>375.3</ele>
      </trkpt>
      <trkpt lat="40.59064828790724" lon="-8.009001100435853">
        <ele>375</ele>
      </trkpt>
      <trkpt lat="40.59055717661977" lon="-8.009172845631838">
        <ele>375.2</ele>
      </trkpt>
      <trkpt lat="40.59052063152194" lon="-8.009259598329663">
        <ele>375.5</ele>
      </trkpt>
      <trkpt lat="40.590353328734636" lon="-8.009688081219792">
        <ele>377.1</ele>
      </trkpt>
      <trkpt lat="40.590330362319946" lon="-8.009745832532644">
        <ele>377.1</ele>
      </trkpt>
      <trkpt lat="40.59029088355601" lon="-8.009857814759016">
        <ele>377.2</ele>
      </trkpt>
      <trkpt lat="40.59024889022112" lon="-8.009966108947992">
        <ele>377.4</ele>
      </trkpt>
      <trkpt lat="40.590168591588736" lon="-8.010113211348653">
        <ele>377.9</ele>
      </trkpt>
      <trkpt lat="40.590094327926636" lon="-8.010243214666843">
        <ele>378.2</ele>
      </trkpt>
      <trkpt lat="40.59003280475736" lon="-8.010313203558326">
        <ele>378.5</ele>
      </trkpt>
      <trkpt lat="40.58992945589125" lon="-8.010403141379356">
        <ele>379.2</ele>
      </trkpt>
      <trkpt lat="40.58986592106521" lon="-8.010451002046466">
        <ele>380</ele>
      </trkpt>
      <trkpt lat="40.5896713770926" lon="-8.01058704033494">
        <ele>382.1</ele>
      </trkpt>
      <trkpt lat="40.589477168396115" lon="-8.010698268190026">
        <ele>383.6</ele>
      </trkpt>
      <trkpt lat="40.58943492360413" lon="-8.010731460526586">
        <ele>384.1</ele>
      </trkpt>
      <trkpt lat="40.5891948658973" lon="-8.010878562927246">
        <ele>386.3</ele>
      </trkpt>
      <trkpt lat="40.5889839772135" lon="-8.010954754427075">
        <ele>388.5</ele>
      </trkpt>
      <trkpt lat="40.588655825704336" lon="-8.011010577902198">
        <ele>391.9</ele>
      </trkpt>
      <trkpt lat="40.588606959208846" lon="-8.011013930663466">
        <ele>392.2</ele>
      </trkpt>
      <trkpt lat="40.58833312243223" lon="-8.011073358356953">
        <ele>394.1</ele>
      </trkpt>
      <trkpt lat="40.588236059993505" lon="-8.011117866262794">
        <ele>394.6</ele>
      </trkpt>
      <trkpt lat="40.587967336177826" lon="-8.011344596743584">
        <ele>394.6</ele>
      </trkpt>
      <trkpt lat="40.587936993688345" lon="-8.01148222759366">
        <ele>394.5</ele>
      </trkpt>
      <trkpt lat="40.58793489821255" lon="-8.01160049624741">
        <ele>394.4</ele>
      </trkpt>
      <trkpt lat="40.587924253195524" lon="-8.012185469269753">
        <ele>394.9</ele>
      </trkpt>
      <trkpt lat="40.587866082787514" lon="-8.01243793219328">
        <ele>394.7</ele>
      </trkpt>
      <trkpt lat="40.587765919044614" lon="-8.012728448957205">
        <ele>395.3</ele>
      </trkpt>
      <trkpt lat="40.58754966594279" lon="-8.013189118355513">
        <ele>396.1</ele>
      </trkpt>
      <trkpt lat="40.587225118651986" lon="-8.01357351243496">
        <ele>397</ele>
      </trkpt>
      <trkpt lat="40.58683686889708" lon="-8.013967126607895">
        <ele>397.5</ele>
      </trkpt>
      <trkpt lat="40.58676897548139" lon="-8.014031248167157">
        <ele>397.2</ele>
      </trkpt>
      <trkpt lat="40.58658180758357" lon="-8.014240209013224">
        <ele>396.4</ele>
      </trkpt>
      <trkpt lat="40.586527828127146" lon="-8.014305252581835">
        <ele>396</ele>
      </trkpt>
      <trkpt lat="40.58641232550144" lon="-8.014437686651945">
        <ele>395.4</ele>
      </trkpt>
      <trkpt lat="40.586317609995604" lon="-8.014538688585162">
        <ele>394.9</ele>
      </trkpt>
      <trkpt lat="40.586217446252704" lon="-8.014646647498012">
        <ele>394.4</ele>
      </trkpt>
      <trkpt lat="40.58602617122233" lon="-8.014847645536065">
        <ele>393.5</ele>
      </trkpt>
      <trkpt lat="40.585632557049394" lon="-8.015262130647898">
        <ele>390.3</ele>
      </trkpt>
      <trkpt lat="40.58526635169983" lon="-8.015642501413822">
        <ele>385.6</ele>
      </trkpt>
      <trkpt lat="40.58483845554292" lon="-8.016091855242848">
        <ele>383.5</ele>
      </trkpt>
      <trkpt lat="40.58441282249987" lon="-8.016547076404095">
        <ele>386.2</ele>
      </trkpt>
      <trkpt lat="40.58404955081642" lon="-8.016905570402741">
        <ele>388.5</ele>
      </trkpt>
      <trkpt lat="40.58401099406183" lon="-8.01694555208087">
        <ele>388.7</ele>
      </trkpt>
      <trkpt lat="40.58397168293595" lon="-8.016982600092888">
        <ele>388.9</ele>
      </trkpt>
      <trkpt lat="40.583930695429444" lon="-8.017016965895891">
        <ele>389</ele>
      </trkpt>
      <trkpt lat="40.58388886973262" lon="-8.017051415517926">
        <ele>389.1</ele>
      </trkpt>
      <trkpt lat="40.583846708759665" lon="-8.0170872900635">
        <ele>389.2</ele>
      </trkpt>
      <trkpt lat="40.583759704604745" lon="-8.01715711131692">
        <ele>389.7</ele>
      </trkpt>
      <trkpt lat="40.5836654920131" lon="-8.017220478504896">
        <ele>389.8</ele>
      </trkpt>
      <trkpt lat="40.583521323278546" lon="-8.017296334728599">
        <ele>389.2</ele>
      </trkpt>
      <trkpt lat="40.58337329886854" lon="-8.01735701970756">
        <ele>388.4</ele>
      </trkpt>
      <trkpt lat="40.58292092755437" lon="-8.017469253391027">
        <ele>387.5</ele>
      </trkpt>
      <trkpt lat="40.58261691592634" lon="-8.017526501789689">
        <ele>388.4</ele>
      </trkpt>
      <trkpt lat="40.582100255414844" lon="-8.017614847049117">
        <ele>392.6</ele>
      </trkpt>
      <trkpt lat="40.5815514922142" lon="-8.017765386030078">
        <ele>393</ele>
      </trkpt>
      <trkpt lat="40.58100490830839" lon="-8.018098063766956">
        <ele>384.8</ele>
      </trkpt>
      <trkpt lat="40.58072377927601" lon="-8.018268886953592">
        <ele>382.1</ele>
      </trkpt>
      <trkpt lat="40.58025053702295" lon="-8.01854926161468">
        <ele>380.2</ele>
      </trkpt>
      <trkpt lat="40.58008155785501" lon="-8.018651185557246">
        <ele>379.3</ele>
      </trkpt>
      <trkpt lat="40.57990897446871" lon="-8.01875352859497">
        <ele>379</ele>
      </trkpt>
      <trkpt lat="40.57973060756922" lon="-8.018857715651393">
        <ele>379.3</ele>
      </trkpt>
      <trkpt lat="40.57920263148844" lon="-8.019187459722161">
        <ele>378.7</ele>
      </trkpt>
      <trkpt lat="40.578671554103494" lon="-8.019520556554198">
        <ele>375.7</ele>
      </trkpt>
      <trkpt lat="40.57841297239065" lon="-8.01968433894217">
        <ele>373.5</ele>
      </trkpt>
      <trkpt lat="40.578076941892505" lon="-8.01992230117321">
        <ele>371.9</ele>
      </trkpt>
      <trkpt lat="40.577637143433094" lon="-8.020393699407578">
        <ele>369.1</ele>
      </trkpt>
      <trkpt lat="40.5773863568902" lon="-8.020752528682351">
        <ele>367.5</ele>
      </trkpt>
      <trkpt lat="40.577198350802064" lon="-8.021019659936428">
        <ele>367.2</ele>
      </trkpt>
      <trkpt lat="40.57682979851961" lon="-8.021545121446252">
        <ele>368</ele>
      </trkpt>
      <trkpt lat="40.57640751823783" lon="-8.022000761702657">
        <ele>364.7</ele>
      </trkpt>
      <trkpt lat="40.57606210000813" lon="-8.022170914337039">
        <ele>362.6</ele>
      </trkpt>
      <trkpt lat="40.575527250766754" lon="-8.022381300106645">
        <ele>361.2</ele>
      </trkpt>
      <trkpt lat="40.57516247034073" lon="-8.022498227655888">
        <ele>362.4</ele>
      </trkpt>
      <trkpt lat="40.57461873628199" lon="-8.022667961195111">
        <ele>361.5</ele>
      </trkpt>
      <trkpt lat="40.57408221065998" lon="-8.022897122427821">
        <ele>359.1</ele>
      </trkpt>
      <trkpt lat="40.57390325702727" lon="-8.022980438545346">
        <ele>357.5</ele>
      </trkpt>
      <trkpt lat="40.57337989099324" lon="-8.023233320564032">
        <ele>353.3</ele>
      </trkpt>
      <trkpt lat="40.57284797541797" lon="-8.023503050208092">
        <ele>350.1</ele>
      </trkpt>
      <trkpt lat="40.57233399711549" lon="-8.02377705462277">
        <ele>348.1</ele>
      </trkpt>
      <trkpt lat="40.57216032408178" lon="-8.023865148425102">
        <ele>347.9</ele>
      </trkpt>
      <trkpt lat="40.5715961381793" lon="-8.024162370711565">
        <ele>347.4</ele>
      </trkpt>
      <trkpt lat="40.57106698863208" lon="-8.024419527500868">
        <ele>344.9</ele>
      </trkpt>
      <trkpt lat="40.57049693539739" lon="-8.024687999859452">
        <ele>346.7</ele>
      </trkpt>
      <trkpt lat="40.5702905729413" lon="-8.024751031771302">
        <ele>349.3</ele>
      </trkpt>
      <trkpt lat="40.57008236646652" lon="-8.02477391436696">
        <ele>347.4</ele>
      </trkpt>
      <trkpt lat="40.56956092827022" lon="-8.024672828614712">
        <ele>342.6</ele>
      </trkpt>
      <trkpt lat="40.56904083117843" lon="-8.024501083418727">
        <ele>342.8</ele>
      </trkpt>
      <trkpt lat="40.568740759044886" lon="-8.024417851120234">
        <ele>343.2</ele>
      </trkpt>
      <trkpt lat="40.568172382190824" lon="-8.024251302704215">
        <ele>348</ele>
      </trkpt>
      <trkpt lat="40.567909106612206" lon="-8.024171171709895">
        <ele>349</ele>
      </trkpt>
      <trkpt lat="40.56757802143693" lon="-8.024082658812404">
        <ele>347.9</ele>
      </trkpt>
      <trkpt lat="40.567373502999544" lon="-8.024049047380686">
        <ele>347.5</ele>
      </trkpt>
      <trkpt lat="40.56709229014814" lon="-8.024104200303555">
        <ele>348.1</ele>
      </trkpt>
      <trkpt lat="40.56669356301427" lon="-8.02432531490922">
        <ele>349</ele>
      </trkpt>
      <trkpt lat="40.566198863089085" lon="-8.02463804371655">
        <ele>347.7</ele>
      </trkpt>
      <trkpt lat="40.565912034362555" lon="-8.02488137036562">
        <ele>348</ele>
      </trkpt>
      <trkpt lat="40.565568041056395" lon="-8.025481849908829">
        <ele>350.6</ele>
      </trkpt>
      <trkpt lat="40.56547190062702" lon="-8.025683350861073">
        <ele>351.1</ele>
      </trkpt>
      <trkpt lat="40.56517593562603" lon="-8.026291206479073">
        <ele>351.3</ele>
      </trkpt>
      <trkpt lat="40.56499237194657" lon="-8.026648191735148">
        <ele>352.3</ele>
      </trkpt>
      <trkpt lat="40.56479623541236" lon="-8.027037531137466">
        <ele>354</ele>
      </trkpt>
      <trkpt lat="40.56461485102773" lon="-8.02737188525498">
        <ele>352.8</ele>
      </trkpt>
      <trkpt lat="40.564472526311874" lon="-8.027646644040942">
        <ele>349.2</ele>
      </trkpt>
      <trkpt lat="40.56421008892357" lon="-8.028143104165792">
        <ele>342.3</ele>
      </trkpt>
      <trkpt lat="40.5638787522912" lon="-8.028777865692973">
        <ele>341.8</ele>
      </trkpt>
      <trkpt lat="40.56377397850156" lon="-8.028986658900976">
        <ele>342.5</ele>
      </trkpt>
      <trkpt lat="40.56345337070525" lon="-8.02960591390729">
        <ele>343.6</ele>
      </trkpt>
      <trkpt lat="40.563131254166365" lon="-8.030216451734304">
        <ele>340.4</ele>
      </trkpt>
      <trkpt lat="40.56281064637005" lon="-8.030814751982689">
        <ele>334.7</ele>
      </trkpt>
      <trkpt lat="40.56250562891364" lon="-8.031215658411384">
        <ele>339.8</ele>
      </trkpt>
      <trkpt lat="40.5620276927948" lon="-8.031555879861116">
        <ele>342</ele>
      </trkpt>
      <trkpt lat="40.56163240224123" lon="-8.031791998073459">
        <ele>345.3</ele>
      </trkpt>
      <trkpt lat="40.561124542728066" lon="-8.032091483473778">
        <ele>347.4</ele>
      </trkpt>
      <trkpt lat="40.560590866953135" lon="-8.03239163942635">
        <ele>345.4</ele>
      </trkpt>
      <trkpt lat="40.56005065329373" lon="-8.032708056271076">
        <ele>341.4</ele>
      </trkpt>
      <trkpt lat="40.559503231197596" lon="-8.033017683774233">
        <ele>341.4</ele>
      </trkpt>
      <trkpt lat="40.558970058336854" lon="-8.033220106735826">
        <ele>342.4</ele>
      </trkpt>
      <trkpt lat="40.55850410833955" lon="-8.033301997929811">
        <ele>341.7</ele>
      </trkpt>
      <trkpt lat="40.557955680415034" lon="-8.03338791243732">
        <ele>340.6</ele>
      </trkpt>
      <trkpt lat="40.55788669735193" lon="-8.033397467806935">
        <ele>340.8</ele>
      </trkpt>
      <trkpt lat="40.557316141203046" lon="-8.033478017896414">
        <ele>341</ele>
      </trkpt>
      <trkpt lat="40.557028725743294" lon="-8.033516239374876">
        <ele>340.4</ele>
      </trkpt>
      <trkpt lat="40.55651457980275" lon="-8.033601315692067">
        <ele>339.2</ele>
      </trkpt>
      <trkpt lat="40.55594477802515" lon="-8.033827124163508">
        <ele>338.7</ele>
      </trkpt>
      <trkpt lat="40.55544789880514" lon="-8.034172039479017">
        <ele>339.7</ele>
      </trkpt>
      <trkpt lat="40.554945236071944" lon="-8.034556098282337">
        <ele>338.4</ele>
      </trkpt>
      <trkpt lat="40.55442279204726" lon="-8.034937223419547">
        <ele>338.7</ele>
      </trkpt>
      <trkpt lat="40.55389833636582" lon="-8.035339806228876">
        <ele>337.7</ele>
      </trkpt>
      <trkpt lat="40.553425597026944" lon="-8.035687487572432">
        <ele>337.3</ele>
      </trkpt>
      <trkpt lat="40.552925281226635" lon="-8.03597079589963">
        <ele>336.1</ele>
      </trkpt>
      <trkpt lat="40.5527216847986" lon="-8.036067690700293">
        <ele>335.8</ele>
      </trkpt>
      <trkpt lat="40.55220192298293" lon="-8.036302886903286">
        <ele>336.5</ele>
      </trkpt>
      <trkpt lat="40.55168140679598" lon="-8.036540346220136">
        <ele>336.4</ele>
      </trkpt>
      <trkpt lat="40.551157454028726" lon="-8.036824995651841">
        <ele>337.2</ele>
      </trkpt>
      <trkpt lat="40.550766941159964" lon="-8.037120457738638">
        <ele>336.2</ele>
      </trkpt>
      <trkpt lat="40.55069795809686" lon="-8.037169240415096">
        <ele>336</ele>
      </trkpt>
      <trkpt lat="40.550214825198054" lon="-8.037551203742623">
        <ele>332.4</ele>
      </trkpt>
      <trkpt lat="40.549701852723956" lon="-8.037947164848447">
        <ele>330.8</ele>
      </trkpt>
      <trkpt lat="40.54919147863984" lon="-8.03834899328649">
        <ele>327.9</ele>
      </trkpt>
      <trkpt lat="40.54889174178243" lon="-8.038583351299167">
        <ele>326.5</ele>
      </trkpt>
      <trkpt lat="40.5487428791821" lon="-8.03870128467679">
        <ele>325.9</ele>
      </trkpt>
      <trkpt lat="40.54825245402753" lon="-8.039080314338207">
        <ele>323.8</ele>
      </trkpt>
      <trkpt lat="40.547997979447246" lon="-8.039286090061069">
        <ele>323.5</ele>
      </trkpt>
      <trkpt lat="40.54783092811704" lon="-8.039422631263733">
        <ele>324.5</ele>
      </trkpt>
      <trkpt lat="40.54774216376245" lon="-8.039497481659055">
        <ele>325.4</ele>
      </trkpt>
      <trkpt lat="40.54726850241423" lon="-8.039947338402271">
        <ele>330.3</ele>
      </trkpt>
      <trkpt lat="40.546950828284025" lon="-8.040263671427965">
        <ele>329.2</ele>
      </trkpt>
      <trkpt lat="40.54681470617652" lon="-8.040400547906756">
        <ele>326.8</ele>
      </trkpt>
      <trkpt lat="40.54631472565234" lon="-8.040895164012909">
        <ele>322.6</ele>
      </trkpt>
      <trkpt lat="40.54588205181062" lon="-8.041323479264975">
        <ele>320.2</ele>
      </trkpt>
      <trkpt lat="40.54566504433751" lon="-8.041541408747435">
        <ele>317.4</ele>
      </trkpt>
      <trkpt lat="40.545166321098804" lon="-8.042042562738061">
        <ele>315.4</ele>
      </trkpt>
      <trkpt lat="40.544964065775275" lon="-8.042245907709002">
        <ele>314.9</ele>
      </trkpt>
      <trkpt lat="40.54451932199299" lon="-8.042712360620499">
        <ele>313.6</ele>
      </trkpt>
      <trkpt lat="40.54427289403975" lon="-8.042976977303624">
        <ele>313.9</ele>
      </trkpt>
      <trkpt lat="40.54383996874094" lon="-8.043456757441163">
        <ele>312.9</ele>
      </trkpt>
      <trkpt lat="40.543583147227764" lon="-8.043745597824454">
        <ele>311.4</ele>
      </trkpt>
      <trkpt lat="40.543280225247145" lon="-8.044075090438128">
        <ele>309.2</ele>
      </trkpt>
      <trkpt lat="40.54316648282111" lon="-8.044198974967003">
        <ele>308.4</ele>
      </trkpt>
      <trkpt lat="40.54290018975735" lon="-8.044511452317238">
        <ele>307.3</ele>
      </trkpt>
      <trkpt lat="40.54284084588289" lon="-8.04456484504044">
        <ele>307.1</ele>
      </trkpt>
      <trkpt lat="40.542402137070894" lon="-8.045007912442088">
        <ele>306.7</ele>
      </trkpt>
      <trkpt lat="40.542307421565056" lon="-8.045120732858777">
        <ele>306.7</ele>
      </trkpt>
      <trkpt lat="40.54215956479311" lon="-8.045300524681807">
        <ele>306.6</ele>
      </trkpt>
      <trkpt lat="40.54189561866224" lon="-8.045581318438053">
        <ele>305.4</ele>
      </trkpt>
      <trkpt lat="40.54164173081517" lon="-8.045895472168922">
        <ele>305.5</ele>
      </trkpt>
      <trkpt lat="40.541530922055244" lon="-8.04602338001132">
        <ele>305.5</ele>
      </trkpt>
      <trkpt lat="40.54123445414007" lon="-8.046367624774575">
        <ele>302</ele>
      </trkpt>
      <trkpt lat="40.541099505499005" lon="-8.046518499031663">
        <ele>300.4</ele>
      </trkpt>
      <trkpt lat="40.54070287384093" lon="-8.04695812985301">
        <ele>298.1</ele>
      </trkpt>
      <trkpt lat="40.540320659056306" lon="-8.04738661274314">
        <ele>296.1</ele>
      </trkpt>
      <trkpt lat="40.540134999901056" lon="-8.047597585245967">
        <ele>295.7</ele>
      </trkpt>
      <trkpt lat="40.53995436988771" lon="-8.047809479758143">
        <ele>295.6</ele>
      </trkpt>
      <trkpt lat="40.539725208655" lon="-8.04810100235045">
        <ele>295.1</ele>
      </trkpt>
      <trkpt lat="40.539380544796586" lon="-8.048643060028553">
        <ele>295</ele>
      </trkpt>
      <trkpt lat="40.53908357396722" lon="-8.049232978373766">
        <ele>295.7</ele>
      </trkpt>
      <trkpt lat="40.53903370164335" lon="-8.049368932843208">
        <ele>296.1</ele>
      </trkpt>
      <trkpt lat="40.53898634389043" lon="-8.049591137096286">
        <ele>297.2</ele>
      </trkpt>
      <trkpt lat="40.53892792202532" lon="-8.049722146242857">
        <ele>298</ele>
      </trkpt>
      <trkpt lat="40.53885340690613" lon="-8.049676129594445">
        <ele>297.7</ele>
      </trkpt>
      <trkpt lat="40.538820549845695" lon="-8.049597004428506">
        <ele>297.4</ele>
      </trkpt>
      <trkpt lat="40.538749136030674" lon="-8.049560710787773">
        <ele>297.3</ele>
      </trkpt>
      <trkpt lat="40.538651403039694" lon="-8.049586778506637">
        <ele>297.4</ele>
      </trkpt>
      <trkpt lat="40.53855350241065" lon="-8.049667412415147">
        <ele>297.5</ele>
      </trkpt>
      <trkpt lat="40.53847027011216" lon="-8.049782663583755">
        <ele>297.5</ele>
      </trkpt>
      <trkpt lat="40.5383937433362" lon="-8.049900345504284">
        <ele>297.6</ele>
      </trkpt>
      <trkpt lat="40.53832626901567" lon="-8.050015596672893">
        <ele>297.7</ele>
      </trkpt>
      <trkpt lat="40.53826130926609" lon="-8.05012539960444">
        <ele>297.9</ele>
      </trkpt>
      <trkpt lat="40.53820062428713" lon="-8.050224808976054">
        <ele>298.2</ele>
      </trkpt>
      <trkpt lat="40.538145303726196" lon="-8.050325391814113">
        <ele>298.5</ele>
      </trkpt>
      <trkpt lat="40.53808780387044" lon="-8.050423376262188">
        <ele>298.7</ele>
      </trkpt>
      <trkpt lat="40.53802980110049" lon="-8.050515409559011">
        <ele>298.9</ele>
      </trkpt>
      <trkpt lat="40.5379740614444" lon="-8.05060082115233">
        <ele>299.2</ele>
      </trkpt>
      <trkpt lat="40.53791329264641" lon="-8.050679359585047">
        <ele>299.6</ele>
      </trkpt>
      <trkpt lat="40.53784556686878" lon="-8.050751443952322">
        <ele>300.1</ele>
      </trkpt>
      <trkpt lat="40.53777071647346" lon="-8.050820091739297">
        <ele>300.7</ele>
      </trkpt>
      <trkpt lat="40.53769058547914" lon="-8.050879184156656">
        <ele>301.2</ele>
      </trkpt>
      <trkpt lat="40.53760944865644" lon="-8.050936097279191">
        <ele>301.9</ele>
      </trkpt>
      <trkpt lat="40.537529569119215" lon="-8.050992591306567">
        <ele>302.4</ele>
      </trkpt>
      <trkpt lat="40.5374906770885" lon="-8.051019245758653">
        <ele>302.6</ele>
      </trkpt>
      <trkpt lat="40.537409791722894" lon="-8.051076661795378">
        <ele>303.2</ele>
      </trkpt>
      <trkpt lat="40.537293031811714" lon="-8.051155535504222">
        <ele>303.8</ele>
      </trkpt>
      <trkpt lat="40.537162609398365" lon="-8.05121655575931">
        <ele>304.1</ele>
      </trkpt>
      <trkpt lat="40.53708180785179" lon="-8.051258716732264">
        <ele>304.1</ele>
      </trkpt>
      <trkpt lat="40.53701139986515" lon="-8.051305990666151">
        <ele>304.3</ele>
      </trkpt>
      <trkpt lat="40.53693755529821" lon="-8.05135142058134">
        <ele>304.5</ele>
      </trkpt>
      <trkpt lat="40.53686672821641" lon="-8.051413949579">
        <ele>304.7</ele>
      </trkpt>
      <trkpt lat="40.53675541654229" lon="-8.05150673724711">
        <ele>304.9</ele>
      </trkpt>
      <trkpt lat="40.536633376032114" lon="-8.051585527136922">
        <ele>304.8</ele>
      </trkpt>
      <trkpt lat="40.5365183763206" lon="-8.051666328683496">
        <ele>304.5</ele>
      </trkpt>
      <trkpt lat="40.536398934200406" lon="-8.051743693649769">
        <ele>303.9</ele>
      </trkpt>
      <trkpt lat="40.53627940826118" lon="-8.051818292587996">
        <ele>303.8</ele>
      </trkpt>
      <trkpt lat="40.53615954704583" lon="-8.051895909011364">
        <ele>304</ele>
      </trkpt>
      <trkpt lat="40.53607706911862" lon="-8.05194502696395">
        <ele>304.4</ele>
      </trkpt>
      <trkpt lat="40.5359554477036" lon="-8.052028845995665">
        <ele>305.4</ele>
      </trkpt>
      <trkpt lat="40.535824270918965" lon="-8.052113335579634">
        <ele>306.9</ele>
      </trkpt>
      <trkpt lat="40.53562578745186" lon="-8.052243925631046">
        <ele>309.3</ele>
      </trkpt>
      <trkpt lat="40.53538673557341" lon="-8.052401337772608">
        <ele>310.3</ele>
      </trkpt>
      <trkpt lat="40.5351990647614" lon="-8.052531676366925">
        <ele>309.5</ele>
      </trkpt>
      <trkpt lat="40.53508624434471" lon="-8.052607113495469">
        <ele>309.3</ele>
      </trkpt>
      <trkpt lat="40.53497132845223" lon="-8.052679197862744">
        <ele>309.4</ele>
      </trkpt>
      <trkpt lat="40.53485783748329" lon="-8.052753796800971">
        <ele>310.1</ele>
      </trkpt>
      <trkpt lat="40.53474057465792" lon="-8.052827389910817">
        <ele>311.1</ele>
      </trkpt>
      <trkpt lat="40.53458735346794" lon="-8.052931074053049">
        <ele>312.3</ele>
      </trkpt>
      <trkpt lat="40.53443865850568" lon="-8.05303568020463">
        <ele>313.5</ele>
      </trkpt>
      <trkpt lat="40.5342061445117" lon="-8.053173562511802">
        <ele>314.3</ele>
      </trkpt>
      <trkpt lat="40.5338987801224" lon="-8.053365843370557">
        <ele>314.5</ele>
      </trkpt>
      <trkpt lat="40.53377070464194" lon="-8.053450332954526">
        <ele>315.2</ele>
      </trkpt>
      <trkpt lat="40.53367691114545" lon="-8.053521160036325">
        <ele>315.8</ele>
      </trkpt>
      <trkpt lat="40.533562079072" lon="-8.053593076765537">
        <ele>316.5</ele>
      </trkpt>
      <trkpt lat="40.5334756616503" lon="-8.05367480032146">
        <ele>317.2</ele>
      </trkpt>
      <trkpt lat="40.53338128142059" lon="-8.053747806698084">
        <ele>317.3</ele>
      </trkpt>
      <trkpt lat="40.533287320286036" lon="-8.05383263155818">
        <ele>317.2</ele>
      </trkpt>
      <trkpt lat="40.533188581466675" lon="-8.053918546065688">
        <ele>316.9</ele>
      </trkpt>
      <trkpt lat="40.53312320262194" lon="-8.053975375369191">
        <ele>316.4</ele>
      </trkpt>
      <trkpt lat="40.5330163333565" lon="-8.054061541333795">
        <ele>316</ele>
      </trkpt>
      <trkpt lat="40.53298003971577" lon="-8.054092889651656">
        <ele>315.8</ele>
      </trkpt>
      <trkpt lat="40.532915415242314" lon="-8.054151395335793">
        <ele>315.8</ele>
      </trkpt>
      <trkpt lat="40.532820113003254" lon="-8.054231693968177">
        <ele>315.7</ele>
      </trkpt>
      <trkpt lat="40.532719530165195" lon="-8.054310902953148">
        <ele>315.7</ele>
      </trkpt>
      <trkpt lat="40.53261609748006" lon="-8.054396817460656">
        <ele>316</ele>
      </trkpt>
      <trkpt lat="40.532543594017625" lon="-8.054451970383525">
        <ele>315.9</ele>
      </trkpt>
      <trkpt lat="40.53247352130711" lon="-8.054511062800884">
        <ele>316.1</ele>
      </trkpt>
      <trkpt lat="40.53230605088174" lon="-8.054668055847287">
        <ele>317.3</ele>
      </trkpt>
      <trkpt lat="40.532237235456705" lon="-8.054731171578169">
        <ele>318.2</ele>
      </trkpt>
      <trkpt lat="40.53212768398225" lon="-8.054823791608214">
        <ele>320.8</ele>
      </trkpt>
      <trkpt lat="40.53205392323434" lon="-8.054886069148779">
        <ele>322.6</ele>
      </trkpt>
      <trkpt lat="40.53194462321699" lon="-8.054977431893349">
        <ele>324.9</ele>
      </trkpt>
      <trkpt lat="40.531807243824005" lon="-8.055086145177484">
        <ele>327.2</ele>
      </trkpt>
      <trkpt lat="40.53177706897259" lon="-8.055112129077315">
        <ele>327.6</ele>
      </trkpt>
      <trkpt lat="40.53162468597293" lon="-8.05524774827063">
        <ele>327.8</ele>
      </trkpt>
      <trkpt lat="40.53153139539063" lon="-8.055326538160443">
        <ele>327.9</ele>
      </trkpt>
      <trkpt lat="40.53143559023738" lon="-8.055407758802176">
        <ele>327.2</ele>
      </trkpt>
      <trkpt lat="40.53133777342737" lon="-8.05548814125359">
        <ele>326.6</ele>
      </trkpt>
      <trkpt lat="40.53124062716961" lon="-8.055569864809513">
        <ele>326</ele>
      </trkpt>
      <trkpt lat="40.531145157292485" lon="-8.055649744346738">
        <ele>325.3</ele>
      </trkpt>
      <trkpt lat="40.531023452058434" lon="-8.0557622294873">
        <ele>325</ele>
      </trkpt>
      <trkpt lat="40.53089923225343" lon="-8.055868931114674">
        <ele>325</ele>
      </trkpt>
      <trkpt lat="40.530771827325225" lon="-8.055973118171096">
        <ele>324.8</ele>
      </trkpt>
      <trkpt lat="40.53064408712089" lon="-8.056084848940372">
        <ele>324.9</ele>
      </trkpt>
      <trkpt lat="40.53051450289786" lon="-8.05619859136641">
        <ele>324.8</ele>
      </trkpt>
      <trkpt lat="40.53032012656331" lon="-8.056379053741693">
        <ele>324.8</ele>
      </trkpt>
      <trkpt lat="40.5301858484745" lon="-8.056516768410802">
        <ele>324.8</ele>
      </trkpt>
      <trkpt lat="40.53008115850389" lon="-8.056626236066222">
        <ele>324.8</ele>
      </trkpt>
      <trkpt lat="40.53004637360573" lon="-8.056664457544684">
        <ele>324.7</ele>
      </trkpt>
      <trkpt lat="40.529873706400394" lon="-8.056861013174057">
        <ele>324.6</ele>
      </trkpt>
      <trkpt lat="40.52969575859606" lon="-8.057066956534982">
        <ele>325.5</ele>
      </trkpt>
      <trkpt lat="40.52955008111894" lon="-8.05723736062646">
        <ele>326.2</ele>
      </trkpt>
      <trkpt lat="40.52951185964048" lon="-8.05727893486619">
        <ele>326.2</ele>
      </trkpt>
      <trkpt lat="40.52939711138606" lon="-8.057406088337302">
        <ele>325.4</ele>
      </trkpt>
      <trkpt lat="40.529359644278884" lon="-8.057448416948318">
        <ele>325.2</ele>
      </trkpt>
      <trkpt lat="40.52920105867088" lon="-8.05762879550457">
        <ele>324.5</ele>
      </trkpt>
      <trkpt lat="40.52903216332197" lon="-8.057828368619084">
        <ele>323.5</ele>
      </trkpt>
      <trkpt lat="40.52890601567924" lon="-8.057992402464151">
        <ele>322.3</ele>
      </trkpt>
      <trkpt lat="40.52886595018208" lon="-8.05805291980505">
        <ele>321.7</ele>
      </trkpt>
      <trkpt lat="40.528628658503294" lon="-8.058437732979655">
        <ele>319.1</ele>
      </trkpt>
      <trkpt lat="40.528592029586434" lon="-8.05850881151855">
        <ele>318.6</ele>
      </trkpt>
      <trkpt lat="40.5282848328352" lon="-8.05909613147378">
        <ele>318.3</ele>
      </trkpt>
      <trkpt lat="40.52815583534539" lon="-8.059326969087124">
        <ele>317.6</ele>
      </trkpt>
      <trkpt lat="40.52783162333071" lon="-8.059927616268396">
        <ele>313.9</ele>
      </trkpt>
      <trkpt lat="40.52747924812138" lon="-8.06058257818222">
        <ele>311</ele>
      </trkpt>
      <trkpt lat="40.527158891782165" lon="-8.06116797029972">
        <ele>306.3</ele>
      </trkpt>
      <trkpt lat="40.52694423124194" lon="-8.06156175211072">
        <ele>304</ele>
      </trkpt>
      <trkpt lat="40.52689075469971" lon="-8.061660323292017">
        <ele>303.5</ele>
      </trkpt>
      <trkpt lat="40.52657316438854" lon="-8.062251498922706">
        <ele>297.9</ele>
      </trkpt>
      <trkpt lat="40.52621156908572" lon="-8.062916938215494">
        <ele>293.5</ele>
      </trkpt>
      <trkpt lat="40.525859193876386" lon="-8.06356955319643">
        <ele>293.4</ele>
      </trkpt>
      <trkpt lat="40.525570437312126" lon="-8.06429710239172">
        <ele>289.1</ele>
      </trkpt>
      <trkpt lat="40.5254231672734" lon="-8.06500512175262">
        <ele>287.1</ele>
      </trkpt>
      <trkpt lat="40.52531344816089" lon="-8.065743818879128">
        <ele>284.1</ele>
      </trkpt>
      <trkpt lat="40.52526324056089" lon="-8.066112790256739">
        <ele>284</ele>
      </trkpt>
      <trkpt lat="40.5251641664654" lon="-8.066850313916802">
        <ele>282.7</ele>
      </trkpt>
      <trkpt lat="40.525067104026675" lon="-8.067597728222609">
        <ele>278.3</ele>
      </trkpt>
      <trkpt lat="40.525027457624674" lon="-8.067855220288038">
        <ele>277</ele>
      </trkpt>
      <trkpt lat="40.52496861666441" lon="-8.068096870556474">
        <ele>275.6</ele>
      </trkpt>
      <trkpt lat="40.52468623034656" lon="-8.06870841421187">
        <ele>268.9</ele>
      </trkpt>
      <trkpt lat="40.5246305745095" lon="-8.068796005100012">
        <ele>267.8</ele>
      </trkpt>
      <trkpt lat="40.524502247571945" lon="-8.068953501060605">
        <ele>265.8</ele>
      </trkpt>
      <trkpt lat="40.52428205497563" lon="-8.069163467735052">
        <ele>266.2</ele>
      </trkpt>
      <trkpt lat="40.52378316409886" lon="-8.069643750786781">
        <ele>264.4</ele>
      </trkpt>
      <trkpt lat="40.523441433906555" lon="-8.069999562576413">
        <ele>263.3</ele>
      </trkpt>
      <trkpt lat="40.52322769537568" lon="-8.070654356852174">
        <ele>260</ele>
      </trkpt>
      <trkpt lat="40.52326491102576" lon="-8.071032213047147">
        <ele>257</ele>
      </trkpt>
      <trkpt lat="40.523352501913905" lon="-8.071505539119244">
        <ele>255.9</ele>
      </trkpt>
      <trkpt lat="40.523418467491865" lon="-8.071849029511213">
        <ele>259.5</ele>
      </trkpt>
      <trkpt lat="40.52348082885146" lon="-8.07215915992856">
        <ele>263.3</ele>
      </trkpt>
      <trkpt lat="40.52355173975229" lon="-8.072519749403">
        <ele>265.1</ele>
      </trkpt>
      <trkpt lat="40.52360882051289" lon="-8.072833148762584">
        <ele>266.1</ele>
      </trkpt>
      <trkpt lat="40.523620303720236" lon="-8.07312224060297">
        <ele>267.6</ele>
      </trkpt>
      <trkpt lat="40.523608066141605" lon="-8.073249226436019">
        <ele>268.3</ele>
      </trkpt>
      <trkpt lat="40.523564983159304" lon="-8.073418540880084">
        <ele>268.8</ele>
      </trkpt>
      <trkpt lat="40.52352290600538" lon="-8.073521554470062">
        <ele>269</ele>
      </trkpt>
      <trkpt lat="40.52344352938235" lon="-8.073659855872393">
        <ele>269</ele>
      </trkpt>
      <trkpt lat="40.52328636869788" lon="-8.073862865567207">
        <ele>269.1</ele>
      </trkpt>
      <trkpt lat="40.523157538846135" lon="-8.074001166969538">
        <ele>269.8</ele>
      </trkpt>
      <trkpt lat="40.52298973314464" lon="-8.074172241613269">
        <ele>270.9</ele>
      </trkpt>
      <trkpt lat="40.5228624958545" lon="-8.074320685118437">
        <ele>271</ele>
      </trkpt>
      <trkpt lat="40.52266912534833" lon="-8.074527885764837">
        <ele>270.5</ele>
      </trkpt>
      <trkpt lat="40.52241750061512" lon="-8.074803650379181">
        <ele>270.8</ele>
      </trkpt>
      <trkpt lat="40.52202028222382" lon="-8.075244119390845">
        <ele>271.1</ele>
      </trkpt>
      <trkpt lat="40.52165952511132" lon="-8.075826996937394">
        <ele>273.9</ele>
      </trkpt>
      <trkpt lat="40.52147889509797" lon="-8.076121034100652">
        <ele>274.7</ele>
      </trkpt>
      <trkpt lat="40.521347634494305" lon="-8.076287498697639">
        <ele>276.3</ele>
      </trkpt>
      <trkpt lat="40.521224085241556" lon="-8.076401995494962">
        <ele>277.5</ele>
      </trkpt>
      <trkpt lat="40.521209" lon="-8.076372">
        <ele>279.33</ele>
      </trkpt>
      <trkpt lat="40.520426" lon="-8.077027">
        <ele>284.61</ele>
      </trkpt>
      <trkpt lat="40.520307" lon="-8.077109">
        <ele>285.35</ele>
      </trkpt>
      <trkpt lat="40.519828" lon="-8.077312">
        <ele>286.42</ele>
      </trkpt>
      <trkpt lat="40.519562" lon="-8.077446">
        <ele>287.05</ele>
      </trkpt>
      <trkpt lat="40.519419" lon="-8.077583">
        <ele>287.91</ele>
      </trkpt>
      <trkpt lat="40.519189" lon="-8.077841">
        <ele>289.77</ele>
      </trkpt>
      <trkpt lat="40.518668" lon="-8.078504">
        <ele>293.29</ele>
      </trkpt>
      <trkpt lat="40.518668" lon="-8.078504">
        <ele>293.29</ele>
      </trkpt>
      <trkpt lat="40.518627" lon="-8.078556">
        <ele>293.44</ele>
      </trkpt>
      <trkpt lat="40.518627" lon="-8.078556">
        <ele>293.44</ele>
      </trkpt>
      <trkpt lat="40.518036" lon="-8.079071">
        <ele>296.25</ele>
      </trkpt>
      <trkpt lat="40.51713" lon="-8.079743">
        <ele>302.67</ele>
      </trkpt>
      <trkpt lat="40.516769" lon="-8.079992">
        <ele>303.59</ele>
      </trkpt>
      <trkpt lat="40.516769" lon="-8.079992">
        <ele>303.59</ele>
      </trkpt>
      <trkpt lat="40.516769" lon="-8.079992">
        <ele>303.59</ele>
      </trkpt>
      <trkpt lat="40.516462" lon="-8.080206">
        <ele>304.26</ele>
      </trkpt>
      <trkpt lat="40.516391" lon="-8.080317">
        <ele>304.53</ele>
      </trkpt>
      <trkpt lat="40.516365" lon="-8.080384">
        <ele>304.69</ele>
      </trkpt>
      <trkpt lat="40.516362" lon="-8.080431">
        <ele>304.8</ele>
      </trkpt>
      <trkpt lat="40.516334" lon="-8.080485">
        <ele>304.93</ele>
      </trkpt>
      <trkpt lat="40.516288" lon="-8.080509">
        <ele>304.99</ele>
      </trkpt>
      <trkpt lat="40.516237" lon="-8.080493">
        <ele>304.95</ele>
      </trkpt>
      <trkpt lat="40.516137" lon="-8.080486">
        <ele>304.93</ele>
      </trkpt>
      <trkpt lat="40.516031" lon="-8.080506">
        <ele>304.98</ele>
      </trkpt>
      <trkpt lat="40.515978" lon="-8.080545">
        <ele>305.01</ele>
      </trkpt>
      <trkpt lat="40.515403" lon="-8.080951">
        <ele>305.29</ele>
      </trkpt>
      <trkpt lat="40.515408" lon="-8.081048">
        <ele>305.22</ele>
      </trkpt>
      <trkpt lat="40.515399" lon="-8.08112">
        <ele>305.17</ele>
      </trkpt>
      <trkpt lat="40.515399" lon="-8.08112">
        <ele>305.17</ele>
      </trkpt>
      <trkpt lat="40.51533" lon="-8.0811">
        <ele>305.21</ele>
      </trkpt>
      <trkpt lat="40.515211" lon="-8.081022">
        <ele>305.33</ele>
      </trkpt>
      <trkpt lat="40.51520520821214" lon="-8.081037690863013">
        <ele>305.8</ele>
      </trkpt>
      <trkpt lat="40.51510479301214" lon="-8.081037187948823">
        <ele>305.9</ele>
      </trkpt>
      <trkpt lat="40.515010580420494" lon="-8.081012545153499">
        <ele>306</ele>
      </trkpt>
      <trkpt lat="40.514885103330016" lon="-8.080968707799911">
        <ele>306.4</ele>
      </trkpt>
      <trkpt lat="40.51477815024555" lon="-8.080920511856675">
        <ele>306.6</ele>
      </trkpt>
      <trkpt lat="40.51461964845657" lon="-8.08086946606636">
        <ele>306.9</ele>
      </trkpt>
      <trkpt lat="40.514526944607496" lon="-8.080829987302423">
        <ele>307.1</ele>
      </trkpt>
      <trkpt lat="40.514459386467934" lon="-8.080807188525796">
        <ele>307.2</ele>
      </trkpt>
      <trkpt lat="40.51424916833639" lon="-8.080735690891743">
        <ele>307.7</ele>
      </trkpt>
      <trkpt lat="40.51399544812739" lon="-8.080674419179559">
        <ele>308.5</ele>
      </trkpt>
      <trkpt lat="40.51382747478783" lon="-8.080624546855688">
        <ele>309.1</ele>
      </trkpt>
      <trkpt lat="40.513785146176815" lon="-8.080615159124136">
        <ele>309.3</ele>
      </trkpt>
      <trkpt lat="40.5136511195451" lon="-8.080580709502101">
        <ele>309.8</ele>
      </trkpt>
      <trkpt lat="40.51347945816815" lon="-8.080537123605609">
        <ele>310.3</ele>
      </trkpt>
      <trkpt lat="40.51305667497218" lon="-8.080472331494093">
        <ele>310.7</ele>
      </trkpt>
      <trkpt lat="40.512517215684056" lon="-8.080373173579574">
        <ele>311.9</ele>
      </trkpt>
      <trkpt lat="40.51228721626103" lon="-8.080332521349192">
        <ele>312.8</ele>
      </trkpt>
      <trkpt lat="40.512131648138165" lon="-8.080330342054367">
        <ele>313.6</ele>
      </trkpt>
      <trkpt lat="40.511986473575234" lon="-8.080365378409624">
        <ele>315</ele>
      </trkpt>
      <trkpt lat="40.511900056153536" lon="-8.080407874658704">
        <ele>315.9</ele>
      </trkpt>
      <trkpt lat="40.51179612055421" lon="-8.08048540726304">
        <ele>317.2</ele>
      </trkpt>
      <trkpt lat="40.511724120005965" lon="-8.08054550550878">
        <ele>318.2</ele>
      </trkpt>
      <trkpt lat="40.51165262237191" lon="-8.080610297620296">
        <ele>319.2</ele>
      </trkpt>
      <trkpt lat="40.51155245862901" lon="-8.080699229612947">
        <ele>320.6</ele>
      </trkpt>
      <trkpt lat="40.511478362604976" lon="-8.080769972875714">
        <ele>321.7</ele>
      </trkpt>
      <trkpt lat="40.511401584371924" lon="-8.080837782472372">
        <ele>322.5</ele>
      </trkpt>
      <trkpt lat="40.511300498619676" lon="-8.0809261277318">
        <ele>323.3</ele>
      </trkpt>
      <trkpt lat="40.51119228824973" lon="-8.081006091088057">
        <ele>323.8</ele>
      </trkpt>
      <trkpt lat="40.511108469218016" lon="-8.081050850450993">
        <ele>324.3</ele>
      </trkpt>
      <trkpt lat="40.511023895815015" lon="-8.081058226525784">
        <ele>325.1</ele>
      </trkpt>
      <trkpt lat="40.51093462854624" lon="-8.081050598993897">
        <ele>325.9</ele>
      </trkpt>
      <trkpt lat="40.5108417570591" lon="-8.081047916784883">
        <ele>326.6</ele>
      </trkpt>
      <trkpt lat="40.51075751893222" lon="-8.08103266172111">
        <ele>327.2</ele>
      </trkpt>
      <trkpt lat="40.51068057306111" lon="-8.081012880429626">
        <ele>327.7</ele>
      </trkpt>
      <trkpt lat="40.51059398800135" lon="-8.08098228648305">
        <ele>328.1</ele>
      </trkpt>
      <trkpt lat="40.5104789044708" lon="-8.080935850739479">
        <ele>328.7</ele>
      </trkpt>
      <trkpt lat="40.51030003465712" lon="-8.080873740836978">
        <ele>329.7</ele>
      </trkpt>
      <trkpt lat="40.509742219001055" lon="-8.080726889893413">
        <ele>333.6</ele>
      </trkpt>
      <trkpt lat="40.509368889033794" lon="-8.080671234056354">
        <ele>335.6</ele>
      </trkpt>
      <trkpt lat="40.509076276794076" lon="-8.080638125538826">
        <ele>337.3</ele>
      </trkpt>
      <trkpt lat="40.508912494406104" lon="-8.080631252378225">
        <ele>338.3</ele>
      </trkpt>
      <trkpt lat="40.50878098234534" lon="-8.080606861039996">
        <ele>339.1</ele>
      </trkpt>
      <trkpt lat="40.50872130319476" lon="-8.080602837726474">
        <ele>339.3</ele>
      </trkpt>
      <trkpt lat="40.50859808921814" lon="-8.080598311498761">
        <ele>339.6</ele>
      </trkpt>
      <trkpt lat="40.50850429572165" lon="-8.080579368397593">
        <ele>339.9</ele>
      </trkpt>
      <trkpt lat="40.508386278524995" lon="-8.080569645389915">
        <ele>339.8</ele>
      </trkpt>
      <trkpt lat="40.508259795606136" lon="-8.080549612641335">
        <ele>339.7</ele>
      </trkpt>
      <trkpt lat="40.508131720125675" lon="-8.08052932843566">
        <ele>339.4</ele>
      </trkpt>
      <trkpt lat="40.50803625024855" lon="-8.080507116392255">
        <ele>339.2</ele>
      </trkpt>
      <trkpt lat="40.507908426225185" lon="-8.08048096485436">
        <ele>339.2</ele>
      </trkpt>
      <trkpt lat="40.50778018310666" lon="-8.080450035631657">
        <ele>339.3</ele>
      </trkpt>
      <trkpt lat="40.50764431245625" lon="-8.080425560474396">
        <ele>338.9</ele>
      </trkpt>
      <trkpt lat="40.507502825930715" lon="-8.080400079488754">
        <ele>338.6</ele>
      </trkpt>
      <trkpt lat="40.50736385397613" lon="-8.080369150266051">
        <ele>338.7</ele>
      </trkpt>
      <trkpt lat="40.50722521729767" lon="-8.080338975414634">
        <ele>338.9</ele>
      </trkpt>
      <trkpt lat="40.50712455064058" lon="-8.080323049798608">
        <ele>339.2</ele>
      </trkpt>
      <trkpt lat="40.5069818906486" lon="-8.080290108919144">
        <ele>340</ele>
      </trkpt>
      <trkpt lat="40.506877955049276" lon="-8.080275440588593">
        <ele>340.8</ele>
      </trkpt>
      <trkpt lat="40.50677401944995" lon="-8.080254653468728">
        <ele>341.7</ele>
      </trkpt>
      <trkpt lat="40.506637059152126" lon="-8.080226071178913">
        <ele>343</ele>
      </trkpt>
      <trkpt lat="40.506479144096375" lon="-8.080193717032671">
        <ele>344.3</ele>
      </trkpt>
      <trkpt lat="40.506317373365164" lon="-8.080164631828666">
        <ele>345.4</ele>
      </trkpt>
      <trkpt lat="40.50615434534848" lon="-8.080124650150537">
        <ele>346.3</ele>
      </trkpt>
      <trkpt lat="40.5059218313545" lon="-8.080075280740857">
        <ele>347.6</ele>
      </trkpt>
      <trkpt lat="40.50576341338456" lon="-8.080063126981258">
        <ele>348.5</ele>
      </trkpt>
      <trkpt lat="40.50559108145535" lon="-8.080053068697453">
        <ele>349.3</ele>
      </trkpt>
      <trkpt lat="40.50540768541396" lon="-8.080050302669406">
        <ele>350.2</ele>
      </trkpt>
      <trkpt lat="40.505224876105785" lon="-8.080066982656717">
        <ele>351.6</ele>
      </trkpt>
      <trkpt lat="40.5050444137305" lon="-8.080086428672075">
        <ele>353.2</ele>
      </trkpt>
      <trkpt lat="40.50487333908677" lon="-8.080141246318817">
        <ele>354.9</ele>
      </trkpt>
      <trkpt lat="40.504738138988614" lon="-8.080191956833005">
        <ele>356.1</ele>
      </trkpt>
      <trkpt lat="40.50458986312151" lon="-8.080253647640347">
        <ele>357.4</ele>
      </trkpt>
      <trkpt lat="40.50444678403437" lon="-8.08031047694385">
        <ele>358.8</ele>
      </trkpt>
      <trkpt lat="40.50431510433555" lon="-8.08036764152348">
        <ele>360.1</ele>
      </trkpt>
      <trkpt lat="40.50418568775058" lon="-8.08042237535119">
        <ele>361.4</ele>
      </trkpt>
      <trkpt lat="40.504019474610686" lon="-8.080495046451688">
        <ele>363.2</ele>
      </trkpt>
      <trkpt lat="40.50388494506478" lon="-8.08055430650711">
        <ele>364.9</ele>
      </trkpt>
      <trkpt lat="40.503754522651434" lon="-8.080614991486073">
        <ele>365.5</ele>
      </trkpt>
      <trkpt lat="40.503624100238085" lon="-8.080719681456685">
        <ele>365.2</ele>
      </trkpt>
      <trkpt lat="40.503476997837424" lon="-8.080773074179888">
        <ele>365.2</ele>
      </trkpt>
      <trkpt lat="40.50337063148618" lon="-8.080804254859686">
        <ele>365.2</ele>
      </trkpt>
      <trkpt lat="40.503229815512896" lon="-8.080873405560851">
        <ele>364.7</ele>
      </trkpt>
      <trkpt lat="40.50309226848185" lon="-8.080935850739479">
        <ele>364.4</ele>
      </trkpt>
      <trkpt lat="40.50292303785682" lon="-8.081020172685385">
        <ele>364</ele>
      </trkpt>
      <trkpt lat="40.50278389826417" lon="-8.081097872927785">
        <ele>364.1</ele>
      </trkpt>
      <trkpt lat="40.50264031626284" lon="-8.081197114661336">
        <ele>364.4</ele>
      </trkpt>
      <trkpt lat="40.50250603817403" lon="-8.081307504326105">
        <ele>364.9</ele>
      </trkpt>
      <trkpt lat="40.50247401930392" lon="-8.08133608661592">
        <ele>365.1</ele>
      </trkpt>
      <trkpt lat="40.50232901237905" lon="-8.081514872610569">
        <ele>364.9</ele>
      </trkpt>
      <trkpt lat="40.50229481421411" lon="-8.08166884817183">
        <ele>364.8</ele>
      </trkpt>
      <trkpt lat="40.50216631963849" lon="-8.081940924748778">
        <ele>364.5</ele>
      </trkpt>
      <trkpt lat="40.50205961801112" lon="-8.082049638032913">
        <ele>363.7</ele>
      </trkpt>
      <trkpt lat="40.50197537988424" lon="-8.082102444022894">
        <ele>363.2</ele>
      </trkpt>
      <trkpt lat="40.501884100958705" lon="-8.082139324396849">
        <ele>362.5</ele>
      </trkpt>
      <trkpt lat="40.501836659386754" lon="-8.082163464277983">
        <ele>362.1</ele>
      </trkpt>
      <trkpt lat="40.5017408542335" lon="-8.082228926941752">
        <ele>361.4</ele>
      </trkpt>
      <trkpt lat="40.50153055228293" lon="-8.082322385162115">
        <ele>360.9</ele>
      </trkpt>
      <trkpt lat="40.501419743523" lon="-8.08233923278749">
        <ele>360.7</ele>
      </trkpt>
      <trkpt lat="40.50130960531533" lon="-8.082327581942081">
        <ele>360.4</ele>
      </trkpt>
      <trkpt lat="40.50114029087126" lon="-8.082261700183153">
        <ele>359.9</ele>
      </trkpt>
      <trkpt lat="40.50108497031033" lon="-8.08222926221788">
        <ele>359.7</ele>
      </trkpt>
      <trkpt lat="40.500916661694646" lon="-8.082126248627901">
        <ele>359.2</ele>
      </trkpt>
      <trkpt lat="40.50085807219148" lon="-8.082092301920056">
        <ele>359</ele>
      </trkpt>
      <trkpt lat="40.50067937001586" lon="-8.081987192854285">
        <ele>358.4</ele>
      </trkpt>
      <trkpt lat="40.5004442576319" lon="-8.081848472356796">
        <ele>357.6</ele>
      </trkpt>
      <trkpt lat="40.50021467730403" lon="-8.081729030236602">
        <ele>356.9</ele>
      </trkpt>
      <trkpt lat="40.500042429193854" lon="-8.081656945869327">
        <ele>355.9</ele>
      </trkpt>
      <trkpt lat="40.499926675111055" lon="-8.081623250618577">
        <ele>355.5</ele>
      </trkpt>
      <trkpt lat="40.49986724741757" lon="-8.081619311124086">
        <ele>355.4</ele>
      </trkpt>
      <trkpt lat="40.49969399347901" lon="-8.081675386056304">
        <ele>355</ele>
      </trkpt>
      <trkpt lat="40.499547477811575" lon="-8.081818800419569">
        <ele>354.7</ele>
      </trkpt>
      <trkpt lat="40.499444883316755" lon="-8.082002447918057">
        <ele>354.1</ele>
      </trkpt>
      <trkpt lat="40.49941739067435" lon="-8.082066234201193">
        <ele>354</ele>
      </trkpt>
      <trkpt lat="40.49936483614147" lon="-8.082194393500686">
        <ele>353.8</ele>
      </trkpt>
      <trkpt lat="40.49928185530007" lon="-8.082388769835234">
        <ele>354</ele>
      </trkpt>
      <trkpt lat="40.49919543787837" lon="-8.08258599601686">
        <ele>354.4</ele>
      </trkpt>
      <trkpt lat="40.49913592636585" lon="-8.082715664058924">
        <ele>354.9</ele>
      </trkpt>
      <trkpt lat="40.499107679352164" lon="-8.082781126722693">
        <ele>355.2</ele>
      </trkpt>
      <trkpt lat="40.49904875457287" lon="-8.082909118384123">
        <ele>355.6</ele>
      </trkpt>
      <trkpt lat="40.4989885725081" lon="-8.083036690950394">
        <ele>356.2</ele>
      </trkpt>
      <trkpt lat="40.49892679788172" lon="-8.083161162212491">
        <ele>357</ele>
      </trkpt>
      <trkpt lat="40.498858569189906" lon="-8.083282867446542">
        <ele>357.9</ele>
      </trkpt>
      <trkpt lat="40.4987811204046" lon="-8.083396526053548">
        <ele>358.7</ele>
      </trkpt>
      <trkpt lat="40.49869621172547" lon="-8.083500629290938">
        <ele>359.4</ele>
      </trkpt>
      <trkpt lat="40.49865053035319" lon="-8.083547400310636">
        <ele>359.6</ele>
      </trkpt>
      <trkpt lat="40.498550198972225" lon="-8.083631303161383">
        <ele>359.9</ele>
      </trkpt>
      <trkpt lat="40.498495884239674" lon="-8.083669021725655">
        <ele>359.9</ele>
      </trkpt>
      <trkpt lat="40.498375268653035" lon="-8.083733143284917">
        <ele>359.6</ele>
      </trkpt>
      <trkpt lat="40.4981801379472" lon="-8.083817884325981">
        <ele>358.6</ele>
      </trkpt>
      <trkpt lat="40.4979798104614" lon="-8.083912180736661">
        <ele>358.1</ele>
      </trkpt>
      <trkpt lat="40.497776633128524" lon="-8.084020558744669">
        <ele>358.7</ele>
      </trkpt>
      <trkpt lat="40.49757521599531" lon="-8.084141509607434">
        <ele>360.1</ele>
      </trkpt>
      <trkpt lat="40.49737052991986" lon="-8.084268411621451">
        <ele>361</ele>
      </trkpt>
      <trkpt lat="40.49723616801202" lon="-8.08436019346118">
        <ele>360.7</ele>
      </trkpt>
      <trkpt lat="40.497035421431065" lon="-8.084503607824445">
        <ele>359.7</ele>
      </trkpt>
      <trkpt lat="40.49683618359268" lon="-8.084655152633786">
        <ele>358.1</ele>
      </trkpt>
      <trkpt lat="40.496640130877495" lon="-8.084821617230773">
        <ele>356.8</ele>
      </trkpt>
      <trkpt lat="40.496576596051455" lon="-8.084879284724593">
        <ele>356.7</ele>
      </trkpt>
      <trkpt lat="40.49645187333226" lon="-8.084997301921248">
        <ele>356.8</ele>
      </trkpt>
      <trkpt lat="40.496265292167664" lon="-8.085179524496198">
        <ele>356.5</ele>
      </trkpt>
      <trkpt lat="40.4961390607059" lon="-8.085301229730248">
        <ele>355.9</ele>
      </trkpt>
      <trkpt lat="40.495955580845475" lon="-8.085487727075815">
        <ele>354.8</ele>
      </trkpt>
      <trkpt lat="40.495773777365685" lon="-8.08566927909851">
        <ele>353.6</ele>
      </trkpt>
      <trkpt lat="40.49559750594199" lon="-8.085854351520538">
        <ele>352.2</ele>
      </trkpt>
      <trkpt lat="40.495417630299926" lon="-8.086034813895822">
        <ele>350.9</ele>
      </trkpt>
      <trkpt lat="40.495245130732656" lon="-8.086211085319519">
        <ele>350.2</ele>
      </trkpt>
      <trkpt lat="40.495129292830825" lon="-8.086324911564589">
        <ele>349.9</ele>
      </trkpt>
      <trkpt lat="40.49495805054903" lon="-8.086497746407986">
        <ele>349.6</ele>
      </trkpt>
      <trkpt lat="40.49478949047625" lon="-8.086669323965907">
        <ele>349.8</ele>
      </trkpt>
      <trkpt lat="40.49463274888694" lon="-8.086824640631676">
        <ele>350</ele>
      </trkpt>
      <trkpt lat="40.494492184370756" lon="-8.086944501847029">
        <ele>350</ele>
      </trkpt>
      <trkpt lat="40.494397887960076" lon="-8.087033182382584">
        <ele>349.9</ele>
      </trkpt>
      <trkpt lat="40.494352877140045" lon="-8.087071655318141">
        <ele>350</ele>
      </trkpt>
      <trkpt lat="40.49429110251367" lon="-8.087159916758537">
        <ele>350</ele>
      </trkpt>
      <trkpt lat="40.4941978957504" lon="-8.087269384413958">
        <ele>350</ele>
      </trkpt>
      <trkpt lat="40.49404718913138" lon="-8.087422102689743">
        <ele>350.5</ele>
      </trkpt>
      <trkpt lat="40.49384493380785" lon="-8.087625280022621">
        <ele>350.9</ele>
      </trkpt>
      <trkpt lat="40.49371350556612" lon="-8.08775327168405">
        <ele>350.9</ele>
      </trkpt>
      <trkpt lat="40.49353941343725" lon="-8.08792426250875">
        <ele>351</ele>
      </trkpt>
      <trkpt lat="40.49332307651639" lon="-8.08813288807869">
        <ele>351.6</ele>
      </trkpt>
      <trkpt lat="40.493045803159475" lon="-8.088319804519415">
        <ele>352.7</ele>
      </trkpt>
      <trkpt lat="40.49272368662059" lon="-8.088422818109393">
        <ele>352.7</ele>
      </trkpt>
      <trkpt lat="40.49223376438022" lon="-8.088510408997536">
        <ele>350.3</ele>
      </trkpt>
      <trkpt lat="40.49203410744667" lon="-8.088540080934763">
        <ele>349.9</ele>
      </trkpt>
      <trkpt lat="40.49183176830411" lon="-8.08858291245997">
        <ele>350</ele>
      </trkpt>
      <trkpt lat="40.49156312830746" lon="-8.08863622136414">
        <ele>350.7</ele>
      </trkpt>
      <trkpt lat="40.491289123892784" lon="-8.088686428964138">
        <ele>351.9</ele>
      </trkpt>
      <trkpt lat="40.49080087803304" lon="-8.088774522766471">
        <ele>353.6</ele>
      </trkpt>
      <trkpt lat="40.490223448723555" lon="-8.088872339576483">
        <ele>356.7</ele>
      </trkpt>
      <trkpt lat="40.48969027586281" lon="-8.088974598795176">
        <ele>356.6</ele>
      </trkpt>
      <trkpt lat="40.489163137972355" lon="-8.089074762538075">
        <ele>355.8</ele>
      </trkpt>
      <trkpt lat="40.48888108693063" lon="-8.089115163311362">
        <ele>354.5</ele>
      </trkpt>
      <trkpt lat="40.488525275141" lon="-8.089183056727052">
        <ele>352</ele>
      </trkpt>
      <trkpt lat="40.48825856298208" lon="-8.089236952364445">
        <ele>350.1</ele>
      </trkpt>
      <trkpt lat="40.48807860352099" lon="-8.089268300682306">
        <ele>349.4</ele>
      </trkpt>
      <trkpt lat="40.48789889551699" lon="-8.089299649000168">
        <ele>348.9</ele>
      </trkpt>
      <trkpt lat="40.48778724856675" lon="-8.089323788881302">
        <ele>348.5</ele>
      </trkpt>
      <trkpt lat="40.48750109039247" lon="-8.089379696175456">
        <ele>347.3</ele>
      </trkpt>
      <trkpt lat="40.48744878731668" lon="-8.08939109556377">
        <ele>347.2</ele>
      </trkpt>
      <trkpt lat="40.48727301880717" lon="-8.089425880461931">
        <ele>347</ele>
      </trkpt>
      <trkpt lat="40.486722495406866" lon="-8.089543813839555">
        <ele>346.9</ele>
      </trkpt>
      <trkpt lat="40.48616141080856" lon="-8.089644564315677">
        <ele>345.5</ele>
      </trkpt>
      <trkpt lat="40.486077507957816" lon="-8.089658981189132">
        <ele>345.3</ele>
      </trkpt>
      <trkpt lat="40.48547476530075" lon="-8.089773897081614">
        <ele>342</ele>
      </trkpt>
      <trkpt lat="40.48512934707105" lon="-8.089839108288288">
        <ele>339.9</ele>
      </trkpt>
      <trkpt lat="40.484617967158556" lon="-8.089929884299636">
        <ele>337.8</ele>
      </trkpt>
      <trkpt lat="40.48411790281534" lon="-8.090037424117327">
        <ele>337.8</ele>
      </trkpt>
      <trkpt lat="40.48389653675258" lon="-8.090192489326">
        <ele>337.2</ele>
      </trkpt>
      <trkpt lat="40.483640134334564" lon="-8.090188466012478">
        <ele>336.1</ele>
      </trkpt>
      <trkpt lat="40.48346218653023" lon="-8.090161979198456">
        <ele>335.2</ele>
      </trkpt>
      <trkpt lat="40.48321248963475" lon="-8.090201457962394">
        <ele>334.1</ele>
      </trkpt>
      <trkpt lat="40.48265291377902" lon="-8.090310674160719">
        <ele>335.2</ele>
      </trkpt>
      <trkpt lat="40.48241780139506" lon="-8.09035761281848">
        <ele>336.5</ele>
      </trkpt>
      <trkpt lat="40.482109347358346" lon="-8.090418465435505">
        <ele>337.8</ele>
      </trkpt>
      <trkpt lat="40.48173199407756" lon="-8.090500943362713">
        <ele>337.6</ele>
      </trkpt>
      <trkpt lat="40.48150476068258" lon="-8.090543188154697">
        <ele>337.1</ele>
      </trkpt>
      <trkpt lat="40.481281047686934" lon="-8.090595155954361">
        <ele>336.9</ele>
      </trkpt>
      <trkpt lat="40.481135956943035" lon="-8.090652907267213">
        <ele>336.8</ele>
      </trkpt>
      <trkpt lat="40.48083068802953" lon="-8.090716106817126">
        <ele>334.2</ele>
      </trkpt>
      <trkpt lat="40.480454005301" lon="-8.090919787064195">
        <ele>333</ele>
      </trkpt>
      <trkpt lat="40.47992343083024" lon="-8.0912528000772">
        <ele>331.5</ele>
      </trkpt>
      <trkpt lat="40.479386150836945" lon="-8.091602828353643">
        <ele>327.4</ele>
      </trkpt>
      <trkpt lat="40.478901928290725" lon="-8.091918407008052">
        <ele>330</ele>
      </trkpt>
      <trkpt lat="40.47841812483966" lon="-8.092234237119555">
        <ele>330.4</ele>
      </trkpt>
      <trkpt lat="40.47787657007575" lon="-8.092577308416367">
        <ele>326.6</ele>
      </trkpt>
      <trkpt lat="40.47737759537995" lon="-8.092905208468437">
        <ele>327.5</ele>
      </trkpt>
      <trkpt lat="40.47684215940535" lon="-8.093254817649722">
        <ele>328</ele>
      </trkpt>
      <trkpt lat="40.47677418217063" lon="-8.093295637518167">
        <ele>327.9</ele>
      </trkpt>
      <trkpt lat="40.47649414278567" lon="-8.093425137922168">
        <ele>328</ele>
      </trkpt>
      <trkpt lat="40.4762006085366" lon="-8.093482051044703">
        <ele>327.9</ele>
      </trkpt>
      <trkpt lat="40.475920820608735" lon="-8.093501748517156">
        <ele>327.7</ele>
      </trkpt>
      <trkpt lat="40.47571144066751" lon="-8.093534521758556">
        <ele>327.5</ele>
      </trkpt>
      <trkpt lat="40.47544665634632" lon="-8.093648348003626">
        <ele>326.9</ele>
      </trkpt>
      <trkpt lat="40.47526493668556" lon="-8.093777261674404">
        <ele>326.5</ele>
      </trkpt>
      <trkpt lat="40.475076427683234" lon="-8.09389192610979">
        <ele>326.2</ele>
      </trkpt>
      <trkpt lat="40.474882470443845" lon="-8.093958897516131">
        <ele>327.3</ele>
      </trkpt>
      <trkpt lat="40.47475045546889" lon="-8.09398178011179">
        <ele>328.4</ele>
      </trkpt>
      <trkpt lat="40.47468331642449" lon="-8.093981361016631">
        <ele>329</ele>
      </trkpt>
      <trkpt lat="40.47447946853936" lon="-8.093946743756533">
        <ele>330.4</ele>
      </trkpt>
      <trkpt lat="40.474352817982435" lon="-8.093916904181242">
        <ele>330.9</ele>
      </trkpt>
      <trkpt lat="40.47417176887393" lon="-8.093865104019642">
        <ele>331.2</ele>
      </trkpt>
      <trkpt lat="40.47399633564055" lon="-8.093816824257374">
        <ele>331.4</ele>
      </trkpt>
      <trkpt lat="40.473751332610846" lon="-8.09374432079494">
        <ele>332.2</ele>
      </trkpt>
      <trkpt lat="40.4735828563571" lon="-8.093696208670735">
        <ele>333.3</ele>
      </trkpt>
      <trkpt lat="40.47346651554108" lon="-8.093664022162557">
        <ele>334.9</ele>
      </trkpt>
      <trkpt lat="40.473363753408194" lon="-8.093626303598285">
        <ele>336.4</ele>
      </trkpt>
      <trkpt lat="40.47326342202723" lon="-8.093601744621992">
        <ele>337.7</ele>
      </trkpt>
      <trkpt lat="40.473181111738086" lon="-8.093585902824998">
        <ele>338.7</ele>
      </trkpt>
      <trkpt lat="40.47308907844126" lon="-8.093563355505466">
        <ele>339.9</ele>
      </trkpt>
      <trkpt lat="40.47303048893809" lon="-8.093552710488439">
        <ele>340.6</ele>
      </trkpt>
      <trkpt lat="40.47294692136347" lon="-8.093556147068739">
        <ele>341.5</ele>
      </trkpt>
      <trkpt lat="40.47289269044995" lon="-8.093554470688105">
        <ele>342.1</ele>
      </trkpt>
      <trkpt lat="40.472840555012226" lon="-8.093554638326168">
        <ele>342.7</ele>
      </trkpt>
      <trkpt lat="40.472756987437606" lon="-8.093570647761226">
        <ele>343.4</ele>
      </trkpt>
      <trkpt lat="40.47266772016883" lon="-8.093589087948203">
        <ele>344.2</ele>
      </trkpt>
      <trkpt lat="40.47258172184229" lon="-8.093616245314479">
        <ele>345</ele>
      </trkpt>
      <trkpt lat="40.472524305805564" lon="-8.09363535605371">
        <ele>345.3</ele>
      </trkpt>
      <trkpt lat="40.472438391298056" lon="-8.093661926686764">
        <ele>346</ele>
      </trkpt>
      <trkpt lat="40.47237980179489" lon="-8.093682546168566">
        <ele>346.4</ele>
      </trkpt>
      <trkpt lat="40.472289780154824" lon="-8.093720767647028">
        <ele>346.9</ele>
      </trkpt>
      <trkpt lat="40.47223010100424" lon="-8.093749014660716">
        <ele>347.2</ele>
      </trkpt>
      <trkpt lat="40.47213664278388" lon="-8.093778686597943">
        <ele>347.9</ele>
      </trkpt>
      <trkpt lat="40.47204217873514" lon="-8.093815315514803">
        <ele>348.6</ele>
      </trkpt>
      <trkpt lat="40.471953162923455" lon="-8.093856470659375">
        <ele>349.3</ele>
      </trkpt>
      <trkpt lat="40.47183522954583" lon="-8.093900308012962">
        <ele>350.3</ele>
      </trkpt>
      <trkpt lat="40.47174227423966" lon="-8.093938445672393">
        <ele>351</ele>
      </trkpt>
      <trkpt lat="40.47165585681796" lon="-8.093977337703109">
        <ele>351.7</ele>
      </trkpt>
      <trkpt lat="40.47156700864434" lon="-8.094019582495093">
        <ele>352.3</ele>
      </trkpt>
      <trkpt lat="40.471480675041676" lon="-8.094062665477395">
        <ele>352.7</ele>
      </trkpt>
      <trkpt lat="40.47139283269644" lon="-8.094110107049346">
        <ele>353</ele>
      </trkpt>
      <trkpt lat="40.471265092492104" lon="-8.094180598855019">
        <ele>353.5</ele>
      </trkpt>
      <trkpt lat="40.47108739614487" lon="-8.094302136451006">
        <ele>354.5</ele>
      </trkpt>
      <trkpt lat="40.470941215753555" lon="-8.094410514459014">
        <ele>355.1</ele>
      </trkpt>
      <trkpt lat="40.47082579694688" lon="-8.094499614089727">
        <ele>355.1</ele>
      </trkpt>
      <trkpt lat="40.47070249915123" lon="-8.094598185271025">
        <ele>354.8</ele>
      </trkpt>
      <trkpt lat="40.47062002122402" lon="-8.094665743410587">
        <ele>354.4</ele>
      </trkpt>
      <trkpt lat="40.470537627115846" lon="-8.09473279863596">
        <ele>354.1</ele>
      </trkpt>
      <trkpt lat="40.47036395408213" lon="-8.094861377030611">
        <ele>353.2</ele>
      </trkpt>
      <trkpt lat="40.47023638151586" lon="-8.094968246296048">
        <ele>352.8</ele>
      </trkpt>
      <trkpt lat="40.47010914422572" lon="-8.09506949968636">
        <ele>352.9</ele>
      </trkpt>
      <trkpt lat="40.469971261918545" lon="-8.095179134979844">
        <ele>353.3</ele>
      </trkpt>
      <trkpt lat="40.469838408753276" lon="-8.095279801636934">
        <ele>353.3</ele>
      </trkpt>
      <trkpt lat="40.46974788419902" lon="-8.0953523889184">
        <ele>353.1</ele>
      </trkpt>
      <trkpt lat="40.469657611101866" lon="-8.09542958624661">
        <ele>352.4</ele>
      </trkpt>
      <trkpt lat="40.46946541406214" lon="-8.095582388341427">
        <ele>350</ele>
      </trkpt>
      <trkpt lat="40.4693294595927" lon="-8.095693783834577">
        <ele>348.2</ele>
      </trkpt>
      <trkpt lat="40.46914732083678" lon="-8.095845496281981">
        <ele>347.1</ele>
      </trkpt>
      <trkpt lat="40.46901036053896" lon="-8.09595630504191">
        <ele>346.8</ele>
      </trkpt>
      <trkpt lat="40.46892134472728" lon="-8.096031155437231">
        <ele>346.9</ele>
      </trkpt>
      <trkpt lat="40.46871481463313" lon="-8.096213461831212">
        <ele>347.7</ele>
      </trkpt>
      <trkpt lat="40.46847006306052" lon="-8.096428206190467">
        <ele>349.3</ele>
      </trkpt>
      <trkpt lat="40.4683000780642" lon="-8.096585618332028">
        <ele>350.3</ele>
      </trkpt>
      <trkpt lat="40.468081310391426" lon="-8.096780832856894">
        <ele>351.1</ele>
      </trkpt>
      <trkpt lat="40.46777654439211" lon="-8.09706011787057">
        <ele>351.1</ele>
      </trkpt>
      <trkpt lat="40.4676007758826" lon="-8.097224570810795">
        <ele>350.7</ele>
      </trkpt>
      <trkpt lat="40.46728318557143" lon="-8.097522966563702">
        <ele>351.7</ele>
      </trkpt>
      <trkpt lat="40.46700515784323" lon="-8.097781967371702">
        <ele>355.3</ele>
      </trkpt>
      <trkpt lat="40.466768285259604" lon="-8.097995622083545">
        <ele>355.7</ele>
      </trkpt>
      <trkpt lat="40.4666752461344" lon="-8.098093774169683">
        <ele>355.4</ele>
      </trkpt>
      <trkpt lat="40.466376431286335" lon="-8.098374316468835">
        <ele>354.2</ele>
      </trkpt>
      <trkpt lat="40.46599597670138" lon="-8.098730128258467">
        <ele>350.8</ele>
      </trkpt>
      <trkpt lat="40.46569716185331" lon="-8.09901268221438">
        <ele>346.4</ele>
      </trkpt>
      <trkpt lat="40.46531922183931" lon="-8.09936061501503">
        <ele>344.4</ele>
      </trkpt>
      <trkpt lat="40.46512585133314" lon="-8.099529342725873">
        <ele>343.1</ele>
      </trkpt>
      <trkpt lat="40.46506315469742" lon="-8.099584579467773">
        <ele>342.6</ele>
      </trkpt>
      <trkpt lat="40.46457759104669" lon="-8.099915832281113">
        <ele>339</ele>
      </trkpt>
      <trkpt lat="40.46418179757893" lon="-8.100087409839034">
        <ele>338.9</ele>
      </trkpt>
      <trkpt lat="40.4636584315449" lon="-8.100285222753882">
        <ele>335.5</ele>
      </trkpt>
      <trkpt lat="40.463114865124226" lon="-8.100496949627995">
        <ele>332.2</ele>
      </trkpt>
      <trkpt lat="40.46302434056997" lon="-8.100531985983253">
        <ele>331.6</ele>
      </trkpt>
      <trkpt lat="40.462470883503556" lon="-8.10074346140027">
        <ele>330.3</ele>
      </trkpt>
      <trkpt lat="40.462098056450486" lon="-8.100891653448343">
        <ele>333.2</ele>
      </trkpt>
      <trkpt lat="40.461616180837154" lon="-8.101072618737817">
        <ele>333.4</ele>
      </trkpt>
      <trkpt lat="40.461019054055214" lon="-8.10130043886602">
        <ele>328.9</ele>
      </trkpt>
      <trkpt lat="40.46041429974139" lon="-8.101523565128446">
        <ele>328</ele>
      </trkpt>
      <trkpt lat="40.46002043411136" lon="-8.101672511547804">
        <ele>330.3</ele>
      </trkpt>
      <trkpt lat="40.45945323072374" lon="-8.101892368867993">
        <ele>326.9</ele>
      </trkpt>
      <trkpt lat="40.45899951830506" lon="-8.102065790444613">
        <ele>324.5</ele>
      </trkpt>
      <trkpt lat="40.45847707428038" lon="-8.102265363559127">
        <ele>324.5</ele>
      </trkpt>
      <trkpt lat="40.45789553783834" lon="-8.102487064898014">
        <ele>323.7</ele>
      </trkpt>
      <trkpt lat="40.45749044045806" lon="-8.102644309401512">
        <ele>324.9</ele>
      </trkpt>
      <trkpt lat="40.45692692510784" lon="-8.102854527533054">
        <ele>327.1</ele>
      </trkpt>
      <trkpt lat="40.456375647336245" lon="-8.103066589683294">
        <ele>330.6</ele>
      </trkpt>
      <trkpt lat="40.45591841451824" lon="-8.103210255503654">
        <ele>330.7</ele>
      </trkpt>
      <trkpt lat="40.45535967685282" lon="-8.103267755359411">
        <ele>333.4</ele>
      </trkpt>
      <trkpt lat="40.45493831858039" lon="-8.10325350612402">
        <ele>333.9</ele>
      </trkpt>
      <trkpt lat="40.454686526209116" lon="-8.103239508345723">
        <ele>331.8</ele>
      </trkpt>
      <trkpt lat="40.454342532902956" lon="-8.103223666548729">
        <ele>330</ele>
      </trkpt>
      <trkpt lat="40.454076658934355" lon="-8.103216039016843">
        <ele>329.1</ele>
      </trkpt>
      <trkpt lat="40.453523118048906" lon="-8.103189803659916">
        <ele>328</ele>
      </trkpt>
      <trkpt lat="40.4534300789237" lon="-8.103185528889298">
        <ele>327.7</ele>
      </trkpt>
      <trkpt lat="40.45286564156413" lon="-8.103161556646228">
        <ele>322.6</ele>
      </trkpt>
      <trkpt lat="40.45227421447635" lon="-8.103138841688633">
        <ele>321.9</ele>
      </trkpt>
      <trkpt lat="40.45165177434683" lon="-8.10310791246593">
        <ele>317.7</ele>
      </trkpt>
      <trkpt lat="40.45101516880095" lon="-8.103011101484299">
        <ele>317.2</ele>
      </trkpt>
      <trkpt lat="40.450442684814334" lon="-8.102684039622545">
        <ele>318.1</ele>
      </trkpt>
      <trkpt lat="40.44991127215326" lon="-8.102287827059627">
        <ele>316.3</ele>
      </trkpt>
      <trkpt lat="40.44954598881304" lon="-8.102010553702712">
        <ele>315.9</ele>
      </trkpt>
      <trkpt lat="40.44895053841174" lon="-8.101711990311742">
        <ele>311.3</ele>
      </trkpt>
      <trkpt lat="40.44884911738336" lon="-8.101674439385533">
        <ele>310.8</ele>
      </trkpt>
      <trkpt lat="40.44824654236436" lon="-8.101470256224275">
        <ele>309.2</ele>
      </trkpt>
      <trkpt lat="40.44763969257474" lon="-8.101270515471697">
        <ele>312.9</ele>
      </trkpt>
      <trkpt lat="40.44715756550431" lon="-8.101114360615611">
        <ele>316.9</ele>
      </trkpt>
      <trkpt lat="40.446683233603835" lon="-8.101056525483727">
        <ele>317.9</ele>
      </trkpt>
      <trkpt lat="40.446139331907034" lon="-8.101241681724787">
        <ele>312.3</ele>
      </trkpt>
      <trkpt lat="40.44605257920921" lon="-8.101287949830294">
        <ele>312</ele>
      </trkpt>
      <trkpt lat="40.445536673069" lon="-8.10157754458487">
        <ele>310.1</ele>
      </trkpt>
      <trkpt lat="40.44502847827971" lon="-8.101873006671667">
        <ele>308.1</ele>
      </trkpt>
      <trkpt lat="40.44451843947172" lon="-8.102166038006544">
        <ele>302.6</ele>
      </trkpt>
      <trkpt lat="40.44399851001799" lon="-8.102459907531738">
        <ele>301.2</ele>
      </trkpt>
      <trkpt lat="40.4434731323272" lon="-8.10275754891336">
        <ele>301.3</ele>
      </trkpt>
      <trkpt lat="40.442942809313536" lon="-8.1030663382262">
        <ele>301.6</ele>
      </trkpt>
      <trkpt lat="40.442767292261124" lon="-8.103171614930034">
        <ele>301.2</ele>
      </trkpt>
      <trkpt lat="40.44224317185581" lon="-8.103479901328683">
        <ele>304.1</ele>
      </trkpt>
      <trkpt lat="40.441819466650486" lon="-8.103755665943027">
        <ele>306.5</ele>
      </trkpt>
      <trkpt lat="40.44137405231595" lon="-8.104161098599434">
        <ele>306.4</ele>
      </trkpt>
      <trkpt lat="40.441044894978404" lon="-8.104502242058516">
        <ele>307.9</ele>
      </trkpt>
      <trkpt lat="40.44058204628527" lon="-8.104996774345636">
        <ele>305.9</ele>
      </trkpt>
      <trkpt lat="40.44015440158546" lon="-8.105453923344612">
        <ele>307.6</ele>
      </trkpt>
      <trkpt lat="40.43972474522889" lon="-8.105937223881483">
        <ele>308.8</ele>
      </trkpt>
      <trkpt lat="40.43959549628198" lon="-8.106080302968621">
        <ele>308</ele>
      </trkpt>
      <trkpt lat="40.439318558201194" lon="-8.106392277404666">
        <ele>304.2</ele>
      </trkpt>
      <trkpt lat="40.43901002034545" lon="-8.106768373399973">
        <ele>302.1</ele>
      </trkpt>
      <trkpt lat="40.43882813304663" lon="-8.107101554051042">
        <ele>302.5</ele>
      </trkpt>
      <trkpt lat="40.438695615157485" lon="-8.107382347807288">
        <ele>302.7</ele>
      </trkpt>
      <trkpt lat="40.43850090354681" lon="-8.107692813500762">
        <ele>302</ele>
      </trkpt>
      <trkpt lat="40.438459664583206" lon="-8.107739249244332">
        <ele>301.8</ele>
      </trkpt>
      <trkpt lat="40.43817652389407" lon="-8.107998501509428">
        <ele>299.9</ele>
      </trkpt>
      <trkpt lat="40.438118185848" lon="-8.108035465702415">
        <ele>299.5</ele>
      </trkpt>
      <trkpt lat="40.437742844223976" lon="-8.108371580019593">
        <ele>297.4</ele>
      </trkpt>
      <trkpt lat="40.43755726888776" lon="-8.108612978830934">
        <ele>296.3</ele>
      </trkpt>
      <trkpt lat="40.437504881992936" lon="-8.108706688508391">
        <ele>295.6</ele>
      </trkpt>
      <trkpt lat="40.4373842664063" lon="-8.109011622145772">
        <ele>294.2</ele>
      </trkpt>
      <trkpt lat="40.437333807349205" lon="-8.109221085906029">
        <ele>294.6</ele>
      </trkpt>
      <trkpt lat="40.437259543687105" lon="-8.109718300402164">
        <ele>296.9</ele>
      </trkpt>
      <trkpt lat="40.43714680708945" lon="-8.11041827313602">
        <ele>299.3</ele>
      </trkpt>
      <trkpt lat="40.437121242284775" lon="-8.110706694424152">
        <ele>299.2</ele>
      </trkpt>
      <trkpt lat="40.43710003606975" lon="-8.11084097251296">
        <ele>299.2</ele>
      </trkpt>
      <trkpt lat="40.4370803385973" lon="-8.110980112105608">
        <ele>299.9</ele>
      </trkpt>
      <trkpt lat="40.43706298805773" lon="-8.111116485670209">
        <ele>300.6</ele>
      </trkpt>
      <trkpt lat="40.437045469880104" lon="-8.111319495365024">
        <ele>301.4</ele>
      </trkpt>
      <trkpt lat="40.437019150704145" lon="-8.111509345471859">
        <ele>302.2</ele>
      </trkpt>
      <trkpt lat="40.436992747709155" lon="-8.11162719503045">
        <ele>302.8</ele>
      </trkpt>
      <trkpt lat="40.436934577301145" lon="-8.111863061785698">
        <ele>304.3</ele>
      </trkpt>
      <trkpt lat="40.43689970858395" lon="-8.111978061497211">
        <ele>304.8</ele>
      </trkpt>
      <trkpt lat="40.43678957037628" lon="-8.112328089773655">
        <ele>305.2</ele>
      </trkpt>
      <trkpt lat="40.4366915859282" lon="-8.112627491354942">
        <ele>304.5</ele>
      </trkpt>
      <trkpt lat="40.4365863930434" lon="-8.112927060574293">
        <ele>304.4</ele>
      </trkpt>
      <trkpt lat="40.43647441081703" lon="-8.113239873200655">
        <ele>303.7</ele>
      </trkpt>
      <trkpt lat="40.436348263174295" lon="-8.113566935062408">
        <ele>304.5</ele>
      </trkpt>
      <trkpt lat="40.43632311746478" lon="-8.113630218431354">
        <ele>304.8</ele>
      </trkpt>
      <trkpt lat="40.43624742887914" lon="-8.113816967234015">
        <ele>305.2</ele>
      </trkpt>
      <trkpt lat="40.43616419658065" lon="-8.114008326083422">
        <ele>305.2</ele>
      </trkpt>
      <trkpt lat="40.436070151627064" lon="-8.114209156483412">
        <ele>304.8</ele>
      </trkpt>
      <trkpt lat="40.43597090989351" lon="-8.114421553909779">
        <ele>304</ele>
      </trkpt>
      <trkpt lat="40.43587854132056" lon="-8.114644093438983">
        <ele>303.1</ele>
      </trkpt>
      <trkpt lat="40.43578499928117" lon="-8.11487266793847">
        <ele>301.6</ele>
      </trkpt>
      <trkpt lat="40.43556673452258" lon="-8.115452276542783">
        <ele>297</ele>
      </trkpt>
      <trkpt lat="40.43550512753427" lon="-8.115627458319068">
        <ele>296.1</ele>
      </trkpt>
      <trkpt lat="40.43525626882911" lon="-8.1163321249187">
        <ele>295.4</ele>
      </trkpt>
      <trkpt lat="40.43501017615199" lon="-8.117020865902305">
        <ele>296.1</ele>
      </trkpt>
      <trkpt lat="40.43492459692061" lon="-8.117271400988102">
        <ele>296.9</ele>
      </trkpt>
      <trkpt lat="40.434568701311946" lon="-8.117880932986736">
        <ele>295.1</ele>
      </trkpt>
      <trkpt lat="40.43413418345153" lon="-8.118402119725943">
        <ele>289.9</ele>
      </trkpt>
      <trkpt lat="40.43365809135139" lon="-8.118940237909555">
        <ele>285.4</ele>
      </trkpt>
      <trkpt lat="40.43322768062353" lon="-8.119374504312873">
        <ele>284.9</ele>
      </trkpt>
      <trkpt lat="40.4327492415905" lon="-8.119823690503836">
        <ele>282.5</ele>
      </trkpt>
      <trkpt lat="40.43249418027699" lon="-8.120044386014342">
        <ele>282.1</ele>
      </trkpt>
      <trkpt lat="40.43233131989837" lon="-8.120221998542547">
        <ele>282.7</ele>
      </trkpt>
      <trkpt lat="40.43201859109104" lon="-8.120536487549543">
        <ele>284</ele>
      </trkpt>
      <trkpt lat="40.43197265826166" lon="-8.120589712634683">
        <ele>284</ele>
      </trkpt>
      <trkpt lat="40.43183829635382" lon="-8.120728600770235">
        <ele>284.1</ele>
      </trkpt>
      <trkpt lat="40.43161676265299" lon="-8.12096580862999">
        <ele>284.2</ele>
      </trkpt>
      <trkpt lat="40.43157057836652" lon="-8.121013334020972">
        <ele>284.3</ele>
      </trkpt>
      <trkpt lat="40.431432612240314" lon="-8.121152557432652">
        <ele>284.8</ele>
      </trkpt>
      <trkpt lat="40.431375950574875" lon="-8.121193796396255">
        <ele>285.1</ele>
      </trkpt>
      <trkpt lat="40.43128198944032" lon="-8.121218355372548">
        <ele>286</ele>
      </trkpt>
      <trkpt lat="40.431074453517795" lon="-8.12139923684299">
        <ele>288.2</ele>
      </trkpt>
      <trkpt lat="40.430934224277735" lon="-8.121545501053333">
        <ele>289.2</ele>
      </trkpt>
      <trkpt lat="40.43088820762932" lon="-8.121594954282045">
        <ele>289.5</ele>
      </trkpt>
      <trkpt lat="40.43066918849945" lon="-8.121856385841966">
        <ele>291</ele>
      </trkpt>
      <trkpt lat="40.430533569306135" lon="-8.122085630893707">
        <ele>291.7</ele>
      </trkpt>
      <trkpt lat="40.43033927679062" lon="-8.122378829866648">
        <ele>292</ele>
      </trkpt>
      <trkpt lat="40.43013936839998" lon="-8.122679824009538">
        <ele>291</ele>
      </trkpt>
      <trkpt lat="40.42989159934223" lon="-8.123043347150087">
        <ele>290.7</ele>
      </trkpt>
      <trkpt lat="40.42972303926945" lon="-8.123283823952079">
        <ele>292.3</ele>
      </trkpt>
      <trkpt lat="40.42953059077263" lon="-8.123504603281617">
        <ele>294.6</ele>
      </trkpt>
      <trkpt lat="40.42947459965944" lon="-8.123553469777107">
        <ele>295.4</ele>
      </trkpt>
      <trkpt lat="40.429169330745935" lon="-8.123756647109985">
        <ele>298.7</ele>
      </trkpt>
      <trkpt lat="40.428642109036446" lon="-8.123912466689944">
        <ele>297.5</ele>
      </trkpt>
      <trkpt lat="40.42820113711059" lon="-8.124023107811809">
        <ele>297.2</ele>
      </trkpt>
      <trkpt lat="40.42762462981045" lon="-8.124156463891268">
        <ele>297.3</ele>
      </trkpt>
      <trkpt lat="40.427020797505975" lon="-8.124305410310626">
        <ele>292.5</ele>
      </trkpt>
      <trkpt lat="40.4263995308429" lon="-8.12444681301713">
        <ele>287.3</ele>
      </trkpt>
      <trkpt lat="40.42576778680086" lon="-8.124592825770378">
        <ele>281.8</ele>
      </trkpt>
      <trkpt lat="40.42516437359154" lon="-8.124745963141322">
        <ele>281.3</ele>
      </trkpt>
      <trkpt lat="40.42458040639758" lon="-8.124894825741649">
        <ele>279</ele>
      </trkpt>
      <trkpt lat="40.42401311919093" lon="-8.125046789646149">
        <ele>277.2</ele>
      </trkpt>
      <trkpt lat="40.42345345951617" lon="-8.12524720095098">
        <ele>279</ele>
      </trkpt>
      <trkpt lat="40.42336276732385" lon="-8.125290032476187">
        <ele>278.8</ele>
      </trkpt>
      <trkpt lat="40.42279682122171" lon="-8.125546015799046">
        <ele>277.2</ele>
      </trkpt>
      <trkpt lat="40.42220128700137" lon="-8.125802921131253">
        <ele>272.9</ele>
      </trkpt>
      <trkpt lat="40.42177607305348" lon="-8.125874837860465">
        <ele>267.6</ele>
      </trkpt>
      <trkpt lat="40.421232003718615" lon="-8.125748774036765">
        <ele>261.5</ele>
      </trkpt>
      <trkpt lat="40.42067376896739" lon="-8.125561689957976">
        <ele>256.9</ele>
      </trkpt>
      <trkpt lat="40.42056027799845" lon="-8.12552229501307">
        <ele>256.4</ele>
      </trkpt>
      <trkpt lat="40.41998284868896" lon="-8.12532833777368">
        <ele>254.5</ele>
      </trkpt>
      <trkpt lat="40.41939645074308" lon="-8.125125328078866">
        <ele>254.2</ele>
      </trkpt>
      <trkpt lat="40.41892790235579" lon="-8.124963976442814">
        <ele>253.5</ele>
      </trkpt>
      <trkpt lat="40.41832876391709" lon="-8.124772366136312">
        <ele>249.2</ele>
      </trkpt>
      <trkpt lat="40.41772065684199" lon="-8.124574553221464">
        <ele>242.3</ele>
      </trkpt>
      <trkpt lat="40.41759836487472" lon="-8.124538343399763">
        <ele>242</ele>
      </trkpt>
      <trkpt lat="40.41699822060764" lon="-8.124337680637836">
        <ele>239.5</ele>
      </trkpt>
      <trkpt lat="40.41642598807812" lon="-8.12414531596005">
        <ele>239.5</ele>
      </trkpt>
      <trkpt lat="40.41620286181569" lon="-8.124083876609802">
        <ele>240.3</ele>
      </trkpt>
      <trkpt lat="40.415668515488505" lon="-8.124018162488937">
        <ele>242.9</ele>
      </trkpt>
      <trkpt lat="40.41519166901708" lon="-8.12411648221314">
        <ele>243.6</ele>
      </trkpt>
      <trkpt lat="40.414642319083214" lon="-8.124370956793427">
        <ele>243.7</ele>
      </trkpt>
      <trkpt lat="40.41423948481679" lon="-8.124598693102598">
        <ele>241.1</ele>
      </trkpt>
      <trkpt lat="40.413928935304284" lon="-8.124785358086228">
        <ele>240.8</ele>
      </trkpt>
      <trkpt lat="40.41386724449694" lon="-8.124817796051502">
        <ele>240.7</ele>
      </trkpt>
      <trkpt lat="40.41355988010764" lon="-8.124973196536303">
        <ele>240.7</ele>
      </trkpt>
      <trkpt lat="40.41331361979246" lon="-8.125116527080536">
        <ele>241.9</ele>
      </trkpt>
      <trkpt lat="40.41306928731501" lon="-8.125269748270512">
        <ele>242.6</ele>
      </trkpt>
      <trkpt lat="40.41301153600216" lon="-8.125321045517921">
        <ele>242.7</ele>
      </trkpt>
      <trkpt lat="40.41285177692771" lon="-8.125494718551636">
        <ele>242.8</ele>
      </trkpt>
      <trkpt lat="40.41266745887697" lon="-8.125556325539947">
        <ele>241.9</ele>
      </trkpt>
      <trkpt lat="40.41259931400418" lon="-8.12555305659771">
        <ele>241.8</ele>
      </trkpt>
      <trkpt lat="40.41239119134843" lon="-8.125565126538277">
        <ele>242.2</ele>
      </trkpt>
      <trkpt lat="40.41232790797949" lon="-8.125577447935939">
        <ele>242.9</ele>
      </trkpt>
      <trkpt lat="40.412127412855625" lon="-8.125639474019408">
        <ele>245</ele>
      </trkpt>
      <trkpt lat="40.41192867793143" lon="-8.12572555616498">
        <ele>246</ele>
      </trkpt>
      <trkpt lat="40.411610417068005" lon="-8.12587064690888">
        <ele>245.8</ele>
      </trkpt>
      <trkpt lat="40.4110752325505" lon="-8.126103915274143">
        <ele>245</ele>
      </trkpt>
      <trkpt lat="40.41054993867874" lon="-8.126339865848422">
        <ele>244</ele>
      </trkpt>
      <trkpt lat="40.40998793207109" lon="-8.126591490581632">
        <ele>240.6</ele>
      </trkpt>
      <trkpt lat="40.40984041057527" lon="-8.12665737234056">
        <ele>240.8</ele>
      </trkpt>
      <trkpt lat="40.40931260213256" lon="-8.12687337398529">
        <ele>242.2</ele>
      </trkpt>
      <trkpt lat="40.40889845229685" lon="-8.1270438618958">
        <ele>240.2</ele>
      </trkpt>
      <trkpt lat="40.408642971888185" lon="-8.127150814980268">
        <ele>238</ele>
      </trkpt>
      <trkpt lat="40.40838279761374" lon="-8.127260450273752">
        <ele>235.6</ele>
      </trkpt>
      <trkpt lat="40.40821515955031" lon="-8.127347873523831">
        <ele>234</ele>
      </trkpt>
      <trkpt lat="40.407663295045495" lon="-8.127576112747192">
        <ele>229.2</ele>
      </trkpt>
      <trkpt lat="40.40757251903415" lon="-8.127616429701447">
        <ele>228.5</ele>
      </trkpt>
      <trkpt lat="40.40738518349826" lon="-8.127694129943848">
        <ele>227.1</ele>
      </trkpt>
      <trkpt lat="40.40689551271498" lon="-8.127924632281065">
        <ele>224.5</ele>
      </trkpt>
      <trkpt lat="40.40634683333337" lon="-8.128121607005596">
        <ele>223.8</ele>
      </trkpt>
      <trkpt lat="40.40626795962453" lon="-8.128154631704092">
        <ele>223.5</ele>
      </trkpt>
      <trkpt lat="40.4061124753207" lon="-8.128220597282052">
        <ele>222.9</ele>
      </trkpt>
      <trkpt lat="40.4057271592319" lon="-8.128383792936802">
        <ele>222</ele>
      </trkpt>
      <trkpt lat="40.40527202188969" lon="-8.128576492890716">
        <ele>220.7</ele>
      </trkpt>
      <trkpt lat="40.40503724478185" lon="-8.128672381862998">
        <ele>220.2</ele>
      </trkpt>
      <trkpt lat="40.404536090791225" lon="-8.128974633291364">
        <ele>218.7</ele>
      </trkpt>
      <trkpt lat="40.40440474636853" lon="-8.12908192165196">
        <ele>218</ele>
      </trkpt>
      <trkpt lat="40.404126551002264" lon="-8.129308400675654">
        <ele>216.9</ele>
      </trkpt>
      <trkpt lat="40.404053293168545" lon="-8.12936531379819">
        <ele>216.5</ele>
      </trkpt>
      <trkpt lat="40.40369940921664" lon="-8.129664631560445">
        <ele>215.2</ele>
      </trkpt>
      <trkpt lat="40.403487933799624" lon="-8.129830090329051">
        <ele>214.4</ele>
      </trkpt>
      <trkpt lat="40.40334980003536" lon="-8.129944587126374">
        <ele>213.9</ele>
      </trkpt>
      <trkpt lat="40.40299172513187" lon="-8.130227057263255">
        <ele>212.2</ele>
      </trkpt>
      <trkpt lat="40.402715373784304" lon="-8.130433419719338">
        <ele>211.2</ele>
      </trkpt>
      <trkpt lat="40.40264865383506" lon="-8.130482705309987">
        <ele>210.8</ele>
      </trkpt>
      <trkpt lat="40.402455450966954" lon="-8.130464684218168">
        <ele>209.9</ele>
      </trkpt>
      <trkpt lat="40.4021751601249" lon="-8.13034993596375">
        <ele>208.7</ele>
      </trkpt>
      <trkpt lat="40.40192160755396" lon="-8.130314648151398">
        <ele>206.9</ele>
      </trkpt>
      <trkpt lat="40.40154475718737" lon="-8.1302575673908">
        <ele>204.5</ele>
      </trkpt>
      <trkpt lat="40.401132283732295" lon="-8.130206940695643">
        <ele>202.6</ele>
      </trkpt>
      <trkpt lat="40.40058620274067" lon="-8.130135694518685">
        <ele>199.9</ele>
      </trkpt>
      <trkpt lat="40.40047304704785" lon="-8.130124295130372">
        <ele>199.4</ele>
      </trkpt>
      <trkpt lat="40.400016233325005" lon="-8.130062855780125">
        <ele>196.5</ele>
      </trkpt>
      <trkpt lat="40.39956604130566" lon="-8.130007702857256">
        <ele>191.3</ele>
      </trkpt>
      <trkpt lat="40.399046782404184" lon="-8.12994291074574">
        <ele>189.5</ele>
      </trkpt>
      <trkpt lat="40.3984915651381" lon="-8.129870323464274">
        <ele>190.4</ele>
      </trkpt>
      <trkpt lat="40.39789971895516" lon="-8.129777368158102">
        <ele>193.4</ele>
      </trkpt>
      <trkpt lat="40.39735145866871" lon="-8.12977191992104">
        <ele>191.7</ele>
      </trkpt>
      <trkpt lat="40.39729479700327" lon="-8.129796981811523">
        <ele>191.6</ele>
      </trkpt>
      <trkpt lat="40.39684494026005" lon="-8.130215406417847">
        <ele>190.7</ele>
      </trkpt>
      <trkpt lat="40.39672591723502" lon="-8.130352282896638">
        <ele>190.7</ele>
      </trkpt>
      <trkpt lat="40.39660940878093" lon="-8.130416655912995">
        <ele>190.2</ele>
      </trkpt>
      <trkpt lat="40.39648753590882" lon="-8.130453117191792">
        <ele>190.1</ele>
      </trkpt>
      <trkpt lat="40.396447302773595" lon="-8.130458733066916">
        <ele>190</ele>
      </trkpt>
      <trkpt lat="40.396309085190296" lon="-8.130487399175763">
        <ele>190</ele>
      </trkpt>
      <trkpt lat="40.396093083545566" lon="-8.130547665059566">
        <ele>189.6</ele>
      </trkpt>
      <trkpt lat="40.3960326500237" lon="-8.130570463836193">
        <ele>189.4</ele>
      </trkpt>
      <trkpt lat="40.395859982818365" lon="-8.130692336708307">
        <ele>187.8</ele>
      </trkpt>
      <trkpt lat="40.39572302252054" lon="-8.130880426615477">
        <ele>184.7</ele>
      </trkpt>
      <trkpt lat="40.39568128064275" lon="-8.130941865965724">
        <ele>183.6</ele>
      </trkpt>
      <trkpt lat="40.39552613161504" lon="-8.131185360252857">
        <ele>180.6</ele>
      </trkpt>
      <trkpt lat="40.395327396690845" lon="-8.131487779319286">
        <ele>179.9</ele>
      </trkpt>
      <trkpt lat="40.39512916468084" lon="-8.13178701326251">
        <ele>182</ele>
      </trkpt>
      <trkpt lat="40.395014584064484" lon="-8.13195263966918">
        <ele>184</ele>
      </trkpt>
      <trkpt lat="40.39498222991824" lon="-8.1320034340024">
        <ele>184.9</ele>
      </trkpt>
      <trkpt lat="40.39495280943811" lon="-8.132054395973682">
        <ele>185.8</ele>
      </trkpt>
      <trkpt lat="40.39486639201641" lon="-8.132188422605395">
        <ele>188.4</ele>
      </trkpt>
      <trkpt lat="40.39483864791691" lon="-8.132229493930936">
        <ele>189.1</ele>
      </trkpt>
      <trkpt lat="40.39473244920373" lon="-8.132380116730928">
        <ele>191</ele>
      </trkpt>
      <trkpt lat="40.394661370664835" lon="-8.132495284080505">
        <ele>192.6</ele>
      </trkpt>
      <trkpt lat="40.394606301561" lon="-8.132565189152956">
        <ele>193.6</ele>
      </trkpt>
      <trkpt lat="40.39452524855733" lon="-8.132678009569645">
        <ele>194.9</ele>
      </trkpt>
      <trkpt lat="40.39450236596167" lon="-8.132718494161963">
        <ele>195.3</ele>
      </trkpt>
      <trkpt lat="40.39441108703613" lon="-8.132867775857449">
        <ele>197</ele>
      </trkpt>
      <trkpt lat="40.39436498656869" lon="-8.132934076711535">
        <ele>197.6</ele>
      </trkpt>
      <trkpt lat="40.3942849393934" lon="-8.133072042837739">
        <ele>198.6</ele>
      </trkpt>
      <trkpt lat="40.394266499206424" lon="-8.133105235174298">
        <ele>198.8</ele>
      </trkpt>
      <trkpt lat="40.39418268017471" lon="-8.133220234885812">
        <ele>199.1</ele>
      </trkpt>
      <trkpt lat="40.394090646877885" lon="-8.133331211283803">
        <ele>199.5</ele>
      </trkpt>
      <trkpt lat="40.394014958292246" lon="-8.13346448354423">
        <ele>200.3</ele>
      </trkpt>
      <trkpt lat="40.39392996579409" lon="-8.133584009483457">
        <ele>200.7</ele>
      </trkpt>
      <trkpt lat="40.39383441209793" lon="-8.13372197560966">
        <ele>201.2</ele>
      </trkpt>
      <trkpt lat="40.39375922642648" lon="-8.133821301162243">
        <ele>201.6</ele>
      </trkpt>
      <trkpt lat="40.39368253201246" lon="-8.13392087817192">
        <ele>202.3</ele>
      </trkpt>
      <trkpt lat="40.39361773990095" lon="-8.134032357484102">
        <ele>203.2</ele>
      </trkpt>
      <trkpt lat="40.39354205131531" lon="-8.134142747148871">
        <ele>204</ele>
      </trkpt>
      <trkpt lat="40.39346946403384" lon="-8.134251460433006">
        <ele>204.8</ele>
      </trkpt>
      <trkpt lat="40.39338857866824" lon="-8.134354557842016">
        <ele>205.6</ele>
      </trkpt>
      <trkpt lat="40.39332957006991" lon="-8.13447349704802">
        <ele>206.5</ele>
      </trkpt>
      <trkpt lat="40.39325597696006" lon="-8.13458975404501">
        <ele>206.8</ele>
      </trkpt>
      <trkpt lat="40.39317727088928" lon="-8.13469972461462">
        <ele>207.7</ele>
      </trkpt>
      <trkpt lat="40.39313854649663" lon="-8.134758481755853">
        <ele>208.1</ele>
      </trkpt>
      <trkpt lat="40.393064031377435" lon="-8.134872978553176">
        <ele>208.7</ele>
      </trkpt>
      <trkpt lat="40.393013237044215" lon="-8.13496065326035">
        <ele>209.1</ele>
      </trkpt>
      <trkpt lat="40.39296085014939" lon="-8.135036258026958">
        <ele>209.4</ele>
      </trkpt>
      <trkpt lat="40.39288256317377" lon="-8.135138684883714">
        <ele>210.1</ele>
      </trkpt>
      <trkpt lat="40.39282489567995" lon="-8.13522694632411">
        <ele>211</ele>
      </trkpt>
      <trkpt lat="40.39275733754039" lon="-8.13533884473145">
        <ele>212.3</ele>
      </trkpt>
      <trkpt lat="40.39270310662687" lon="-8.135445127263665">
        <ele>213.1</ele>
      </trkpt>
      <trkpt lat="40.392649210989475" lon="-8.135555684566498">
        <ele>213.9</ele>
      </trkpt>
      <trkpt lat="40.392604786902666" lon="-8.135639503598213">
        <ele>214.4</ele>
      </trkpt>
      <trkpt lat="40.39259531535208" lon="-8.135666325688362">
        <ele>214.6</ele>
      </trkpt>
      <trkpt lat="40.392515854910016" lon="-8.135787611827254">
        <ele>215.2</ele>
      </trkpt>
      <trkpt lat="40.392447877675295" lon="-8.13588559627533">
        <ele>215.3</ele>
      </trkpt>
      <trkpt lat="40.392379984259605" lon="-8.136000512167811">
        <ele>215.3</ele>
      </trkpt>
      <trkpt lat="40.39233170449734" lon="-8.136091958731413">
        <ele>215.1</ele>
      </trkpt>
      <trkpt lat="40.392268002033234" lon="-8.136217938736081">
        <ele>214.5</ele>
      </trkpt>
      <trkpt lat="40.392204048112035" lon="-8.136360682547092">
        <ele>213.8</ele>
      </trkpt>
      <trkpt lat="40.392143530771136" lon="-8.136507533490658">
        <ele>213.6</ele>
      </trkpt>
      <trkpt lat="40.392063315957785" lon="-8.136754212900996">
        <ele>213.4</ele>
      </trkpt>
      <trkpt lat="40.39200682193041" lon="-8.137056129053235">
        <ele>213.2</ele>
      </trkpt>
      <trkpt lat="40.39197555743158" lon="-8.137444043532014">
        <ele>213</ele>
      </trkpt>
      <trkpt lat="40.391973964869976" lon="-8.137714779004455">
        <ele>212.5</ele>
      </trkpt>
      <trkpt lat="40.39196575060487" lon="-8.137923320755363">
        <ele>212.1</ele>
      </trkpt>
      <trkpt lat="40.391948986798525" lon="-8.138297069817781">
        <ele>210.9</ele>
      </trkpt>
      <trkpt lat="40.39193322882056" lon="-8.13855112530291">
        <ele>209.5</ele>
      </trkpt>
      <trkpt lat="40.391876650974154" lon="-8.138889418914914">
        <ele>207.1</ele>
      </trkpt>
      <trkpt lat="40.391872292384505" lon="-8.138982960954309">
        <ele>207.2</ele>
      </trkpt>
      <trkpt lat="40.39185896515846" lon="-8.13908714801073">
        <ele>207.3</ele>
      </trkpt>
      <trkpt lat="40.39185485802591" lon="-8.139113131910563">
        <ele>207.3</ele>
      </trkpt>
      <trkpt lat="40.39183180779219" lon="-8.139229472726583">
        <ele>207.6</ele>
      </trkpt>
      <trkpt lat="40.39180641062558" lon="-8.13934556208551">
        <ele>207.8</ele>
      </trkpt>
      <trkpt lat="40.391778498888016" lon="-8.139482773840427">
        <ele>208.2</ele>
      </trkpt>
      <trkpt lat="40.39173952303827" lon="-8.139628786593676">
        <ele>208.1</ele>
      </trkpt>
      <trkpt lat="40.39169727824628" lon="-8.139790305867791">
        <ele>207.7</ele>
      </trkpt>
      <trkpt lat="40.391635252162814" lon="-8.13998468220234">
        <ele>207.5</ele>
      </trkpt>
      <trkpt lat="40.391530729830265" lon="-8.1402544118464">
        <ele>207.7</ele>
      </trkpt>
      <trkpt lat="40.391395445913076" lon="-8.14052120782435">
        <ele>208.5</ele>
      </trkpt>
      <trkpt lat="40.39129209704697" lon="-8.140690522268414">
        <ele>209.7</ele>
      </trkpt>
      <trkpt lat="40.39119637571275" lon="-8.140838295221329">
        <ele>211.1</ele>
      </trkpt>
      <trkpt lat="40.39114692248404" lon="-8.14090576954186">
        <ele>211.8</ele>
      </trkpt>
      <trkpt lat="40.391051871702075" lon="-8.14103384502232">
        <ele>212.7</ele>
      </trkpt>
      <trkpt lat="40.39092589169741" lon="-8.141236770898104">
        <ele>213.3</ele>
      </trkpt>
      <trkpt lat="40.390693712979555" lon="-8.14156936481595">
        <ele>213.6</ele>
      </trkpt>
      <trkpt lat="40.39046832360327" lon="-8.141899276524782">
        <ele>215</ele>
      </trkpt>
      <trkpt lat="40.39041803218424" lon="-8.141975300386548">
        <ele>215.3</ele>
      </trkpt>
      <trkpt lat="40.39011536166072" lon="-8.142458600923419">
        <ele>214.9</ele>
      </trkpt>
      <trkpt lat="40.38995644077659" lon="-8.142701173201203">
        <ele>214.9</ele>
      </trkpt>
      <trkpt lat="40.38973767310381" lon="-8.14303326420486">
        <ele>216</ele>
      </trkpt>
      <trkpt lat="40.38935805670917" lon="-8.143625194206834">
        <ele>215.8</ele>
      </trkpt>
      <trkpt lat="40.38923148997128" lon="-8.143826862797141">
        <ele>215.2</ele>
      </trkpt>
      <trkpt lat="40.388971315696836" lon="-8.144231457263231">
        <ele>215</ele>
      </trkpt>
      <trkpt lat="40.38870234042406" lon="-8.14465013332665">
        <ele>215.6</ele>
      </trkpt>
      <trkpt lat="40.38849379867315" lon="-8.144983984529972">
        <ele>216.5</ele>
      </trkpt>
      <trkpt lat="40.388255417346954" lon="-8.145394865423441">
        <ele>217.1</ele>
      </trkpt>
      <trkpt lat="40.38805919699371" lon="-8.145777666941285">
        <ele>217.2</ele>
      </trkpt>
      <trkpt lat="40.38791502825916" lon="-8.14612040296197">
        <ele>217.1</ele>
      </trkpt>
      <trkpt lat="40.387820145115256" lon="-8.146481243893504">
        <ele>217.5</ele>
      </trkpt>
      <trkpt lat="40.38775434717536" lon="-8.146996814757586">
        <ele>217.8</ele>
      </trkpt>
      <trkpt lat="40.38774210959673" lon="-8.147381879389286">
        <ele>219.7</ele>
      </trkpt>
      <trkpt lat="40.3877452109009" lon="-8.14746125601232">
        <ele>220.3</ele>
      </trkpt>
      <trkpt lat="40.38778561167419" lon="-8.147849086672068">
        <ele>221.8</ele>
      </trkpt>
      <trkpt lat="40.387797597795725" lon="-8.14792544580996">
        <ele>221.6</ele>
      </trkpt>
      <trkpt lat="40.387866497039795" lon="-8.148220488801599">
        <ele>221</ele>
      </trkpt>
      <trkpt lat="40.387960793450475" lon="-8.148511843755841">
        <ele>219.5</ele>
      </trkpt>
      <trkpt lat="40.38817352615297" lon="-8.148987432941794">
        <ele>217.5</ele>
      </trkpt>
      <trkpt lat="40.388348791748285" lon="-8.149311309680343">
        <ele>218.9</ele>
      </trkpt>
      <trkpt lat="40.388496816158295" lon="-8.149575758725405">
        <ele>220.4</ele>
      </trkpt>
      <trkpt lat="40.388803677633405" lon="-8.150130808353424">
        <ele>221.1</ele>
      </trkpt>
      <trkpt lat="40.38904868066311" lon="-8.150576557964087">
        <ele>223.3</ele>
      </trkpt>
      <trkpt lat="40.38919838145375" lon="-8.150907140225172">
        <ele>222.3</ele>
      </trkpt>
      <trkpt lat="40.38931472226977" lon="-8.151276530697942">
        <ele>218.1</ele>
      </trkpt>
      <trkpt lat="40.38937708362937" lon="-8.151678526774049">
        <ele>214.4</ele>
      </trkpt>
      <trkpt lat="40.389395859092474" lon="-8.152000391855836">
        <ele>211.6</ele>
      </trkpt>
      <trkpt lat="40.3893824480474" lon="-8.152339104562998">
        <ele>207</ele>
      </trkpt>
      <trkpt lat="40.38936006836593" lon="-8.152570025995374">
        <ele>204.2</ele>
      </trkpt>
      <trkpt lat="40.38931472226977" lon="-8.152926843613386">
        <ele>203.4</ele>
      </trkpt>
      <trkpt lat="40.389241967350245" lon="-8.153428584337234">
        <ele>205.4</ele>
      </trkpt>
      <trkpt lat="40.389183796942234" lon="-8.153816582635045">
        <ele>206.6</ele>
      </trkpt>
      <trkpt lat="40.389124788343906" lon="-8.1542057543993">
        <ele>206.6</ele>
      </trkpt>
      <trkpt lat="40.389047088101506" lon="-8.154729790985584">
        <ele>203.4</ele>
      </trkpt>
      <trkpt lat="40.38899294100702" lon="-8.155127177014947">
        <ele>201.9</ele>
      </trkpt>
      <trkpt lat="40.38895647972822" lon="-8.155658673495054">
        <ele>198.1</ele>
      </trkpt>
      <trkpt lat="40.38899637758732" lon="-8.156187487766147">
        <ele>194.8</ele>
      </trkpt>
      <trkpt lat="40.389081705361605" lon="-8.156571630388498">
        <ele>190.9</ele>
      </trkpt>
      <trkpt lat="40.389161836355925" lon="-8.15681554377079">
        <ele>188.7</ele>
      </trkpt>
      <trkpt lat="40.38930826820433" lon="-8.157170014455914">
        <ele>185.8</ele>
      </trkpt>
      <trkpt lat="40.38947146385908" lon="-8.157512918114662">
        <ele>183.4</ele>
      </trkpt>
      <trkpt lat="40.38963608443737" lon="-8.157846182584763">
        <ele>179.7</ele>
      </trkpt>
      <trkpt lat="40.38974731229246" lon="-8.158066794276237">
        <ele>177.3</ele>
      </trkpt>
      <trkpt lat="40.3899144474417" lon="-8.158398298546672">
        <ele>175.6</ele>
      </trkpt>
      <trkpt lat="40.39008233696222" lon="-8.15873290412128">
        <ele>177.3</ele>
      </trkpt>
      <trkpt lat="40.390251064673066" lon="-8.15906667150557">
        <ele>176.5</ele>
      </trkpt>
      <trkpt lat="40.39041996002197" lon="-8.159400941804051">
        <ele>175</ele>
      </trkpt>
      <trkpt lat="40.39047586731613" lon="-8.159513343125582">
        <ele>174.7</ele>
      </trkpt>
      <trkpt lat="40.39058935828507" lon="-8.159738816320896">
        <ele>174</ele>
      </trkpt>
      <trkpt lat="40.39076152257621" lon="-8.160082390531898">
        <ele>171.9</ele>
      </trkpt>
      <trkpt lat="40.39093100465834" lon="-8.160422276705503">
        <ele>170</ele>
      </trkpt>
      <trkpt lat="40.390985403209925" lon="-8.160533336922526">
        <ele>170.1</ele>
      </trkpt>
      <trkpt lat="40.39114457555115" lon="-8.160847574472427">
        <ele>171.9</ele>
      </trkpt>
      <trkpt lat="40.39133174344897" lon="-8.161228531971574">
        <ele>167.4</ele>
      </trkpt>
      <trkpt lat="40.39149493910372" lon="-8.1615777220577">
        <ele>157.3</ele>
      </trkpt>
      <trkpt lat="40.391636760905385" lon="-8.161917608231306">
        <ele>149.2</ele>
      </trkpt>
      <trkpt lat="40.3917845338583" lon="-8.16230334341526">
        <ele>135.6</ele>
      </trkpt>
      <trkpt lat="40.39190816693008" lon="-8.162683211266994">
        <ele>125.3</ele>
      </trkpt>
      <trkpt lat="40.39197119884193" lon="-8.162913043051958">
        <ele>124</ele>
      </trkpt>
      <trkpt lat="40.392027609050274" lon="-8.163141617551446">
        <ele>124</ele>
      </trkpt>
      <trkpt lat="40.39207915775478" lon="-8.163372036069632">
        <ele>124</ele>
      </trkpt>
      <trkpt lat="40.392125844955444" lon="-8.163602706044912">
        <ele>124</ele>
      </trkpt>
      <trkpt lat="40.39216574281454" lon="-8.163833543658257">
        <ele>124.2</ele>
      </trkpt>
      <trkpt lat="40.39220103062689" lon="-8.164062201976776">
        <ele>125.3</ele>
      </trkpt>
      <trkpt lat="40.392227936536074" lon="-8.164293374866247">
        <ele>129.2</ele>
      </trkpt>
      <trkpt lat="40.392251405864954" lon="-8.16453100182116">
        <ele>133.5</ele>
      </trkpt>
      <trkpt lat="40.39226867258549" lon="-8.164762845262885">
        <ele>137.5</ele>
      </trkpt>
      <trkpt lat="40.392285604029894" lon="-8.165064509958029">
        <ele>141.9</ele>
      </trkpt>
      <trkpt lat="40.392291555181146" lon="-8.165301382541656">
        <ele>146.4</ele>
      </trkpt>
      <trkpt lat="40.39229013025761" lon="-8.16554144024849">
        <ele>150.3</ele>
      </trkpt>
      <trkpt lat="40.3922869451344" lon="-8.165789460763335">
        <ele>153</ele>
      </trkpt>
      <trkpt lat="40.392289627343416" lon="-8.166044186800718">
        <ele>154.1</ele>
      </trkpt>
      <trkpt lat="40.392293902114034" lon="-8.166395807638764">
        <ele>154.8</ele>
      </trkpt>
      <trkpt lat="40.3922975063324" lon="-8.166760001331568">
        <ele>157.1</ele>
      </trkpt>
      <trkpt lat="40.39229951798916" lon="-8.167126374319196">
        <ele>158.7</ele>
      </trkpt>
      <trkpt lat="40.39230655878782" lon="-8.167573884129524">
        <ele>155.5</ele>
      </trkpt>
      <trkpt lat="40.39231804199517" lon="-8.16810973919928">
        <ele>151.6</ele>
      </trkpt>
      <trkpt lat="40.39236196316779" lon="-8.16865305416286">
        <ele>151</ele>
      </trkpt>
      <trkpt lat="40.392437567934394" lon="-8.169094445183873">
        <ele>151.3</ele>
      </trkpt>
      <trkpt lat="40.392523147165775" lon="-8.169426620006561">
        <ele>152.9</ele>
      </trkpt>
      <trkpt lat="40.392723893746734" lon="-8.169975467026234">
        <ele>153.8</ele>
      </trkpt>
      <trkpt lat="40.39290402084589" lon="-8.17034812644124">
        <ele>153.8</ele>
      </trkpt>
      <trkpt lat="40.39310283958912" lon="-8.170714918524027">
        <ele>154.4</ele>
      </trkpt>
      <trkpt lat="40.39338321425021" lon="-8.17121489904821">
        <ele>154.5</ele>
      </trkpt>
      <trkpt lat="40.39365445263684" lon="-8.171709012240171">
        <ele>153</ele>
      </trkpt>
      <trkpt lat="40.39389836601913" lon="-8.17214579321444">
        <ele>151</ele>
      </trkpt>
      <trkpt lat="40.394149320200086" lon="-8.172565307468176">
        <ele>148.8</ele>
      </trkpt>
      <trkpt lat="40.39442650973797" lon="-8.172940900549293">
        <ele>149.1</ele>
      </trkpt>
      <trkpt lat="40.3948618657887" lon="-8.173390757292509">
        <ele>147.5</ele>
      </trkpt>
      <trkpt lat="40.39490603841841" lon="-8.173431493341923">
        <ele>147.6</ele>
      </trkpt>
      <trkpt lat="40.39508591406047" lon="-8.173590581864119">
        <ele>148.6</ele>
      </trkpt>
      <trkpt lat="40.39517970755696" lon="-8.173671886324883">
        <ele>149.2</ele>
      </trkpt>
      <trkpt lat="40.39549243636429" lon="-8.173940358683467">
        <ele>152.4</ele>
      </trkpt>
      <trkpt lat="40.39557248353958" lon="-8.174010263755918">
        <ele>153.1</ele>
      </trkpt>
      <trkpt lat="40.39568832144141" lon="-8.174111098051071">
        <ele>154.1</ele>
      </trkpt>
      <trkpt lat="40.395963499322534" lon="-8.174338666722178">
        <ele>156.4</ele>
      </trkpt>
      <trkpt lat="40.3961862064898" lon="-8.174525583162904">
        <ele>157.4</ele>
      </trkpt>
      <trkpt lat="40.396597338840365" lon="-8.17497443407774">
        <ele>159.2</ele>
      </trkpt>
      <trkpt lat="40.39676237851381" lon="-8.175253719091415">
        <ele>159.4</ele>
      </trkpt>
      <trkpt lat="40.39687804877758" lon="-8.175475336611271">
        <ele>155</ele>
      </trkpt>
      <trkpt lat="40.396989192813635" lon="-8.175663594156504">
        <ele>148.6</ele>
      </trkpt>
      <trkpt lat="40.39710025303066" lon="-8.175885966047645">
        <ele>141.4</ele>
      </trkpt>
      <trkpt lat="40.39727660827339" lon="-8.17623850889504">
        <ele>134.4</ele>
      </trkpt>
      <trkpt lat="40.39759838953614" lon="-8.176847202703357">
        <ele>138.2</ele>
      </trkpt>
      <trkpt lat="40.397752448916435" lon="-8.177134031429887">
        <ele>142.3</ele>
      </trkpt>
      <trkpt lat="40.397771056741476" lon="-8.177170241251588">
        <ele>143</ele>
      </trkpt>
      <trkpt lat="40.39786501787603" lon="-8.177349111065269">
        <ele>147.7</ele>
      </trkpt>
      <trkpt lat="40.397934755310416" lon="-8.177501745522022">
        <ele>151.6</ele>
      </trkpt>
      <trkpt lat="40.39802041836083" lon="-8.177637113258243">
        <ele>154.6</ele>
      </trkpt>
      <trkpt lat="40.39808169007301" lon="-8.177732666954398">
        <ele>156.6</ele>
      </trkpt>
      <trkpt lat="40.39815888740122" lon="-8.177886558696628">
        <ele>157.8</ele>
      </trkpt>
      <trkpt lat="40.398221584036946" lon="-8.178002312779427">
        <ele>158</ele>
      </trkpt>
      <trkpt lat="40.39827707223594" lon="-8.17811873741448">
        <ele>158.7</ele>
      </trkpt>
      <trkpt lat="40.3983760625124" lon="-8.178317723795772">
        <ele>159.8</ele>
      </trkpt>
      <trkpt lat="40.39846080355346" lon="-8.178468346595764">
        <ele>160.2</ele>
      </trkpt>
      <trkpt lat="40.39852366782725" lon="-8.178582256659865">
        <ele>160.4</ele>
      </trkpt>
      <trkpt lat="40.398577731102705" lon="-8.17869197577238">
        <ele>160.6</ele>
      </trkpt>
      <trkpt lat="40.3986176289618" lon="-8.178762048482895">
        <ele>160.7</ele>
      </trkpt>
      <trkpt lat="40.39867797866464" lon="-8.178863218054175">
        <ele>161.7</ele>
      </trkpt>
      <trkpt lat="40.39875006303191" lon="-8.17900026217103">
        <ele>163.2</ele>
      </trkpt>
      <trkpt lat="40.398816112428904" lon="-8.179134288802743">
        <ele>164.7</ele>
      </trkpt>
      <trkpt lat="40.39886665530503" lon="-8.179223472252488">
        <ele>165.4</ele>
      </trkpt>
      <trkpt lat="40.39891258813441" lon="-8.17931936122477">
        <ele>166.3</ele>
      </trkpt>
      <trkpt lat="40.39896874688566" lon="-8.179408041760325">
        <ele>166.9</ele>
      </trkpt>
      <trkpt lat="40.39902524091303" lon="-8.179493537172675">
        <ele>166.9</ele>
      </trkpt>
      <trkpt lat="40.39907653816044" lon="-8.179577188566327">
        <ele>167.2</ele>
      </trkpt>
      <trkpt lat="40.39912708103657" lon="-8.179662935435772">
        <ele>167.7</ele>
      </trkpt>
      <trkpt lat="40.399152310565114" lon="-8.179742898792028">
        <ele>168.7</ele>
      </trkpt>
      <trkpt lat="40.39917460642755" lon="-8.179811462759972">
        <ele>169.5</ele>
      </trkpt>
      <trkpt lat="40.399187514558434" lon="-8.179826131090522">
        <ele>169.6</ele>
      </trkpt>
      <trkpt lat="40.39921760559082" lon="-8.179830489680171">
        <ele>169.3</ele>
      </trkpt>
      <trkpt lat="40.39926705881953" lon="-8.179859993979335">
        <ele>169.1</ele>
      </trkpt>
      <trkpt lat="40.39930896833539" lon="-8.179913219064474">
        <ele>169.5</ele>
      </trkpt>
      <trkpt lat="40.39936722256243" lon="-8.179989075288177">
        <ele>169.9</ele>
      </trkpt>
      <trkpt lat="40.39941189810634" lon="-8.180051185190678">
        <ele>170.4</ele>
      </trkpt>
      <trkpt lat="40.399463195353746" lon="-8.180113546550274">
        <ele>170.8</ele>
      </trkpt>
      <trkpt lat="40.399508625268936" lon="-8.180176662281156">
        <ele>171.5</ele>
      </trkpt>
      <trkpt lat="40.39955967105925" lon="-8.180240029469132">
        <ele>172.2</ele>
      </trkpt>
      <trkpt lat="40.39961046539247" lon="-8.18030004389584">
        <ele>172.6</ele>
      </trkpt>
      <trkpt lat="40.3996729105711" lon="-8.18037430755794">
        <ele>173.1</ele>
      </trkpt>
      <trkpt lat="40.39973460137844" lon="-8.180439854040742">
        <ele>173.6</ele>
      </trkpt>
      <trkpt lat="40.40015579201281" lon="-8.180911419913173">
        <ele>177.8</ele>
      </trkpt>
      <trkpt lat="40.400185296311975" lon="-8.180945618078113">
        <ele>178.4</ele>
      </trkpt>
      <trkpt lat="40.40029258467257" lon="-8.181062880903482">
        <ele>180.4</ele>
      </trkpt>
      <trkpt lat="40.40038134902716" lon="-8.181168660521507">
        <ele>182.2</ele>
      </trkpt>
      <trkpt lat="40.4004742205143" lon="-8.181280642747879">
        <ele>183.8</ele>
      </trkpt>
      <trkpt lat="40.40056264959276" lon="-8.18139941431582">
        <ele>185</ele>
      </trkpt>
      <trkpt lat="40.400629034265876" lon="-8.181502176448703">
        <ele>186.4</ele>
      </trkpt>
      <trkpt lat="40.400690054520965" lon="-8.181608878076077">
        <ele>187.5</ele>
      </trkpt>
      <trkpt lat="40.40075585246086" lon="-8.181733600795269">
        <ele>187.8</ele>
      </trkpt>
      <trkpt lat="40.40082894265652" lon="-8.181893778964877">
        <ele>188.5</ele>
      </trkpt>
      <trkpt lat="40.400880575180054" lon="-8.182037193328142">
        <ele>189.1</ele>
      </trkpt>
      <trkpt lat="40.40093321353197" lon="-8.182187648490071">
        <ele>189.5</ele>
      </trkpt>
      <trkpt lat="40.40098258294165" lon="-8.182345563545823">
        <ele>189.9</ele>
      </trkpt>
      <trkpt lat="40.401031114161015" lon="-8.182521499693394">
        <ele>190.6</ele>
      </trkpt>
      <trkpt lat="40.40108400397003" lon="-8.182744877412915">
        <ele>191.5</ele>
      </trkpt>
      <trkpt lat="40.401122057810426" lon="-8.182932799682021">
        <ele>192.4</ele>
      </trkpt>
      <trkpt lat="40.40116430260241" lon="-8.183152321726084">
        <ele>193.3</ele>
      </trkpt>
      <trkpt lat="40.40120881050825" lon="-8.183379136025906">
        <ele>193.3</ele>
      </trkpt>
      <trkpt lat="40.401242254301906" lon="-8.183561358600855">
        <ele>193</ele>
      </trkpt>
      <trkpt lat="40.40128022432327" lon="-8.183773085474968">
        <ele>193</ele>
      </trkpt>
      <trkpt lat="40.40132196620107" lon="-8.183999983593822">
        <ele>192.8</ele>
      </trkpt>
      <trkpt lat="40.401356499642134" lon="-8.18418606184423">
        <ele>192.7</ele>
      </trkpt>
      <trkpt lat="40.40140427649021" lon="-8.184444727376103">
        <ele>191.5</ele>
      </trkpt>
      <trkpt lat="40.40155716240406" lon="-8.185167079791427">
        <ele>191.9</ele>
      </trkpt>
      <trkpt lat="40.40157627314329" lon="-8.18525718525052">
        <ele>192.7</ele>
      </trkpt>
      <trkpt lat="40.401628660038114" lon="-8.185478635132313">
        <ele>195</ele>
      </trkpt>
      <trkpt lat="40.40167207829654" lon="-8.185641327872872">
        <ele>197</ele>
      </trkpt>
      <trkpt lat="40.4016862437129" lon="-8.185687344521284">
        <ele>197.6</ele>
      </trkpt>
      <trkpt lat="40.40173511020839" lon="-8.18584249354899">
        <ele>199.1</ele>
      </trkpt>
      <trkpt lat="40.401820270344615" lon="-8.186083473265171">
        <ele>200.3</ele>
      </trkpt>
      <trkpt lat="40.401894114911556" lon="-8.186253877356648">
        <ele>200.6</ele>
      </trkpt>
      <trkpt lat="40.401979107409716" lon="-8.186433333903551">
        <ele>200.7</ele>
      </trkpt>
      <trkpt lat="40.402096286416054" lon="-8.186650844290853">
        <ele>199.7</ele>
      </trkpt>
      <trkpt lat="40.40219485759735" lon="-8.186823343858123">
        <ele>199.2</ele>
      </trkpt>
      <trkpt lat="40.402305498719215" lon="-8.187003303319216">
        <ele>198.7</ele>
      </trkpt>
      <trkpt lat="40.402436004951596" lon="-8.187197595834732">
        <ele>197.1</ele>
      </trkpt>
      <trkpt lat="40.40262300521135" lon="-8.187487442046404">
        <ele>196.5</ele>
      </trkpt>
      <trkpt lat="40.40282702073455" lon="-8.187822215259075">
        <ele>197.1</ele>
      </trkpt>
      <trkpt lat="40.40306020528078" lon="-8.18819529376924">
        <ele>198.1</ele>
      </trkpt>
      <trkpt lat="40.403214348480105" lon="-8.188433675095439">
        <ele>198.3</ele>
      </trkpt>
      <trkpt lat="40.40341945365071" lon="-8.18875621072948">
        <ele>196.2</ele>
      </trkpt>
      <trkpt lat="40.40364375337958" lon="-8.189174216240644">
        <ele>192.7</ele>
      </trkpt>
      <trkpt lat="40.40380083024502" lon="-8.189557939767838">
        <ele>189.6</ele>
      </trkpt>
      <trkpt lat="40.40389001369476" lon="-8.189875446259975">
        <ele>188.7</ele>
      </trkpt>
      <trkpt lat="40.403980538249016" lon="-8.19039361551404">
        <ele>185.9</ele>
      </trkpt>
      <trkpt lat="40.40398942306638" lon="-8.190810950472951">
        <ele>181.9</ele>
      </trkpt>
      <trkpt lat="40.403941897675395" lon="-8.191359378397465">
        <ele>178.8</ele>
      </trkpt>
      <trkpt lat="40.403843661770225" lon="-8.19190009497106">
        <ele>179.7</ele>
      </trkpt>
      <trkpt lat="40.40376621298492" lon="-8.192318938672543">
        <ele>182.9</ele>
      </trkpt>
      <trkpt lat="40.40369521826506" lon="-8.192722192034125">
        <ele>186.9</ele>
      </trkpt>
      <trkpt lat="40.40362749248743" lon="-8.193090576678514">
        <ele>188.4</ele>
      </trkpt>
      <trkpt lat="40.40358139201999" lon="-8.193345470353961">
        <ele>186.9</ele>
      </trkpt>
      <trkpt lat="40.403525568544865" lon="-8.193768337368965">
        <ele>183.4</ele>
      </trkpt>
      <trkpt lat="40.40351894684136" lon="-8.19385215640068">
        <ele>182.8</ele>
      </trkpt>
      <trkpt lat="40.403505032882094" lon="-8.19419514387846">
        <ele>180.5</ele>
      </trkpt>
      <trkpt lat="40.403507547453046" lon="-8.194368565455079">
        <ele>179.6</ele>
      </trkpt>
      <trkpt lat="40.40353621356189" lon="-8.194802161306143">
        <ele>179</ele>
      </trkpt>
      <trkpt lat="40.40358583442867" lon="-8.195250257849693">
        <ele>178.7</ele>
      </trkpt>
      <trkpt lat="40.40365188382566" lon="-8.19580564275384">
        <ele>175.7</ele>
      </trkpt>
      <trkpt lat="40.40370862931013" lon="-8.196284752339125">
        <ele>173.9</ele>
      </trkpt>
      <trkpt lat="40.40377803146839" lon="-8.19686159491539">
        <ele>170.5</ele>
      </trkpt>
      <trkpt lat="40.40385011583567" lon="-8.197456793859601">
        <ele>169.4</ele>
      </trkpt>
      <trkpt lat="40.40389722213149" lon="-8.197847809642553">
        <ele>168.9</ele>
      </trkpt>
      <trkpt lat="40.403956063091755" lon="-8.198334379121661">
        <ele>168</ele>
      </trkpt>
      <trkpt lat="40.40404072031379" lon="-8.199004596099257">
        <ele>164.8</ele>
      </trkpt>
      <trkpt lat="40.40410098619759" lon="-8.199481274932623">
        <ele>158.6</ele>
      </trkpt>
      <trkpt lat="40.40415706112981" lon="-8.199954936280847">
        <ele>155.8</ele>
      </trkpt>
      <trkpt lat="40.40421481244266" lon="-8.200427927076817">
        <ele>154.9</ele>
      </trkpt>
      <trkpt lat="40.404292345047" lon="-8.201081464067101">
        <ele>157.4</ele>
      </trkpt>
      <trkpt lat="40.40434875525534" lon="-8.201536349952221">
        <ele>156.5</ele>
      </trkpt>
      <trkpt lat="40.404404075816274" lon="-8.2019950915128">
        <ele>153.3</ele>
      </trkpt>
      <trkpt lat="40.40444741025567" lon="-8.202357776463032">
        <ele>153.2</ele>
      </trkpt>
      <trkpt lat="40.404498875141144" lon="-8.202807297930121">
        <ele>155</ele>
      </trkpt>
      <trkpt lat="40.40454380214214" lon="-8.203267129138112">
        <ele>155.3</ele>
      </trkpt>
      <trkpt lat="40.40456425398588" lon="-8.203734001144767">
        <ele>157.3</ele>
      </trkpt>
      <trkpt lat="40.40451396256685" lon="-8.204283099621534">
        <ele>157.8</ele>
      </trkpt>
      <trkpt lat="40.40440198034048" lon="-8.204731196165085">
        <ele>157.7</ele>
      </trkpt>
      <trkpt lat="40.4042405448854" lon="-8.205152554437518">
        <ele>157.5</ele>
      </trkpt>
      <trkpt lat="40.40403694845736" lon="-8.205526219680905">
        <ele>153.8</ele>
      </trkpt>
      <trkpt lat="40.4037862457335" lon="-8.205892760306597">
        <ele>152.9</ele>
      </trkpt>
      <trkpt lat="40.40337276645005" lon="-8.206425094977021">
        <ele>150.1</ele>
      </trkpt>
      <trkpt lat="40.403059450909495" lon="-8.206819714978337">
        <ele>147.7</ele>
      </trkpt>
      <trkpt lat="40.40275275707245" lon="-8.20720586925745">
        <ele>148.1</ele>
      </trkpt>
      <trkpt lat="40.40239283815026" lon="-8.207666287198663">
        <ele>152</ele>
      </trkpt>
      <trkpt lat="40.40198422037065" lon="-8.20818655192852">
        <ele>150.3</ele>
      </trkpt>
      <trkpt lat="40.40169236250222" lon="-8.208566335961223">
        <ele>147.8</ele>
      </trkpt>
      <trkpt lat="40.40139782242477" lon="-8.208938241004944">
        <ele>144.8</ele>
      </trkpt>
      <trkpt lat="40.401166984811425" lon="-8.20924292318523">
        <ele>144</ele>
      </trkpt>
      <trkpt lat="40.400956934317946" lon="-8.209576020017266">
        <ele>143.1</ele>
      </trkpt>
      <trkpt lat="40.40082408115268" lon="-8.20984298363328">
        <ele>141.9</ele>
      </trkpt>
      <trkpt lat="40.400749649852514" lon="-8.210024451836944">
        <ele>141.4</ele>
      </trkpt>
      <trkpt lat="40.40062794461846" lon="-8.210406666621566">
        <ele>141.2</ele>
      </trkpt>
      <trkpt lat="40.40055091492832" lon="-8.210720736533403">
        <ele>140.9</ele>
      </trkpt>
      <trkpt lat="40.400483859702945" lon="-8.211057521402836">
        <ele>140.8</ele>
      </trkpt>
      <trkpt lat="40.40041906759143" lon="-8.211408387869596">
        <ele>140</ele>
      </trkpt>
      <trkpt lat="40.40034782141447" lon="-8.211752297356725">
        <ele>139.6</ele>
      </trkpt>
      <trkpt lat="40.400262577459216" lon="-8.212206093594432">
        <ele>138.9</ele>
      </trkpt>
      <trkpt lat="40.40017733350396" lon="-8.212659135460854">
        <ele>137.5</ele>
      </trkpt>
      <trkpt lat="40.40011564269662" lon="-8.213012181222439">
        <ele>135.5</ele>
      </trkpt>
      <trkpt lat="40.40003073401749" lon="-8.213495649397373">
        <ele>132.6</ele>
      </trkpt>
      <trkpt lat="40.39995160885155" lon="-8.214104175567627">
        <ele>124.8</ele>
      </trkpt>
      <trkpt lat="40.399962505325675" lon="-8.21449913084507">
        <ele>120.3</ele>
      </trkpt>
      <trkpt lat="40.3998938575387" lon="-8.214650675654411">
        <ele>118.6</ele>
      </trkpt>
      <trkpt lat="40.3996710665524" lon="-8.214453868567944">
        <ele>119.6</ele>
      </trkpt>
      <trkpt lat="40.399644915014505" lon="-8.214382454752922">
        <ele>120.4</ele>
      </trkpt>
      <trkpt lat="40.399533938616514" lon="-8.214190257713199">
        <ele>123</ele>
      </trkpt>
      <trkpt lat="40.39944492280483" lon="-8.214070983231068">
        <ele>125.6</ele>
      </trkpt>
      <trkpt lat="40.399299915879965" lon="-8.213889766484499">
        <ele>130.3</ele>
      </trkpt>
      <trkpt lat="40.39911878295243" lon="-8.213673178106546">
        <ele>134.4</ele>
      </trkpt>
      <trkpt lat="40.39899431169033" lon="-8.213518783450127">
        <ele>136</ele>
      </trkpt>
      <trkpt lat="40.3988800663501" lon="-8.213369585573673">
        <ele>135.9</ele>
      </trkpt>
      <trkpt lat="40.39873581379652" lon="-8.2131886202842">
        <ele>135.4</ele>
      </trkpt>
      <trkpt lat="40.398601116612554" lon="-8.213022155687213">
        <ele>134.9</ele>
      </trkpt>
      <trkpt lat="40.39850120432675" lon="-8.212901959195733">
        <ele>135.5</ele>
      </trkpt>
      <trkpt lat="40.398405231535435" lon="-8.212785618379712">
        <ele>136.8</ele>
      </trkpt>
      <trkpt lat="40.39837321266532" lon="-8.212750498205423">
        <ele>137.2</ele>
      </trkpt>
      <trkpt lat="40.39830565452576" lon="-8.212675731629133">
        <ele>138</ele>
      </trkpt>
      <trkpt lat="40.39821186102927" lon="-8.212557714432478">
        <ele>139.5</ele>
      </trkpt>
      <trkpt lat="40.39811764843762" lon="-8.212447576224804">
        <ele>141.5</ele>
      </trkpt>
      <trkpt lat="40.39800373837352" lon="-8.21230466477573">
        <ele>142.8</ele>
      </trkpt>
      <trkpt lat="40.39791195653379" lon="-8.212197460234165">
        <ele>143.5</ele>
      </trkpt>
      <trkpt lat="40.397825203835964" lon="-8.212105091661215">
        <ele>143.5</ele>
      </trkpt>
      <trkpt lat="40.39773182943463" lon="-8.2119953725487">
        <ele>142.9</ele>
      </trkpt>
      <trkpt lat="40.39765823632479" lon="-8.211892694234848">
        <ele>142.1</ele>
      </trkpt>
      <trkpt lat="40.39756150916219" lon="-8.211776185780764">
        <ele>139.9</ele>
      </trkpt>
      <trkpt lat="40.39748749695718" lon="-8.211687253788114">
        <ele>138</ele>
      </trkpt>
      <trkpt lat="40.397385908290744" lon="-8.211568733677268">
        <ele>135.4</ele>
      </trkpt>
      <trkpt lat="40.39731910452247" lon="-8.211480053141713">
        <ele>133.9</ele>
      </trkpt>
      <trkpt lat="40.3972586710006" lon="-8.211395647376776">
        <ele>132.7</ele>
      </trkpt>
      <trkpt lat="40.39720050059259" lon="-8.211306296288967">
        <ele>131.7</ele>
      </trkpt>
      <trkpt lat="40.39712145924568" lon="-8.211204204708338">
        <ele>130.7</ele>
      </trkpt>
      <trkpt lat="40.39704225026071" lon="-8.21110999211669">
        <ele>130.3</ele>
      </trkpt>
      <trkpt lat="40.397024815902114" lon="-8.211091132834554">
        <ele>130.3</ele>
      </trkpt>
      <trkpt lat="40.396987181156874" lon="-8.211052492260933">
        <ele>130.3</ele>
      </trkpt>
      <trkpt lat="40.39689699187875" lon="-8.210980156436563">
        <ele>130.7</ele>
      </trkpt>
      <trkpt lat="40.39679925888777" lon="-8.210854092612863">
        <ele>131.9</ele>
      </trkpt>
      <trkpt lat="40.396643942222" lon="-8.21067706681788">
        <ele>135</ele>
      </trkpt>
      <trkpt lat="40.396472280845046" lon="-8.210474895313382">
        <ele>141.2</ele>
      </trkpt>
      <trkpt lat="40.39627354592085" lon="-8.210236094892025">
        <ele>148.2</ele>
      </trkpt>
      <trkpt lat="40.39611730724573" lon="-8.210049262270331">
        <ele>152.4</ele>
      </trkpt>
      <trkpt lat="40.39571799337864" lon="-8.209571074694395">
        <ele>156.3</ele>
      </trkpt>
      <trkpt lat="40.39559293538332" lon="-8.209424810484052">
        <ele>157.5</ele>
      </trkpt>
      <trkpt lat="40.39549285545945" lon="-8.209299584850669">
        <ele>158.8</ele>
      </trkpt>
      <trkpt lat="40.39535094983876" lon="-8.209132282063365">
        <ele>160.2</ele>
      </trkpt>
      <trkpt lat="40.395227232947946" lon="-8.208998003974557">
        <ele>160.6</ele>
      </trkpt>
      <trkpt lat="40.39512916468084" lon="-8.20888476446271">
        <ele>160.2</ele>
      </trkpt>
      <trkpt lat="40.395058086141944" lon="-8.208806058391929">
        <ele>159.5</ele>
      </trkpt>
      <trkpt lat="40.394952557981014" lon="-8.20867907255888">
        <ele>158</ele>
      </trkpt>
      <trkpt lat="40.39486915804446" lon="-8.208573209121823">
        <ele>158</ele>
      </trkpt>
      <trkpt lat="40.39476044476032" lon="-8.208427866920829">
        <ele>158.4</ele>
      </trkpt>
      <trkpt lat="40.39465382695198" lon="-8.208282105624676">
        <ele>160</ele>
      </trkpt>
      <trkpt lat="40.39454645477235" lon="-8.20814011618495">
        <ele>162.4</ele>
      </trkpt>
      <trkpt lat="40.39444075897336" lon="-8.208008352667093">
        <ele>163.6</ele>
      </trkpt>
      <trkpt lat="40.39434093050659" lon="-8.20787918753922">
        <ele>163.8</ele>
      </trkpt>
      <trkpt lat="40.39423942565918" lon="-8.20774775929749">
        <ele>163.6</ele>
      </trkpt>
      <trkpt lat="40.394109757617116" lon="-8.207576684653759">
        <ele>162.6</ele>
      </trkpt>
      <trkpt lat="40.39401110261679" lon="-8.207424217835069">
        <ele>161.9</ele>
      </trkpt>
      <trkpt lat="40.39391295053065" lon="-8.207252640277147">
        <ele>161.2</ele>
      </trkpt>
      <trkpt lat="40.39380591362715" lon="-8.207053989171982">
        <ele>160.7</ele>
      </trkpt>
      <trkpt lat="40.39369351230562" lon="-8.206809991970658">
        <ele>160.6</ele>
      </trkpt>
      <trkpt lat="40.39360483177006" lon="-8.206607149913907">
        <ele>161.3</ele>
      </trkpt>
      <trkpt lat="40.39351036772132" lon="-8.206385197117925">
        <ele>162</ele>
      </trkpt>
      <trkpt lat="40.393402241170406" lon="-8.20611471310258">
        <ele>163.2</ele>
      </trkpt>
      <trkpt lat="40.39328967221081" lon="-8.205834506079555">
        <ele>165.7</ele>
      </trkpt>
      <trkpt lat="40.39322068914771" lon="-8.205660078674555">
        <ele>166.5</ele>
      </trkpt>
      <trkpt lat="40.393132008612156" lon="-8.205435946583748">
        <ele>165.8</ele>
      </trkpt>
      <trkpt lat="40.393043998628855" lon="-8.205210641026497">
        <ele>164.3</ele>
      </trkpt>
      <trkpt lat="40.3929587546736" lon="-8.204971756786108">
        <ele>163.8</ele>
      </trkpt>
      <trkpt lat="40.392872504889965" lon="-8.204715941101313">
        <ele>164.6</ele>
      </trkpt>
      <trkpt lat="40.392790948972106" lon="-8.204470099881291">
        <ele>165.6</ele>
      </trkpt>
      <trkpt lat="40.392710315063596" lon="-8.204215373843908">
        <ele>165.4</ele>
      </trkpt>
      <trkpt lat="40.39260093122721" lon="-8.20387288928032">
        <ele>164.6</ele>
      </trkpt>
      <trkpt lat="40.39251417852938" lon="-8.203591341152787">
        <ele>164.9</ele>
      </trkpt>
      <trkpt lat="40.39245014078915" lon="-8.203378356993198">
        <ele>164.9</ele>
      </trkpt>
      <trkpt lat="40.392361460253596" lon="-8.203087924048305">
        <ele>165</ele>
      </trkpt>
      <trkpt lat="40.39227336645126" lon="-8.202793970704079">
        <ele>165</ele>
      </trkpt>
      <trkpt lat="40.3921867813915" lon="-8.202500101178885">
        <ele>165.5</ele>
      </trkpt>
      <trkpt lat="40.39208276197314" lon="-8.202214948832989">
        <ele>165.5</ele>
      </trkpt>
      <trkpt lat="40.39190959185362" lon="-8.20184363052249">
        <ele>165</ele>
      </trkpt>
      <trkpt lat="40.391683615744114" lon="-8.201496955007315">
        <ele>166.1</ele>
      </trkpt>
      <trkpt lat="40.391442216932774" lon="-8.201231751590967">
        <ele>171.1</ele>
      </trkpt>
      <trkpt lat="40.3912456613034" lon="-8.201057324185967">
        <ele>176.3</ele>
      </trkpt>
      <trkpt lat="40.39113485254347" lon="-8.200975181534886">
        <ele>178.8</ele>
      </trkpt>
      <trkpt lat="40.391100235283375" lon="-8.200948359444737">
        <ele>179.6</ele>
      </trkpt>
      <trkpt lat="40.39095941931009" lon="-8.20084786042571">
        <ele>181.8</ele>
      </trkpt>
      <trkpt lat="40.39081307128072" lon="-8.200776195153594">
        <ele>183.5</ele>
      </trkpt>
      <trkpt lat="40.390775771811604" lon="-8.20076085627079">
        <ele>183.6</ele>
      </trkpt>
      <trkpt lat="40.39061567746103" lon="-8.200705870985985">
        <ele>184.1</ele>
      </trkpt>
      <trkpt lat="40.39057577960193" lon="-8.200695728883147">
        <ele>184.3</ele>
      </trkpt>
      <trkpt lat="40.39041752927005" lon="-8.200655495747924">
        <ele>184.7</ele>
      </trkpt>
      <trkpt lat="40.390376038849354" lon="-8.200642922893167">
        <ele>184.7</ele>
      </trkpt>
      <trkpt lat="40.390184093266726" lon="-8.200606126338243">
        <ele>185.2</ele>
      </trkpt>
      <trkpt lat="40.390072194859385" lon="-8.200589027255774">
        <ele>185.6</ele>
      </trkpt>
      <trkpt lat="40.389926098287106" lon="-8.200560864061117">
        <ele>185.9</ele>
      </trkpt>
      <trkpt lat="40.38978603668511" lon="-8.200525073334575">
        <ele>186.3</ele>
      </trkpt>
      <trkpt lat="40.38965066894889" lon="-8.200500849634409">
        <ele>186.7</ele>
      </trkpt>
      <trkpt lat="40.38947238586843" lon="-8.200446283444762">
        <ele>187.4</ele>
      </trkpt>
      <trkpt lat="40.38930273614824" lon="-8.200397668406367">
        <ele>188.4</ele>
      </trkpt>
      <trkpt lat="40.38910240866244" lon="-8.200338324531913">
        <ele>189.5</ele>
      </trkpt>
      <trkpt lat="40.388932256028056" lon="-8.200264563784003">
        <ele>190.5</ele>
      </trkpt>
      <trkpt lat="40.38872078061104" lon="-8.200185354799032">
        <ele>191.7</ele>
      </trkpt>
      <trkpt lat="40.388475274667144" lon="-8.200160460546613">
        <ele>193.1</ele>
      </trkpt>
      <trkpt lat="40.38829950615764" lon="-8.200133051723242">
        <ele>193.4</ele>
      </trkpt>
      <trkpt lat="40.38808970712125" lon="-8.200103798881173">
        <ele>193.5</ele>
      </trkpt>
      <trkpt lat="40.388055089861155" lon="-8.200098015367985">
        <ele>193.6</ele>
      </trkpt>
      <trkpt lat="40.38778812624514" lon="-8.200052753090858">
        <ele>195.3</ele>
      </trkpt>
      <trkpt lat="40.38762132637203" lon="-8.200025176629424">
        <ele>196.7</ele>
      </trkpt>
      <trkpt lat="40.38739182986319" lon="-8.200001455843449">
        <ele>198.6</ele>
      </trkpt>
      <trkpt lat="40.38722704164684" lon="-8.199982596561313">
        <ele>199.6</ele>
      </trkpt>
      <trkpt lat="40.387025121599436" lon="-8.199948482215405">
        <ele>200.3</ele>
      </trkpt>
      <trkpt lat="40.38686368614435" lon="-8.199926186352968">
        <ele>200.5</ele>
      </trkpt>
      <trkpt lat="40.38670434616506" lon="-8.19989307783544">
        <ele>200.4</ele>
      </trkpt>
      <trkpt lat="40.38657249882817" lon="-8.199868015944958">
        <ele>200.2</ele>
      </trkpt>
      <trkpt lat="40.386371836066246" lon="-8.19983197376132">
        <ele>199.7</ele>
      </trkpt>
      <trkpt lat="40.38616823963821" lon="-8.199792494997382">
        <ele>199.1</ele>
      </trkpt>
      <trkpt lat="40.385968247428536" lon="-8.199756620451808">
        <ele>198</ele>
      </trkpt>
      <trkpt lat="40.38575744256377" lon="-8.19972644560039">
        <ele>196.6</ele>
      </trkpt>
      <trkpt lat="40.38553398102522" lon="-8.199701886624098">
        <ele>195</ele>
      </trkpt>
      <trkpt lat="40.385218570008874" lon="-8.19964966736734">
        <ele>192.8</ele>
      </trkpt>
      <trkpt lat="40.38477826863527" lon="-8.19957297295332">
        <ele>187.7</ele>
      </trkpt>
      <trkpt lat="40.384428575634956" lon="-8.199495524168015">
        <ele>187.2</ele>
      </trkpt>
      <trkpt lat="40.38408340886235" lon="-8.199420338496566">
        <ele>189.6</ele>
      </trkpt>
      <trkpt lat="40.38370077498257" lon="-8.199314558878541">
        <ele>194.9</ele>
      </trkpt>
      <trkpt lat="40.383641766384244" lon="-8.199293771758676">
        <ele>195.6</ele>
      </trkpt>
      <trkpt lat="40.383328115567565" lon="-8.199145998805761">
        <ele>195.8</ele>
      </trkpt>
      <trkpt lat="40.382799888029695" lon="-8.1988175958395">
        <ele>195.4</ele>
      </trkpt>
      <trkpt lat="40.382320610806346" lon="-8.19839539937675">
        <ele>195.7</ele>
      </trkpt>
      <trkpt lat="40.38214475847781" lon="-8.198229521512985">
        <ele>195.7</ele>
      </trkpt>
      <trkpt lat="40.381645699962974" lon="-8.197771282866597">
        <ele>190.6</ele>
      </trkpt>
      <trkpt lat="40.38119316101074" lon="-8.19734238088131">
        <ele>188.8</ele>
      </trkpt>
      <trkpt lat="40.38112753070891" lon="-8.197280522435904">
        <ele>188.9</ele>
      </trkpt>
      <trkpt lat="40.380670046433806" lon="-8.19685086607933">
        <ele>189.7</ele>
      </trkpt>
      <trkpt lat="40.38020007312298" lon="-8.196407966315746">
        <ele>191.1</ele>
      </trkpt>
      <trkpt lat="40.37979514338076" lon="-8.19602600298822">
        <ele>192.9</ele>
      </trkpt>
      <trkpt lat="40.37972909398377" lon="-8.19596347399056">
        <ele>192.3</ele>
      </trkpt>
      <trkpt lat="40.3792545106262" lon="-8.195546893402934">
        <ele>191</ele>
      </trkpt>
      <trkpt lat="40.37911721505225" lon="-8.195442790165544">
        <ele>191.6</ele>
      </trkpt>
      <trkpt lat="40.37868739105761" lon="-8.195197703316808">
        <ele>193.2</ele>
      </trkpt>
      <trkpt lat="40.37813267670572" lon="-8.194999974220991">
        <ele>193.7</ele>
      </trkpt>
      <trkpt lat="40.3777932934463" lon="-8.194927051663399">
        <ele>191.5</ele>
      </trkpt>
      <trkpt lat="40.37718962877989" lon="-8.194842729717493">
        <ele>183.7</ele>
      </trkpt>
      <trkpt lat="40.376682272180915" lon="-8.194778524339199">
        <ele>179.2</ele>
      </trkpt>
      <trkpt lat="40.37610257975757" lon="-8.194706104695797">
        <ele>177.1</ele>
      </trkpt>
      <trkpt lat="40.37562422454357" lon="-8.194638546556234">
        <ele>177.6</ele>
      </trkpt>
      <trkpt lat="40.37523631006479" lon="-8.194589763879776">
        <ele>180.4</ele>
      </trkpt>
      <trkpt lat="40.3748663328588" lon="-8.19454651325941">
        <ele>182.6</ele>
      </trkpt>
      <trkpt lat="40.37465091794729" lon="-8.194515751674771">
        <ele>184.7</ele>
      </trkpt>
      <trkpt lat="40.37429862655699" lon="-8.194469315931201">
        <ele>186.6</ele>
      </trkpt>
      <trkpt lat="40.37409326992929" lon="-8.194444589316845">
        <ele>186.1</ele>
      </trkpt>
      <trkpt lat="40.37402638234198" lon="-8.194436710327864">
        <ele>185.9</ele>
      </trkpt>
      <trkpt lat="40.3737629391253" lon="-8.19440184161067">
        <ele>185.3</ele>
      </trkpt>
      <trkpt lat="40.37357275374234" lon="-8.194376528263092">
        <ele>186</ele>
      </trkpt>
      <trkpt lat="40.37351097911596" lon="-8.19436864927411">
        <ele>186.4</ele>
      </trkpt>
      <trkpt lat="40.37326664663851" lon="-8.194334618747234">
        <ele>187.5</ele>
      </trkpt>
      <trkpt lat="40.373029354959726" lon="-8.1943036057055">
        <ele>186.3</ele>
      </trkpt>
      <trkpt lat="40.37279583513737" lon="-8.19427091628313">
        <ele>184.2</ele>
      </trkpt>
      <trkpt lat="40.37262216210365" lon="-8.194250464439392">
        <ele>183.1</ele>
      </trkpt>
      <trkpt lat="40.37245133891702" lon="-8.194229593500495">
        <ele>183.5</ele>
      </trkpt>
      <trkpt lat="40.37223206833005" lon="-8.19420201703906">
        <ele>184.9</ele>
      </trkpt>
      <trkpt lat="40.37190626375377" lon="-8.194156335666776">
        <ele>188.1</ele>
      </trkpt>
      <trkpt lat="40.37152647972107" lon="-8.19414334371686">
        <ele>191.6</ele>
      </trkpt>
      <trkpt lat="40.37094293162227" lon="-8.194243675097823">
        <ele>191.5</ele>
      </trkpt>
      <trkpt lat="40.37045837379992" lon="-8.194445678964257">
        <ele>194.6</ele>
      </trkpt>
      <trkpt lat="40.37011186592281" lon="-8.194670649245381">
        <ele>196.3</ele>
      </trkpt>
      <trkpt lat="40.36991153843701" lon="-8.194810207933187">
        <ele>196.2</ele>
      </trkpt>
      <trkpt lat="40.36977097392082" lon="-8.194904755800962">
        <ele>195.4</ele>
      </trkpt>
      <trkpt lat="40.36968933418393" lon="-8.19497063755989">
        <ele>195.2</ele>
      </trkpt>
      <trkpt lat="40.36952940747142" lon="-8.195079769939184">
        <ele>195.2</ele>
      </trkpt>
      <trkpt lat="40.36945606581867" lon="-8.195128217339516">
        <ele>195.8</ele>
      </trkpt>
      <trkpt lat="40.36925439722836" lon="-8.195262411609292">
        <ele>198.3</ele>
      </trkpt>
      <trkpt lat="40.36901358515024" lon="-8.195394175127149">
        <ele>198.7</ele>
      </trkpt>
      <trkpt lat="40.36882281303406" lon="-8.195511605590582">
        <ele>198.4</ele>
      </trkpt>
      <trkpt lat="40.368680488318205" lon="-8.195595173165202">
        <ele>198.6</ele>
      </trkpt>
      <trkpt lat="40.36853799596429" lon="-8.195680500939488">
        <ele>199.4</ele>
      </trkpt>
      <trkpt lat="40.368396593257785" lon="-8.195768259465694">
        <ele>200.7</ele>
      </trkpt>
      <trkpt lat="40.36830062046647" lon="-8.195827519521117">
        <ele>201.8</ele>
      </trkpt>
      <trkpt lat="40.368161564692855" lon="-8.19591075181961">
        <ele>202.9</ele>
      </trkpt>
      <trkpt lat="40.36802485585213" lon="-8.195992643013597">
        <ele>203.6</ele>
      </trkpt>
      <trkpt lat="40.36788881756365" lon="-8.196076629683375">
        <ele>202.2</ele>
      </trkpt>
      <trkpt lat="40.36775294691324" lon="-8.196159359067678">
        <ele>199.9</ele>
      </trkpt>
      <trkpt lat="40.36761841736734" lon="-8.196241836994886">
        <ele>195.8</ele>
      </trkpt>
      <trkpt lat="40.367483384907246" lon="-8.19631777703762">
        <ele>191.8</ele>
      </trkpt>
      <trkpt lat="40.36735120229423" lon="-8.196397656574845">
        <ele>190.2</ele>
      </trkpt>
      <trkpt lat="40.36722077988088" lon="-8.196478625759482">
        <ele>189.6</ele>
      </trkpt>
      <trkpt lat="40.367046939209104" lon="-8.196586333215237">
        <ele>189.9</ele>
      </trkpt>
      <trkpt lat="40.36691836081445" lon="-8.196663865819573">
        <ele>190.6</ele>
      </trkpt>
      <trkpt lat="40.36678860895336" lon="-8.196742068976164">
        <ele>191.4</ele>
      </trkpt>
      <trkpt lat="40.36662004888058" lon="-8.196836449205875">
        <ele>192.3</ele>
      </trkpt>
      <trkpt lat="40.36649071611464" lon="-8.19690065458417">
        <ele>193</ele>
      </trkpt>
      <trkpt lat="40.36635668948293" lon="-8.196961591020226">
        <ele>193.7</ele>
      </trkpt>
      <trkpt lat="40.36617077887058" lon="-8.197030993178487">
        <ele>194.5</ele>
      </trkpt>
      <trkpt lat="40.36597715690732" lon="-8.197087654843926">
        <ele>195.7</ele>
      </trkpt>
      <trkpt lat="40.36583214998245" lon="-8.197121685370803">
        <ele>197.4</ele>
      </trkpt>
      <trkpt lat="40.365687143057585" lon="-8.197150770574808">
        <ele>199</ele>
      </trkpt>
      <trkpt lat="40.36554372869432" lon="-8.19716795347631">
        <ele>200.5</ele>
      </trkpt>
      <trkpt lat="40.3653996437788" lon="-8.197173653170466">
        <ele>201.5</ele>
      </trkpt>
      <trkpt lat="40.365206776186824" lon="-8.197170468047261">
        <ele>202.2</ele>
      </trkpt>
      <trkpt lat="40.36491768434644" lon="-8.197144316509366">
        <ele>201.5</ele>
      </trkpt>
      <trkpt lat="40.364679051563144" lon="-8.197093522176147">
        <ele>199.2</ele>
      </trkpt>
      <trkpt lat="40.3644825797528" lon="-8.197034262120724">
        <ele>197.2</ele>
      </trkpt>
      <trkpt lat="40.364284263923764" lon="-8.196960836648941">
        <ele>196</ele>
      </trkpt>
      <trkpt lat="40.36403490230441" lon="-8.196840807795525">
        <ele>196.2</ele>
      </trkpt>
      <trkpt lat="40.36371471360326" lon="-8.196638217195868">
        <ele>197.3</ele>
      </trkpt>
      <trkpt lat="40.36349301226437" lon="-8.196473848074675">
        <ele>199</ele>
      </trkpt>
      <trkpt lat="40.36331992596388" lon="-8.196342587471008">
        <ele>200.2</ele>
      </trkpt>
      <trkpt lat="40.36314558237791" lon="-8.196211075410247">
        <ele>201.3</ele>
      </trkpt>
      <trkpt lat="40.362969897687435" lon="-8.196076210588217">
        <ele>201.8</ele>
      </trkpt>
      <trkpt lat="40.36284861154854" lon="-8.195986188948154">
        <ele>202</ele>
      </trkpt>
      <trkpt lat="40.36259816028178" lon="-8.195797512307763">
        <ele>201.3</ele>
      </trkpt>
      <trkpt lat="40.36211611703038" lon="-8.195423008874059">
        <ele>193.6</ele>
      </trkpt>
      <trkpt lat="40.36180338822305" lon="-8.195185884833336">
        <ele>188.4</ele>
      </trkpt>
      <trkpt lat="40.36154522560537" lon="-8.194989329203963">
        <ele>186.2</ele>
      </trkpt>
      <trkpt lat="40.361349591985345" lon="-8.194841807708144">
        <ele>184.5</ele>
      </trkpt>
      <trkpt lat="40.36121749319136" lon="-8.194744493812323">
        <ele>184.1</ele>
      </trkpt>
      <trkpt lat="40.361013896763325" lon="-8.194606862962246">
        <ele>185.8</ele>
      </trkpt>
      <trkpt lat="40.36072933115065" lon="-8.194446684792638">
        <ele>190.9</ele>
      </trkpt>
      <trkpt lat="40.360507629811764" lon="-8.194355322048068">
        <ele>196.3</ele>
      </trkpt>
      <trkpt lat="40.360201355069876" lon="-8.194275693967938">
        <ele>202.6</ele>
      </trkpt>
      <trkpt lat="40.35996607504785" lon="-8.194243591278791">
        <ele>204.1</ele>
      </trkpt>
      <trkpt lat="40.35972601734102" lon="-8.194239567965269">
        <ele>202.8</ele>
      </trkpt>
      <trkpt lat="40.35917147062719" lon="-8.19432858377695">
        <ele>193.8</ele>
      </trkpt>
      <trkpt lat="40.35888430662453" lon="-8.194445511326194">
        <ele>191.4</ele>
      </trkpt>
      <trkpt lat="40.358428079634905" lon="-8.194686407223344">
        <ele>192.6</ele>
      </trkpt>
      <trkpt lat="40.35817947238684" lon="-8.194828061386943">
        <ele>193.7</ele>
      </trkpt>
      <trkpt lat="40.35793840885162" lon="-8.19496477022767">
        <ele>195.5</ele>
      </trkpt>
      <trkpt lat="40.3576426114887" lon="-8.195126708596945">
        <ele>197.5</ele>
      </trkpt>
      <trkpt lat="40.35730708390474" lon="-8.195322342216969">
        <ele>197.5</ele>
      </trkpt>
      <trkpt lat="40.35702955909073" lon="-8.195501882582903">
        <ele>193.2</ele>
      </trkpt>
      <trkpt lat="40.356746669858694" lon="-8.19570011459291">
        <ele>188.8</ele>
      </trkpt>
      <trkpt lat="40.356589844450355" lon="-8.195810504257679">
        <ele>187.1</ele>
      </trkpt>
      <trkpt lat="40.356396390125155" lon="-8.19596397690475">
        <ele>185.6</ele>
      </trkpt>
      <trkpt lat="40.356168150901794" lon="-8.196177128702402">
        <ele>185.4</ele>
      </trkpt>
      <trkpt lat="40.35590051673353" lon="-8.196475943550467">
        <ele>185</ele>
      </trkpt>
      <trkpt lat="40.355673702433705" lon="-8.196732262149453">
        <ele>187.4</ele>
      </trkpt>
      <trkpt lat="40.355627266690135" lon="-8.196786157786846">
        <ele>188.2</ele>
      </trkpt>
      <trkpt lat="40.3553908970207" lon="-8.1970579829067">
        <ele>190.1</ele>
      </trkpt>
      <trkpt lat="40.355142122134566" lon="-8.197346236556768">
        <ele>188.9</ele>
      </trkpt>
      <trkpt lat="40.35486585460603" lon="-8.197648655623198">
        <ele>185.6</ele>
      </trkpt>
      <trkpt lat="40.354486824944615" lon="-8.19801184348762">
        <ele>181.1</ele>
      </trkpt>
      <trkpt lat="40.3541474416852" lon="-8.198335887864232">
        <ele>178.2</ele>
      </trkpt>
      <trkpt lat="40.35386011004448" lon="-8.198618274182081">
        <ele>178.8</ele>
      </trkpt>
      <trkpt lat="40.35372365266085" lon="-8.198758838698268">
        <ele>178.8</ele>
      </trkpt>
      <trkpt lat="40.35347152501345" lon="-8.199038878083229">
        <ele>176.5</ele>
      </trkpt>
      <trkpt lat="40.35324789583683" lon="-8.198823546990752">
        <ele>178.3</ele>
      </trkpt>
      <trkpt lat="40.35324705764651" lon="-8.198706954717636">
        <ele>179.5</ele>
      </trkpt>
      <trkpt lat="40.35327631048858" lon="-8.198540238663554">
        <ele>181.3</ele>
      </trkpt>
      <trkpt lat="40.35329340957105" lon="-8.198485672473907">
        <ele>181.9</ele>
      </trkpt>
      <trkpt lat="40.35330522805452" lon="-8.198431273922324">
        <ele>182.4</ele>
      </trkpt>
      <trkpt lat="40.35340044647455" lon="-8.1981613766402">
        <ele>184.7</ele>
      </trkpt>
      <trkpt lat="40.353435231372714" lon="-8.198056099936366">
        <ele>185.3</ele>
      </trkpt>
      <trkpt lat="40.35346725024283" lon="-8.197947721928358">
        <ele>185.9</ele>
      </trkpt>
      <trkpt lat="40.35349600017071" lon="-8.197775054723024">
        <ele>187</ele>
      </trkpt>
      <trkpt lat="40.353491473942995" lon="-8.197656702250242">
        <ele>187.8</ele>
      </trkpt>
      <trkpt lat="40.35346565768123" lon="-8.197480849921703">
        <ele>189</ele>
      </trkpt>
      <trkpt lat="40.353416204452515" lon="-8.197248000651598">
        <ele>190.2</ele>
      </trkpt>
      <trkpt lat="40.353330206125975" lon="-8.196848016232252">
        <ele>192.9</ele>
      </trkpt>
      <trkpt lat="40.353263821452856" lon="-8.196529084816575">
        <ele>194</ele>
      </trkpt>
      <trkpt lat="40.35311629995704" lon="-8.19578368216753">
        <ele>191.5</ele>
      </trkpt>
      <trkpt lat="40.35306416451931" lon="-8.195520490407944">
        <ele>190.7</ele>
      </trkpt>
      <trkpt lat="40.353006245568395" lon="-8.195235840976238">
        <ele>189.7</ele>
      </trkpt>
      <trkpt lat="40.35294354893267" lon="-8.194963010028005">
        <ele>188.8</ele>
      </trkpt>
      <trkpt lat="40.35291605629027" lon="-8.194880951195955">
        <ele>189.1</ele>
      </trkpt>
      <trkpt lat="40.35283785313368" lon="-8.194750277325511">
        <ele>190.6</ele>
      </trkpt>
      <trkpt lat="40.352786891162395" lon="-8.194714486598969">
        <ele>191.8</ele>
      </trkpt>
      <trkpt lat="40.35268505103886" lon="-8.194673582911491">
        <ele>194.3</ele>
      </trkpt>
      <trkpt lat="40.3525207657367" lon="-8.194599067792296">
        <ele>198.4</ele>
      </trkpt>
      <trkpt lat="40.35241590812802" lon="-8.194534527137876">
        <ele>200.7</ele>
      </trkpt>
      <trkpt lat="40.35232286900282" lon="-8.194455318152905">
        <ele>201.5</ele>
      </trkpt>
      <trkpt lat="40.35219672136009" lon="-8.194320453330874">
        <ele>202.2</ele>
      </trkpt>
      <trkpt lat="40.35204676911235" lon="-8.194124065339565">
        <ele>201.2</ele>
      </trkpt>
      <trkpt lat="40.35194853320718" lon="-8.193942764773965">
        <ele>201.5</ele>
      </trkpt>
      <trkpt lat="40.35185876302421" lon="-8.193695582449436">
        <ele>201.9</ele>
      </trkpt>
      <trkpt lat="40.351814506575465" lon="-8.193541187793016">
        <ele>202.4</ele>
      </trkpt>
      <trkpt lat="40.35180008970201" lon="-8.193488717079163">
        <ele>202.5</ele>
      </trkpt>
      <trkpt lat="40.3517368901521" lon="-8.19326777011156">
        <ele>203.2</ele>
      </trkpt>
      <trkpt lat="40.35166556015611" lon="-8.193045649677515">
        <ele>203.6</ele>
      </trkpt>
      <trkpt lat="40.3516055457294" lon="-8.192884968593717">
        <ele>203.6</ele>
      </trkpt>
      <trkpt lat="40.35158023238182" lon="-8.192833671346307">
        <ele>203.6</ele>
      </trkpt>
      <trkpt lat="40.3515500575304" lon="-8.192784050479531">
        <ele>203.5</ele>
      </trkpt>
      <trkpt lat="40.351411923766136" lon="-8.192690424621105">
        <ele>202.5</ele>
      </trkpt>
      <trkpt lat="40.35129373893142" lon="-8.192668715491891">
        <ele>201</ele>
      </trkpt>
      <trkpt lat="40.351156275719404" lon="-8.192654633894563">
        <ele>199.4</ele>
      </trkpt>
      <trkpt lat="40.35082234069705" lon="-8.192675756290555">
        <ele>196.4</ele>
      </trkpt>
      <trkpt lat="40.35043057054281" lon="-8.192671649158001">
        <ele>193.4</ele>
      </trkpt>
      <trkpt lat="40.35012320615351" lon="-8.192602582275867">
        <ele>190.6</ele>
      </trkpt>
      <trkpt lat="40.350021701306105" lon="-8.192561846226454">
        <ele>189.4</ele>
      </trkpt>
      <trkpt lat="40.3498250618577" lon="-8.192442236468196">
        <ele>188.3</ele>
      </trkpt>
      <trkpt lat="40.34973210655153" lon="-8.192366631701589">
        <ele>187.8</ele>
      </trkpt>
      <trkpt lat="40.349484756588936" lon="-8.192087095230818">
        <ele>185.4</ele>
      </trkpt>
      <trkpt lat="40.349416276440024" lon="-8.191974023357034">
        <ele>184.2</ele>
      </trkpt>
      <trkpt lat="40.34935098141432" lon="-8.191852904856205">
        <ele>183</ele>
      </trkpt>
      <trkpt lat="40.34915124066174" lon="-8.191472450271249">
        <ele>178.7</ele>
      </trkpt>
      <trkpt lat="40.34893314354122" lon="-8.19109627045691">
        <ele>174.9</ele>
      </trkpt>
      <trkpt lat="40.348740108311176" lon="-8.190910862758756">
        <ele>173.9</ele>
      </trkpt>
      <trkpt lat="40.34852033481002" lon="-8.190816231071949">
        <ele>174</ele>
      </trkpt>
      <trkpt lat="40.348309110850096" lon="-8.19072830490768">
        <ele>174.2</ele>
      </trkpt>
      <trkpt lat="40.347947515547276" lon="-8.190500736236572">
        <ele>177.3</ele>
      </trkpt>
      <trkpt lat="40.347689436748624" lon="-8.190135788172483">
        <ele>178</ele>
      </trkpt>
      <trkpt lat="40.347545770928264" lon="-8.189378315582871">
        <ele>173.4</ele>
      </trkpt>
      <trkpt lat="40.34763302654028" lon="-8.188891159370542">
        <ele>172.8</ele>
      </trkpt>
      <trkpt lat="40.34767082892358" lon="-8.188782949000597">
        <ele>171.9</ele>
      </trkpt>
      <trkpt lat="40.3479393851012" lon="-8.188067302107811">
        <ele>161.3</ele>
      </trkpt>
      <trkpt lat="40.34799428656697" lon="-8.187891030684114">
        <ele>158</ele>
      </trkpt>
      <trkpt lat="40.347957741469145" lon="-8.187604118138552">
        <ele>152.8</ele>
      </trkpt>
      <trkpt lat="40.34776646643877" lon="-8.187381075695157">
        <ele>150.7</ele>
      </trkpt>
      <trkpt lat="40.347621543332934" lon="-8.18729323334992">
        <ele>150.1</ele>
      </trkpt>
      <trkpt lat="40.34748793579638" lon="-8.187228608876467">
        <ele>149.9</ele>
      </trkpt>
      <trkpt lat="40.34735935740173" lon="-8.187244618311524">
        <ele>151.2</ele>
      </trkpt>
      <trkpt lat="40.347242848947644" lon="-8.187426757067442">
        <ele>155.9</ele>
      </trkpt>
      <trkpt lat="40.34720613621175" lon="-8.187579223886132">
        <ele>158.9</ele>
      </trkpt>
      <trkpt lat="40.347186187282205" lon="-8.187649799510837">
        <ele>160.3</ele>
      </trkpt>
      <trkpt lat="40.347113348543644" lon="-8.187826490029693">
        <ele>163.1</ele>
      </trkpt>
      <trkpt lat="40.34707831218839" lon="-8.188013406470418">
        <ele>164.6</ele>
      </trkpt>
      <trkpt lat="40.34702634438872" lon="-8.18815866485238">
        <ele>164.5</ele>
      </trkpt>
      <trkpt lat="40.34688946790993" lon="-8.18814986385405">
        <ele>163.7</ele>
      </trkpt>
      <trkpt lat="40.34685526974499" lon="-8.188129579648376">
        <ele>163.5</ele>
      </trkpt>
      <trkpt lat="40.34678226336837" lon="-8.188085742294788">
        <ele>162.7</ele>
      </trkpt>
      <trkpt lat="40.34666508436203" lon="-8.188020111992955">
        <ele>160.8</ele>
      </trkpt>
      <trkpt lat="40.346547570079565" lon="-8.187959846109152">
        <ele>159.2</ele>
      </trkpt>
      <trkpt lat="40.34643684513867" lon="-8.18790695630014">
        <ele>156.4</ele>
      </trkpt>
      <trkpt lat="40.346330059692264" lon="-8.187883319333196">
        <ele>154.3</ele>
      </trkpt>
      <trkpt lat="40.3462989628315" lon="-8.18789480254054">
        <ele>154</ele>
      </trkpt>
      <trkpt lat="40.34627331420779" lon="-8.187916344031692">
        <ele>153.9</ele>
      </trkpt>
      <trkpt lat="40.34622880630195" lon="-8.18795825354755">
        <ele>153.8</ele>
      </trkpt>
      <trkpt lat="40.34620810300112" lon="-8.187979459762573">
        <ele>153.8</ele>
      </trkpt>
      <trkpt lat="40.346120512112975" lon="-8.188079036772251">
        <ele>154</ele>
      </trkpt>
      <trkpt lat="40.346050187945366" lon="-8.188133854418993">
        <ele>153.8</ele>
      </trkpt>
      <trkpt lat="40.34598388709128" lon="-8.188183223828673">
        <ele>153.8</ele>
      </trkpt>
      <trkpt lat="40.34591054543853" lon="-8.18827835842967">
        <ele>154.1</ele>
      </trkpt>
      <trkpt lat="40.34585623070598" lon="-8.188322028145194">
        <ele>154</ele>
      </trkpt>
      <trkpt lat="40.345831252634525" lon="-8.188341641798615">
        <ele>153.8</ele>
      </trkpt>
    </trkseg>
  </trk>
</gpx>
