<?xml version="1.0" encoding="UTF-8"?>
<gpx schemaLocation="http://www.topografix.com/GPX/1/1 http://www.topografix.com/GPX/1/1/gpx.xsd http://www.garmin.com/xmlschemas/GpxExtensions/v3 http://www.garmin.com/xmlschemas/GpxExtensionsv3.xsd http://www.garmin.com/xmlschemas/TrackPointExtension/v1 http://www.garmin.com/xmlschemas/TrackPointExtensionv1.xsd http://www.garmin.com/xmlschemas/PowerExtension/v1 http://www.garmin.com/xmlschemas/PowerExtensionv1.xsd http://www.topografix.com/GPX/gpx_style/0/2 http://www.topografix.com/GPX/gpx_style/0/2/gpx_style.xsd" version="1.1" creator="Garmin Desktop App" xmlns="http://www.topografix.com/GPX/1/1" xmlns:xsi="http://www.w3.org/2001/XMLSchema-instance" xsi:schemaLocation="http://www.topografix.com/GPX/1/1 http://www.topografix.com/GPX/1/1/gpx.xsd http://www.garmin.com/xmlschemas/GpxExtensions/v3 http://www.garmin.com/xmlschemas/GpxExtensionsv3.xsd http://www.garmin.com/xmlschemas/TrackPointExtension/v1 http://www.garmin.com/xmlschemas/TrackPointExtensionv1.xsd http://www.garmin.com/xmlschemas/PowerExtension/v1 http://www.garmin.com/xmlschemas/PowerExtensionv1.xsd http://www.topografix.com/GPX/gpx_style/0/2 http://www.topografix.com/GPX/gpx_style/0/2/gpx_style.xsd" xmlns:gpxtpx="http://www.garmin.com/xmlschemas/TrackPointExtension/v1" xmlns:gpxx="http://www.garmin.com/xmlschemas/GpxExtensions/v3" xmlns:gpxpx="http://www.garmin.com/xmlschemas/PowerExtension/v1" xmlns:gpx_style="http://www.topografix.com/GPX/gpx_style/0/2">
  <metadata>
    <name>Day3-2026</name>
    <author>
      <name>gpx.studio</name>
      <link href="https://gpx.studio"/>
    </author>
  </metadata>
  <wpt lat="40.16178589815627" lon="-8.111462969834776">
    <ele>189.68633611779683</ele>
    <name>Beira Rio - +351235771176</name>
    <cmt>https://maps.app.goo.gl/ak8QcYg5GQbwsETVA</cmt>
    <desc>https://maps.app.goo.gl/ak8QcYg5GQbwsETVA</desc>
    <sym>Bar</sym>
  </wpt>
  <trk>
    <name>Day3-2026</name>
    <type>Cycling</type>
    <trkseg>
      <trkpt lat="40.345831252634525" lon="-8.188341641798615">
        <ele>153.8</ele>
      </trkpt>
      <trkpt lat="40.345831252634525" lon="-8.188341641798615">
        <ele>153.8</ele>
      </trkpt>
      <trkpt lat="40.346246575936675" lon="-8.187829339876771">
        <ele>152.4</ele>
      </trkpt>
      <trkpt lat="40.346508510410786" lon="-8.187967306002975">
        <ele>158.1</ele>
      </trkpt>
      <trkpt lat="40.346577409654856" lon="-8.188009215518832">
        <ele>159.4</ele>
      </trkpt>
      <trkpt lat="40.34670162945986" lon="-8.18804576061666">
        <ele>161.4</ele>
      </trkpt>
      <trkpt lat="40.346901286393404" lon="-8.187919026240706">
        <ele>163.5</ele>
      </trkpt>
      <trkpt lat="40.34697471186519" lon="-8.187837470322847">
        <ele>163.1</ele>
      </trkpt>
      <trkpt lat="40.347263468429446" lon="-8.187248725444078">
        <ele>152.4</ele>
      </trkpt>
      <trkpt lat="40.347435884177685" lon="-8.187189549207687">
        <ele>149.6</ele>
      </trkpt>
      <trkpt lat="40.34754820168018" lon="-8.187245288863778">
        <ele>149.7</ele>
      </trkpt>
      <trkpt lat="40.3475992474705" lon="-8.187281917780638">
        <ele>150</ele>
      </trkpt>
      <trkpt lat="40.34765708260238" lon="-8.187322737649083">
        <ele>150.4</ele>
      </trkpt>
      <trkpt lat="40.34789538010955" lon="-8.187510492280126">
        <ele>151.8</ele>
      </trkpt>
      <trkpt lat="40.34798188135028" lon="-8.188018100336194">
        <ele>160.5</ele>
      </trkpt>
      <trkpt lat="40.34795195795596" lon="-8.188093034550548">
        <ele>161.8</ele>
      </trkpt>
      <trkpt lat="40.347914323210716" lon="-8.188202250748873">
        <ele>163.7</ele>
      </trkpt>
      <trkpt lat="40.34788968041539" lon="-8.188263606280088">
        <ele>164.8</ele>
      </trkpt>
      <trkpt lat="40.34786126576364" lon="-8.18832135759294">
        <ele>165.8</ele>
      </trkpt>
      <trkpt lat="40.347826816141605" lon="-8.18841858766973">
        <ele>167.4</ele>
      </trkpt>
      <trkpt lat="40.3477942943573" lon="-8.188514141365886">
        <ele>168.9</ele>
      </trkpt>
      <trkpt lat="40.34775582142174" lon="-8.188605839386582">
        <ele>170.2</ele>
      </trkpt>
      <trkpt lat="40.34772145561874" lon="-8.18870197981596">
        <ele>171.4</ele>
      </trkpt>
      <trkpt lat="40.34771282225847" lon="-8.188734669238329">
        <ele>171.7</ele>
      </trkpt>
      <trkpt lat="40.347678204998374" lon="-8.188824439421296">
        <ele>172.5</ele>
      </trkpt>
      <trkpt lat="40.34766563214362" lon="-8.18885344080627">
        <ele>172.8</ele>
      </trkpt>
      <trkpt lat="40.34763319417834" lon="-8.18894480355084">
        <ele>173.5</ele>
      </trkpt>
      <trkpt lat="40.347623471170664" lon="-8.188974810764194">
        <ele>173.7</ele>
      </trkpt>
      <trkpt lat="40.34759287722409" lon="-8.189103556796908">
        <ele>173.8</ele>
      </trkpt>
      <trkpt lat="40.34757443703711" lon="-8.189207157120109">
        <ele>173.9</ele>
      </trkpt>
      <trkpt lat="40.34755926579237" lon="-8.189353756606579">
        <ele>173.7</ele>
      </trkpt>
      <trkpt lat="40.34755331464112" lon="-8.189541511237621">
        <ele>173.3</ele>
      </trkpt>
      <trkpt lat="40.34757452085614" lon="-8.18973588757217">
        <ele>174.3</ele>
      </trkpt>
      <trkpt lat="40.34761752001941" lon="-8.189923893660307">
        <ele>175.8</ele>
      </trkpt>
      <trkpt lat="40.34770871512592" lon="-8.190146600827575">
        <ele>178.2</ele>
      </trkpt>
      <trkpt lat="40.34785539843142" lon="-8.190393447875977">
        <ele>178.2</ele>
      </trkpt>
      <trkpt lat="40.3480377048254" lon="-8.190561002120376">
        <ele>176.8</ele>
      </trkpt>
      <trkpt lat="40.34824130125344" lon="-8.19068388082087">
        <ele>174.8</ele>
      </trkpt>
      <trkpt lat="40.34846811555326" lon="-8.190792091190815">
        <ele>174</ele>
      </trkpt>
      <trkpt lat="40.34858915023506" lon="-8.190832324326038">
        <ele>174.1</ele>
      </trkpt>
      <trkpt lat="40.34866944886744" lon="-8.190863002091646">
        <ele>174</ele>
      </trkpt>
      <trkpt lat="40.34881982021034" lon="-8.190954867750406">
        <ele>174.2</ele>
      </trkpt>
      <trkpt lat="40.348943788558245" lon="-8.191114207729697">
        <ele>175.1</ele>
      </trkpt>
      <trkpt lat="40.34899835474789" lon="-8.191204397007823">
        <ele>175.7</ele>
      </trkpt>
      <trkpt lat="40.3490427788347" lon="-8.19130003452301">
        <ele>176.6</ele>
      </trkpt>
      <trkpt lat="40.349198933690786" lon="-8.191610500216484">
        <ele>180</ele>
      </trkpt>
      <trkpt lat="40.34922047518194" lon="-8.1916528288275">
        <ele>180.5</ele>
      </trkpt>
      <trkpt lat="40.34930907189846" lon="-8.191818874329329">
        <ele>182.4</ele>
      </trkpt>
      <trkpt lat="40.349397249519825" lon="-8.191979387775064">
        <ele>184</ele>
      </trkpt>
      <trkpt lat="40.349495401605964" lon="-8.192127328366041">
        <ele>185.6</ele>
      </trkpt>
      <trkpt lat="40.34962615929544" lon="-8.192296139895916">
        <ele>186.8</ele>
      </trkpt>
      <trkpt lat="40.34977535717189" lon="-8.192418264225125">
        <ele>188</ele>
      </trkpt>
      <trkpt lat="40.34989890642464" lon="-8.192502334713936">
        <ele>188.5</ele>
      </trkpt>
      <trkpt lat="40.35003268159926" lon="-8.192570647224784">
        <ele>189.5</ele>
      </trkpt>
      <trkpt lat="40.35017425194383" lon="-8.192626722157001">
        <ele>191.2</ele>
      </trkpt>
      <trkpt lat="40.35031800158322" lon="-8.192657819017768">
        <ele>192.5</ele>
      </trkpt>
      <trkpt lat="40.35049016587436" lon="-8.192676091566682">
        <ele>193.9</ele>
      </trkpt>
      <trkpt lat="40.35066585056484" lon="-8.19267257116735">
        <ele>195.3</ele>
      </trkpt>
      <trkpt lat="40.35077389329672" lon="-8.192672654986382">
        <ele>196</ele>
      </trkpt>
      <trkpt lat="40.3509197384119" lon="-8.19266284815967">
        <ele>197.1</ele>
      </trkpt>
      <trkpt lat="40.35109793767333" lon="-8.192653460428119">
        <ele>198.8</ele>
      </trkpt>
      <trkpt lat="40.35123774781823" lon="-8.192656729370356">
        <ele>200.3</ele>
      </trkpt>
      <trkpt lat="40.35141301341355" lon="-8.19268581457436">
        <ele>202.5</ele>
      </trkpt>
      <trkpt lat="40.35154016688466" lon="-8.192767705768347">
        <ele>203.5</ele>
      </trkpt>
      <trkpt lat="40.351649885997176" lon="-8.192979684099555">
        <ele>203.7</ele>
      </trkpt>
      <trkpt lat="40.351717276498675" lon="-8.193190908059478">
        <ele>203.5</ele>
      </trkpt>
      <trkpt lat="40.3517297655344" lon="-8.193248324096203">
        <ele>203.3</ele>
      </trkpt>
      <trkpt lat="40.351834036409855" lon="-8.193609584122896">
        <ele>202.1</ele>
      </trkpt>
      <trkpt lat="40.3519266564399" lon="-8.193887611851096">
        <ele>201.6</ele>
      </trkpt>
      <trkpt lat="40.35197703167796" lon="-8.194016106426716">
        <ele>201.3</ele>
      </trkpt>
      <trkpt lat="40.35204341635108" lon="-8.194139571860433">
        <ele>201.2</ele>
      </trkpt>
      <trkpt lat="40.35216671414673" lon="-8.194304276257753">
        <ele>202</ele>
      </trkpt>
      <trkpt lat="40.35235807299614" lon="-8.194509465247393">
        <ele>201.2</ele>
      </trkpt>
      <trkpt lat="40.352418422698975" lon="-8.194552045315504">
        <ele>200.7</ele>
      </trkpt>
      <trkpt lat="40.35272897221148" lon="-8.194704176858068">
        <ele>193.2</ele>
      </trkpt>
      <trkpt lat="40.35288294777274" lon="-8.194877849891782">
        <ele>189.7</ele>
      </trkpt>
      <trkpt lat="40.35298462025821" lon="-8.195133497938514">
        <ele>189.2</ele>
      </trkpt>
      <trkpt lat="40.35302200354636" lon="-8.19527112878859">
        <ele>189.8</ele>
      </trkpt>
      <trkpt lat="40.35305326804519" lon="-8.195411190390587">
        <ele>190.3</ele>
      </trkpt>
      <trkpt lat="40.35308319143951" lon="-8.195553598925471">
        <ele>190.8</ele>
      </trkpt>
      <trkpt lat="40.35311194136739" lon="-8.1956937443465">
        <ele>191.2</ele>
      </trkpt>
      <trkpt lat="40.35313784144819" lon="-8.195829279720783">
        <ele>191.6</ele>
      </trkpt>
      <trkpt lat="40.353164579719305" lon="-8.195961462333798">
        <ele>192</ele>
      </trkpt>
      <trkpt lat="40.35324060358107" lon="-8.196345856413245">
        <ele>193.7</ele>
      </trkpt>
      <trkpt lat="40.3532874584198" lon="-8.196610054001212">
        <ele>194.1</ele>
      </trkpt>
      <trkpt lat="40.353401033207774" lon="-8.197162337601185">
        <ele>190.8</ele>
      </trkpt>
      <trkpt lat="40.353458700701594" lon="-8.197443382814527">
        <ele>189.2</ele>
      </trkpt>
      <trkpt lat="40.3535031247884" lon="-8.197721242904663">
        <ele>187.4</ele>
      </trkpt>
      <trkpt lat="40.35341461189091" lon="-8.198239579796791">
        <ele>184.2</ele>
      </trkpt>
      <trkpt lat="40.35325929522514" lon="-8.198698488995433">
        <ele>179.6</ele>
      </trkpt>
      <trkpt lat="40.35330011509359" lon="-8.198999902233481">
        <ele>176.4</ele>
      </trkpt>
      <trkpt lat="40.35331721417606" lon="-8.199060671031475">
        <ele>175.7</ele>
      </trkpt>
      <trkpt lat="40.35325879231095" lon="-8.199213221669197">
        <ele>174.3</ele>
      </trkpt>
      <trkpt lat="40.353192491456866" lon="-8.199286228045821">
        <ele>173.8</ele>
      </trkpt>
      <trkpt lat="40.35297313705087" lon="-8.199496613815427">
        <ele>174.3</ele>
      </trkpt>
      <trkpt lat="40.35288009792566" lon="-8.199592921882868">
        <ele>175.6</ele>
      </trkpt>
      <trkpt lat="40.35273492336273" lon="-8.199738850817084">
        <ele>176.9</ele>
      </trkpt>
      <trkpt lat="40.35228045657277" lon="-8.200206644833088">
        <ele>176.1</ele>
      </trkpt>
      <trkpt lat="40.35197200253606" lon="-8.200558181852102">
        <ele>174.6</ele>
      </trkpt>
      <trkpt lat="40.351661536842585" lon="-8.20092011243105">
        <ele>178.3</ele>
      </trkpt>
      <trkpt lat="40.35128837451339" lon="-8.201383212581277">
        <ele>183.2</ele>
      </trkpt>
      <trkpt lat="40.351131381466985" lon="-8.201587731018662">
        <ele>185.6</ele>
      </trkpt>
      <trkpt lat="40.35073600709438" lon="-8.202197179198265">
        <ele>183.6</ele>
      </trkpt>
      <trkpt lat="40.350629137828946" lon="-8.202575454488397">
        <ele>179.8</ele>
      </trkpt>
      <trkpt lat="40.35060281865299" lon="-8.202663380652666">
        <ele>178.9</ele>
      </trkpt>
      <trkpt lat="40.350242564454675" lon="-8.202670672908425">
        <ele>176.7</ele>
      </trkpt>
      <trkpt lat="40.35010786727071" lon="-8.202551566064358">
        <ele>177.5</ele>
      </trkpt>
      <trkpt lat="40.34972523339093" lon="-8.201961480081081">
        <ele>177.9</ele>
      </trkpt>
      <trkpt lat="40.34938082098961" lon="-8.201391762122512">
        <ele>183.6</ele>
      </trkpt>
      <trkpt lat="40.34900430589914" lon="-8.200764628127217">
        <ele>191.5</ele>
      </trkpt>
      <trkpt lat="40.34877656958997" lon="-8.200385682284832">
        <ele>191.4</ele>
      </trkpt>
      <trkpt lat="40.348443472757936" lon="-8.199860891327262">
        <ele>187.6</ele>
      </trkpt>
      <trkpt lat="40.34803619608283" lon="-8.199328891932964">
        <ele>185.2</ele>
      </trkpt>
      <trkpt lat="40.3475818131119" lon="-8.198842406272888">
        <ele>186.4</ele>
      </trkpt>
      <trkpt lat="40.34740193746984" lon="-8.198668481782079">
        <ele>186</ele>
      </trkpt>
      <trkpt lat="40.34721317701042" lon="-8.198488606140018">
        <ele>184.6</ele>
      </trkpt>
      <trkpt lat="40.347016202285886" lon="-8.198296157643199">
        <ele>182.9</ele>
      </trkpt>
      <trkpt lat="40.346811935305595" lon="-8.19809834472835">
        <ele>180.8</ele>
      </trkpt>
      <trkpt lat="40.346705904230475" lon="-8.197994157671928">
        <ele>179.6</ele>
      </trkpt>
      <trkpt lat="40.346597442403436" lon="-8.197888294234872">
        <ele>178.1</ele>
      </trkpt>
      <trkpt lat="40.34648772329092" lon="-8.197780502960086">
        <ele>176.9</ele>
      </trkpt>
      <trkpt lat="40.346375992521644" lon="-8.197671622037888">
        <ele>175.9</ele>
      </trkpt>
      <trkpt lat="40.34626283682883" lon="-8.197562992572784">
        <ele>175.6</ele>
      </trkpt>
      <trkpt lat="40.34614850766957" lon="-8.197456039488316">
        <ele>174.7</ele>
      </trkpt>
      <trkpt lat="40.34603334031999" lon="-8.19734682328999">
        <ele>173.4</ele>
      </trkpt>
      <trkpt lat="40.34591750241816" lon="-8.197236182168126">
        <ele>171.8</ele>
      </trkpt>
      <trkpt lat="40.345797976478934" lon="-8.197118416428566">
        <ele>168.4</ele>
      </trkpt>
      <trkpt lat="40.34567769616842" lon="-8.197008613497019">
        <ele>164.9</ele>
      </trkpt>
      <trkpt lat="40.34555406309664" lon="-8.196899984031916">
        <ele>162.4</ele>
      </trkpt>
      <trkpt lat="40.34542783163488" lon="-8.196802753955126">
        <ele>160.3</ele>
      </trkpt>
      <trkpt lat="40.34529606811702" lon="-8.196717342361808">
        <ele>158.3</ele>
      </trkpt>
      <trkpt lat="40.34515961073339" lon="-8.196651376783848">
        <ele>156.4</ele>
      </trkpt>
      <trkpt lat="40.34501988440752" lon="-8.19660460576415">
        <ele>154.6</ele>
      </trkpt>
      <trkpt lat="40.34487781114876" lon="-8.196577448397875">
        <ele>153.1</ele>
      </trkpt>
      <trkpt lat="40.34473531879485" lon="-8.196570994332433">
        <ele>151.7</ele>
      </trkpt>
      <trkpt lat="40.34459374845028" lon="-8.196586919948459">
        <ele>149.9</ele>
      </trkpt>
      <trkpt lat="40.34445460885763" lon="-8.196625392884016">
        <ele>147.8</ele>
      </trkpt>
      <trkpt lat="40.34431781619787" lon="-8.196681383997202">
        <ele>145.9</ele>
      </trkpt>
      <trkpt lat="40.34418378956616" lon="-8.196750450879335">
        <ele>144.2</ele>
      </trkpt>
      <trkpt lat="40.34405194222927" lon="-8.196830581873655">
        <ele>142.5</ele>
      </trkpt>
      <trkpt lat="40.343920681625605" lon="-8.196921441704035">
        <ele>140.8</ele>
      </trkpt>
      <trkpt lat="40.34365606494248" lon="-8.197116488590837">
        <ele>141.8</ele>
      </trkpt>
      <trkpt lat="40.3433820605278" lon="-8.19730089046061">
        <ele>141.9</ele>
      </trkpt>
      <trkpt lat="40.343099758028984" lon="-8.197462493553758">
        <ele>141.6</ele>
      </trkpt>
      <trkpt lat="40.342955673113465" lon="-8.197528794407845">
        <ele>140.7</ele>
      </trkpt>
      <trkpt lat="40.34266599453986" lon="-8.197630047798157">
        <ele>137.1</ele>
      </trkpt>
      <trkpt lat="40.34238134510815" lon="-8.19770640693605">
        <ele>135.7</ele>
      </trkpt>
      <trkpt lat="40.34223860129714" lon="-8.197734905406833">
        <ele>134.5</ele>
      </trkpt>
      <trkpt lat="40.342100048437715" lon="-8.19775678217411">
        <ele>132.4</ele>
      </trkpt>
      <trkpt lat="40.34196266904473" lon="-8.197763403877616">
        <ele>130</ele>
      </trkpt>
      <trkpt lat="40.34182813949883" lon="-8.19774898700416">
        <ele>127.6</ele>
      </trkpt>
      <trkpt lat="40.34156913869083" lon="-8.197688721120358">
        <ele>122.9</ele>
      </trkpt>
      <trkpt lat="40.341087179258466" lon="-8.197475653141737">
        <ele>109.9</ele>
      </trkpt>
      <trkpt lat="40.34085080958903" lon="-8.197353528812528">
        <ele>98.8</ele>
      </trkpt>
      <trkpt lat="40.340522825717926" lon="-8.19713233038783">
        <ele>78.7</ele>
      </trkpt>
      <trkpt lat="40.34020699560642" lon="-8.196720443665981">
        <ele>87.3</ele>
      </trkpt>
      <trkpt lat="40.34002561122179" lon="-8.19637686945498">
        <ele>99.6</ele>
      </trkpt>
      <trkpt lat="40.339912036433816" lon="-8.195866076275706">
        <ele>107.5</ele>
      </trkpt>
      <trkpt lat="40.339826457202435" lon="-8.195118913426995">
        <ele>118.8</ele>
      </trkpt>
      <trkpt lat="40.33977163955569" lon="-8.19476829841733">
        <ele>122.4</ele>
      </trkpt>
      <trkpt lat="40.33949931152165" lon="-8.194059021770954">
        <ele>131.4</ele>
      </trkpt>
      <trkpt lat="40.339413061738014" lon="-8.193879732862115">
        <ele>133</ele>
      </trkpt>
      <trkpt lat="40.33916889689863" lon="-8.193318312987685">
        <ele>136.8</ele>
      </trkpt>
      <trkpt lat="40.33907946199179" lon="-8.19310449063778">
        <ele>138.1</ele>
      </trkpt>
      <trkpt lat="40.3389925416559" lon="-8.192899050191045">
        <ele>140.3</ele>
      </trkpt>
      <trkpt lat="40.33888374455273" lon="-8.192637702450156">
        <ele>143.3</ele>
      </trkpt>
      <trkpt lat="40.3388318605721" lon="-8.192518763244152">
        <ele>144.8</ele>
      </trkpt>
      <trkpt lat="40.33878433518112" lon="-8.192405942827463">
        <ele>145.8</ele>
      </trkpt>
      <trkpt lat="40.338742677122355" lon="-8.192301169037819">
        <ele>146.3</ele>
      </trkpt>
      <trkpt lat="40.33871904015541" lon="-8.19225138053298">
        <ele>146.5</ele>
      </trkpt>
      <trkpt lat="40.338671347126365" lon="-8.192164627835155">
        <ele>146.4</ele>
      </trkpt>
      <trkpt lat="40.338616194203496" lon="-8.19207007996738">
        <ele>146.2</ele>
      </trkpt>
      <trkpt lat="40.33852005377412" lon="-8.192042922601104">
        <ele>145.1</ele>
      </trkpt>
      <trkpt lat="40.33828477375209" lon="-8.192170411348343">
        <ele>143.5</ele>
      </trkpt>
      <trkpt lat="40.33819869160652" lon="-8.192346766591072">
        <ele>145.2</ele>
      </trkpt>
      <trkpt lat="40.338199781253934" lon="-8.192465705797076">
        <ele>145.2</ele>
      </trkpt>
      <trkpt lat="40.338215958327055" lon="-8.192682797089219">
        <ele>144.6</ele>
      </trkpt>
      <trkpt lat="40.338238924741745" lon="-8.192857475951314">
        <ele>143.7</ele>
      </trkpt>
      <trkpt lat="40.33826272934675" lon="-8.193056043237448">
        <ele>142.8</ele>
      </trkpt>
      <trkpt lat="40.33829038962722" lon="-8.193274391815066">
        <ele>141.5</ele>
      </trkpt>
      <trkpt lat="40.3383191395551" lon="-8.193515287712216">
        <ele>139.6</ele>
      </trkpt>
      <trkpt lat="40.33834998495877" lon="-8.193775964900851">
        <ele>136.5</ele>
      </trkpt>
      <trkpt lat="40.33838485367596" lon="-8.194049634039402">
        <ele>132</ele>
      </trkpt>
      <trkpt lat="40.33840639516711" lon="-8.194189947098494">
        <ele>129.8</ele>
      </trkpt>
      <trkpt lat="40.33842693082988" lon="-8.194330846890807">
        <ele>127.6</ele>
      </trkpt>
      <trkpt lat="40.33846163190901" lon="-8.194606527686119">
        <ele>124.6</ele>
      </trkpt>
      <trkpt lat="40.338495494797826" lon="-8.194872066378593">
        <ele>122.3</ele>
      </trkpt>
      <trkpt lat="40.338509073480964" lon="-8.195002153515816">
        <ele>121.3</ele>
      </trkpt>
      <trkpt lat="40.33851460553706" lon="-8.195131989195943">
        <ele>119.1</ele>
      </trkpt>
      <trkpt lat="40.338509660214186" lon="-8.1952637527138">
        <ele>117.2</ele>
      </trkpt>
      <trkpt lat="40.33846531994641" lon="-8.195513868704438">
        <ele>113.4</ele>
      </trkpt>
      <trkpt lat="40.33842290751636" lon="-8.195624174550176">
        <ele>113</ele>
      </trkpt>
      <trkpt lat="40.33827345818281" lon="-8.195794830098748">
        <ele>116.5</ele>
      </trkpt>
      <trkpt lat="40.33809349872172" lon="-8.195929694920778">
        <ele>121.8</ele>
      </trkpt>
      <trkpt lat="40.33799819648266" lon="-8.19598794914782">
        <ele>123.1</ele>
      </trkpt>
      <trkpt lat="40.33790247514844" lon="-8.196039414033294">
        <ele>124.4</ele>
      </trkpt>
      <trkpt lat="40.33781027421355" lon="-8.196087358519435">
        <ele>125.3</ele>
      </trkpt>
      <trkpt lat="40.33764749765396" lon="-8.196189114823937">
        <ele>125.7</ele>
      </trkpt>
      <trkpt lat="40.33759234473109" lon="-8.196260696277022">
        <ele>124.1</ele>
      </trkpt>
      <trkpt lat="40.33755965530872" lon="-8.1963499635458">
        <ele>122</ele>
      </trkpt>
      <trkpt lat="40.33754624426365" lon="-8.196452474221587">
        <ele>119.9</ele>
      </trkpt>
      <trkpt lat="40.33761866390705" lon="-8.196663530543447">
        <ele>115.3</ele>
      </trkpt>
      <trkpt lat="40.337897865101695" lon="-8.196800742298365">
        <ele>108.5</ele>
      </trkpt>
      <trkpt lat="40.337999956682324" lon="-8.196827145293355">
        <ele>105.5</ele>
      </trkpt>
      <trkpt lat="40.33810028806329" lon="-8.196869641542435">
        <ele>102.8</ele>
      </trkpt>
      <trkpt lat="40.338265746831894" lon="-8.196992268785834">
        <ele>96.6</ele>
      </trkpt>
      <trkpt lat="40.338358115404844" lon="-8.197079189121723">
        <ele>93.7</ele>
      </trkpt>
      <trkpt lat="40.33841368742287" lon="-8.197187734767795">
        <ele>92.4</ele>
      </trkpt>
      <trkpt lat="40.338443191722035" lon="-8.197308266535401">
        <ele>91.9</ele>
      </trkpt>
      <trkpt lat="40.33842148259282" lon="-8.197557209059596">
        <ele>92.3</ele>
      </trkpt>
      <trkpt lat="40.338242277503014" lon="-8.197898520156741">
        <ele>90.8</ele>
      </trkpt>
      <trkpt lat="40.338169019669294" lon="-8.198013184592128">
        <ele>89.7</ele>
      </trkpt>
      <trkpt lat="40.33809995278716" lon="-8.198139499872923">
        <ele>88.2</ele>
      </trkpt>
      <trkpt lat="40.33801722340286" lon="-8.198440410196781">
        <ele>84.8</ele>
      </trkpt>
      <trkpt lat="40.338009763509035" lon="-8.198608132079244">
        <ele>84.1</ele>
      </trkpt>
      <trkpt lat="40.33801378682256" lon="-8.19877996109426">
        <ele>84.4</ele>
      </trkpt>
      <trkpt lat="40.33802258782089" lon="-8.198951035737991">
        <ele>85.4</ele>
      </trkpt>
      <trkpt lat="40.33803046680987" lon="-8.199124708771706">
        <ele>86.8</ele>
      </trkpt>
      <trkpt lat="40.33804186619818" lon="-8.19929787889123">
        <ele>87.9</ele>
      </trkpt>
      <trkpt lat="40.338053768500686" lon="-8.199471132829785">
        <ele>88.8</ele>
      </trkpt>
      <trkpt lat="40.33806382678449" lon="-8.19964338093996">
        <ele>88.4</ele>
      </trkpt>
      <trkpt lat="40.33807396888733" lon="-8.199813952669501">
        <ele>87.9</ele>
      </trkpt>
      <trkpt lat="40.33808880485594" lon="-8.199980417266488">
        <ele>87</ele>
      </trkpt>
      <trkpt lat="40.33810934051871" lon="-8.200142020359635">
        <ele>86.2</ele>
      </trkpt>
      <trkpt lat="40.338140185922384" lon="-8.2002975884825">
        <ele>86.4</ele>
      </trkpt>
      <trkpt lat="40.338183185085654" lon="-8.200445529073477">
        <ele>85.9</ele>
      </trkpt>
      <trkpt lat="40.33823188394308" lon="-8.200588608160615">
        <ele>86.5</ele>
      </trkpt>
      <trkpt lat="40.33833380788565" lon="-8.20085951127112">
        <ele>86.7</ele>
      </trkpt>
      <trkpt lat="40.33842642791569" lon="-8.201116416603327">
        <ele>87.9</ele>
      </trkpt>
      <trkpt lat="40.33868593163788" lon="-8.201824687421322">
        <ele>85.6</ele>
      </trkpt>
      <trkpt lat="40.3389301802963" lon="-8.202471099793911">
        <ele>80.1</ele>
      </trkpt>
      <trkpt lat="40.339094968512654" lon="-8.202974768355489">
        <ele>82.4</ele>
      </trkpt>
      <trkpt lat="40.339175686240196" lon="-8.203471479937434">
        <ele>85.6</ele>
      </trkpt>
      <trkpt lat="40.339243998751044" lon="-8.203845983371139">
        <ele>85.3</ele>
      </trkpt>
      <trkpt lat="40.33933561295271" lon="-8.204416036605835">
        <ele>86.3</ele>
      </trkpt>
      <trkpt lat="40.33962436951697" lon="-8.205024730414152">
        <ele>82.6</ele>
      </trkpt>
      <trkpt lat="40.33994698897004" lon="-8.205631831660867">
        <ele>82.9</ele>
      </trkpt>
      <trkpt lat="40.339990239590406" lon="-8.205717327073216">
        <ele>84</ele>
      </trkpt>
      <trkpt lat="40.340306740254164" lon="-8.206319147720933">
        <ele>79.1</ele>
      </trkpt>
      <trkpt lat="40.34054604358971" lon="-8.206968242302537">
        <ele>80.2</ele>
      </trkpt>
      <trkpt lat="40.34073161892593" lon="-8.20763980038464">
        <ele>79.7</ele>
      </trkpt>
      <trkpt lat="40.34092423506081" lon="-8.208365589380264">
        <ele>84.4</ele>
      </trkpt>
      <trkpt lat="40.34095658920705" lon="-8.208642778918147">
        <ele>82</ele>
      </trkpt>
      <trkpt lat="40.340920463204384" lon="-8.209109399467707">
        <ele>80.8</ele>
      </trkpt>
      <trkpt lat="40.340794902294874" lon="-8.209849521517754">
        <ele>80.5</ele>
      </trkpt>
      <trkpt lat="40.340587785467505" lon="-8.210253613069654">
        <ele>67.3</ele>
      </trkpt>
      <trkpt lat="40.34022250212729" lon="-8.210875634104013">
        <ele>64.1</ele>
      </trkpt>
      <trkpt lat="40.3400787524879" lon="-8.21107772178948">
        <ele>63</ele>
      </trkpt>
      <trkpt lat="40.33959528431296" lon="-8.211469240486622">
        <ele>79</ele>
      </trkpt>
      <trkpt lat="40.339534347876906" lon="-8.21151902899146">
        <ele>79.2</ele>
      </trkpt>
      <trkpt lat="40.339420856907964" lon="-8.211635453626513">
        <ele>78.5</ele>
      </trkpt>
      <trkpt lat="40.339249949902296" lon="-8.21193871088326">
        <ele>78.8</ele>
      </trkpt>
      <trkpt lat="40.33905138261616" lon="-8.212407426908612">
        <ele>81.4</ele>
      </trkpt>
      <trkpt lat="40.338885923847556" lon="-8.212767597287893">
        <ele>85.4</ele>
      </trkpt>
      <trkpt lat="40.33882054500282" lon="-8.212904473766685">
        <ele>86.7</ele>
      </trkpt>
      <trkpt lat="40.338766146451235" lon="-8.213046211749315">
        <ele>87.3</ele>
      </trkpt>
      <trkpt lat="40.338622983545065" lon="-8.213397078216076">
        <ele>85.8</ele>
      </trkpt>
      <trkpt lat="40.33853715285659" lon="-8.213603524491191">
        <ele>83.9</ele>
      </trkpt>
      <trkpt lat="40.33842232078314" lon="-8.213773677125573">
        <ele>82.9</ele>
      </trkpt>
      <trkpt lat="40.33806726336479" lon="-8.213863279670477">
        <ele>87.7</ele>
      </trkpt>
      <trkpt lat="40.33785226754844" lon="-8.213988672941923">
        <ele>88</ele>
      </trkpt>
      <trkpt lat="40.3378199134022" lon="-8.21471119299531">
        <ele>84</ele>
      </trkpt>
      <trkpt lat="40.33778127282858" lon="-8.214848907664418">
        <ele>84.5</ele>
      </trkpt>
      <trkpt lat="40.33762386068702" lon="-8.215177562087774">
        <ele>85.1</ele>
      </trkpt>
      <trkpt lat="40.337453708052635" lon="-8.215499427169561">
        <ele>83.8</ele>
      </trkpt>
      <trkpt lat="40.33729713410139" lon="-8.215722385793924">
        <ele>81.8</ele>
      </trkpt>
      <trkpt lat="40.337138967588544" lon="-8.215829255059361">
        <ele>81.8</ele>
      </trkpt>
      <trkpt lat="40.336824897676706" lon="-8.215817017480731">
        <ele>84.5</ele>
      </trkpt>
      <trkpt lat="40.336757423356175" lon="-8.215792793780565">
        <ele>85.2</ele>
      </trkpt>
      <trkpt lat="40.33627672120929" lon="-8.215669076889753">
        <ele>90.9</ele>
      </trkpt>
      <trkpt lat="40.3359168022871" lon="-8.215946350246668">
        <ele>93.9</ele>
      </trkpt>
      <trkpt lat="40.33582434989512" lon="-8.216272573918104">
        <ele>95.9</ele>
      </trkpt>
      <trkpt lat="40.33596617169678" lon="-8.21665738709271">
        <ele>88.8</ele>
      </trkpt>
      <trkpt lat="40.33602258190513" lon="-8.21673165075481">
        <ele>86.3</ele>
      </trkpt>
      <trkpt lat="40.33612886443734" lon="-8.216895265504718">
        <ele>82</ele>
      </trkpt>
      <trkpt lat="40.33601260744035" lon="-8.217543689534068">
        <ele>83.6</ele>
      </trkpt>
      <trkpt lat="40.335602229461074" lon="-8.21812036447227">
        <ele>88.2</ele>
      </trkpt>
      <trkpt lat="40.33552930690348" lon="-8.218211643397808">
        <ele>88.4</ele>
      </trkpt>
      <trkpt lat="40.33504734747112" lon="-8.218731321394444">
        <ele>91.4</ele>
      </trkpt>
      <trkpt lat="40.33472481183708" lon="-8.219270948320627">
        <ele>89</ele>
      </trkpt>
      <trkpt lat="40.334351398050785" lon="-8.219937225803733">
        <ele>81.7</ele>
      </trkpt>
      <trkpt lat="40.33403053879738" lon="-8.220483642071486">
        <ele>81.3</ele>
      </trkpt>
      <trkpt lat="40.33390313386917" lon="-8.220706516876817">
        <ele>80.3</ele>
      </trkpt>
      <trkpt lat="40.33352083526552" lon="-8.221382685005665">
        <ele>73.3</ele>
      </trkpt>
      <trkpt lat="40.33339301124215" lon="-8.221607487648726">
        <ele>72.7</ele>
      </trkpt>
      <trkpt lat="40.333131328225136" lon="-8.222057009115815">
        <ele>75.5</ele>
      </trkpt>
      <trkpt lat="40.33287148922682" lon="-8.222500663250685">
        <ele>77.3</ele>
      </trkpt>
      <trkpt lat="40.332547863945365" lon="-8.22306183166802">
        <ele>76.1</ele>
      </trkpt>
      <trkpt lat="40.332223484292626" lon="-8.223622245714068">
        <ele>74.7</ele>
      </trkpt>
      <trkpt lat="40.33190589398146" lon="-8.224183414131403">
        <ele>76.3</ele>
      </trkpt>
      <trkpt lat="40.3317794110626" lon="-8.224406791850924">
        <ele>76.2</ele>
      </trkpt>
      <trkpt lat="40.331396609544754" lon="-8.225064519792795">
        <ele>70.7</ele>
      </trkpt>
      <trkpt lat="40.33105538226664" lon="-8.225559638813138">
        <ele>67.2</ele>
      </trkpt>
      <trkpt lat="40.33072002232075" lon="-8.225807659327984">
        <ele>65.7</ele>
      </trkpt>
      <trkpt lat="40.330130606889725" lon="-8.226020894944668">
        <ele>67.8</ele>
      </trkpt>
      <trkpt lat="40.32957279123366" lon="-8.226081496104598">
        <ele>71.5</ele>
      </trkpt>
      <trkpt lat="40.32933524809778" lon="-8.22608551941812">
        <ele>70.4</ele>
      </trkpt>
      <trkpt lat="40.32925872132182" lon="-8.226081328466535">
        <ele>70.7</ele>
      </trkpt>
      <trkpt lat="40.32889268361032" lon="-8.226126758381724">
        <ele>73.6</ele>
      </trkpt>
      <trkpt lat="40.328555731102824" lon="-8.226232370361686">
        <ele>76.8</ele>
      </trkpt>
      <trkpt lat="40.328494710847735" lon="-8.226265646517277">
        <ele>77.1</ele>
      </trkpt>
      <trkpt lat="40.328240655362606" lon="-8.226393219083548">
        <ele>79.5</ele>
      </trkpt>
      <trkpt lat="40.32790848053992" lon="-8.226505117490888">
        <ele>80.6</ele>
      </trkpt>
      <trkpt lat="40.327485194429755" lon="-8.226562701165676">
        <ele>79.4</ele>
      </trkpt>
      <trkpt lat="40.32695135101676" lon="-8.226458430290222">
        <ele>77.2</ele>
      </trkpt>
      <trkpt lat="40.326384315267205" lon="-8.226201692596078">
        <ele>80.5</ele>
      </trkpt>
      <trkpt lat="40.326214246451855" lon="-8.226109240204096">
        <ele>77.8</ele>
      </trkpt>
      <trkpt lat="40.32595440745354" lon="-8.225970854982734">
        <ele>74.3</ele>
      </trkpt>
      <trkpt lat="40.3256815765053" lon="-8.225868428125978">
        <ele>72.5</ele>
      </trkpt>
      <trkpt lat="40.325387455523014" lon="-8.225780837237835">
        <ele>75.2</ele>
      </trkpt>
      <trkpt lat="40.32478370703757" lon="-8.225778993219137">
        <ele>80.7</ele>
      </trkpt>
      <trkpt lat="40.3241880889982" lon="-8.22575954720378">
        <ele>81.3</ele>
      </trkpt>
      <trkpt lat="40.324120027944446" lon="-8.225761139765382">
        <ele>81.1</ele>
      </trkpt>
      <trkpt lat="40.32385884784162" lon="-8.225788464769721">
        <ele>79.6</ele>
      </trkpt>
      <trkpt lat="40.323649384081364" lon="-8.225817633792758">
        <ele>78.8</ele>
      </trkpt>
      <trkpt lat="40.32336825504899" lon="-8.225843952968717">
        <ele>80</ele>
      </trkpt>
      <trkpt lat="40.32282577827573" lon="-8.225912768393755">
        <ele>79.1</ele>
      </trkpt>
      <trkpt lat="40.32234951853752" lon="-8.225998934358358">
        <ele>76.4</ele>
      </trkpt>
      <trkpt lat="40.322282714769244" lon="-8.226011004298925">
        <ele>77.3</ele>
      </trkpt>
      <trkpt lat="40.32215556129813" lon="-8.22603078559041">
        <ele>80</ele>
      </trkpt>
      <trkpt lat="40.32197115942836" lon="-8.226063642650843">
        <ele>83.6</ele>
      </trkpt>
      <trkpt lat="40.321732526645064" lon="-8.226145952939987">
        <ele>86.3</ele>
      </trkpt>
      <trkpt lat="40.32155550085008" lon="-8.226226922124624">
        <ele>86.9</ele>
      </trkpt>
      <trkpt lat="40.32115073874593" lon="-8.226495226845145">
        <ele>83.7</ele>
      </trkpt>
      <trkpt lat="40.320691242814064" lon="-8.226986406370997">
        <ele>79.7</ele>
      </trkpt>
      <trkpt lat="40.32055570743978" lon="-8.227157397195697">
        <ele>80</ele>
      </trkpt>
      <trkpt lat="40.32037918455899" lon="-8.22745026089251">
        <ele>79.8</ele>
      </trkpt>
      <trkpt lat="40.32021171413362" lon="-8.227768186479807">
        <ele>78.5</ele>
      </trkpt>
      <trkpt lat="40.32005371525884" lon="-8.228093907237053">
        <ele>74.5</ele>
      </trkpt>
      <trkpt lat="40.31999143771827" lon="-8.228190802037716">
        <ele>73.2</ele>
      </trkpt>
      <trkpt lat="40.319914408028126" lon="-8.228268418461084">
        <ele>72.2</ele>
      </trkpt>
      <trkpt lat="40.31967560760677" lon="-8.228432619944215">
        <ele>71</ele>
      </trkpt>
      <trkpt lat="40.319441836327314" lon="-8.228505123406649">
        <ele>69.8</ele>
      </trkpt>
      <trkpt lat="40.31923497095704" lon="-8.22853253223002">
        <ele>71.3</ele>
      </trkpt>
      <trkpt lat="40.31879257410765" lon="-8.228458436205983">
        <ele>73.2</ele>
      </trkpt>
      <trkpt lat="40.31868377700448" lon="-8.228383250534534">
        <ele>73.5</ele>
      </trkpt>
      <trkpt lat="40.31863164156675" lon="-8.228334551677108">
        <ele>73.6</ele>
      </trkpt>
      <trkpt lat="40.318488562479615" lon="-8.228191807866096">
        <ele>73.7</ele>
      </trkpt>
      <trkpt lat="40.31843785196543" lon="-8.228174122050405">
        <ele>73.4</ele>
      </trkpt>
      <trkpt lat="40.31815554946661" lon="-8.228090470656753">
        <ele>70.4</ele>
      </trkpt>
      <trkpt lat="40.317807951942086" lon="-8.227923084050417">
        <ele>66.7</ele>
      </trkpt>
      <trkpt lat="40.31733009964228" lon="-8.228151910007">
        <ele>63.7</ele>
      </trkpt>
      <trkpt lat="40.31693455763161" lon="-8.22841870598495">
        <ele>65.6</ele>
      </trkpt>
      <trkpt lat="40.31665921211243" lon="-8.228697152808309">
        <ele>69.8</ele>
      </trkpt>
      <trkpt lat="40.316533567383885" lon="-8.228775272145867">
        <ele>72.9</ele>
      </trkpt>
      <trkpt lat="40.31632846221328" lon="-8.228848949074745">
        <ele>77</ele>
      </trkpt>
      <trkpt lat="40.3162080142647" lon="-8.228834364563227">
        <ele>79.6</ele>
      </trkpt>
      <trkpt lat="40.31618630513549" lon="-8.228819025680423">
        <ele>80.2</ele>
      </trkpt>
      <trkpt lat="40.31611589714885" lon="-8.22874903678894">
        <ele>82.1</ele>
      </trkpt>
      <trkpt lat="40.31607792712748" lon="-8.228698745369911">
        <ele>83.3</ele>
      </trkpt>
      <trkpt lat="40.31605395488441" lon="-8.228638898581266">
        <ele>84.5</ele>
      </trkpt>
      <trkpt lat="40.31601833179593" lon="-8.22856823913753">
        <ele>86.2</ele>
      </trkpt>
      <trkpt lat="40.31598782166839" lon="-8.228500178083777">
        <ele>87.8</ele>
      </trkpt>
      <trkpt lat="40.31597298569977" lon="-8.228437146171927">
        <ele>89.1</ele>
      </trkpt>
      <trkpt lat="40.315960831940174" lon="-8.228376042097807">
        <ele>90.4</ele>
      </trkpt>
      <trkpt lat="40.31594733707607" lon="-8.22830529883504">
        <ele>91.8</ele>
      </trkpt>
      <trkpt lat="40.3159265499562" lon="-8.228226425126195">
        <ele>93.5</ele>
      </trkpt>
      <trkpt lat="40.31592160463333" lon="-8.228151071816683">
        <ele>94.6</ele>
      </trkpt>
      <trkpt lat="40.31591037288308" lon="-8.2280845195055">
        <ele>95.3</ele>
      </trkpt>
      <trkpt lat="40.3158990573138" lon="-8.22801117785275">
        <ele>96</ele>
      </trkpt>
      <trkpt lat="40.315879276022315" lon="-8.227937249466777">
        <ele>97</ele>
      </trkpt>
      <trkpt lat="40.31585521996021" lon="-8.22786994278431">
        <ele>98.1</ele>
      </trkpt>
      <trkpt lat="40.31581096351147" lon="-8.227806659415364">
        <ele>98.8</ele>
      </trkpt>
      <trkpt lat="40.31575195491314" lon="-8.227739771828055">
        <ele>99.5</ele>
      </trkpt>
      <trkpt lat="40.31571180559695" lon="-8.227727618068457">
        <ele>100.1</ele>
      </trkpt>
      <trkpt lat="40.315693113952875" lon="-8.227732563391328">
        <ele>100.3</ele>
      </trkpt>
      <trkpt lat="40.31563770957291" lon="-8.227743292227387">
        <ele>101</ele>
      </trkpt>
      <trkpt lat="40.31556378118694" lon="-8.227735664695501">
        <ele>101.7</ele>
      </trkpt>
      <trkpt lat="40.315508879721165" lon="-8.227712949737906">
        <ele>102.3</ele>
      </trkpt>
      <trkpt lat="40.31543352641165" lon="-8.227668609470129">
        <ele>103.3</ele>
      </trkpt>
      <trkpt lat="40.3153464384377" lon="-8.227626448497176">
        <ele>104.5</ele>
      </trkpt>
      <trkpt lat="40.315249878913164" lon="-8.227545730769634">
        <ele>105.8</ele>
      </trkpt>
      <trkpt lat="40.31502918340266" lon="-8.227384882047772">
        <ele>106</ele>
      </trkpt>
      <trkpt lat="40.31481720507145" lon="-8.227309947833419">
        <ele>105.3</ele>
      </trkpt>
      <trkpt lat="40.31462131999433" lon="-8.227277342230082">
        <ele>105.9</ele>
      </trkpt>
      <trkpt lat="40.31451101414859" lon="-8.22728362865746">
        <ele>107</ele>
      </trkpt>
      <trkpt lat="40.314412862062454" lon="-8.227317156270146">
        <ele>108.8</ele>
      </trkpt>
      <trkpt lat="40.31434278935194" lon="-8.227357724681497">
        <ele>110.5</ele>
      </trkpt>
      <trkpt lat="40.31428160145879" lon="-8.227405501529574">
        <ele>112</ele>
      </trkpt>
      <trkpt lat="40.314222341403365" lon="-8.227465935051441">
        <ele>113.5</ele>
      </trkpt>
      <trkpt lat="40.3141584713012" lon="-8.227554950863123">
        <ele>115.3</ele>
      </trkpt>
      <trkpt lat="40.31410289928317" lon="-8.227614630013704">
        <ele>116.3</ele>
      </trkpt>
      <trkpt lat="40.31405403278768" lon="-8.227685121819377">
        <ele>117.5</ele>
      </trkpt>
      <trkpt lat="40.31400860287249" lon="-8.22775955311954">
        <ele>118.4</ele>
      </trkpt>
      <trkpt lat="40.31396551989019" lon="-8.227827781811357">
        <ele>119.1</ele>
      </trkpt>
      <trkpt lat="40.3138976264745" lon="-8.22792124003172">
        <ele>119.5</ele>
      </trkpt>
      <trkpt lat="40.313833337277174" lon="-8.228010926395655">
        <ele>119.8</ele>
      </trkpt>
      <trkpt lat="40.31377349048853" lon="-8.22811083868146">
        <ele>120.3</ele>
      </trkpt>
      <trkpt lat="40.31370643526316" lon="-8.228248469531536">
        <ele>121.2</ele>
      </trkpt>
      <trkpt lat="40.31365429982543" lon="-8.228366738185287">
        <ele>122.6</ele>
      </trkpt>
      <trkpt lat="40.3136024158448" lon="-8.228485509753227">
        <ele>124.2</ele>
      </trkpt>
      <trkpt lat="40.31350786797702" lon="-8.228685921058059">
        <ele>125.5</ele>
      </trkpt>
      <trkpt lat="40.313335033133626" lon="-8.228967972099781">
        <ele>127.3</ele>
      </trkpt>
      <trkpt lat="40.31316236592829" lon="-8.229204760864377">
        <ele>129</ele>
      </trkpt>
      <trkpt lat="40.313065722584724" lon="-8.229320766404271">
        <ele>129.9</ele>
      </trkpt>
      <trkpt lat="40.31296388246119" lon="-8.229429898783565">
        <ele>130.7</ele>
      </trkpt>
      <trkpt lat="40.31292440369725" lon="-8.2294609118253">
        <ele>130.8</ele>
      </trkpt>
      <trkpt lat="40.31280001625419" lon="-8.229534169659019">
        <ele>131.1</ele>
      </trkpt>
      <trkpt lat="40.31262877397239" lon="-8.229609103873372">
        <ele>131.8</ele>
      </trkpt>
      <trkpt lat="40.312504302710295" lon="-8.229662496596575">
        <ele>133.1</ele>
      </trkpt>
      <trkpt lat="40.31228754669428" lon="-8.229764085263014">
        <ele>136.1</ele>
      </trkpt>
      <trkpt lat="40.31203198246658" lon="-8.229831224307418">
        <ele>137.3</ele>
      </trkpt>
      <trkpt lat="40.31197423115373" lon="-8.229839690029621">
        <ele>137.1</ele>
      </trkpt>
      <trkpt lat="40.31172562390566" lon="-8.229824854061007">
        <ele>135.4</ele>
      </trkpt>
      <trkpt lat="40.31148288398981" lon="-8.229604242369533">
        <ele>131</ele>
      </trkpt>
      <trkpt lat="40.31140258535743" lon="-8.22935446165502">
        <ele>130.6</ele>
      </trkpt>
      <trkpt lat="40.31139294616878" lon="-8.22929235175252">
        <ele>130.7</ele>
      </trkpt>
      <trkpt lat="40.311412727460265" lon="-8.228831682354212">
        <ele>132.9</ele>
      </trkpt>
      <trkpt lat="40.31157709658146" lon="-8.228553654626012">
        <ele>134.3</ele>
      </trkpt>
      <trkpt lat="40.31162051483989" lon="-8.228511242195964">
        <ele>134.4</ele>
      </trkpt>
      <trkpt lat="40.311827631667256" lon="-8.228329522535205">
        <ele>135.4</ele>
      </trkpt>
      <trkpt lat="40.31186258420348" lon="-8.22828627191484">
        <ele>135.6</ele>
      </trkpt>
      <trkpt lat="40.31192310154438" lon="-8.228128859773278">
        <ele>136</ele>
      </trkpt>
      <trkpt lat="40.31193156726658" lon="-8.228075634688139">
        <ele>135.9</ele>
      </trkpt>
      <trkpt lat="40.31193810515106" lon="-8.22802634909749">
        <ele>135.8</ele>
      </trkpt>
      <trkpt lat="40.31193106435239" lon="-8.227894501760602">
        <ele>136</ele>
      </trkpt>
      <trkpt lat="40.31190005131066" lon="-8.227791069075465">
        <ele>136.2</ele>
      </trkpt>
      <trkpt lat="40.31186434440315" lon="-8.227734072133899">
        <ele>136.5</ele>
      </trkpt>
      <trkpt lat="40.31182251870632" lon="-8.227694509550929">
        <ele>136.7</ele>
      </trkpt>
      <trkpt lat="40.31178278848529" lon="-8.227658215910196">
        <ele>136.8</ele>
      </trkpt>
      <trkpt lat="40.31171933747828" lon="-8.227603984996676">
        <ele>137.1</ele>
      </trkpt>
      <trkpt lat="40.31164884567261" lon="-8.227552939206362">
        <ele>137.6</ele>
      </trkpt>
      <trkpt lat="40.31156888231635" lon="-8.227513125166297">
        <ele>138</ele>
      </trkpt>
      <trkpt lat="40.311460671946406" lon="-8.227512454614043">
        <ele>138</ele>
      </trkpt>
      <trkpt lat="40.311376601457596" lon="-8.227517232298851">
        <ele>138</ele>
      </trkpt>
      <trkpt lat="40.3112867474556" lon="-8.227536175400019">
        <ele>138.6</ele>
      </trkpt>
      <trkpt lat="40.31116856262088" lon="-8.227559812366962">
        <ele>139.4</ele>
      </trkpt>
      <trkpt lat="40.311005702242255" lon="-8.227579928934574">
        <ele>140.4</ele>
      </trkpt>
      <trkpt lat="40.310969492420554" lon="-8.22757531888783">
        <ele>140.7</ele>
      </trkpt>
      <trkpt lat="40.310931438580155" lon="-8.227561488747597">
        <ele>141</ele>
      </trkpt>
      <trkpt lat="40.31082750298083" lon="-8.22744783014059">
        <ele>142.3</ele>
      </trkpt>
      <trkpt lat="40.310800932347775" lon="-8.227237109094858">
        <ele>143.6</ele>
      </trkpt>
      <trkpt lat="40.310838650912046" lon="-8.227011384442449">
        <ele>142.9</ele>
      </trkpt>
      <trkpt lat="40.31085340306163" lon="-8.226932846009731">
        <ele>142.5</ele>
      </trkpt>
      <trkpt lat="40.31085558235645" lon="-8.22677107527852">
        <ele>141.5</ele>
      </trkpt>
      <trkpt lat="40.31077427789569" lon="-8.226617518812418">
        <ele>141.5</ele>
      </trkpt>
      <trkpt lat="40.31072314828634" lon="-8.226688178256154">
        <ele>142.5</ele>
      </trkpt>
      <trkpt lat="40.31072214245796" lon="-8.226826563477516">
        <ele>143.2</ele>
      </trkpt>
      <trkpt lat="40.31072004698217" lon="-8.226904179900885">
        <ele>143.5</ele>
      </trkpt>
      <trkpt lat="40.31067025847733" lon="-8.227162007242441">
        <ele>144.3</ele>
      </trkpt>
      <trkpt lat="40.310605550184846" lon="-8.227351270616055">
        <ele>144.1</ele>
      </trkpt>
      <trkpt lat="40.310510750859976" lon="-8.227545144036412">
        <ele>143.3</ele>
      </trkpt>
      <trkpt lat="40.31037907116115" lon="-8.227737341076136">
        <ele>141.5</ele>
      </trkpt>
      <trkpt lat="40.31023733317852" lon="-8.227950744330883">
        <ele>138.5</ele>
      </trkpt>
      <trkpt lat="40.31008687801659" lon="-8.22817973792553">
        <ele>134.5</ele>
      </trkpt>
      <trkpt lat="40.310012865811586" lon="-8.228302951902151">
        <ele>133.4</ele>
      </trkpt>
      <trkpt lat="40.30995151028037" lon="-8.228439912199974">
        <ele>132.4</ele>
      </trkpt>
      <trkpt lat="40.309907253831625" lon="-8.228590870276093">
        <ele>132.1</ele>
      </trkpt>
      <trkpt lat="40.30988453887403" lon="-8.228755909949541">
        <ele>132.4</ele>
      </trkpt>
      <trkpt lat="40.30987272039056" lon="-8.228925727307796">
        <ele>132</ele>
      </trkpt>
      <trkpt lat="40.309866182506084" lon="-8.229095293208957">
        <ele>131.3</ele>
      </trkpt>
      <trkpt lat="40.30985587276518" lon="-8.229262512177229">
        <ele>130.2</ele>
      </trkpt>
      <trkpt lat="40.30983533710241" lon="-8.229421013966203">
        <ele>128.7</ele>
      </trkpt>
      <trkpt lat="40.30979996547103" lon="-8.229570714756846">
        <ele>127.2</ele>
      </trkpt>
      <trkpt lat="40.30974917113781" lon="-8.229712955653667">
        <ele>125.4</ele>
      </trkpt>
      <trkpt lat="40.30968077480793" lon="-8.229844719171524">
        <ele>123.6</ele>
      </trkpt>
      <trkpt lat="40.309591088443995" lon="-8.229955779388547">
        <ele>122</ele>
      </trkpt>
      <trkpt lat="40.30948421917856" lon="-8.230037167668343">
        <ele>120</ele>
      </trkpt>
      <trkpt lat="40.30936527997255" lon="-8.23009173385799">
        <ele>117.8</ele>
      </trkpt>
      <trkpt lat="40.30924474820495" lon="-8.230139762163162">
        <ele>115.7</ele>
      </trkpt>
      <trkpt lat="40.309126898646355" lon="-8.230197932571173">
        <ele>113.8</ele>
      </trkpt>
      <trkpt lat="40.30901525169611" lon="-8.230271358042955">
        <ele>112.6</ele>
      </trkpt>
      <trkpt lat="40.30891181901097" lon="-8.230364564806223">
        <ele>112.2</ele>
      </trkpt>
      <trkpt lat="40.308817103505135" lon="-8.230475541204214">
        <ele>111.4</ele>
      </trkpt>
      <trkpt lat="40.30873831361532" lon="-8.230606466531754">
        <ele>110.9</ele>
      </trkpt>
      <trkpt lat="40.30868148431182" lon="-8.230755412951112">
        <ele>110.7</ele>
      </trkpt>
      <trkpt lat="40.30864820815623" lon="-8.230916848406196">
        <ele>108.9</ele>
      </trkpt>
      <trkpt lat="40.30864586122334" lon="-8.231092197820544">
        <ele>107.1</ele>
      </trkpt>
      <trkpt lat="40.30866597779095" lon="-8.231262937188148">
        <ele>104.4</ele>
      </trkpt>
      <trkpt lat="40.30875692144036" lon="-8.231595447286963">
        <ele>99.9</ele>
      </trkpt>
      <trkpt lat="40.30880654230714" lon="-8.23176191188395">
        <ele>98.8</ele>
      </trkpt>
      <trkpt lat="40.30884853564203" lon="-8.231928208842874">
        <ele>98.6</ele>
      </trkpt>
      <trkpt lat="40.30887653119862" lon="-8.232096014544368">
        <ele>98.9</ele>
      </trkpt>
      <trkpt lat="40.3088759444654" lon="-8.232264323160052">
        <ele>99.1</ele>
      </trkpt>
      <trkpt lat="40.30884945765138" lon="-8.232429530471563">
        <ele>99</ele>
      </trkpt>
      <trkpt lat="40.308801513165236" lon="-8.232582751661539">
        <ele>98.7</ele>
      </trkpt>
      <trkpt lat="40.30872892588377" lon="-8.232714934274554">
        <ele>97.8</ele>
      </trkpt>
      <trkpt lat="40.308641251176596" lon="-8.232823144644499">
        <ele>96.6</ele>
      </trkpt>
      <trkpt lat="40.308548882603645" lon="-8.232911741361022">
        <ele>95.2</ele>
      </trkpt>
      <trkpt lat="40.3084544185549" lon="-8.232984328642488">
        <ele>93.5</ele>
      </trkpt>
      <trkpt lat="40.308360792696476" lon="-8.233045181259513">
        <ele>92</ele>
      </trkpt>
      <trkpt lat="40.30827295035124" lon="-8.233091868460178">
        <ele>90.6</ele>
      </trkpt>
      <trkpt lat="40.30815862119198" lon="-8.232788192108274">
        <ele>86.9</ele>
      </trkpt>
      <trkpt lat="40.30826708301902" lon="-8.232579734176397">
        <ele>87</ele>
      </trkpt>
      <trkpt lat="40.30831209383905" lon="-8.232512259855866">
        <ele>87.6</ele>
      </trkpt>
      <trkpt lat="40.3082905523479" lon="-8.231922425329685">
        <ele>88.9</ele>
      </trkpt>
      <trkpt lat="40.30811034142971" lon="-8.231818908825517">
        <ele>88.8</ele>
      </trkpt>
      <trkpt lat="40.30790464952588" lon="-8.231815807521343">
        <ele>87.2</ele>
      </trkpt>
      <trkpt lat="40.30780037865043" lon="-8.231823602691293">
        <ele>86.2</ele>
      </trkpt>
      <trkpt lat="40.30769501812756" lon="-8.231829889118671">
        <ele>85.2</ele>
      </trkpt>
      <trkpt lat="40.30758856795728" lon="-8.231831984594464">
        <ele>84.2</ele>
      </trkpt>
      <trkpt lat="40.30748094432056" lon="-8.231824692338705">
        <ele>83.3</ele>
      </trkpt>
      <trkpt lat="40.30726561322808" lon="-8.231796026229858">
        <ele>80</ele>
      </trkpt>
      <trkpt lat="40.30716033652425" lon="-8.23178144171834">
        <ele>77.9</ele>
      </trkpt>
      <trkpt lat="40.30705749057233" lon="-8.231767527759075">
        <ele>75.7</ele>
      </trkpt>
      <trkpt lat="40.30695120804012" lon="-8.231742968782783">
        <ele>73</ele>
      </trkpt>
      <trkpt lat="40.30677535571158" lon="-8.231607349589467">
        <ele>69.1</ele>
      </trkpt>
      <trkpt lat="40.30665088444948" lon="-8.231394868344069">
        <ele>68.2</ele>
      </trkpt>
      <trkpt lat="40.30659455806017" lon="-8.231274671852589">
        <ele>68.3</ele>
      </trkpt>
      <trkpt lat="40.30653605237603" lon="-8.231153972446918">
        <ele>68.4</ele>
      </trkpt>
      <trkpt lat="40.3063892852515" lon="-8.23092288337648">
        <ele>66.5</ele>
      </trkpt>
      <trkpt lat="40.3062526602298" lon="-8.23069958947599">
        <ele>63.2</ele>
      </trkpt>
      <trkpt lat="40.30621351674199" lon="-8.230574196204543">
        <ele>62.4</ele>
      </trkpt>
      <trkpt lat="40.30621242709458" lon="-8.230303125455976">
        <ele>63.5</ele>
      </trkpt>
      <trkpt lat="40.30615710653365" lon="-8.230043957009912">
        <ele>64.3</ele>
      </trkpt>
      <trkpt lat="40.30597387813032" lon="-8.22990020737052">
        <ele>64.1</ele>
      </trkpt>
      <trkpt lat="40.30565754510462" lon="-8.229996766895056">
        <ele>58.9</ele>
      </trkpt>
      <trkpt lat="40.305558973923326" lon="-8.230042112991214">
        <ele>56.8</ele>
      </trkpt>
      <trkpt lat="40.305356718599796" lon="-8.230076562613249">
        <ele>54.4</ele>
      </trkpt>
      <trkpt lat="40.30514432117343" lon="-8.230059714987874">
        <ele>53.3</ele>
      </trkpt>
      <trkpt lat="40.30493024736643" lon="-8.230034653097391">
        <ele>53.1</ele>
      </trkpt>
      <trkpt lat="40.30482119880617" lon="-8.23002191260457">
        <ele>53.3</ele>
      </trkpt>
      <trkpt lat="40.30460285022855" lon="-8.229998275637627">
        <ele>53.6</ele>
      </trkpt>
      <trkpt lat="40.30437679030001" lon="-8.229981511831284">
        <ele>53.7</ele>
      </trkpt>
      <trkpt lat="40.30426832847297" lon="-8.229969441890717">
        <ele>53.9</ele>
      </trkpt>
      <trkpt lat="40.30407093465328" lon="-8.229925855994225">
        <ele>54.9</ele>
      </trkpt>
      <trkpt lat="40.303900111466646" lon="-8.229860309511423">
        <ele>55.5</ele>
      </trkpt>
      <trkpt lat="40.30365175567567" lon="-8.229771042242646">
        <ele>54.2</ele>
      </trkpt>
      <trkpt lat="40.303577994927764" lon="-8.229741789400578">
        <ele>53.4</ele>
      </trkpt>
      <trkpt lat="40.30328202992678" lon="-8.229780765250325">
        <ele>51.6</ele>
      </trkpt>
      <trkpt lat="40.30303149484098" lon="-8.229871038347483">
        <ele>51.1</ele>
      </trkpt>
      <trkpt lat="40.302964858710766" lon="-8.229897692799568">
        <ele>51.1</ele>
      </trkpt>
      <trkpt lat="40.30283376574516" lon="-8.229952929541469">
        <ele>51.1</ele>
      </trkpt>
      <trkpt lat="40.30249455012381" lon="-8.23008737526834">
        <ele>53.1</ele>
      </trkpt>
      <trkpt lat="40.30229958705604" lon="-8.230170859023929">
        <ele>54.8</ele>
      </trkpt>
      <trkpt lat="40.302108731120825" lon="-8.230288540944457">
        <ele>56</ele>
      </trkpt>
      <trkpt lat="40.3018269315362" lon="-8.230517618358135">
        <ele>57.4</ele>
      </trkpt>
      <trkpt lat="40.301684103906155" lon="-8.230654913932085">
        <ele>57</ele>
      </trkpt>
      <trkpt lat="40.301439855247736" lon="-8.230884410440922">
        <ele>56.5</ele>
      </trkpt>
      <trkpt lat="40.30130423605442" lon="-8.231017095968127">
        <ele>56.3</ele>
      </trkpt>
      <trkpt lat="40.3012190759182" lon="-8.23110032826662">
        <ele>56.2</ele>
      </trkpt>
      <trkpt lat="40.30112503096461" lon="-8.231184063479304">
        <ele>56.4</ele>
      </trkpt>
      <trkpt lat="40.30107691884041" lon="-8.231236701831222">
        <ele>56.3</ele>
      </trkpt>
      <trkpt lat="40.30100852251053" lon="-8.231317084282637">
        <ele>55.9</ele>
      </trkpt>
      <trkpt lat="40.3009167406708" lon="-8.231387911364436">
        <ele>56.3</ele>
      </trkpt>
      <trkpt lat="40.30077315866947" lon="-8.231682535260916">
        <ele>52</ele>
      </trkpt>
      <trkpt lat="40.300523629412055" lon="-8.232319811359048">
        <ele>52.6</ele>
      </trkpt>
      <trkpt lat="40.30041164718568" lon="-8.23280269280076">
        <ele>52.2</ele>
      </trkpt>
      <trkpt lat="40.300350207835436" lon="-8.23315397836268">
        <ele>50.5</ele>
      </trkpt>
      <trkpt lat="40.30031994916499" lon="-8.23333678767085">
        <ele>49.7</ele>
      </trkpt>
      <trkpt lat="40.300289019942284" lon="-8.233521021902561">
        <ele>49.7</ele>
      </trkpt>
      <trkpt lat="40.30026429332793" lon="-8.233706261962652">
        <ele>49.7</ele>
      </trkpt>
      <trkpt lat="40.30024526640773" lon="-8.233890999108553">
        <ele>49.3</ele>
      </trkpt>
      <trkpt lat="40.30023034662008" lon="-8.234073473140597">
        <ele>47.5</ele>
      </trkpt>
      <trkpt lat="40.300218192860484" lon="-8.234253684058785">
        <ele>45.3</ele>
      </trkpt>
      <trkpt lat="40.300207464024425" lon="-8.234430626034737">
        <ele>44.1</ele>
      </trkpt>
      <trkpt lat="40.3001968190074" lon="-8.234603377059102">
        <ele>43.1</ele>
      </trkpt>
      <trkpt lat="40.30016714707017" lon="-8.234934629872441">
        <ele>42.2</ele>
      </trkpt>
      <trkpt lat="40.300121968612075" lon="-8.23524383828044">
        <ele>43.5</ele>
      </trkpt>
      <trkpt lat="40.30006421729922" lon="-8.236013045534492">
        <ele>44.4</ele>
      </trkpt>
      <trkpt lat="40.29996338300407" lon="-8.236726596951485">
        <ele>42.1</ele>
      </trkpt>
      <trkpt lat="40.29977428726852" lon="-8.237517178058624">
        <ele>40.4</ele>
      </trkpt>
      <trkpt lat="40.299509754404426" lon="-8.238219497725368">
        <ele>41.8</ele>
      </trkpt>
      <trkpt lat="40.29919954016805" lon="-8.238854594528675">
        <ele>49.1</ele>
      </trkpt>
      <trkpt lat="40.2988685388118" lon="-8.239472843706608">
        <ele>44.9</ele>
      </trkpt>
      <trkpt lat="40.29853560961783" lon="-8.240090757608414">
        <ele>50</ele>
      </trkpt>
      <trkpt lat="40.29822153970599" lon="-8.240700038149953">
        <ele>49.6</ele>
      </trkpt>
      <trkpt lat="40.297962790355086" lon="-8.24135659262538">
        <ele>48.4</ele>
      </trkpt>
      <trkpt lat="40.29775634407997" lon="-8.24174165725708">
        <ele>47</ele>
      </trkpt>
      <trkpt lat="40.29736692085862" lon="-8.242288324981928">
        <ele>41.4</ele>
      </trkpt>
      <trkpt lat="40.29725150205195" lon="-8.242433918640018">
        <ele>42.6</ele>
      </trkpt>
      <trkpt lat="40.29694262892008" lon="-8.242802554741502">
        <ele>45.9</ele>
      </trkpt>
      <trkpt lat="40.29653484933078" lon="-8.243304546922445">
        <ele>48.2</ele>
      </trkpt>
      <trkpt lat="40.29647651128471" lon="-8.243381325155497">
        <ele>49</ele>
      </trkpt>
      <trkpt lat="40.29620921239257" lon="-8.243781812489033">
        <ele>49.8</ele>
      </trkpt>
      <trkpt lat="40.29585876502097" lon="-8.244387237355113">
        <ele>46.5</ele>
      </trkpt>
      <trkpt lat="40.29581643640995" lon="-8.244479186832905">
        <ele>46.1</ele>
      </trkpt>
      <trkpt lat="40.295665729790926" lon="-8.245102046057582">
        <ele>43.4</ele>
      </trkpt>
      <trkpt lat="40.29563840478659" lon="-8.245634967461228">
        <ele>41.5</ele>
      </trkpt>
      <trkpt lat="40.29560227878392" lon="-8.24626687914133">
        <ele>41.6</ele>
      </trkpt>
      <trkpt lat="40.29559708200395" lon="-8.246915973722935">
        <ele>43.8</ele>
      </trkpt>
      <trkpt lat="40.295624658465385" lon="-8.247184697538614">
        <ele>44.6</ele>
      </trkpt>
      <trkpt lat="40.295728258788586" lon="-8.247542437165976">
        <ele>46.4</ele>
      </trkpt>
      <trkpt lat="40.29591961763799" lon="-8.248142916709185">
        <ele>49.2</ele>
      </trkpt>
      <trkpt lat="40.29603973031044" lon="-8.248937521129847">
        <ele>51.7</ele>
      </trkpt>
      <trkpt lat="40.296049704775214" lon="-8.249277658760548">
        <ele>53</ele>
      </trkpt>
      <trkpt lat="40.29605741612613" lon="-8.249710751697421">
        <ele>49.4</ele>
      </trkpt>
      <trkpt lat="40.29586806893349" lon="-8.250478114932775">
        <ele>47.9</ele>
      </trkpt>
      <trkpt lat="40.2958104852587" lon="-8.250923529267311">
        <ele>46.4</ele>
      </trkpt>
      <trkpt lat="40.295805959030986" lon="-8.251708075404167">
        <ele>46.2</ele>
      </trkpt>
      <trkpt lat="40.295724319294095" lon="-8.252380304038525">
        <ele>50.8</ele>
      </trkpt>
      <trkpt lat="40.29551829211414" lon="-8.253125119954348">
        <ele>49</ele>
      </trkpt>
      <trkpt lat="40.29522710479796" lon="-8.253797851502895">
        <ele>47.6</ele>
      </trkpt>
      <trkpt lat="40.29491378925741" lon="-8.254513163119555">
        <ele>49.7</ele>
      </trkpt>
      <trkpt lat="40.294558396562934" lon="-8.255113726481795">
        <ele>46.9</ele>
      </trkpt>
      <trkpt lat="40.29414776712656" lon="-8.255618819966912">
        <ele>47.1</ele>
      </trkpt>
      <trkpt lat="40.294088339433074" lon="-8.255690820515156">
        <ele>47.4</ele>
      </trkpt>
      <trkpt lat="40.2936621196568" lon="-8.256224244832993">
        <ele>47.1</ele>
      </trkpt>
      <trkpt lat="40.29317622072995" lon="-8.256688853725791">
        <ele>49.1</ele>
      </trkpt>
      <trkpt lat="40.29301897622645" lon="-8.256797650828958">
        <ele>49.8</ele>
      </trkpt>
      <trkpt lat="40.29251488856971" lon="-8.257061680778861">
        <ele>48.3</ele>
      </trkpt>
      <trkpt lat="40.29191566631198" lon="-8.25725907459855">
        <ele>48.2</ele>
      </trkpt>
      <trkpt lat="40.291741574183106" lon="-8.257305677980185">
        <ele>49.8</ele>
      </trkpt>
      <trkpt lat="40.29113874770701" lon="-8.257481195032597">
        <ele>53.6</ele>
      </trkpt>
      <trkpt lat="40.29079249128699" lon="-8.257570210844278">
        <ele>55.3</ele>
      </trkpt>
      <trkpt lat="40.290198884904385" lon="-8.257783614099026">
        <ele>49.6</ele>
      </trkpt>
      <trkpt lat="40.2896420750767" lon="-8.25811855494976">
        <ele>48.5</ele>
      </trkpt>
      <trkpt lat="40.28909674845636" lon="-8.258483251556754">
        <ele>46</ele>
      </trkpt>
      <trkpt lat="40.28859634883702" lon="-8.258933695033193">
        <ele>45.2</ele>
      </trkpt>
      <trkpt lat="40.28821639716625" lon="-8.259521936997771">
        <ele>40.9</ele>
      </trkpt>
      <trkpt lat="40.2878962084651" lon="-8.260166756808758">
        <ele>43.1</ele>
      </trkpt>
      <trkpt lat="40.28749806806445" lon="-8.260706132277846">
        <ele>41.4</ele>
      </trkpt>
      <trkpt lat="40.287156170234084" lon="-8.261013077571988">
        <ele>46.8</ele>
      </trkpt>
      <trkpt lat="40.286631882190704" lon="-8.261326560750604">
        <ele>56.8</ele>
      </trkpt>
      <trkpt lat="40.286148665472865" lon="-8.26165278442204">
        <ele>59</ele>
      </trkpt>
      <trkpt lat="40.28608839958906" lon="-8.261711793020368">
        <ele>58.5</ele>
      </trkpt>
      <trkpt lat="40.28561633080244" lon="-8.26218344271183">
        <ele>55.7</ele>
      </trkpt>
      <trkpt lat="40.28519564308226" lon="-8.262589378282428">
        <ele>53.3</ele>
      </trkpt>
      <trkpt lat="40.284804375842214" lon="-8.263091119006276">
        <ele>51.8</ele>
      </trkpt>
      <trkpt lat="40.28474025428295" lon="-8.263149708509445">
        <ele>51.8</ele>
      </trkpt>
      <trkpt lat="40.28436147607863" lon="-8.263545669615269">
        <ele>48.6</ele>
      </trkpt>
      <trkpt lat="40.284172631800175" lon="-8.26388823799789">
        <ele>50.6</ele>
      </trkpt>
      <trkpt lat="40.28365647420287" lon="-8.264173557981849">
        <ele>54</ele>
      </trkpt>
      <trkpt lat="40.28339319862425" lon="-8.264438509941101">
        <ele>49.8</ele>
      </trkpt>
      <trkpt lat="40.282959435135126" lon="-8.264920804649591">
        <ele>48.6</ele>
      </trkpt>
      <trkpt lat="40.282601695507765" lon="-8.265361189842224">
        <ele>43.1</ele>
      </trkpt>
      <trkpt lat="40.28226340189576" lon="-8.265523798763752">
        <ele>50.9</ele>
      </trkpt>
      <trkpt lat="40.28192192316055" lon="-8.26569328084588">
        <ele>59.8</ele>
      </trkpt>
      <trkpt lat="40.281672393903136" lon="-8.26602847315371">
        <ele>57</ele>
      </trkpt>
      <trkpt lat="40.28154783882201" lon="-8.266192423179746">
        <ele>54.8</ele>
      </trkpt>
      <trkpt lat="40.281385565176606" lon="-8.266293341293931">
        <ele>54.5</ele>
      </trkpt>
      <trkpt lat="40.28118263930082" lon="-8.266343213617802">
        <ele>54.7</ele>
      </trkpt>
      <trkpt lat="40.28089606203139" lon="-8.266440946608782">
        <ele>53.6</ele>
      </trkpt>
      <trkpt lat="40.280814841389656" lon="-8.266495931893587">
        <ele>53.1</ele>
      </trkpt>
      <trkpt lat="40.28028879314661" lon="-8.26684101484716">
        <ele>51.9</ele>
      </trkpt>
      <trkpt lat="40.280037336051464" lon="-8.266814444214106">
        <ele>52.5</ele>
      </trkpt>
      <trkpt lat="40.27949150651693" lon="-8.26669491827488">
        <ele>52.7</ele>
      </trkpt>
      <trkpt lat="40.279415398836136" lon="-8.266684524714947">
        <ele>52.9</ele>
      </trkpt>
      <trkpt lat="40.27926008217037" lon="-8.266683937981725">
        <ele>52.8</ele>
      </trkpt>
      <trkpt lat="40.27865155600011" lon="-8.266785107553005">
        <ele>52.7</ele>
      </trkpt>
      <trkpt lat="40.27805568650365" lon="-8.266889713704586">
        <ele>53.4</ele>
      </trkpt>
      <trkpt lat="40.27783398516476" lon="-8.266930701211095">
        <ele>52.9</ele>
      </trkpt>
      <trkpt lat="40.27744984254241" lon="-8.266994068399072">
        <ele>53.3</ele>
      </trkpt>
      <trkpt lat="40.27689621783793" lon="-8.267062213271856">
        <ele>52</ele>
      </trkpt>
      <trkpt lat="40.276327757164836" lon="-8.267125161364675">
        <ele>52.4</ele>
      </trkpt>
      <trkpt lat="40.27581721544266" lon="-8.267182828858495">
        <ele>52.6</ele>
      </trkpt>
      <trkpt lat="40.27562468312681" lon="-8.267220379784703">
        <ele>51.7</ele>
      </trkpt>
      <trkpt lat="40.27538185939193" lon="-8.267260948196054">
        <ele>50.6</ele>
      </trkpt>
      <trkpt lat="40.27506745420396" lon="-8.267311491072178">
        <ele>50.3</ele>
      </trkpt>
      <trkpt lat="40.27487366460264" lon="-8.26734677888453">
        <ele>50.3</ele>
      </trkpt>
      <trkpt lat="40.27467065490782" lon="-8.267382150515914">
        <ele>50.3</ele>
      </trkpt>
      <trkpt lat="40.274533024057746" lon="-8.267405787482858">
        <ele>49.9</ele>
      </trkpt>
      <trkpt lat="40.27414997108281" lon="-8.267485164105892">
        <ele>47.5</ele>
      </trkpt>
      <trkpt lat="40.274064810946584" lon="-8.267504023388028">
        <ele>47.2</ele>
      </trkpt>
      <trkpt lat="40.2737876214087" lon="-8.26755641028285">
        <ele>46.6</ele>
      </trkpt>
      <trkpt lat="40.273593412712216" lon="-8.267596224322915">
        <ele>46.1</ele>
      </trkpt>
      <trkpt lat="40.273395013064146" lon="-8.26763310469687">
        <ele>45.2</ele>
      </trkpt>
      <trkpt lat="40.27309284545481" lon="-8.267684150487185">
        <ele>44.8</ele>
      </trkpt>
      <trkpt lat="40.272792940959334" lon="-8.267742237076163">
        <ele>46</ele>
      </trkpt>
      <trkpt lat="40.272500244900584" lon="-8.267847513779998">
        <ele>48.4</ele>
      </trkpt>
      <trkpt lat="40.272050220519304" lon="-8.268140712752938">
        <ele>49</ele>
      </trkpt>
      <trkpt lat="40.27176498435438" lon="-8.268256466835737">
        <ele>48.8</ele>
      </trkpt>
      <trkpt lat="40.27117380872369" lon="-8.268361408263445">
        <ele>49.5</ele>
      </trkpt>
      <trkpt lat="40.27107926085591" lon="-8.268394768238068">
        <ele>48.5</ele>
      </trkpt>
      <trkpt lat="40.2705688867718" lon="-8.268746053799987">
        <ele>45.7</ele>
      </trkpt>
      <trkpt lat="40.270429411903024" lon="-8.268891479820013">
        <ele>50.1</ele>
      </trkpt>
      <trkpt lat="40.27019899338484" lon="-8.269490953534842">
        <ele>59.5</ele>
      </trkpt>
      <trkpt lat="40.27007611468434" lon="-8.270243145525455">
        <ele>61</ele>
      </trkpt>
      <trkpt lat="40.27006261982024" lon="-8.270331239327788">
        <ele>60.9</ele>
      </trkpt>
      <trkpt lat="40.270003946498036" lon="-8.270779252052307">
        <ele>59.3</ele>
      </trkpt>
      <trkpt lat="40.26993521489203" lon="-8.271240843459964">
        <ele>57</ele>
      </trkpt>
      <trkpt lat="40.26982926763594" lon="-8.271685587242246">
        <ele>57</ele>
      </trkpt>
      <trkpt lat="40.26964972727001" lon="-8.272332670167089">
        <ele>57.7</ele>
      </trkpt>
      <trkpt lat="40.269602285698056" lon="-8.27251740731299">
        <ele>55.8</ele>
      </trkpt>
      <trkpt lat="40.269527519121766" lon="-8.272835165262222">
        <ele>51</ele>
      </trkpt>
      <trkpt lat="40.26948326267302" lon="-8.272882606834173">
        <ele>52.1</ele>
      </trkpt>
      <trkpt lat="40.26905620470643" lon="-8.273418126627803">
        <ele>56.4</ele>
      </trkpt>
      <trkpt lat="40.26896961964667" lon="-8.273566234856844">
        <ele>57.6</ele>
      </trkpt>
      <trkpt lat="40.26873811148107" lon="-8.273940570652485">
        <ele>62</ele>
      </trkpt>
      <trkpt lat="40.268427981063724" lon="-8.274600813165307">
        <ele>63.7</ele>
      </trkpt>
      <trkpt lat="40.268142241984606" lon="-8.275256529450417">
        <ele>62.2</ele>
      </trkpt>
      <trkpt lat="40.267993630841374" lon="-8.275717198848724">
        <ele>64.7</ele>
      </trkpt>
      <trkpt lat="40.267806462943554" lon="-8.276411974802613">
        <ele>62.3</ele>
      </trkpt>
      <trkpt lat="40.26762147434056" lon="-8.276909943670034">
        <ele>56.6</ele>
      </trkpt>
      <trkpt lat="40.267449310049415" lon="-8.277218481525779">
        <ele>56</ele>
      </trkpt>
      <trkpt lat="40.267319390550256" lon="-8.27744772657752">
        <ele>55.6</ele>
      </trkpt>
      <trkpt lat="40.2669664286077" lon="-8.278002608567476">
        <ele>57.4</ele>
      </trkpt>
      <trkpt lat="40.266690999269485" lon="-8.27816748060286">
        <ele>58.6</ele>
      </trkpt>
      <trkpt lat="40.26624768041074" lon="-8.278294214978814">
        <ele>60.2</ele>
      </trkpt>
      <trkpt lat="40.26610686443746" lon="-8.278278959915042">
        <ele>61.7</ele>
      </trkpt>
      <trkpt lat="40.26596303097904" lon="-8.27823344618082">
        <ele>63.8</ele>
      </trkpt>
      <trkpt lat="40.26543949730694" lon="-8.27803898602724">
        <ele>61.9</ele>
      </trkpt>
      <trkpt lat="40.26483331806958" lon="-8.277874030172825">
        <ele>59.1</ele>
      </trkpt>
      <trkpt lat="40.26473709382117" lon="-8.27786791138351">
        <ele>58.8</ele>
      </trkpt>
      <trkpt lat="40.264443224295974" lon="-8.277821894735098">
        <ele>57.2</ele>
      </trkpt>
      <trkpt lat="40.26414214633405" lon="-8.27773799188435">
        <ele>52</ele>
      </trkpt>
      <trkpt lat="40.26383469812572" lon="-8.277651574462652">
        <ele>49.7</ele>
      </trkpt>
      <trkpt lat="40.26362699456513" lon="-8.2775938231498">
        <ele>48.5</ele>
      </trkpt>
      <trkpt lat="40.26342364959419" lon="-8.27752978540957">
        <ele>47.4</ele>
      </trkpt>
      <trkpt lat="40.26321619749069" lon="-8.277465663850307">
        <ele>46.5</ele>
      </trkpt>
      <trkpt lat="40.2630087453872" lon="-8.277404559776187">
        <ele>46</ele>
      </trkpt>
      <trkpt lat="40.26280330494046" lon="-8.277343707159162">
        <ele>45.9</ele>
      </trkpt>
      <trkpt lat="40.262508345767856" lon="-8.27726005576551">
        <ele>45.8</ele>
      </trkpt>
      <trkpt lat="40.26222512125969" lon="-8.277174979448318">
        <ele>45.3</ele>
      </trkpt>
      <trkpt lat="40.261714328080416" lon="-8.276967024430633">
        <ele>46</ele>
      </trkpt>
      <trkpt lat="40.261205798015" lon="-8.276612469926476">
        <ele>45.7</ele>
      </trkpt>
      <trkpt lat="40.26072735898197" lon="-8.276281887665391">
        <ele>46.5</ele>
      </trkpt>
      <trkpt lat="40.260202484205365" lon="-8.2759119104594">
        <ele>47.6</ele>
      </trkpt>
      <trkpt lat="40.26007239706814" lon="-8.275822391733527">
        <ele>48.1</ele>
      </trkpt>
      <trkpt lat="40.25986955501139" lon="-8.275718875229359">
        <ele>49.3</ele>
      </trkpt>
      <trkpt lat="40.25936873629689" lon="-8.275824906304479">
        <ele>51.3</ele>
      </trkpt>
      <trkpt lat="40.25902315042913" lon="-8.27602825127542">
        <ele>47.9</ele>
      </trkpt>
      <trkpt lat="40.25852685794234" lon="-8.276273589581251">
        <ele>46.9</ele>
      </trkpt>
      <trkpt lat="40.257956804707646" lon="-8.276443239301443">
        <ele>50.7</ele>
      </trkpt>
      <trkpt lat="40.2576361130923" lon="-8.27653493732214">
        <ele>55.3</ele>
      </trkpt>
      <trkpt lat="40.25739245116711" lon="-8.276600148528814">
        <ele>59.5</ele>
      </trkpt>
      <trkpt lat="40.25722892023623" lon="-8.276653876528144">
        <ele>59.5</ele>
      </trkpt>
      <trkpt lat="40.25707108899951" lon="-8.276702659204602">
        <ele>58.5</ele>
      </trkpt>
      <trkpt lat="40.25691384449601" lon="-8.276757979765534">
        <ele>55.8</ele>
      </trkpt>
      <trkpt lat="40.25674235075712" lon="-8.276798715814948">
        <ele>55.2</ele>
      </trkpt>
      <trkpt lat="40.2561753988266" lon="-8.276990158483386">
        <ele>56.5</ele>
      </trkpt>
      <trkpt lat="40.25557592511177" lon="-8.277202807366848">
        <ele>55.2</ele>
      </trkpt>
      <trkpt lat="40.2553981449455" lon="-8.277306323871017">
        <ele>53.6</ele>
      </trkpt>
      <trkpt lat="40.255223885178566" lon="-8.277422664687037">
        <ele>52.4</ele>
      </trkpt>
      <trkpt lat="40.25496756657958" lon="-8.277591643854976">
        <ele>51.8</ele>
      </trkpt>
      <trkpt lat="40.25478819385171" lon="-8.277704380452633">
        <ele>53.7</ele>
      </trkpt>
      <trkpt lat="40.254522152245045" lon="-8.277873527258635">
        <ele>54.8</ele>
      </trkpt>
      <trkpt lat="40.2542635705322" lon="-8.278033789247274">
        <ele>53.3</ele>
      </trkpt>
      <trkpt lat="40.25417698547244" lon="-8.278089612722397">
        <ele>52.5</ele>
      </trkpt>
      <trkpt lat="40.25371430441737" lon="-8.27836730517447">
        <ele>48.1</ele>
      </trkpt>
      <trkpt lat="40.25352671742439" lon="-8.278484400361776">
        <ele>46.6</ele>
      </trkpt>
      <trkpt lat="40.25311667472124" lon="-8.278739377856255">
        <ele>47.7</ele>
      </trkpt>
      <trkpt lat="40.25261007249355" lon="-8.279078928753734">
        <ele>46.7</ele>
      </trkpt>
      <trkpt lat="40.252161137759686" lon="-8.279367433860898">
        <ele>47.8</ele>
      </trkpt>
      <trkpt lat="40.25210271589458" lon="-8.27940666116774">
        <ele>47.8</ele>
      </trkpt>
      <trkpt lat="40.25186324492097" lon="-8.279513530433178">
        <ele>47.6</ele>
      </trkpt>
      <trkpt lat="40.25166735984385" lon="-8.279523840174079">
        <ele>47.1</ele>
      </trkpt>
      <trkpt lat="40.25107962079346" lon="-8.27927079051733">
        <ele>48.6</ele>
      </trkpt>
      <trkpt lat="40.25054066441953" lon="-8.278996283188462">
        <ele>46</ele>
      </trkpt>
      <trkpt lat="40.250381072983146" lon="-8.27892679721117">
        <ele>46.6</ele>
      </trkpt>
      <trkpt lat="40.24998729117215" lon="-8.278760584071279">
        <ele>57.5</ele>
      </trkpt>
      <trkpt lat="40.249822502955794" lon="-8.278737952932715">
        <ele>62.5</ele>
      </trkpt>
      <trkpt lat="40.24957565590739" lon="-8.278786903247237">
        <ele>62.7</ele>
      </trkpt>
      <trkpt lat="40.249340208247304" lon="-8.278898214921355">
        <ele>56.6</ele>
      </trkpt>
      <trkpt lat="40.248778872191906" lon="-8.279114635661244">
        <ele>45.8</ele>
      </trkpt>
      <trkpt lat="40.24854979477823" lon="-8.279150007292628">
        <ele>42.2</ele>
      </trkpt>
      <trkpt lat="40.248200772330165" lon="-8.279054369777441">
        <ele>41.2</ele>
      </trkpt>
      <trkpt lat="40.24768880568445" lon="-8.278816575184464">
        <ele>45</ele>
      </trkpt>
      <trkpt lat="40.24732477962971" lon="-8.278605518862605">
        <ele>53.4</ele>
      </trkpt>
      <trkpt lat="40.24728924036026" lon="-8.278578445315361">
        <ele>54.5</ele>
      </trkpt>
      <trkpt lat="40.24717692285776" lon="-8.278521364554763">
        <ele>57.2</ele>
      </trkpt>
      <trkpt lat="40.24706703610718" lon="-8.278476186096668">
        <ele>58.8</ele>
      </trkpt>
      <trkpt lat="40.24696192704141" lon="-8.278421955183148">
        <ele>60.2</ele>
      </trkpt>
      <trkpt lat="40.24682563729584" lon="-8.278370825573802">
        <ele>61.4</ele>
      </trkpt>
      <trkpt lat="40.246696807444096" lon="-8.278314583003521">
        <ele>63</ele>
      </trkpt>
      <trkpt lat="40.24662363342941" lon="-8.278272170573473">
        <ele>63.9</ele>
      </trkpt>
      <trkpt lat="40.24647518992424" lon="-8.27816253527999">
        <ele>65.4</ele>
      </trkpt>
      <trkpt lat="40.24643864482641" lon="-8.278150716796517">
        <ele>65.5</ele>
      </trkpt>
      <trkpt lat="40.24625910446048" lon="-8.27808684669435">
        <ele>68.1</ele>
      </trkpt>
      <trkpt lat="40.246056178584695" lon="-8.278078716248274">
        <ele>70.4</ele>
      </trkpt>
      <trkpt lat="40.24589273147285" lon="-8.278129678219557">
        <ele>70.9</ele>
      </trkpt>
      <trkpt lat="40.245628617703915" lon="-8.278177035972476">
        <ele>73.1</ele>
      </trkpt>
      <trkpt lat="40.245410688221455" lon="-8.27821584418416">
        <ele>73.3</ele>
      </trkpt>
      <trkpt lat="40.245318319648504" lon="-8.278240654617548">
        <ele>72.2</ele>
      </trkpt>
      <trkpt lat="40.24502118118107" lon="-8.278298741206527">
        <ele>67.9</ele>
      </trkpt>
      <trkpt lat="40.24475673213601" lon="-8.278368059545755">
        <ele>65.3</ele>
      </trkpt>
      <trkpt lat="40.24453042075038" lon="-8.278450537472963">
        <ele>65.8</ele>
      </trkpt>
      <trkpt lat="40.24446194060147" lon="-8.278490100055933">
        <ele>65.5</ele>
      </trkpt>
      <trkpt lat="40.24439262226224" lon="-8.278537793084979">
        <ele>65.2</ele>
      </trkpt>
      <trkpt lat="40.24416781961918" lon="-8.278718758374453">
        <ele>64</ele>
      </trkpt>
      <trkpt lat="40.24409204721451" lon="-8.278787657618523">
        <ele>63.3</ele>
      </trkpt>
      <trkpt lat="40.24389758706093" lon="-8.27902251854539">
        <ele>59.5</ele>
      </trkpt>
      <trkpt lat="40.243772277608514" lon="-8.279185630381107">
        <ele>56.6</ele>
      </trkpt>
      <trkpt lat="40.24363934062421" lon="-8.27934069558978">
        <ele>57</ele>
      </trkpt>
      <trkpt lat="40.243520149961114" lon="-8.279486708343029">
        <ele>56.1</ele>
      </trkpt>
      <trkpt lat="40.24308211170137" lon="-8.279959615319967">
        <ele>57.2</ele>
      </trkpt>
      <trkpt lat="40.24287055246532" lon="-8.280257927253842">
        <ele>56.5</ele>
      </trkpt>
      <trkpt lat="40.24265346117318" lon="-8.28049873933196">
        <ele>55.2</ele>
      </trkpt>
      <trkpt lat="40.24257877841592" lon="-8.280570739880204">
        <ele>55.1</ele>
      </trkpt>
      <trkpt lat="40.24225356057286" lon="-8.280837116762996">
        <ele>50.5</ele>
      </trkpt>
      <trkpt lat="40.24169155396521" lon="-8.281143056228757">
        <ele>61.8</ele>
      </trkpt>
      <trkpt lat="40.24115896783769" lon="-8.28146274201572">
        <ele>56.6</ele>
      </trkpt>
      <trkpt lat="40.240782452747226" lon="-8.281797347590327">
        <ele>53.8</ele>
      </trkpt>
      <trkpt lat="40.240334356203675" lon="-8.282248629257083">
        <ele>55.5</ele>
      </trkpt>
      <trkpt lat="40.239846277982" lon="-8.28275321982801">
        <ele>56.3</ele>
      </trkpt>
      <trkpt lat="40.239423075690866" lon="-8.283215397968888">
        <ele>52.5</ele>
      </trkpt>
      <trkpt lat="40.23928502574563" lon="-8.283361913636327">
        <ele>51.6</ele>
      </trkpt>
      <trkpt lat="40.23892594501376" lon="-8.28374027274549">
        <ele>51.5</ele>
      </trkpt>
      <trkpt lat="40.238674907013774" lon="-8.28398946672678">
        <ele>48.9</ele>
      </trkpt>
      <trkpt lat="40.2385113760829" lon="-8.284152746200562">
        <ele>47.8</ele>
      </trkpt>
      <trkpt lat="40.23843132890761" lon="-8.284232625737786">
        <ele>47</ele>
      </trkpt>
      <trkpt lat="40.23823058232665" lon="-8.284468492493033">
        <ele>46.3</ele>
      </trkpt>
      <trkpt lat="40.238041654229164" lon="-8.284695474430919">
        <ele>45.7</ele>
      </trkpt>
      <trkpt lat="40.23791693150997" lon="-8.284833272919059">
        <ele>47.1</ele>
      </trkpt>
      <trkpt lat="40.23764317855239" lon="-8.285029325634241">
        <ele>54</ele>
      </trkpt>
      <trkpt lat="40.23722215555608" lon="-8.285089675337076">
        <ele>65</ele>
      </trkpt>
      <trkpt lat="40.23697723634541" lon="-8.285056315362453">
        <ele>68.8</ele>
      </trkpt>
      <trkpt lat="40.23686332628131" lon="-8.285024631768465">
        <ele>69.2</ele>
      </trkpt>
      <trkpt lat="40.23669837042689" lon="-8.284977609291673">
        <ele>69.3</ele>
      </trkpt>
      <trkpt lat="40.23653173819184" lon="-8.284918265417218">
        <ele>68.4</ele>
      </trkpt>
      <trkpt lat="40.23642201907933" lon="-8.284875266253948">
        <ele>68.3</ele>
      </trkpt>
      <trkpt lat="40.236261170357466" lon="-8.28481474891305">
        <ele>68.9</ele>
      </trkpt>
      <trkpt lat="40.23621087893844" lon="-8.284789184108377">
        <ele>68.7</ele>
      </trkpt>
      <trkpt lat="40.23606184870005" lon="-8.284702263772488">
        <ele>67.4</ele>
      </trkpt>
      <trkpt lat="40.235889935866" lon="-8.28458952717483">
        <ele>64.8</ele>
      </trkpt>
      <trkpt lat="40.23584945127368" lon="-8.284553065896034">
        <ele>64.6</ele>
      </trkpt>
      <trkpt lat="40.23575037717819" lon="-8.28442968428135">
        <ele>63</ele>
      </trkpt>
      <trkpt lat="40.235603861510754" lon="-8.284281073138118">
        <ele>62.2</ele>
      </trkpt>
      <trkpt lat="40.235503278672695" lon="-8.284144699573517">
        <ele>62.6</ele>
      </trkpt>
      <trkpt lat="40.23534226231277" lon="-8.28391863964498">
        <ele>67.3</ele>
      </trkpt>
      <trkpt lat="40.235242852941155" lon="-8.283798275515437">
        <ele>71.1</ele>
      </trkpt>
      <trkpt lat="40.23514193482697" lon="-8.283693753182888">
        <ele>76.8</ele>
      </trkpt>
      <trkpt lat="40.235045375302434" lon="-8.283508261665702">
        <ele>79.3</ele>
      </trkpt>
      <trkpt lat="40.23494462482631" lon="-8.283246830105782">
        <ele>76.9</ele>
      </trkpt>
      <trkpt lat="40.234769359230995" lon="-8.283009873703122">
        <ele>77.8</ele>
      </trkpt>
      <trkpt lat="40.234521171078086" lon="-8.282957570627332">
        <ele>80.1</ele>
      </trkpt>
      <trkpt lat="40.23426711559296" lon="-8.282877020537853">
        <ele>81</ele>
      </trkpt>
      <trkpt lat="40.234070643782616" lon="-8.28282656148076">
        <ele>83.7</ele>
      </trkpt>
      <trkpt lat="40.23387392051518" lon="-8.282541912049055">
        <ele>85.9</ele>
      </trkpt>
      <trkpt lat="40.23393292911351" lon="-8.282356671988964">
        <ele>84.3</ele>
      </trkpt>
      <trkpt lat="40.23417633958161" lon="-8.282210156321526">
        <ele>85.3</ele>
      </trkpt>
      <trkpt lat="40.234421929344535" lon="-8.282198756933212">
        <ele>85</ele>
      </trkpt>
      <trkpt lat="40.23467489518225" lon="-8.282205630093813">
        <ele>87.5</ele>
      </trkpt>
      <trkpt lat="40.23488779552281" lon="-8.282256675884128">
        <ele>89.2</ele>
      </trkpt>
      <trkpt lat="40.23512978106737" lon="-8.282343847677112">
        <ele>92.1</ele>
      </trkpt>
      <trkpt lat="40.23531292565167" lon="-8.282449375838041">
        <ele>94.6</ele>
      </trkpt>
      <trkpt lat="40.235540410503745" lon="-8.282585749402642">
        <ele>97.8</ele>
      </trkpt>
      <trkpt lat="40.235716262832284" lon="-8.282742155715823">
        <ele>97.9</ele>
      </trkpt>
      <trkpt lat="40.23597065359354" lon="-8.283015489578247">
        <ele>97.2</ele>
      </trkpt>
      <trkpt lat="40.23628916591406" lon="-8.28335328027606">
        <ele>94.9</ele>
      </trkpt>
      <trkpt lat="40.23641782812774" lon="-8.283457299694419">
        <ele>94.5</ele>
      </trkpt>
      <trkpt lat="40.23652704432607" lon="-8.28351303935051">
        <ele>95</ele>
      </trkpt>
      <trkpt lat="40.2366117015481" lon="-8.283536089584231">
        <ele>96.3</ele>
      </trkpt>
      <trkpt lat="40.236849999055266" lon="-8.283581184223294">
        <ele>103</ele>
      </trkpt>
      <trkpt lat="40.23708670400083" lon="-8.283650502562523">
        <ele>106</ele>
      </trkpt>
      <trkpt lat="40.237263310700655" lon="-8.283711774274707">
        <ele>101.2</ele>
      </trkpt>
      <trkpt lat="40.23748635314405" lon="-8.283651759847999">
        <ele>101.4</ele>
      </trkpt>
      <trkpt lat="40.23770285770297" lon="-8.283471632748842">
        <ele>97.8</ele>
      </trkpt>
      <trkpt lat="40.237735295668244" lon="-8.283432237803936">
        <ele>97.1</ele>
      </trkpt>
      <trkpt lat="40.237861443310976" lon="-8.283275747671723">
        <ele>94.1</ele>
      </trkpt>
      <trkpt lat="40.23790402337909" lon="-8.28318522311747">
        <ele>93.8</ele>
      </trkpt>
      <trkpt lat="40.23794115521014" lon="-8.283033343032002">
        <ele>95.4</ele>
      </trkpt>
      <trkpt lat="40.237948866561055" lon="-8.282978441566229">
        <ele>96.5</ele>
      </trkpt>
      <trkpt lat="40.2379846572876" lon="-8.282764367759228">
        <ele>101.9</ele>
      </trkpt>
      <trkpt lat="40.23806302808225" lon="-8.282587174326181">
        <ele>105.5</ele>
      </trkpt>
      <trkpt lat="40.238180458545685" lon="-8.282466139644384">
        <ele>107.2</ele>
      </trkpt>
      <trkpt lat="40.23830928839743" lon="-8.28239405527711">
        <ele>108.3</ele>
      </trkpt>
      <trkpt lat="40.23846074938774" lon="-8.282343093305826">
        <ele>107.2</ele>
      </trkpt>
      <trkpt lat="40.23858346045017" lon="-8.282313253730536">
        <ele>104.9</ele>
      </trkpt>
      <trkpt lat="40.23871782235801" lon="-8.28228517435491">
        <ele>102.2</ele>
      </trkpt>
      <trkpt lat="40.23881111294031" lon="-8.282212922349572">
        <ele>101.9</ele>
      </trkpt>
      <trkpt lat="40.23888185620308" lon="-8.282125163823366">
        <ele>102.5</ele>
      </trkpt>
      <trkpt lat="40.2389411162585" lon="-8.282033633440733">
        <ele>103.4</ele>
      </trkpt>
      <trkpt lat="40.2389963530004" lon="-8.28194118104875">
        <ele>104.6</ele>
      </trkpt>
      <trkpt lat="40.2390449680388" lon="-8.281837832182646">
        <ele>106.4</ele>
      </trkpt>
      <trkpt lat="40.239113196730614" lon="-8.28174076974392">
        <ele>107.3</ele>
      </trkpt>
      <trkpt lat="40.23917597718537" lon="-8.281648149713874">
        <ele>107.4</ele>
      </trkpt>
      <trkpt lat="40.23923062719405" lon="-8.281543208286166">
        <ele>107.9</ele>
      </trkpt>
      <trkpt lat="40.23927479982376" lon="-8.281430136412382">
        <ele>108.7</ele>
      </trkpt>
      <trkpt lat="40.23928510956466" lon="-8.281329721212387">
        <ele>109.2</ele>
      </trkpt>
      <trkpt lat="40.239251498132944" lon="-8.281222768127918">
        <ele>111.1</ele>
      </trkpt>
      <trkpt lat="40.23914881981909" lon="-8.281145067885518">
        <ele>114.9</ele>
      </trkpt>
      <trkpt lat="40.2390743046999" lon="-8.281095614656806">
        <ele>117.5</ele>
      </trkpt>
      <trkpt lat="40.23899090476334" lon="-8.28102738596499">
        <ele>120.2</ele>
      </trkpt>
      <trkpt lat="40.238907001912594" lon="-8.28096678480506">
        <ele>122.9</ele>
      </trkpt>
      <trkpt lat="40.238832822069526" lon="-8.280907776206732">
        <ele>124.9</ele>
      </trkpt>
      <trkpt lat="40.238763922825456" lon="-8.28089646063745">
        <ele>126.2</ele>
      </trkpt>
      <trkpt lat="40.2387117035687" lon="-8.280864274129272">
        <ele>127.4</ele>
      </trkpt>
      <trkpt lat="40.23866107687354" lon="-8.280874080955982">
        <ele>128.3</ele>
      </trkpt>
      <trkpt lat="40.238595781847835" lon="-8.280917666852474">
        <ele>129.3</ele>
      </trkpt>
      <trkpt lat="40.23852772079408" lon="-8.280964605510235">
        <ele>130.4</ele>
      </trkpt>
      <trkpt lat="40.23846510797739" lon="-8.28101858496666">
        <ele>131</ele>
      </trkpt>
      <trkpt lat="40.238416492938995" lon="-8.281061500310898">
        <ele>131.4</ele>
      </trkpt>
      <trkpt lat="40.23834407329559" lon="-8.281113971024752">
        <ele>132.8</ele>
      </trkpt>
      <trkpt lat="40.238276766613126" lon="-8.281164262443781">
        <ele>134.7</ele>
      </trkpt>
      <trkpt lat="40.23825505748391" lon="-8.281175578013062">
        <ele>135.3</ele>
      </trkpt>
      <trkpt lat="40.23818649351597" lon="-8.281237352639437">
        <ele>136.9</ele>
      </trkpt>
      <trkpt lat="40.238100830465555" lon="-8.281296025961637">
        <ele>139.3</ele>
      </trkpt>
      <trkpt lat="40.23798516020179" lon="-8.281359476968646">
        <ele>143.2</ele>
      </trkpt>
      <trkpt lat="40.23787091486156" lon="-8.281432231888175">
        <ele>146.3</ele>
      </trkpt>
      <trkpt lat="40.23780109360814" lon="-8.28149015083909">
        <ele>146.9</ele>
      </trkpt>
      <trkpt lat="40.237748036161065" lon="-8.28155125491321">
        <ele>146.9</ele>
      </trkpt>
      <trkpt lat="40.23769095540047" lon="-8.281624848023057">
        <ele>146.6</ele>
      </trkpt>
      <trkpt lat="40.23761845193803" lon="-8.281712858006358">
        <ele>146.3</ele>
      </trkpt>
      <trkpt lat="40.23754972033203" lon="-8.281790809705853">
        <ele>146.3</ele>
      </trkpt>
      <trkpt lat="40.23748249746859" lon="-8.281854595988989">
        <ele>146.6</ele>
      </trkpt>
      <trkpt lat="40.237410916015506" lon="-8.281930033117533">
        <ele>147.1</ele>
      </trkpt>
      <trkpt lat="40.237322403118014" lon="-8.28198853880167">
        <ele>149</ele>
      </trkpt>
      <trkpt lat="40.23721863515675" lon="-8.282026341184974">
        <ele>152.3</ele>
      </trkpt>
      <trkpt lat="40.23714680224657" lon="-8.282047798857093">
        <ele>154.1</ele>
      </trkpt>
      <trkpt lat="40.2370504103601" lon="-8.282041847705841">
        <ele>155.6</ele>
      </trkpt>
      <trkpt lat="40.236968602985144" lon="-8.282024497166276">
        <ele>157</ele>
      </trkpt>
      <trkpt lat="40.23685905151069" lon="-8.282009661197662">
        <ele>157.4</ele>
      </trkpt>
      <trkpt lat="40.23676810786128" lon="-8.28196900896728">
        <ele>157.5</ele>
      </trkpt>
      <trkpt lat="40.23668202571571" lon="-8.281916286796331">
        <ele>157.6</ele>
      </trkpt>
      <trkpt lat="40.23661890998483" lon="-8.281869683414698">
        <ele>157.1</ele>
      </trkpt>
      <trkpt lat="40.23654707707465" lon="-8.281783014535904">
        <ele>157.4</ele>
      </trkpt>
      <trkpt lat="40.236469795927405" lon="-8.281684275716543">
        <ele>157.7</ele>
      </trkpt>
      <trkpt lat="40.23639092221856" lon="-8.281542286276817">
        <ele>157.8</ele>
      </trkpt>
      <trkpt lat="40.23632889613509" lon="-8.281430723145604">
        <ele>157.6</ele>
      </trkpt>
      <trkpt lat="40.2362662833184" lon="-8.28131614252925">
        <ele>157.3</ele>
      </trkpt>
      <trkpt lat="40.23619143292308" lon="-8.281169794499874">
        <ele>157.7</ele>
      </trkpt>
      <trkpt lat="40.236136028543115" lon="-8.281047334894538">
        <ele>158.2</ele>
      </trkpt>
      <trkpt lat="40.236071487888694" lon="-8.2809301558882">
        <ele>158.6</ele>
      </trkpt>
      <trkpt lat="40.23600493557751" lon="-8.280810546129942">
        <ele>159.6</ele>
      </trkpt>
      <trkpt lat="40.23592656478286" lon="-8.28067316673696">
        <ele>160.6</ele>
      </trkpt>
      <trkpt lat="40.23586998693645" lon="-8.280548695474863">
        <ele>161.5</ele>
      </trkpt>
      <trkpt lat="40.23582103662193" lon="-8.28042397275567">
        <ele>162.4</ele>
      </trkpt>
      <trkpt lat="40.23577183485031" lon="-8.280295059084892">
        <ele>163</ele>
      </trkpt>
      <trkpt lat="40.23571852594614" lon="-8.280114931985736">
        <ele>164.1</ele>
      </trkpt>
      <trkpt lat="40.23566471412778" lon="-8.27991871163249">
        <ele>165.4</ele>
      </trkpt>
      <trkpt lat="40.23562079295516" lon="-8.279757192358375">
        <ele>166.7</ele>
      </trkpt>
      <trkpt lat="40.23556413128972" lon="-8.279509842395782">
        <ele>169.2</ele>
      </trkpt>
      <trkpt lat="40.23551685735583" lon="-8.279306162148714">
        <ele>170.8</ele>
      </trkpt>
      <trkpt lat="40.23547813296318" lon="-8.279134836047888">
        <ele>171.8</ele>
      </trkpt>
      <trkpt lat="40.235389368608594" lon="-8.278920510783792">
        <ele>171.8</ele>
      </trkpt>
      <trkpt lat="40.23523614741862" lon="-8.27876016497612">
        <ele>172.5</ele>
      </trkpt>
      <trkpt lat="40.2350902184844" lon="-8.278636615723372">
        <ele>173.4</ele>
      </trkpt>
      <trkpt lat="40.23502894677222" lon="-8.278593700379133">
        <ele>174</ele>
      </trkpt>
      <trkpt lat="40.23484613746405" lon="-8.278517927974463">
        <ele>176.9</ele>
      </trkpt>
      <trkpt lat="40.234767934307456" lon="-8.278526309877634">
        <ele>177.9</ele>
      </trkpt>
      <trkpt lat="40.23472954519093" lon="-8.278544330969453">
        <ele>178.2</ele>
      </trkpt>
      <trkpt lat="40.234415223822" lon="-8.278920846059918">
        <ele>178.1</ele>
      </trkpt>
      <trkpt lat="40.234269881621" lon="-8.279012124985456">
        <ele>177.8</ele>
      </trkpt>
      <trkpt lat="40.234228977933526" lon="-8.279021764174104">
        <ele>177.9</ele>
      </trkpt>
      <trkpt lat="40.233911387622356" lon="-8.27907389961183">
        <ele>180.2</ele>
      </trkpt>
      <trkpt lat="40.23381440900266" lon="-8.27910566702485">
        <ele>180.9</ele>
      </trkpt>
      <trkpt lat="40.23365221917629" lon="-8.279239274561405">
        <ele>181.3</ele>
      </trkpt>
      <trkpt lat="40.23349564522505" lon="-8.279399452731013">
        <ele>182.3</ele>
      </trkpt>
      <trkpt lat="40.23320512846112" lon="-8.27954194508493">
        <ele>184.5</ele>
      </trkpt>
      <trkpt lat="40.23298602551222" lon="-8.279566252604127">
        <ele>183.6</ele>
      </trkpt>
      <trkpt lat="40.23261512629688" lon="-8.2793172262609">
        <ele>177.6</ele>
      </trkpt>
      <trkpt lat="40.2322565484792" lon="-8.278780365362763">
        <ele>175.5</ele>
      </trkpt>
      <trkpt lat="40.23209787905216" lon="-8.278450453653932">
        <ele>175</ele>
      </trkpt>
      <trkpt lat="40.231999810785055" lon="-8.278289940208197">
        <ele>174.5</ele>
      </trkpt>
      <trkpt lat="40.23178297095001" lon="-8.27824903652072">
        <ele>173.4</ele>
      </trkpt>
      <trkpt lat="40.23164726793766" lon="-8.278342578560114">
        <ele>173</ele>
      </trkpt>
      <trkpt lat="40.23151491768658" lon="-8.278446095064282">
        <ele>172.9</ele>
      </trkpt>
      <trkpt lat="40.231255665421486" lon="-8.27862186357379">
        <ele>173.6</ele>
      </trkpt>
      <trkpt lat="40.23071352392435" lon="-8.278758907690644">
        <ele>176.1</ele>
      </trkpt>
      <trkpt lat="40.23038906045258" lon="-8.278987733647227">
        <ele>176.1</ele>
      </trkpt>
      <trkpt lat="40.230030650272965" lon="-8.279528198763728">
        <ele>176</ele>
      </trkpt>
      <trkpt lat="40.229732086881995" lon="-8.279945701360703">
        <ele>175.1</ele>
      </trkpt>
      <trkpt lat="40.22924174554646" lon="-8.280312325805426">
        <ele>174.3</ele>
      </trkpt>
      <trkpt lat="40.22897880524397" lon="-8.280485160648823">
        <ele>174.6</ele>
      </trkpt>
      <trkpt lat="40.22853339090943" lon="-8.280410310253501">
        <ele>175.1</ele>
      </trkpt>
      <trkpt lat="40.228029219433665" lon="-8.28015516512096">
        <ele>175.2</ele>
      </trkpt>
      <trkpt lat="40.227476097643375" lon="-8.279883423820138">
        <ele>171.8</ele>
      </trkpt>
      <trkpt lat="40.22701811045408" lon="-8.279657615348697">
        <ele>168.6</ele>
      </trkpt>
      <trkpt lat="40.2268358040601" lon="-8.27954881824553">
        <ele>167.5</ele>
      </trkpt>
      <trkpt lat="40.22665433585644" lon="-8.279417641460896">
        <ele>167.1</ele>
      </trkpt>
      <trkpt lat="40.22647605277598" lon="-8.279269030317664">
        <ele>166.4</ele>
      </trkpt>
      <trkpt lat="40.22629735060036" lon="-8.279117653146386">
        <ele>165.6</ele>
      </trkpt>
      <trkpt lat="40.226118732243776" lon="-8.278962336480618">
        <ele>164.5</ele>
      </trkpt>
      <trkpt lat="40.22595310583711" lon="-8.278782712295651">
        <ele>163.2</ele>
      </trkpt>
      <trkpt lat="40.225883703678846" lon="-8.278673496097326">
        <ele>162.5</ele>
      </trkpt>
      <trkpt lat="40.22577146999538" lon="-8.27842891216278">
        <ele>161.1</ele>
      </trkpt>
      <trkpt lat="40.22572201676667" lon="-8.27830033376813">
        <ele>160.3</ele>
      </trkpt>
      <trkpt lat="40.225671641528606" lon="-8.278169995173812">
        <ele>159.5</ele>
      </trkpt>
      <trkpt lat="40.22556435316801" lon="-8.277906132861972">
        <ele>158.2</ele>
      </trkpt>
      <trkpt lat="40.22544474340975" lon="-8.277641935274005">
        <ele>156.7</ele>
      </trkpt>
      <trkpt lat="40.22531121969223" lon="-8.277390226721764">
        <ele>155</ele>
      </trkpt>
      <trkpt lat="40.22517870180309" lon="-8.277146983891726">
        <ele>154.1</ele>
      </trkpt>
      <trkpt lat="40.225117430090904" lon="-8.277025446295738">
        <ele>153.9</ele>
      </trkpt>
      <trkpt lat="40.2250159252435" lon="-8.276776084676385">
        <ele>154.1</ele>
      </trkpt>
      <trkpt lat="40.22491794079542" lon="-8.276529489085078">
        <ele>153.9</ele>
      </trkpt>
      <trkpt lat="40.22481911815703" lon="-8.276282642036676">
        <ele>154.2</ele>
      </trkpt>
      <trkpt lat="40.22472331300378" lon="-8.276036297902465">
        <ele>154.8</ele>
      </trkpt>
      <trkpt lat="40.22444327361882" lon="-8.275307826697826">
        <ele>149.8</ele>
      </trkpt>
      <trkpt lat="40.22436222061515" lon="-8.275053771212697">
        <ele>146.8</ele>
      </trkpt>
      <trkpt lat="40.224252166226506" lon="-8.274532752111554">
        <ele>144.4</ele>
      </trkpt>
      <trkpt lat="40.22421327419579" lon="-8.27427894808352">
        <ele>144.4</ele>
      </trkpt>
      <trkpt lat="40.22416038438678" lon="-8.273941744118929">
        <ele>143.4</ele>
      </trkpt>
      <trkpt lat="40.22434235550463" lon="-8.273492557927966">
        <ele>141.6</ele>
      </trkpt>
      <trkpt lat="40.22439809516072" lon="-8.273434722796082">
        <ele>141</ele>
      </trkpt>
      <trkpt lat="40.22462767548859" lon="-8.27317220158875">
        <ele>138.3</ele>
      </trkpt>
      <trkpt lat="40.22452558390796" lon="-8.272429145872593">
        <ele>135.9</ele>
      </trkpt>
      <trkpt lat="40.224372362717986" lon="-8.27199605293572">
        <ele>135.4</ele>
      </trkpt>
      <trkpt lat="40.22425040602684" lon="-8.271660106256604">
        <ele>136.6</ele>
      </trkpt>
      <trkpt lat="40.22414244711399" lon="-8.27145466580987">
        <ele>136.7</ele>
      </trkpt>
      <trkpt lat="40.22399878129363" lon="-8.271287865936756">
        <ele>136.1</ele>
      </trkpt>
      <trkpt lat="40.223557809367776" lon="-8.270824514329433">
        <ele>131.3</ele>
      </trkpt>
      <trkpt lat="40.22320182994008" lon="-8.2704221829772">
        <ele>128.1</ele>
      </trkpt>
      <trkpt lat="40.222948445007205" lon="-8.269712822511792">
        <ele>128.6</ele>
      </trkpt>
      <trkpt lat="40.22286211140454" lon="-8.26932960189879">
        <ele>126.5</ele>
      </trkpt>
      <trkpt lat="40.22273948416114" lon="-8.26854589395225">
        <ele>123.2</ele>
      </trkpt>
      <trkpt lat="40.22270210087299" lon="-8.268145825713873">
        <ele>123.8</ele>
      </trkpt>
      <trkpt lat="40.222432957962155" lon="-8.267592452466488">
        <ele>119.7</ele>
      </trkpt>
      <trkpt lat="40.22205149754882" lon="-8.267130944877863">
        <ele>116.8</ele>
      </trkpt>
      <trkpt lat="40.221552941948175" lon="-8.266641274094582">
        <ele>117.7</ele>
      </trkpt>
      <trkpt lat="40.22115429863334" lon="-8.266289485618472">
        <ele>116.7</ele>
      </trkpt>
      <trkpt lat="40.22063747048378" lon="-8.265848932787776">
        <ele>117.1</ele>
      </trkpt>
      <trkpt lat="40.220144195482135" lon="-8.265460431575775">
        <ele>119.3</ele>
      </trkpt>
      <trkpt lat="40.21973733790219" lon="-8.264937987551093">
        <ele>121.3</ele>
      </trkpt>
      <trkpt lat="40.219386387616396" lon="-8.264611763879657">
        <ele>119.9</ele>
      </trkpt>
      <trkpt lat="40.21897751837969" lon="-8.264641519635916">
        <ele>118.7</ele>
      </trkpt>
      <trkpt lat="40.21862480789423" lon="-8.26479515992105">
        <ele>119.4</ele>
      </trkpt>
      <trkpt lat="40.21841819398105" lon="-8.264849558472633">
        <ele>122.5</ele>
      </trkpt>
      <trkpt lat="40.218088030815125" lon="-8.264763979241252">
        <ele>126.8</ele>
      </trkpt>
      <trkpt lat="40.217596013098955" lon="-8.264490645378828">
        <ele>128.2</ele>
      </trkpt>
      <trkpt lat="40.21740096621215" lon="-8.264239775016904">
        <ele>123.2</ele>
      </trkpt>
      <trkpt lat="40.217204578220844" lon="-8.263594955205917">
        <ele>116.9</ele>
      </trkpt>
      <trkpt lat="40.21709728986025" lon="-8.263399573042989">
        <ele>119.9</ele>
      </trkpt>
      <trkpt lat="40.216962676495314" lon="-8.262930270284414">
        <ele>120.8</ele>
      </trkpt>
      <trkpt lat="40.216793194413185" lon="-8.262589294463396">
        <ele>121.3</ele>
      </trkpt>
      <trkpt lat="40.21645221859217" lon="-8.262094678357244">
        <ele>124.6</ele>
      </trkpt>
      <trkpt lat="40.21620277315378" lon="-8.261958891525865">
        <ele>128.5</ele>
      </trkpt>
      <trkpt lat="40.21584025584161" lon="-8.26185068115592">
        <ele>130.1</ele>
      </trkpt>
      <trkpt lat="40.2154696919024" lon="-8.26178714632988">
        <ele>128.8</ele>
      </trkpt>
      <trkpt lat="40.214965771883726" lon="-8.261652532964945">
        <ele>124.7</ele>
      </trkpt>
      <trkpt lat="40.214433101937175" lon="-8.261477435007691">
        <ele>123.1</ele>
      </trkpt>
      <trkpt lat="40.2142624463886" lon="-8.261383892968297">
        <ele>123.6</ele>
      </trkpt>
      <trkpt lat="40.21387780085206" lon="-8.260824736207724">
        <ele>123.7</ele>
      </trkpt>
      <trkpt lat="40.21377964876592" lon="-8.260495578870177">
        <ele>122.2</ele>
      </trkpt>
      <trkpt lat="40.213667498901486" lon="-8.260007919743657">
        <ele>121.4</ele>
      </trkpt>
      <trkpt lat="40.213502794504166" lon="-8.25931129977107">
        <ele>129.8</ele>
      </trkpt>
      <trkpt lat="40.21343464963138" lon="-8.259036038070917">
        <ele>130.7</ele>
      </trkpt>
      <trkpt lat="40.2133699413389" lon="-8.2588314358145">
        <ele>130.1</ele>
      </trkpt>
      <trkpt lat="40.21330330520868" lon="-8.25867947191">
        <ele>129.4</ele>
      </trkpt>
      <trkpt lat="40.213285870850086" lon="-8.25862230733037">
        <ele>129.1</ele>
      </trkpt>
      <trkpt lat="40.21322937682271" lon="-8.258379902690649">
        <ele>128.2</ele>
      </trkpt>
      <trkpt lat="40.21313985809684" lon="-8.258155100047588">
        <ele>127.8</ele>
      </trkpt>
      <trkpt lat="40.21291673183441" lon="-8.257635924965143">
        <ele>127.3</ele>
      </trkpt>
      <trkpt lat="40.21280424669385" lon="-8.257494606077671">
        <ele>127.6</ele>
      </trkpt>
      <trkpt lat="40.21266242489219" lon="-8.257385976612568">
        <ele>128</ele>
      </trkpt>
      <trkpt lat="40.21258547902107" lon="-8.257341803982854">
        <ele>128.5</ele>
      </trkpt>
      <trkpt lat="40.212429240345955" lon="-8.257262846454978">
        <ele>129.3</ele>
      </trkpt>
      <trkpt lat="40.212266044691205" lon="-8.257199060171843">
        <ele>129.9</ele>
      </trkpt>
      <trkpt lat="40.212103771045804" lon="-8.257140386849642">
        <ele>130</ele>
      </trkpt>
      <trkpt lat="40.21202481351793" lon="-8.257108284160495">
        <ele>129.6</ele>
      </trkpt>
      <trkpt lat="40.21179959177971" lon="-8.257015747949481">
        <ele>128.1</ele>
      </trkpt>
      <trkpt lat="40.211229203268886" lon="-8.256805529817939">
        <ele>124.9</ele>
      </trkpt>
      <trkpt lat="40.21089577116072" lon="-8.256691871210933">
        <ele>124</ele>
      </trkpt>
      <trkpt lat="40.21075797267258" lon="-8.256658595055342">
        <ele>124.2</ele>
      </trkpt>
      <trkpt lat="40.21062998101115" lon="-8.256611237302423">
        <ele>124.4</ele>
      </trkpt>
      <trkpt lat="40.21044658496976" lon="-8.256548708304763">
        <ele>125.5</ele>
      </trkpt>
      <trkpt lat="40.21027165465057" lon="-8.25648752041161">
        <ele>126.4</ele>
      </trkpt>
      <trkpt lat="40.21010468713939" lon="-8.256425242871046">
        <ele>127.3</ele>
      </trkpt>
      <trkpt lat="40.20989446900785" lon="-8.256344273686409">
        <ele>128.4</ele>
      </trkpt>
      <trkpt lat="40.20964686758816" lon="-8.256242265924811">
        <ele>129.2</ele>
      </trkpt>
      <trkpt lat="40.209440840408206" lon="-8.25607655569911">
        <ele>129</ele>
      </trkpt>
      <trkpt lat="40.20912190899253" lon="-8.255479848012328">
        <ele>129.5</ele>
      </trkpt>
      <trkpt lat="40.20891638472676" lon="-8.255017586052418">
        <ele>127.7</ele>
      </trkpt>
      <trkpt lat="40.208657467737794" lon="-8.254442336037755">
        <ele>124.5</ele>
      </trkpt>
      <trkpt lat="40.20835915580392" lon="-8.253775890916586">
        <ele>128.7</ele>
      </trkpt>
      <trkpt lat="40.208207946270704" lon="-8.253455199301243">
        <ele>131.3</ele>
      </trkpt>
      <trkpt lat="40.20791214890778" lon="-8.252824293449521">
        <ele>135.2</ele>
      </trkpt>
      <trkpt lat="40.20763504318893" lon="-8.25221149250865">
        <ele>135.1</ele>
      </trkpt>
      <trkpt lat="40.20736254751682" lon="-8.251592740416527">
        <ele>133.5</ele>
      </trkpt>
      <trkpt lat="40.20708041265607" lon="-8.25096451677382">
        <ele>125.3</ele>
      </trkpt>
      <trkpt lat="40.207006903365254" lon="-8.250811295583844">
        <ele>125.6</ele>
      </trkpt>
      <trkpt lat="40.20696281455457" lon="-8.250741390511394">
        <ele>126.3</ele>
      </trkpt>
      <trkpt lat="40.20670666359365" lon="-8.250124733895063">
        <ele>132.8</ele>
      </trkpt>
      <trkpt lat="40.20642276853323" lon="-8.249490475282073">
        <ele>138.3</ele>
      </trkpt>
      <trkpt lat="40.206146920099854" lon="-8.248870465904474">
        <ele>136.1</ele>
      </trkpt>
      <trkpt lat="40.20561743527651" lon="-8.247750727459788">
        <ele>131.3</ele>
      </trkpt>
      <trkpt lat="40.205602180212736" lon="-8.247717199847102">
        <ele>131.2</ele>
      </trkpt>
      <trkpt lat="40.205512158572674" lon="-8.247510753571987">
        <ele>131.2</ele>
      </trkpt>
      <trkpt lat="40.20531409420073" lon="-8.247074475511909">
        <ele>131.6</ele>
      </trkpt>
      <trkpt lat="40.205033384263515" lon="-8.246444659307599">
        <ele>133.8</ele>
      </trkpt>
      <trkpt lat="40.202729031443596" lon="-8.241330944001675">
        <ele>139.4</ele>
      </trkpt>
      <trkpt lat="40.20261973142624" lon="-8.241083845496178">
        <ele>140.2</ele>
      </trkpt>
      <trkpt lat="40.202508671209216" lon="-8.240847392007709">
        <ele>141</ele>
      </trkpt>
      <trkpt lat="40.20232326351106" lon="-8.240554695948958">
        <ele>141.6</ele>
      </trkpt>
      <trkpt lat="40.20218085497618" lon="-8.240434918552637">
        <ele>141.6</ele>
      </trkpt>
      <trkpt lat="40.20204557105899" lon="-8.24002169072628">
        <ele>141.4</ele>
      </trkpt>
      <trkpt lat="40.20183032378554" lon="-8.2393229752779">
        <ele>145.3</ele>
      </trkpt>
      <trkpt lat="40.2017498575151" lon="-8.23914653621614">
        <ele>144.7</ele>
      </trkpt>
      <trkpt lat="40.201472667977214" lon="-8.238528706133366">
        <ele>144.2</ele>
      </trkpt>
      <trkpt lat="40.20127896219492" lon="-8.238119669258595">
        <ele>146.3</ele>
      </trkpt>
      <trkpt lat="40.20115692168474" lon="-8.237901572138071">
        <ele>147.6</ele>
      </trkpt>
      <trkpt lat="40.201034964993596" lon="-8.237689845263958">
        <ele>147.5</ele>
      </trkpt>
      <trkpt lat="40.200914181768894" lon="-8.237477280199528">
        <ele>146</ele>
      </trkpt>
      <trkpt lat="40.200825752690434" lon="-8.237318191677332">
        <ele>145.3</ele>
      </trkpt>
      <trkpt lat="40.20051704719663" lon="-8.236699774861336">
        <ele>146.1</ele>
      </trkpt>
      <trkpt lat="40.200290735810995" lon="-8.236048584803939">
        <ele>150.8</ele>
      </trkpt>
      <trkpt lat="40.20023323595524" lon="-8.235875917598605">
        <ele>152.1</ele>
      </trkpt>
      <trkpt lat="40.20009317435324" lon="-8.235449530184269">
        <ele>155.3</ele>
      </trkpt>
      <trkpt lat="40.19988848827779" lon="-8.234796328470111">
        <ele>157.9</ele>
      </trkpt>
      <trkpt lat="40.199725376442075" lon="-8.234202722087502">
        <ele>160.1</ele>
      </trkpt>
      <trkpt lat="40.19965278916061" lon="-8.233671141788363">
        <ele>162.3</ele>
      </trkpt>
      <trkpt lat="40.199658488854766" lon="-8.233475424349308">
        <ele>162.9</ele>
      </trkpt>
      <trkpt lat="40.199676090851426" lon="-8.232873100787401">
        <ele>166.1</ele>
      </trkpt>
      <trkpt lat="40.19969813525677" lon="-8.232476888224483">
        <ele>167.3</ele>
      </trkpt>
      <trkpt lat="40.1999984588474" lon="-8.231863668188453">
        <ele>167.9</ele>
      </trkpt>
      <trkpt lat="40.20045267418027" lon="-8.231451027095318">
        <ele>172.4</ele>
      </trkpt>
      <trkpt lat="40.200606901198626" lon="-8.231177693232894">
        <ele>173.5</ele>
      </trkpt>
      <trkpt lat="40.20064512267709" lon="-8.230949370190501">
        <ele>175.5</ele>
      </trkpt>
      <trkpt lat="40.200644033029675" lon="-8.230869490653276">
        <ele>176.6</ele>
      </trkpt>
      <trkpt lat="40.200595585629344" lon="-8.230524156242609">
        <ele>181</ele>
      </trkpt>
      <trkpt lat="40.20047614350915" lon="-8.229830889031291">
        <ele>187.4</ele>
      </trkpt>
      <trkpt lat="40.20039324648678" lon="-8.229337530210614">
        <ele>193.2</ele>
      </trkpt>
      <trkpt lat="40.20030808635056" lon="-8.228860264644027">
        <ele>196.6</ele>
      </trkpt>
      <trkpt lat="40.200340524315834" lon="-8.228346705436707">
        <ele>199.3</ele>
      </trkpt>
      <trkpt lat="40.2004924044013" lon="-8.228072533383965">
        <ele>200.6</ele>
      </trkpt>
      <trkpt lat="40.20065937191248" lon="-8.227867260575294">
        <ele>200.8</ele>
      </trkpt>
      <trkpt lat="40.200766157358885" lon="-8.227749075740576">
        <ele>200.2</ele>
      </trkpt>
      <trkpt lat="40.20116798579693" lon="-8.227319922298193">
        <ele>202.4</ele>
      </trkpt>
      <trkpt lat="40.20126471295953" lon="-8.227077601477504">
        <ele>203.9</ele>
      </trkpt>
      <trkpt lat="40.20145389251411" lon="-8.226527664810419">
        <ele>206.5</ele>
      </trkpt>
      <trkpt lat="40.20156621001661" lon="-8.225821740925312">
        <ele>210.5</ele>
      </trkpt>
      <trkpt lat="40.20147392526269" lon="-8.225441202521324">
        <ele>211.8</ele>
      </trkpt>
      <trkpt lat="40.20155229605734" lon="-8.224756317213178">
        <ele>213</ele>
      </trkpt>
      <trkpt lat="40.20173141732812" lon="-8.224198333919048">
        <ele>214.6</ele>
      </trkpt>
      <trkpt lat="40.20179335959256" lon="-8.223502468317747">
        <ele>216.2</ele>
      </trkpt>
      <trkpt lat="40.20169193856418" lon="-8.222965439781547">
        <ele>216.9</ele>
      </trkpt>
      <trkpt lat="40.20160099491477" lon="-8.22239144705236">
        <ele>217.6</ele>
      </trkpt>
      <trkpt lat="40.201605102047324" lon="-8.222231604158878">
        <ele>218.1</ele>
      </trkpt>
      <trkpt lat="40.20167785696685" lon="-8.221910493448377">
        <ele>219.2</ele>
      </trkpt>
      <trkpt lat="40.20185999572277" lon="-8.221637159585953">
        <ele>221</ele>
      </trkpt>
      <trkpt lat="40.20202034153044" lon="-8.221479998901486">
        <ele>221.7</ele>
      </trkpt>
      <trkpt lat="40.20220943726599" lon="-8.221358126029372">
        <ele>222.6</ele>
      </trkpt>
      <trkpt lat="40.20250112749636" lon="-8.221120666712523">
        <ele>223.2</ele>
      </trkpt>
      <trkpt lat="40.20268678665161" lon="-8.220781367272139">
        <ele>224.3</ele>
      </trkpt>
      <trkpt lat="40.20281821489334" lon="-8.220530664548278">
        <ele>225.7</ele>
      </trkpt>
      <trkpt lat="40.203260192647576" lon="-8.220060104504228">
        <ele>229.6</ele>
      </trkpt>
      <trkpt lat="40.20378657616675" lon="-8.219832284376025">
        <ele>232.9</ele>
      </trkpt>
      <trkpt lat="40.20401758141816" lon="-8.219446549192071">
        <ele>235</ele>
      </trkpt>
      <trkpt lat="40.20405882038176" lon="-8.219208586961031">
        <ele>236.3</ele>
      </trkpt>
      <trkpt lat="40.20402981899679" lon="-8.218911699950695">
        <ele>237.1</ele>
      </trkpt>
      <trkpt lat="40.203877268359065" lon="-8.218194209039211">
        <ele>239.5</ele>
      </trkpt>
      <trkpt lat="40.20403761416674" lon="-8.217530446127057">
        <ele>241.9</ele>
      </trkpt>
      <trkpt lat="40.20418203435838" lon="-8.217418882995844">
        <ele>242.1</ele>
      </trkpt>
      <trkpt lat="40.204346403479576" lon="-8.217357192188501">
        <ele>242.6</ele>
      </trkpt>
      <trkpt lat="40.20476181060076" lon="-8.217220231890678">
        <ele>243.7</ele>
      </trkpt>
      <trkpt lat="40.2051739487797" lon="-8.216855451464653">
        <ele>246.7</ele>
      </trkpt>
      <trkpt lat="40.20560829900205" lon="-8.216388747096062">
        <ele>253.4</ele>
      </trkpt>
      <trkpt lat="40.20577241666615" lon="-8.215734958648682">
        <ele>256.5</ele>
      </trkpt>
      <trkpt lat="40.20573930814862" lon="-8.215579055249691">
        <ele>257</ele>
      </trkpt>
      <trkpt lat="40.20563067868352" lon="-8.215334974229336">
        <ele>258.7</ele>
      </trkpt>
      <trkpt lat="40.20539221353829" lon="-8.215064825490117">
        <ele>261.9</ele>
      </trkpt>
      <trkpt lat="40.204956606030464" lon="-8.214616980403662">
        <ele>260.6</ele>
      </trkpt>
      <trkpt lat="40.20489105954766" lon="-8.214436434209347">
        <ele>261.7</ele>
      </trkpt>
      <trkpt lat="40.2046630717814" lon="-8.213791698217392">
        <ele>267.1</ele>
      </trkpt>
      <trkpt lat="40.20454782061279" lon="-8.213670076802373">
        <ele>266.5</ele>
      </trkpt>
      <trkpt lat="40.20448470488191" lon="-8.213605871424079">
        <ele>266.2</ele>
      </trkpt>
      <trkpt lat="40.20441270433366" lon="-8.213549545034766">
        <ele>265.4</ele>
      </trkpt>
      <trkpt lat="40.20425084978342" lon="-8.213482908904552">
        <ele>262.6</ele>
      </trkpt>
      <trkpt lat="40.20379235967994" lon="-8.213087115436792">
        <ele>261.4</ele>
      </trkpt>
      <trkpt lat="40.20357996225357" lon="-8.212847141548991">
        <ele>265.5</ele>
      </trkpt>
      <trkpt lat="40.20322406664491" lon="-8.21270783431828">
        <ele>265.8</ele>
      </trkpt>
      <trkpt lat="40.20267605781555" lon="-8.212447240948677">
        <ele>269.5</ele>
      </trkpt>
      <trkpt lat="40.202164594084024" lon="-8.212145073339343">
        <ele>268.8</ele>
      </trkpt>
      <trkpt lat="40.201996956020594" lon="-8.212078604847193">
        <ele>267.9</ele>
      </trkpt>
      <trkpt lat="40.20149488002062" lon="-8.211695719510317">
        <ele>273.6</ele>
      </trkpt>
      <trkpt lat="40.20137862302363" lon="-8.21159622631967">
        <ele>274.3</ele>
      </trkpt>
      <trkpt lat="40.20113730803132" lon="-8.21145549416542">
        <ele>273.4</ele>
      </trkpt>
      <trkpt lat="40.20081024616957" lon="-8.211345188319683">
        <ele>268.8</ele>
      </trkpt>
      <trkpt lat="40.20062408410013" lon="-8.211216526106">
        <ele>267.1</ele>
      </trkpt>
      <trkpt lat="40.200578989461064" lon="-8.211178136989474">
        <ele>266.8</ele>
      </trkpt>
      <trkpt lat="40.200496427714825" lon="-8.211088869720697">
        <ele>266.4</ele>
      </trkpt>
      <trkpt lat="40.20042643882334" lon="-8.210984179750085">
        <ele>266</ele>
      </trkpt>
      <trkpt lat="40.20039659924805" lon="-8.210926512256265">
        <ele>266.1</ele>
      </trkpt>
      <trkpt lat="40.20027187652886" lon="-8.21058813482523">
        <ele>266.6</ele>
      </trkpt>
      <trkpt lat="40.20003357902169" lon="-8.209910625591874">
        <ele>266.6</ele>
      </trkpt>
      <trkpt lat="40.19984959624708" lon="-8.209400419145823">
        <ele>266</ele>
      </trkpt>
      <trkpt lat="40.19972529262304" lon="-8.209091881290078">
        <ele>268.1</ele>
      </trkpt>
      <trkpt lat="40.19947056658566" lon="-8.208667589351535">
        <ele>269</ele>
      </trkpt>
      <trkpt lat="40.199021296575665" lon="-8.208195269107819">
        <ele>270.3</ele>
      </trkpt>
      <trkpt lat="40.19868719391525" lon="-8.207855466753244">
        <ele>272.6</ele>
      </trkpt>
      <trkpt lat="40.198538079857826" lon="-8.207704005762935">
        <ele>273.4</ele>
      </trkpt>
      <trkpt lat="40.19827589392662" lon="-8.20744089782238">
        <ele>274.4</ele>
      </trkpt>
      <trkpt lat="40.1978799328208" lon="-8.206953071057796">
        <ele>274.4</ele>
      </trkpt>
      <trkpt lat="40.19784548319876" lon="-8.206910155713558">
        <ele>274.3</ele>
      </trkpt>
      <trkpt lat="40.19774288870394" lon="-8.206781996414065">
        <ele>273.9</ele>
      </trkpt>
      <trkpt lat="40.19760726951063" lon="-8.206609832122922">
        <ele>274</ele>
      </trkpt>
      <trkpt lat="40.19740216434002" lon="-8.206426771357656">
        <ele>274.4</ele>
      </trkpt>
      <trkpt lat="40.19711407832801" lon="-8.206391483545303">
        <ele>273.2</ele>
      </trkpt>
      <trkpt lat="40.19687385298312" lon="-8.206421239301562">
        <ele>271.8</ele>
      </trkpt>
      <trkpt lat="40.19647981971502" lon="-8.206514110788703">
        <ele>270.4</ele>
      </trkpt>
      <trkpt lat="40.19591731019318" lon="-8.206595750525594">
        <ele>270.3</ele>
      </trkpt>
      <trkpt lat="40.19582737237215" lon="-8.206578148528934">
        <ele>269.6</ele>
      </trkpt>
      <trkpt lat="40.19556979648769" lon="-8.20643674582243">
        <ele>266.9</ele>
      </trkpt>
      <trkpt lat="40.19553031772375" lon="-8.20639961399138">
        <ele>266.8</ele>
      </trkpt>
      <trkpt lat="40.19542437046766" lon="-8.206268353387713">
        <ele>267.2</ele>
      </trkpt>
      <trkpt lat="40.195318423211575" lon="-8.206051345914602">
        <ele>269</ele>
      </trkpt>
      <trkpt lat="40.195223707705736" lon="-8.205752782523632">
        <ele>271.1</ele>
      </trkpt>
      <trkpt lat="40.19512966275215" lon="-8.205314157530665">
        <ele>272.2</ele>
      </trkpt>
      <trkpt lat="40.195008208975196" lon="-8.20456582121551">
        <ele>267.8</ele>
      </trkpt>
      <trkpt lat="40.19512656144798" lon="-8.203870374709368">
        <ele>269.3</ele>
      </trkpt>
      <trkpt lat="40.19535530358553" lon="-8.20318590849638">
        <ele>269.9</ele>
      </trkpt>
      <trkpt lat="40.195462591946125" lon="-8.202841579914093">
        <ele>269.5</ele>
      </trkpt>
      <trkpt lat="40.195527132600546" lon="-8.20254829712212">
        <ele>271.3</ele>
      </trkpt>
      <trkpt lat="40.19557666964829" lon="-8.202303042635322">
        <ele>273.3</ele>
      </trkpt>
      <trkpt lat="40.195662416517735" lon="-8.201942704617977">
        <ele>273.9</ele>
      </trkpt>
      <trkpt lat="40.195707343518734" lon="-8.201828124001622">
        <ele>273.4</ele>
      </trkpt>
      <trkpt lat="40.19583206623793" lon="-8.201633915305138">
        <ele>273.6</ele>
      </trkpt>
      <trkpt lat="40.195898450911045" lon="-8.20155194029212">
        <ele>273.9</ele>
      </trkpt>
      <trkpt lat="40.19593155942857" lon="-8.201510533690453">
        <ele>273.9</ele>
      </trkpt>
      <trkpt lat="40.19603071734309" lon="-8.20138581097126">
        <ele>273.8</ele>
      </trkpt>
      <trkpt lat="40.19617429934442" lon="-8.201204761862755">
        <ele>273.7</ele>
      </trkpt>
      <trkpt lat="40.1963048055768" lon="-8.201075932011008">
        <ele>273.5</ele>
      </trkpt>
      <trkpt lat="40.19655777141452" lon="-8.200842160731554">
        <ele>272.3</ele>
      </trkpt>
      <trkpt lat="40.19700159318745" lon="-8.20041979663074">
        <ele>269.4</ele>
      </trkpt>
      <trkpt lat="40.19715598784387" lon="-8.200240507721901">
        <ele>268.5</ele>
      </trkpt>
      <trkpt lat="40.19729814492166" lon="-8.200072115287185">
        <ele>267.4</ele>
      </trkpt>
      <trkpt lat="40.197424963116646" lon="-8.199911350384355">
        <ele>266.2</ele>
      </trkpt>
      <trkpt lat="40.19746360369027" lon="-8.199855275452137">
        <ele>265.8</ele>
      </trkpt>
      <trkpt lat="40.19750350154936" lon="-8.19979920051992">
        <ele>265.5</ele>
      </trkpt>
      <trkpt lat="40.197665356099606" lon="-8.199571883305907">
        <ele>265.3</ele>
      </trkpt>
      <trkpt lat="40.19792838022113" lon="-8.199165277183056">
        <ele>267.2</ele>
      </trkpt>
      <trkpt lat="40.19805268384516" lon="-8.199080871418118">
        <ele>268.6</ele>
      </trkpt>
      <trkpt lat="40.19818612374365" lon="-8.199038039892912">
        <ele>270</ele>
      </trkpt>
      <trkpt lat="40.198274636641145" lon="-8.199014402925968">
        <ele>271</ele>
      </trkpt>
      <trkpt lat="40.19840128719807" lon="-8.198970900848508">
        <ele>272.4</ele>
      </trkpt>
      <trkpt lat="40.198561465367675" lon="-8.198928823694587">
        <ele>273.6</ele>
      </trkpt>
      <trkpt lat="40.198991457000375" lon="-8.198612071573734">
        <ele>273.6</ele>
      </trkpt>
      <trkpt lat="40.19914643839002" lon="-8.19792383350432">
        <ele>277</ele>
      </trkpt>
      <trkpt lat="40.19921164959669" lon="-8.197654942050576">
        <ele>279.2</ele>
      </trkpt>
      <trkpt lat="40.19933511503041" lon="-8.197102071717381">
        <ele>282</ele>
      </trkpt>
      <trkpt lat="40.199445337057114" lon="-8.196379384025931">
        <ele>283.3</ele>
      </trkpt>
      <trkpt lat="40.19964993931353" lon="-8.195720566436648">
        <ele>285.4</ele>
      </trkpt>
      <trkpt lat="40.19988555461168" lon="-8.195571787655354">
        <ele>286.6</ele>
      </trkpt>
      <trkpt lat="40.20039886236191" lon="-8.195318402722478">
        <ele>289.4</ele>
      </trkpt>
      <trkpt lat="40.20053766667843" lon="-8.195246737450361">
        <ele>290.3</ele>
      </trkpt>
      <trkpt lat="40.20107528194785" lon="-8.194974157959223">
        <ele>292.7</ele>
      </trkpt>
      <trkpt lat="40.20139773376286" lon="-8.19441743195057">
        <ele>293</ele>
      </trkpt>
      <trkpt lat="40.201593367382884" lon="-8.193750232458115">
        <ele>293.3</ele>
      </trkpt>
      <trkpt lat="40.20170367322862" lon="-8.193357288837433">
        <ele>292.7</ele>
      </trkpt>
      <trkpt lat="40.201772321015596" lon="-8.193109016865492">
        <ele>292.4</ele>
      </trkpt>
      <trkpt lat="40.20196259021759" lon="-8.19243025034666">
        <ele>292.9</ele>
      </trkpt>
      <trkpt lat="40.201974241063" lon="-8.192369397729635">
        <ele>293</ele>
      </trkpt>
      <trkpt lat="40.20198991522193" lon="-8.1921311840415">
        <ele>293</ele>
      </trkpt>
      <trkpt lat="40.2019811142236" lon="-8.192072929814458">
        <ele>293.2</ele>
      </trkpt>
      <trkpt lat="40.201747762039304" lon="-8.191695073619485">
        <ele>296</ele>
      </trkpt>
      <trkpt lat="40.20152128301561" lon="-8.191578146070242">
        <ele>297</ele>
      </trkpt>
      <trkpt lat="40.20131140016019" lon="-8.1914749648422">
        <ele>296.6</ele>
      </trkpt>
      <trkpt lat="40.20120436325669" lon="-8.191424673423171">
        <ele>295.5</ele>
      </trkpt>
      <trkpt lat="40.20110989920795" lon="-8.191345548257232">
        <ele>295.3</ele>
      </trkpt>
      <trkpt lat="40.20077177323401" lon="-8.190982947126031">
        <ele>299.3</ele>
      </trkpt>
      <trkpt lat="40.200523333624005" lon="-8.190736519172788">
        <ele>304.4</ele>
      </trkpt>
      <trkpt lat="40.2000589761883" lon="-8.190482631325722">
        <ele>308.8</ele>
      </trkpt>
      <trkpt lat="40.19993282854557" lon="-8.190421611070633">
        <ele>308.9</ele>
      </trkpt>
      <trkpt lat="40.19964708946645" lon="-8.190285572782159">
        <ele>308</ele>
      </trkpt>
      <trkpt lat="40.19941843114793" lon="-8.190156575292349">
        <ele>306.5</ele>
      </trkpt>
      <trkpt lat="40.19923687912524" lon="-8.189945938065648">
        <ele>306.2</ele>
      </trkpt>
      <trkpt lat="40.19903412088752" lon="-8.189270105212927">
        <ele>310</ele>
      </trkpt>
      <trkpt lat="40.19896631129086" lon="-8.189075561240315">
        <ele>309.7</ele>
      </trkpt>
      <trkpt lat="40.19869348034263" lon="-8.18842638283968">
        <ele>308.4</ele>
      </trkpt>
      <trkpt lat="40.19838091917336" lon="-8.187920032069087">
        <ele>312.6</ele>
      </trkpt>
      <trkpt lat="40.19786191172898" lon="-8.187695313245058">
        <ele>318.1</ele>
      </trkpt>
      <trkpt lat="40.1972977258265" lon="-8.187590539455414">
        <ele>320.5</ele>
      </trkpt>
      <trkpt lat="40.196806294843554" lon="-8.187270434573293">
        <ele>321.7</ele>
      </trkpt>
      <trkpt lat="40.19650161266327" lon="-8.186799203976989">
        <ele>329.1</ele>
      </trkpt>
      <trkpt lat="40.19614680670202" lon="-8.186211381107569">
        <ele>331.5</ele>
      </trkpt>
      <trkpt lat="40.19579409621656" lon="-8.185755405575037">
        <ele>335.1</ele>
      </trkpt>
      <trkpt lat="40.195592595264316" lon="-8.185549713671207">
        <ele>335.4</ele>
      </trkpt>
      <trkpt lat="40.19536217674613" lon="-8.185386098921299">
        <ele>336.1</ele>
      </trkpt>
      <trkpt lat="40.19529671408236" lon="-8.1853411719203">
        <ele>336.5</ele>
      </trkpt>
      <trkpt lat="40.19498792476952" lon="-8.185252156108618">
        <ele>337.8</ele>
      </trkpt>
      <trkpt lat="40.19460780546069" lon="-8.185463463887572">
        <ele>337.3</ele>
      </trkpt>
      <trkpt lat="40.19454133696854" lon="-8.185523729771376">
        <ele>337.5</ele>
      </trkpt>
      <trkpt lat="40.193998608738184" lon="-8.185702515766025">
        <ele>339.4</ele>
      </trkpt>
      <trkpt lat="40.19395653158426" lon="-8.185692457482219">
        <ele>339.3</ele>
      </trkpt>
      <trkpt lat="40.193876065313816" lon="-8.185663539916277">
        <ele>339.2</ele>
      </trkpt>
      <trkpt lat="40.19375695846975" lon="-8.185579972341657">
        <ele>338.7</ele>
      </trkpt>
      <trkpt lat="40.193580435588956" lon="-8.18539397791028">
        <ele>338</ele>
      </trkpt>
      <trkpt lat="40.19340944476426" lon="-8.185154842212796">
        <ele>338.7</ele>
      </trkpt>
      <trkpt lat="40.193339455872774" lon="-8.184986365959048">
        <ele>337.9</ele>
      </trkpt>
      <trkpt lat="40.193311711773276" lon="-8.184860637411475">
        <ele>337.1</ele>
      </trkpt>
      <trkpt lat="40.19330215640366" lon="-8.18479634821415">
        <ele>336.6</ele>
      </trkpt>
      <trkpt lat="40.19329922273755" lon="-8.184531144797802">
        <ele>334.7</ele>
      </trkpt>
      <trkpt lat="40.19330509006977" lon="-8.184388233348727">
        <ele>334</ele>
      </trkpt>
      <trkpt lat="40.19333593547344" lon="-8.183949943631887">
        <ele>333.1</ele>
      </trkpt>
      <trkpt lat="40.19341698847711" lon="-8.183566639199853">
        <ele>333.4</ele>
      </trkpt>
      <trkpt lat="40.1935314014554" lon="-8.183113178238273">
        <ele>331.5</ele>
      </trkpt>
      <trkpt lat="40.19358890131116" lon="-8.182896003127098">
        <ele>330.4</ele>
      </trkpt>
      <trkpt lat="40.193625278770924" lon="-8.182751666754484">
        <ele>330.2</ele>
      </trkpt>
      <trkpt lat="40.19370733760297" lon="-8.182474225759506">
        <ele>330.3</ele>
      </trkpt>
      <trkpt lat="40.1937869656831" lon="-8.182293009012938">
        <ele>330</ele>
      </trkpt>
      <trkpt lat="40.194010427221656" lon="-8.181930407881737">
        <ele>328.7</ele>
      </trkpt>
      <trkpt lat="40.19424461759627" lon="-8.181574512273073">
        <ele>327.7</ele>
      </trkpt>
      <trkpt lat="40.19439524039626" lon="-8.181411568075418">
        <ele>327.5</ele>
      </trkpt>
      <trkpt lat="40.19448132254183" lon="-8.181351637467742">
        <ele>327.5</ele>
      </trkpt>
      <trkpt lat="40.194682320579886" lon="-8.181294975802302">
        <ele>327.8</ele>
      </trkpt>
      <trkpt lat="40.19523963332176" lon="-8.181202188134193">
        <ele>327.8</ele>
      </trkpt>
      <trkpt lat="40.19542462192476" lon="-8.181170923635364">
        <ele>327.7</ele>
      </trkpt>
      <trkpt lat="40.19575788639486" lon="-8.181117866188288">
        <ele>326.2</ele>
      </trkpt>
      <trkpt lat="40.195896439254284" lon="-8.181092636659741">
        <ele>325.2</ele>
      </trkpt>
      <trkpt lat="40.19603700377047" lon="-8.181058270856738">
        <ele>324.1</ele>
      </trkpt>
      <trkpt lat="40.196614768356085" lon="-8.180847130715847">
        <ele>324.3</ele>
      </trkpt>
      <trkpt lat="40.196685595437884" lon="-8.180817207321525">
        <ele>324.2</ele>
      </trkpt>
      <trkpt lat="40.197154730558395" lon="-8.18060933612287">
        <ele>321.2</ele>
      </trkpt>
      <trkpt lat="40.19751640968025" lon="-8.18044169805944">
        <ele>320.2</ele>
      </trkpt>
      <trkpt lat="40.1975757535547" lon="-8.18041143938899">
        <ele>320.2</ele>
      </trkpt>
      <trkpt lat="40.19781396724284" lon="-8.180291075259447">
        <ele>320</ele>
      </trkpt>
      <trkpt lat="40.1980937551707" lon="-8.180153528228402">
        <ele>320.6</ele>
      </trkpt>
      <trkpt lat="40.1984185539186" lon="-8.179959570989013">
        <ele>321.9</ele>
      </trkpt>
      <trkpt lat="40.198466246947646" lon="-8.179912716150284">
        <ele>321.8</ele>
      </trkpt>
      <trkpt lat="40.19859264604747" lon="-8.179737366735935">
        <ele>320.8</ele>
      </trkpt>
      <trkpt lat="40.19872357137501" lon="-8.179321540519595">
        <ele>320.8</ele>
      </trkpt>
      <trkpt lat="40.19879951141775" lon="-8.17854386754334">
        <ele>320.5</ele>
      </trkpt>
      <trkpt lat="40.19876548089087" lon="-8.177765859290957">
        <ele>313.1</ele>
      </trkpt>
      <trkpt lat="40.19867168739438" lon="-8.177479365840554">
        <ele>311.8</ele>
      </trkpt>
      <trkpt lat="40.19840338267386" lon="-8.17707502283156">
        <ele>308.9</ele>
      </trkpt>
      <trkpt lat="40.19820615649223" lon="-8.17687620408833">
        <ele>306.4</ele>
      </trkpt>
      <trkpt lat="40.198073806241155" lon="-8.176743853837252">
        <ele>305.8</ele>
      </trkpt>
      <trkpt lat="40.19786970689893" lon="-8.17654780112207">
        <ele>304.9</ele>
      </trkpt>
      <trkpt lat="40.19763560034335" lon="-8.176394999027252">
        <ele>305.4</ele>
      </trkpt>
      <trkpt lat="40.19723461009562" lon="-8.17626097239554">
        <ele>306.9</ele>
      </trkpt>
      <trkpt lat="40.196957839652896" lon="-8.176175812259316">
        <ele>306.7</ele>
      </trkpt>
      <trkpt lat="40.196707639843225" lon="-8.175565861165524">
        <ele>304</ele>
      </trkpt>
      <trkpt lat="40.19673069007695" lon="-8.175483467057347">
        <ele>303.4</ele>
      </trkpt>
      <trkpt lat="40.196889862418175" lon="-8.17519186064601">
        <ele>298.4</ele>
      </trkpt>
      <trkpt lat="40.196972424164414" lon="-8.175039561465383">
        <ele>294.6</ele>
      </trkpt>
      <trkpt lat="40.1969972345978" lon="-8.17474921233952">
        <ele>290.3</ele>
      </trkpt>
      <trkpt lat="40.19694794900715" lon="-8.174552489072084">
        <ele>288.8</ele>
      </trkpt>
      <trkpt lat="40.19686236977577" lon="-8.174377139657736">
        <ele>288.3</ele>
      </trkpt>
      <trkpt lat="40.19682431593537" lon="-8.174285357818007">
        <ele>287.9</ele>
      </trkpt>
      <trkpt lat="40.19676899537444" lon="-8.17360776476562">
        <ele>292.6</ele>
      </trkpt>
      <trkpt lat="40.19678492099047" lon="-8.17333510145545">
        <ele>292.5</ele>
      </trkpt>
      <trkpt lat="40.196775114163756" lon="-8.173044500872493">
        <ele>292.9</ele>
      </trkpt>
      <trkpt lat="40.196744771674275" lon="-8.172748954966664">
        <ele>290.8</ele>
      </trkpt>
      <trkpt lat="40.196650894358754" lon="-8.17245022393763">
        <ele>286.9</ele>
      </trkpt>
      <trkpt lat="40.196561543270946" lon="-8.172264397144318">
        <ele>286.2</ele>
      </trkpt>
      <trkpt lat="40.19647981971502" lon="-8.172070439904928">
        <ele>286</ele>
      </trkpt>
      <trkpt lat="40.19640882499516" lon="-8.171629132702947">
        <ele>285.8</ele>
      </trkpt>
      <trkpt lat="40.19638694822788" lon="-8.171399552375078">
        <ele>285.7</ele>
      </trkpt>
      <trkpt lat="40.19629650749266" lon="-8.170608635991812">
        <ele>280.8</ele>
      </trkpt>
      <trkpt lat="40.19627965986729" lon="-8.170383581891656">
        <ele>278.8</ele>
      </trkpt>
      <trkpt lat="40.1962651591748" lon="-8.169677155092359">
        <ele>276.6</ele>
      </trkpt>
      <trkpt lat="40.19618997350335" lon="-8.168971901759505">
        <ele>275.7</ele>
      </trkpt>
      <trkpt lat="40.19617564044893" lon="-8.168862853199244">
        <ele>275.4</ele>
      </trkpt>
      <trkpt lat="40.196130042895675" lon="-8.16855146549642">
        <ele>274.9</ele>
      </trkpt>
      <trkpt lat="40.19579493440688" lon="-8.16807403229177">
        <ele>273.4</ele>
      </trkpt>
      <trkpt lat="40.1957109477371" lon="-8.168030446395278">
        <ele>272.7</ele>
      </trkpt>
      <trkpt lat="40.19519655033946" lon="-8.167793489992619">
        <ele>267.1</ele>
      </trkpt>
      <trkpt lat="40.194946601986885" lon="-8.167733391746879">
        <ele>264.9</ele>
      </trkpt>
      <trkpt lat="40.19439364783466" lon="-8.16792692989111">
        <ele>258.8</ele>
      </trkpt>
      <trkpt lat="40.19405510276556" lon="-8.168426407501101">
        <ele>255.8</ele>
      </trkpt>
      <trkpt lat="40.19396223127842" lon="-8.168624471873045">
        <ele>255.8</ele>
      </trkpt>
      <trkpt lat="40.19381772726774" lon="-8.168904930353165">
        <ele>254.2</ele>
      </trkpt>
      <trkpt lat="40.19348152913153" lon="-8.169193686917424">
        <ele>251.5</ele>
      </trkpt>
      <trkpt lat="40.193069810047746" lon="-8.169128559529781">
        <ele>252.9</ele>
      </trkpt>
      <trkpt lat="40.192499002441764" lon="-8.168866960331798">
        <ele>244.3</ele>
      </trkpt>
      <trkpt lat="40.19216691143811" lon="-8.16820445470512">
        <ele>242.9</ele>
      </trkpt>
      <trkpt lat="40.1920360699296" lon="-8.167488388717175">
        <ele>242.2</ele>
      </trkpt>
      <trkpt lat="40.192011343315244" lon="-8.167370539158583">
        <ele>242</ele>
      </trkpt>
      <trkpt lat="40.191740775480866" lon="-8.166849184781313">
        <ele>239</ele>
      </trkpt>
      <trkpt lat="40.191585794091225" lon="-8.16668288782239">
        <ele>237</ele>
      </trkpt>
      <trkpt lat="40.191413797438145" lon="-8.166534779593349">
        <ele>238.7</ele>
      </trkpt>
      <trkpt lat="40.19122587516904" lon="-8.166413744911551">
        <ele>238.4</ele>
      </trkpt>
      <trkpt lat="40.19104423932731" lon="-8.166275024414062">
        <ele>234.6</ele>
      </trkpt>
      <trkpt lat="40.19087836146355" lon="-8.166104955598712">
        <ele>230.1</ele>
      </trkpt>
      <trkpt lat="40.1906924508512" lon="-8.165751909837127">
        <ele>228.1</ele>
      </trkpt>
      <trkpt lat="40.19064635038376" lon="-8.165618134662509">
        <ele>228.2</ele>
      </trkpt>
      <trkpt lat="40.19057317636907" lon="-8.165335915982723">
        <ele>227.6</ele>
      </trkpt>
      <trkpt lat="40.19051165319979" lon="-8.16505428403616">
        <ele>224.6</ele>
      </trkpt>
      <trkpt lat="40.19005760550499" lon="-8.164693946018815">
        <ele>218.9</ele>
      </trkpt>
      <trkpt lat="40.189579082652926" lon="-8.165175737813115">
        <ele>220.5</ele>
      </trkpt>
      <trkpt lat="40.18946391530335" lon="-8.165403306484222">
        <ele>222</ele>
      </trkpt>
      <trkpt lat="40.189067954197526" lon="-8.165832376107574">
        <ele>217.8</ele>
      </trkpt>
      <trkpt lat="40.18898765556514" lon="-8.165915356948972">
        <ele>216.2</ele>
      </trkpt>
      <trkpt lat="40.188760086894035" lon="-8.16662723198533">
        <ele>213.1</ele>
      </trkpt>
      <trkpt lat="40.18875581212342" lon="-8.166761929169297">
        <ele>213.2</ele>
      </trkpt>
      <trkpt lat="40.18875480629504" lon="-8.167306166142225">
        <ele>215.2</ele>
      </trkpt>
      <trkpt lat="40.188763439655304" lon="-8.167567932978272">
        <ele>218.5</ele>
      </trkpt>
      <trkpt lat="40.188350547105074" lon="-8.167747305706143">
        <ele>210.3</ele>
      </trkpt>
      <trkpt lat="40.18830897286534" lon="-8.167639262974262">
        <ele>207.4</ele>
      </trkpt>
      <trkpt lat="40.18836244940758" lon="-8.167178509756923">
        <ele>203.9</ele>
      </trkpt>
      <trkpt lat="40.18842263147235" lon="-8.166935853660107">
        <ele>203</ele>
      </trkpt>
      <trkpt lat="40.188417015597224" lon="-8.166393293067813">
        <ele>201.5</ele>
      </trkpt>
      <trkpt lat="40.1883870922029" lon="-8.166122809052467">
        <ele>198.4</ele>
      </trkpt>
      <trkpt lat="40.18839446827769" lon="-8.16585567779839">
        <ele>195.9</ele>
      </trkpt>
      <trkpt lat="40.18854190595448" lon="-8.165347147732973">
        <ele>194.3</ele>
      </trkpt>
      <trkpt lat="40.18867442384362" lon="-8.164967112243176">
        <ele>193.5</ele>
      </trkpt>
      <trkpt lat="40.188722955062985" lon="-8.164394795894623">
        <ele>187.9</ele>
      </trkpt>
      <trkpt lat="40.18873292952776" lon="-8.164108134806156">
        <ele>184.9</ele>
      </trkpt>
      <trkpt lat="40.189099637791514" lon="-8.163619553670287">
        <ele>184</ele>
      </trkpt>
      <trkpt lat="40.18931044265628" lon="-8.163534225896">
        <ele>185</ele>
      </trkpt>
      <trkpt lat="40.18941856920719" lon="-8.16351075656712">
        <ele>185.6</ele>
      </trkpt>
      <trkpt lat="40.18997998908162" lon="-8.163593066856265">
        <ele>188.5</ele>
      </trkpt>
      <trkpt lat="40.190543504431844" lon="-8.163730446249247">
        <ele>184.8</ele>
      </trkpt>
      <trkpt lat="40.190878277644515" lon="-8.16378341987729">
        <ele>179.8</ele>
      </trkpt>
      <trkpt lat="40.19115949049592" lon="-8.163591055199504">
        <ele>175.6</ele>
      </trkpt>
      <trkpt lat="40.19116384908557" lon="-8.162854872643948">
        <ele>175.2</ele>
      </trkpt>
      <trkpt lat="40.191031163558364" lon="-8.16266980022192">
        <ele>175.2</ele>
      </trkpt>
      <trkpt lat="40.190823040902615" lon="-8.162424881011248">
        <ele>174.5</ele>
      </trkpt>
      <trkpt lat="40.19061324186623" lon="-8.162188427522779">
        <ele>173.1</ele>
      </trkpt>
      <trkpt lat="40.19033362157643" lon="-8.161878883838654">
        <ele>172.2</ele>
      </trkpt>
      <trkpt lat="40.189858451485634" lon="-8.161350404843688">
        <ele>169.7</ele>
      </trkpt>
      <trkpt lat="40.189684526994824" lon="-8.161114370450377">
        <ele>170.1</ele>
      </trkpt>
      <trkpt lat="40.18954538740218" lon="-8.16076761111617">
        <ele>172</ele>
      </trkpt>
      <trkpt lat="40.18937012180686" lon="-8.160188924521208">
        <ele>175.3</ele>
      </trkpt>
      <trkpt lat="40.18914230167866" lon="-8.159474786370993">
        <ele>172.7</ele>
      </trkpt>
      <trkpt lat="40.189101649448276" lon="-8.159393984824419">
        <ele>172</ele>
      </trkpt>
      <trkpt lat="40.18875790759921" lon="-8.158876821398735">
        <ele>171</ele>
      </trkpt>
      <trkpt lat="40.18850577995181" lon="-8.158227894455194">
        <ele>170</ele>
      </trkpt>
      <trkpt lat="40.18832623958588" lon="-8.15784559585154">
        <ele>171.6</ele>
      </trkpt>
      <trkpt lat="40.187866324558854" lon="-8.157303957268596">
        <ele>171.8</ele>
      </trkpt>
      <trkpt lat="40.187439266592264" lon="-8.156808167696">
        <ele>165.2</ele>
      </trkpt>
      <trkpt lat="40.18713961355388" lon="-8.156486554071307">
        <ele>162.3</ele>
      </trkpt>
      <trkpt lat="40.18682420253754" lon="-8.156079612672329">
        <ele>163.3</ele>
      </trkpt>
      <trkpt lat="40.18659805878997" lon="-8.155718185007572">
        <ele>164.2</ele>
      </trkpt>
      <trkpt lat="40.186399994418025" lon="-8.155344016849995">
        <ele>163.9</ele>
      </trkpt>
      <trkpt lat="40.18624811433256" lon="-8.155063977465034">
        <ele>162.7</ele>
      </trkpt>
      <trkpt lat="40.18603219650686" lon="-8.154656700789928">
        <ele>162.6</ele>
      </trkpt>
      <trkpt lat="40.18575869500637" lon="-8.154031410813332">
        <ele>165</ele>
      </trkpt>
      <trkpt lat="40.18564386293292" lon="-8.15375229343772">
        <ele>166</ele>
      </trkpt>
      <trkpt lat="40.1853774022311" lon="-8.153104707598686">
        <ele>165.9</ele>
      </trkpt>
      <trkpt lat="40.185165759176016" lon="-8.1526861153543">
        <ele>163.7</ele>
      </trkpt>
      <trkpt lat="40.18512041307986" lon="-8.152625430375338">
        <ele>163.2</ele>
      </trkpt>
      <trkpt lat="40.18483090214431" lon="-8.15244035795331">
        <ele>161.2</ele>
      </trkpt>
      <trkpt lat="40.18438255414367" lon="-8.152326950803399">
        <ele>159.1</ele>
      </trkpt>
      <trkpt lat="40.1839320268482" lon="-8.15222930163145">
        <ele>160.3</ele>
      </trkpt>
      <trkpt lat="40.183422826230526" lon="-8.152108937501907">
        <ele>160.3</ele>
      </trkpt>
      <trkpt lat="40.183107582852244" lon="-8.151679364964366">
        <ele>165.2</ele>
      </trkpt>
      <trkpt lat="40.18298730254173" lon="-8.151284661144018">
        <ele>167.6</ele>
      </trkpt>
      <trkpt lat="40.182859394699335" lon="-8.150536241009831">
        <ele>167.9</ele>
      </trkpt>
      <trkpt lat="40.18279502168298" lon="-8.150226194411516">
        <ele>167.9</ele>
      </trkpt>
      <trkpt lat="40.18264951184392" lon="-8.14985848031938">
        <ele>168.2</ele>
      </trkpt>
      <trkpt lat="40.1825091149658" lon="-8.149626972153783">
        <ele>169.4</ele>
      </trkpt>
      <trkpt lat="40.18242219462991" lon="-8.14949294552207">
        <ele>170.2</ele>
      </trkpt>
      <trkpt lat="40.182289173826575" lon="-8.14926428720355">
        <ele>171.5</ele>
      </trkpt>
      <trkpt lat="40.181866558268666" lon="-8.148800265043974">
        <ele>171.5</ele>
      </trkpt>
      <trkpt lat="40.18157109618187" lon="-8.148583006113768">
        <ele>171.7</ele>
      </trkpt>
      <trkpt lat="40.18112802878022" lon="-8.148305397480726">
        <ele>176.6</ele>
      </trkpt>
      <trkpt lat="40.18078822642565" lon="-8.148055616766214">
        <ele>179.2</ele>
      </trkpt>
      <trkpt lat="40.18049175851047" lon="-8.147839615121484">
        <ele>180.9</ele>
      </trkpt>
      <trkpt lat="40.1804590690881" lon="-8.147808518260717">
        <ele>181</ele>
      </trkpt>
      <trkpt lat="40.18021364696324" lon="-8.147532502189279">
        <ele>181.2</ele>
      </trkpt>
      <trkpt lat="40.180132845416665" lon="-8.147436361759901">
        <ele>181.4</ele>
      </trkpt>
      <trkpt lat="40.17999781295657" lon="-8.147285068407655">
        <ele>182.2</ele>
      </trkpt>
      <trkpt lat="40.17984123900533" lon="-8.147117095068097">
        <ele>183.5</ele>
      </trkpt>
      <trkpt lat="40.17972422763705" lon="-8.146988097578287">
        <ele>184.1</ele>
      </trkpt>
      <trkpt lat="40.17946790903807" lon="-8.146711830049753">
        <ele>184.2</ele>
      </trkpt>
      <trkpt lat="40.17923011444509" lon="-8.146325843408704">
        <ele>183.8</ele>
      </trkpt>
      <trkpt lat="40.17906071618199" lon="-8.146044630557299">
        <ele>183.2</ele>
      </trkpt>
      <trkpt lat="40.17869794741273" lon="-8.145553702488542">
        <ele>183.2</ele>
      </trkpt>
      <trkpt lat="40.178419249132276" lon="-8.145260838791728">
        <ele>187.6</ele>
      </trkpt>
      <trkpt lat="40.178095791488886" lon="-8.14491642639041">
        <ele>190.5</ele>
      </trkpt>
      <trkpt lat="40.17768055200577" lon="-8.144427258521318">
        <ele>196.6</ele>
      </trkpt>
      <trkpt lat="40.17746044322848" lon="-8.143764836713672">
        <ele>202.4</ele>
      </trkpt>
      <trkpt lat="40.177284590899944" lon="-8.143262593075633">
        <ele>206.9</ele>
      </trkpt>
      <trkpt lat="40.17714645713568" lon="-8.142843833193183">
        <ele>207.8</ele>
      </trkpt>
      <trkpt lat="40.17706112936139" lon="-8.142566811293364">
        <ele>207.4</ele>
      </trkpt>
      <trkpt lat="40.17696591094136" lon="-8.142210496589541">
        <ele>208.2</ele>
      </trkpt>
      <trkpt lat="40.176860466599464" lon="-8.141845464706421">
        <ele>210.8</ele>
      </trkpt>
      <trkpt lat="40.176718309521675" lon="-8.141314974054694">
        <ele>210.6</ele>
      </trkpt>
      <trkpt lat="40.17671076580882" lon="-8.141280189156532">
        <ele>210.3</ele>
      </trkpt>
      <trkpt lat="40.1766446325928" lon="-8.140716506168246">
        <ele>207.1</ele>
      </trkpt>
      <trkpt lat="40.17665351741016" lon="-8.140367064625025">
        <ele>208.7</ele>
      </trkpt>
      <trkpt lat="40.176653852686286" lon="-8.140106303617358">
        <ele>211.2</ele>
      </trkpt>
      <trkpt lat="40.17663046717644" lon="-8.139604227617383">
        <ele>217.8</ele>
      </trkpt>
      <trkpt lat="40.17662283964455" lon="-8.139271214604378">
        <ele>219.3</ele>
      </trkpt>
      <trkpt lat="40.1766219176352" lon="-8.138828314840794">
        <ele>218.6</ele>
      </trkpt>
      <trkpt lat="40.176622085273266" lon="-8.13878464512527">
        <ele>218.6</ele>
      </trkpt>
      <trkpt lat="40.17662518657744" lon="-8.138507790863514">
        <ele>218.8</ele>
      </trkpt>
      <trkpt lat="40.17661789432168" lon="-8.138331100344658">
        <ele>219.3</ele>
      </trkpt>
      <trkpt lat="40.17662619240582" lon="-8.137926924973726">
        <ele>218.2</ele>
      </trkpt>
      <trkpt lat="40.17663440667093" lon="-8.13777420669794">
        <ele>217.9</ele>
      </trkpt>
      <trkpt lat="40.176652763038874" lon="-8.13754454255104">
        <ele>217.5</ele>
      </trkpt>
      <trkpt lat="40.17668235115707" lon="-8.137298617511988">
        <ele>217.4</ele>
      </trkpt>
      <trkpt lat="40.176689894869924" lon="-8.136939285323024">
        <ele>217.3</ele>
      </trkpt>
      <trkpt lat="40.17667447216809" lon="-8.136737113818526">
        <ele>218.2</ele>
      </trkpt>
      <trkpt lat="40.17665846273303" lon="-8.136339392513037">
        <ele>218</ele>
      </trkpt>
      <trkpt lat="40.17662636004388" lon="-8.135590804740787">
        <ele>215.9</ele>
      </trkpt>
      <trkpt lat="40.17653524875641" lon="-8.135025277733803">
        <ele>214.9</ele>
      </trkpt>
      <trkpt lat="40.176438856869936" lon="-8.13450233079493">
        <ele>213.3</ele>
      </trkpt>
      <trkpt lat="40.176280522719026" lon="-8.133816104382277">
        <ele>211.2</ele>
      </trkpt>
      <trkpt lat="40.17607256770134" lon="-8.133161310106516">
        <ele>221.1</ele>
      </trkpt>
      <trkpt lat="40.1759728230536" lon="-8.132807845249772">
        <ele>223.2</ele>
      </trkpt>
      <trkpt lat="40.17583753913641" lon="-8.132250364869833">
        <ele>221.7</ele>
      </trkpt>
      <trkpt lat="40.17568297684193" lon="-8.13156028278172">
        <ele>217.6</ele>
      </trkpt>
      <trkpt lat="40.175635535269976" lon="-8.131395662203431">
        <ele>217.3</ele>
      </trkpt>
      <trkpt lat="40.175607204437256" lon="-8.131248643621802">
        <ele>216.4</ele>
      </trkpt>
      <trkpt lat="40.17562631517649" lon="-8.130774814635515">
        <ele>213.2</ele>
      </trkpt>
      <trkpt lat="40.175660848617554" lon="-8.130654534325004">
        <ele>212.6</ele>
      </trkpt>
      <trkpt lat="40.17595622688532" lon="-8.129992447793484">
        <ele>210.6</ele>
      </trkpt>
      <trkpt lat="40.176009787246585" lon="-8.129838472232223">
        <ele>209.1</ele>
      </trkpt>
      <trkpt lat="40.17602135427296" lon="-8.129410576075315">
        <ele>208</ele>
      </trkpt>
      <trkpt lat="40.17598321661353" lon="-8.128972873091698">
        <ele>206.4</ele>
      </trkpt>
      <trkpt lat="40.175956478342414" lon="-8.128223028033972">
        <ele>199.6</ele>
      </trkpt>
      <trkpt lat="40.17593150027096" lon="-8.128125797957182">
        <ele>199.2</ele>
      </trkpt>
      <trkpt lat="40.17571549862623" lon="-8.127424651756883">
        <ele>199.1</ele>
      </trkpt>
      <trkpt lat="40.175643330439925" lon="-8.12709809280932">
        <ele>197.9</ele>
      </trkpt>
      <trkpt lat="40.17545406706631" lon="-8.12642184086144">
        <ele>197.1</ele>
      </trkpt>
      <trkpt lat="40.17527176067233" lon="-8.125679539516568">
        <ele>195.4</ele>
      </trkpt>
      <trkpt lat="40.175106804817915" lon="-8.12498233281076">
        <ele>197.7</ele>
      </trkpt>
      <trkpt lat="40.17490815371275" lon="-8.124540271237493">
        <ele>197.9</ele>
      </trkpt>
      <trkpt lat="40.174857610836625" lon="-8.124426947906613">
        <ele>196.9</ele>
      </trkpt>
      <trkpt lat="40.174628449603915" lon="-8.124016067013144">
        <ele>194.6</ele>
      </trkpt>
      <trkpt lat="40.17454664222896" lon="-8.123845243826509">
        <ele>194</ele>
      </trkpt>
      <trkpt lat="40.17426140606403" lon="-8.123218948021531">
        <ele>195.2</ele>
      </trkpt>
      <trkpt lat="40.17394985072315" lon="-8.12259055674076">
        <ele>196</ele>
      </trkpt>
      <trkpt lat="40.17373896203935" lon="-8.122226614505053">
        <ele>197.9</ele>
      </trkpt>
      <trkpt lat="40.17339228652418" lon="-8.121840711683035">
        <ele>195.1</ele>
      </trkpt>
      <trkpt lat="40.17294234596193" lon="-8.121568970382214">
        <ele>194.5</ele>
      </trkpt>
      <trkpt lat="40.172268357127905" lon="-8.121259761974216">
        <ele>201.5</ele>
      </trkpt>
      <trkpt lat="40.17178723588586" lon="-8.121057925745845">
        <ele>204.8</ele>
      </trkpt>
      <trkpt lat="40.171026326715946" lon="-8.120401287451386">
        <ele>205</ele>
      </trkpt>
      <trkpt lat="40.17017640173435" lon="-8.119324883446097">
        <ele>203.4</ele>
      </trkpt>
      <trkpt lat="40.169498892501" lon="-8.118215287104249">
        <ele>196.5</ele>
      </trkpt>
      <trkpt lat="40.16876991838217" lon="-8.117283219471574">
        <ele>195.4</ele>
      </trkpt>
      <trkpt lat="40.16868299804628" lon="-8.117153719067574">
        <ele>196.1</ele>
      </trkpt>
      <trkpt lat="40.16862591728568" lon="-8.11705975793302">
        <ele>197</ele>
      </trkpt>
      <trkpt lat="40.16857076436281" lon="-8.116964623332024">
        <ele>197.6</ele>
      </trkpt>
      <trkpt lat="40.16843288205564" lon="-8.11669321730733">
        <ele>199.2</ele>
      </trkpt>
      <trkpt lat="40.16840388067067" lon="-8.116640076041222">
        <ele>199.4</ele>
      </trkpt>
      <trkpt lat="40.16824956983328" lon="-8.116378728300333">
        <ele>200.2</ele>
      </trkpt>
      <trkpt lat="40.168179580941796" lon="-8.11628183349967">
        <ele>200.5</ele>
      </trkpt>
      <trkpt lat="40.16803331673145" lon="-8.116093575954437">
        <ele>200.5</ele>
      </trkpt>
      <trkpt lat="40.16760860569775" lon="-8.115601055324078">
        <ele>199.1</ele>
      </trkpt>
      <trkpt lat="40.16753559932113" lon="-8.115499969571829">
        <ele>198.4</ele>
      </trkpt>
      <trkpt lat="40.16739260405302" lon="-8.115300480276346">
        <ele>196.5</ele>
      </trkpt>
      <trkpt lat="40.167263271287084" lon="-8.115112306550145">
        <ele>194.6</ele>
      </trkpt>
      <trkpt lat="40.16695590689778" lon="-8.11449883505702">
        <ele>190.6</ele>
      </trkpt>
      <trkpt lat="40.16683168709278" lon="-8.114240504801273">
        <ele>189.7</ele>
      </trkpt>
      <trkpt lat="40.16664560884237" lon="-8.11387094669044">
        <ele>187.7</ele>
      </trkpt>
      <trkpt lat="40.16652817837894" lon="-8.11369450762868">
        <ele>187.2</ele>
      </trkpt>
      <trkpt lat="40.16633363440633" lon="-8.11343852430582">
        <ele>187.6</ele>
      </trkpt>
      <trkpt lat="40.16615325585008" lon="-8.113194610923529">
        <ele>187.9</ele>
      </trkpt>
      <trkpt lat="40.16590942628682" lon="-8.11289512552321">
        <ele>187.1</ele>
      </trkpt>
      <trkpt lat="40.16555864363909" lon="-8.112501678988338">
        <ele>186.1</ele>
      </trkpt>
      <trkpt lat="40.16511809080839" lon="-8.112253407016397">
        <ele>187.8</ele>
      </trkpt>
      <trkpt lat="40.164858335629106" lon="-8.11212558299303">
        <ele>188.1</ele>
      </trkpt>
      <trkpt lat="40.16429767012596" lon="-8.111853757873178">
        <ele>188.4</ele>
      </trkpt>
      <trkpt lat="40.16413623467088" lon="-8.111773962154984">
        <ele>187.9</ele>
      </trkpt>
      <trkpt lat="40.16384370625019" lon="-8.111634235829115">
        <ele>187.9</ele>
      </trkpt>
      <trkpt lat="40.16370917670429" lon="-8.111570281907916">
        <ele>188.6</ele>
      </trkpt>
      <trkpt lat="40.163624938577414" lon="-8.111522421240807">
        <ele>189</ele>
      </trkpt>
      <trkpt lat="40.16354355029762" lon="-8.111474895849824">
        <ele>189.1</ele>
      </trkpt>
      <trkpt lat="40.163381192833185" lon="-8.11140138655901">
        <ele>189.8</ele>
      </trkpt>
      <trkpt lat="40.163119761273265" lon="-8.111315639689565">
        <ele>190.1</ele>
      </trkpt>
      <trkpt lat="40.16261978074908" lon="-8.111268281936646">
        <ele>190.2</ele>
      </trkpt>
      <trkpt lat="40.16242599114776" lon="-8.111299211159348">
        <ele>190.7</ele>
      </trkpt>
      <trkpt lat="40.16223697923124" lon="-8.11131639406085">
        <ele>191.1</ele>
      </trkpt>
      <trkpt lat="40.162066826596856" lon="-8.111343886703253">
        <ele>191.1</ele>
      </trkpt>
      <trkpt lat="40.16188921406865" lon="-8.111409349367023">
        <ele>191.1</ele>
      </trkpt>
      <trkpt lat="40.16101749613881" lon="-8.111893655732274">
        <ele>190.9</ele>
      </trkpt>
      <trkpt lat="40.16083233989775" lon="-8.111982168629766">
        <ele>191.3</ele>
      </trkpt>
      <trkpt lat="40.1606588345021" lon="-8.112041847780347">
        <ele>191.7</ele>
      </trkpt>
      <trkpt lat="40.16054735518992" lon="-8.112083924934268">
        <ele>192.1</ele>
      </trkpt>
      <trkpt lat="40.16032171435654" lon="-8.112170426174998">
        <ele>193.2</ele>
      </trkpt>
      <trkpt lat="40.160157261416316" lon="-8.112259190529585">
        <ele>194</ele>
      </trkpt>
      <trkpt lat="40.15996254980564" lon="-8.112427163869143">
        <ele>194</ele>
      </trkpt>
      <trkpt lat="40.159820560365915" lon="-8.11254970729351">
        <ele>192.7</ele>
      </trkpt>
      <trkpt lat="40.15964671969414" lon="-8.112727738916874">
        <ele>192.6</ele>
      </trkpt>
      <trkpt lat="40.159509843215346" lon="-8.112865118309855">
        <ele>193.4</ele>
      </trkpt>
      <trkpt lat="40.15931840054691" lon="-8.11305781826377">
        <ele>194.3</ele>
      </trkpt>
      <trkpt lat="40.159091083332896" lon="-8.113205088302493">
        <ele>194.4</ele>
      </trkpt>
      <trkpt lat="40.15884708613157" lon="-8.113319166004658">
        <ele>193.5</ele>
      </trkpt>
      <trkpt lat="40.15860702842474" lon="-8.113433495163918">
        <ele>192.3</ele>
      </trkpt>
      <trkpt lat="40.15842329710722" lon="-8.113504070788622">
        <ele>191.7</ele>
      </trkpt>
      <trkpt lat="40.158178796991706" lon="-8.113631140440702">
        <ele>192.3</ele>
      </trkpt>
      <trkpt lat="40.157934464514256" lon="-8.113752258941531">
        <ele>192.9</ele>
      </trkpt>
      <trkpt lat="40.15776330605149" lon="-8.113825600594282">
        <ele>193.3</ele>
      </trkpt>
      <trkpt lat="40.157706309109926" lon="-8.113841023296118">
        <ele>193.4</ele>
      </trkpt>
      <trkpt lat="40.15753095969558" lon="-8.11387631110847">
        <ele>193.8</ele>
      </trkpt>
      <trkpt lat="40.15729811042547" lon="-8.113911682739854">
        <ele>194</ele>
      </trkpt>
      <trkpt lat="40.15718361362815" lon="-8.113928446546197">
        <ele>194.2</ele>
      </trkpt>
      <trkpt lat="40.1570185739547" lon="-8.11394085176289">
        <ele>194.5</ele>
      </trkpt>
      <trkpt lat="40.15690424479544" lon="-8.11392517760396">
        <ele>194.7</ele>
      </trkpt>
      <trkpt lat="40.15666896477342" lon="-8.113854685798287">
        <ele>195</ele>
      </trkpt>
      <trkpt lat="40.15637928619981" lon="-8.113733315840364">
        <ele>196</ele>
      </trkpt>
      <trkpt lat="40.1562709081918" lon="-8.11368579044938">
        <ele>196.5</ele>
      </trkpt>
      <trkpt lat="40.15611274167895" lon="-8.1136295478791">
        <ele>197.2</ele>
      </trkpt>
      <trkpt lat="40.156005872413516" lon="-8.113609766587615">
        <ele>197.3</ele>
      </trkpt>
      <trkpt lat="40.15580705367029" lon="-8.113647233694792">
        <ele>197.4</ele>
      </trkpt>
      <trkpt lat="40.15555358491838" lon="-8.113728873431683">
        <ele>197.1</ele>
      </trkpt>
      <trkpt lat="40.15548275783658" lon="-8.113773800432682">
        <ele>197</ele>
      </trkpt>
      <trkpt lat="40.15547244809568" lon="-8.113793833181262">
        <ele>197</ele>
      </trkpt>
      <trkpt lat="40.15550371259451" lon="-8.113910760730505">
        <ele>197</ele>
      </trkpt>
      <trkpt lat="40.15551251359284" lon="-8.113935068249702">
        <ele>197</ele>
      </trkpt>
      <trkpt lat="40.15554034151137" lon="-8.114133467897773">
        <ele>197.3</ele>
      </trkpt>
      <trkpt lat="40.15556498430669" lon="-8.11432440765202">
        <ele>197.7</ele>
      </trkpt>
      <trkpt lat="40.15556573867798" lon="-8.114491207525134">
        <ele>198.6</ele>
      </trkpt>
      <trkpt lat="40.155586106702685" lon="-8.11465616337955">
        <ele>199.6</ele>
      </trkpt>
      <trkpt lat="40.15557856298983" lon="-8.114946763962507">
        <ele>201.8</ele>
      </trkpt>
      <trkpt lat="40.15556666068733" lon="-8.115172572433949">
        <ele>203.3</ele>
      </trkpt>
      <trkpt lat="40.15555886551738" lon="-8.115302743390203">
        <ele>204.1</ele>
      </trkpt>
      <trkpt lat="40.155507400631905" lon="-8.115625446662307">
        <ele>205.1</ele>
      </trkpt>
      <trkpt lat="40.15536264516413" lon="-8.115852428600192">
        <ele>205.6</ele>
      </trkpt>
      <trkpt lat="40.15507288277149" lon="-8.115944461897016">
        <ele>206.7</ele>
      </trkpt>
      <trkpt lat="40.15482561662793" lon="-8.115975223481655">
        <ele>207.9</ele>
      </trkpt>
      <trkpt lat="40.154529232531786" lon="-8.116034315899014">
        <ele>209</ele>
      </trkpt>
      <trkpt lat="40.15424760058522" lon="-8.116226010024548">
        <ele>211.4</ele>
      </trkpt>
      <trkpt lat="40.153952557593584" lon="-8.116574697196484">
        <ele>216</ele>
      </trkpt>
      <trkpt lat="40.15378366224468" lon="-8.116767732426524">
        <ele>216.9</ele>
      </trkpt>
      <trkpt lat="40.15359356068075" lon="-8.117015920579433">
        <ele>218.7</ele>
      </trkpt>
      <trkpt lat="40.15349348075688" lon="-8.117345916107297">
        <ele>220.3</ele>
      </trkpt>
      <trkpt lat="40.15350270085037" lon="-8.11767976731062">
        <ele>221.3</ele>
      </trkpt>
      <trkpt lat="40.15354628674686" lon="-8.11807606369257">
        <ele>222.4</ele>
      </trkpt>
      <trkpt lat="40.153504041954875" lon="-8.118429025635123">
        <ele>224.2</ele>
      </trkpt>
      <trkpt lat="40.15337026678026" lon="-8.118653995916247">
        <ele>226.4</ele>
      </trkpt>
      <trkpt lat="40.15327613800764" lon="-8.11887787654996">
        <ele>229.2</ele>
      </trkpt>
      <trkpt lat="40.15326683409512" lon="-8.118968401104212">
        <ele>230.4</ele>
      </trkpt>
      <trkpt lat="40.153118977323174" lon="-8.119221199303865">
        <ele>233.4</ele>
      </trkpt>
      <trkpt lat="40.15301235951483" lon="-8.119501322507858">
        <ele>234.5</ele>
      </trkpt>
      <trkpt lat="40.15310506336391" lon="-8.119941707700491">
        <ele>237.1</ele>
      </trkpt>
      <trkpt lat="40.153551986441016" lon="-8.119932487607002">
        <ele>243.4</ele>
      </trkpt>
      <trkpt lat="40.153839737176895" lon="-8.119752192869782">
        <ele>243.9</ele>
      </trkpt>
      <trkpt lat="40.1542142406106" lon="-8.119690418243408">
        <ele>247.3</ele>
      </trkpt>
      <trkpt lat="40.15468153171241" lon="-8.119813548400998">
        <ele>250.1</ele>
      </trkpt>
      <trkpt lat="40.154989650473" lon="-8.120024353265762">
        <ele>252</ele>
      </trkpt>
      <trkpt lat="40.155296847224236" lon="-8.1203090865165">
        <ele>253.4</ele>
      </trkpt>
      <trkpt lat="40.15566112473607" lon="-8.12058418057859">
        <ele>255.3</ele>
      </trkpt>
      <trkpt lat="40.155708314850926" lon="-8.120596166700125">
        <ele>255.6</ele>
      </trkpt>
      <trkpt lat="40.155853824689984" lon="-8.120609913021326">
        <ele>256.2</ele>
      </trkpt>
      <trkpt lat="40.15608332119882" lon="-8.120569344609976">
        <ele>255.5</ele>
      </trkpt>
      <trkpt lat="40.156167978420854" lon="-8.120547803118825">
        <ele>255.7</ele>
      </trkpt>
      <trkpt lat="40.15628892928362" lon="-8.120516119524837">
        <ele>255.9</ele>
      </trkpt>
      <trkpt lat="40.15644298866391" lon="-8.12045719474554">
        <ele>257.6</ele>
      </trkpt>
      <trkpt lat="40.156713807955384" lon="-8.120367592200637">
        <ele>261.3</ele>
      </trkpt>
      <trkpt lat="40.15699326060712" lon="-8.12035015784204">
        <ele>265.6</ele>
      </trkpt>
      <trkpt lat="40.1572001259774" lon="-8.12046985141933">
        <ele>271.1</ele>
      </trkpt>
      <trkpt lat="40.157462395727634" lon="-8.120650313794613">
        <ele>276.5</ele>
      </trkpt>
      <trkpt lat="40.15766800381243" lon="-8.120779395103455">
        <ele>278.7</ele>
      </trkpt>
      <trkpt lat="40.157854333519936" lon="-8.120873104780912">
        <ele>279.4</ele>
      </trkpt>
      <trkpt lat="40.15813361853361" lon="-8.120922390371561">
        <ele>278.7</ele>
      </trkpt>
      <trkpt lat="40.158464536070824" lon="-8.120973771438003">
        <ele>278.1</ele>
      </trkpt>
      <trkpt lat="40.158717250451446" lon="-8.120966060087085">
        <ele>274.5</ele>
      </trkpt>
      <trkpt lat="40.158986393362284" lon="-8.120938232168555">
        <ele>269.7</ele>
      </trkpt>
      <trkpt lat="40.15919837169349" lon="-8.12084418721497">
        <ele>267.8</ele>
      </trkpt>
      <trkpt lat="40.15941831283271" lon="-8.12069121748209">
        <ele>269.9</ele>
      </trkpt>
      <trkpt lat="40.15986246988177" lon="-8.120286874473095">
        <ele>276.4</ele>
      </trkpt>
      <trkpt lat="40.16002977266908" lon="-8.12013323418796">
        <ele>277.7</ele>
      </trkpt>
      <trkpt lat="40.16022750176489" lon="-8.119908683001995">
        <ele>278.9</ele>
      </trkpt>
      <trkpt lat="40.16032003797591" lon="-8.119768537580967">
        <ele>278.9</ele>
      </trkpt>
      <trkpt lat="40.16056529246271" lon="-8.1193333491683">
        <ele>279.6</ele>
      </trkpt>
      <trkpt lat="40.16077509149909" lon="-8.119020033627748">
        <ele>280.2</ele>
      </trkpt>
      <trkpt lat="40.16109058633447" lon="-8.118750639259815">
        <ele>283.9</ele>
      </trkpt>
      <trkpt lat="40.161254117265344" lon="-8.118579899892211">
        <ele>285.1</ele>
      </trkpt>
      <trkpt lat="40.16138965263963" lon="-8.118394743651152">
        <ele>284.9</ele>
      </trkpt>
      <trkpt lat="40.16141630709171" lon="-8.118348307907581">
        <ele>284.7</ele>
      </trkpt>
      <trkpt lat="40.16145586967468" lon="-8.118248814716935">
        <ele>283.7</ele>
      </trkpt>
      <trkpt lat="40.16149383969605" lon="-8.118144627660513">
        <ele>282.6</ele>
      </trkpt>
      <trkpt lat="40.16158604063094" lon="-8.117936253547668">
        <ele>281.3</ele>
      </trkpt>
      <trkpt lat="40.16180321574211" lon="-8.117740200832486">
        <ele>281.6</ele>
      </trkpt>
      <trkpt lat="40.16200203448534" lon="-8.11778630129993">
        <ele>285.3</ele>
      </trkpt>
      <trkpt lat="40.16208962537348" lon="-8.117918903008103">
        <ele>290.7</ele>
      </trkpt>
      <trkpt lat="40.16210412606597" lon="-8.11814496293664">
        <ele>294.8</ele>
      </trkpt>
      <trkpt lat="40.16209004446864" lon="-8.118220651522279">
        <ele>296.1</ele>
      </trkpt>
      <trkpt lat="40.16201360151172" lon="-8.11848116107285">
        <ele>297.1</ele>
      </trkpt>
      <trkpt lat="40.161835150793195" lon="-8.11887544579804">
        <ele>299</ele>
      </trkpt>
      <trkpt lat="40.161552764475346" lon="-8.119434686377645">
        <ele>305.3</ele>
      </trkpt>
      <trkpt lat="40.16125160269439" lon="-8.120030388236046">
        <ele>310.5</ele>
      </trkpt>
      <trkpt lat="40.16118538565934" lon="-8.120140945538878">
        <ele>310.7</ele>
      </trkpt>
      <trkpt lat="40.16097701154649" lon="-8.120518634095788">
        <ele>310.8</ele>
      </trkpt>
      <trkpt lat="40.160789927467704" lon="-8.120900010690093">
        <ele>313.5</ele>
      </trkpt>
      <trkpt lat="40.160687416791916" lon="-8.12110704369843">
        <ele>315.7</ele>
      </trkpt>
      <trkpt lat="40.16055774874985" lon="-8.121388256549835">
        <ele>316.5</ele>
      </trkpt>
      <trkpt lat="40.160385835915804" lon="-8.121706852689385">
        <ele>313.5</ele>
      </trkpt>
      <trkpt lat="40.16000940464437" lon="-8.122250000014901">
        <ele>319</ele>
      </trkpt>
      <trkpt lat="40.159712098538876" lon="-8.12255384400487">
        <ele>318.8</ele>
      </trkpt>
      <trkpt lat="40.15957019291818" lon="-8.122843857854605">
        <ele>322.8</ele>
      </trkpt>
      <trkpt lat="40.15937715768814" lon="-8.123303102329373">
        <ele>331.2</ele>
      </trkpt>
      <trkpt lat="40.15928520821035" lon="-8.123344089835882">
        <ele>332.3</ele>
      </trkpt>
      <trkpt lat="40.159098291769624" lon="-8.12332833185792">
        <ele>332.6</ele>
      </trkpt>
      <trkpt lat="40.15905495733023" lon="-8.123324560001493">
        <ele>332.7</ele>
      </trkpt>
      <trkpt lat="40.15896711498499" lon="-8.123311065137386">
        <ele>332.7</ele>
      </trkpt>
      <trkpt lat="40.15874667093158" lon="-8.123264713212848">
        <ele>332.1</ele>
      </trkpt>
      <trkpt lat="40.15823361463845" lon="-8.123513655737042">
        <ele>334.8</ele>
      </trkpt>
      <trkpt lat="40.158200254663825" lon="-8.12353947199881">
        <ele>334.9</ele>
      </trkpt>
      <trkpt lat="40.15769633464515" lon="-8.123811045661569">
        <ele>331.5</ele>
      </trkpt>
      <trkpt lat="40.15766238793731" lon="-8.123823283240199">
        <ele>331.2</ele>
      </trkpt>
      <trkpt lat="40.1571327354759" lon="-8.124125031754375">
        <ele>337.2</ele>
      </trkpt>
      <trkpt lat="40.15663979575038" lon="-8.124363329261541">
        <ele>336.9</ele>
      </trkpt>
      <trkpt lat="40.156277446076274" lon="-8.124542534351349">
        <ele>333</ele>
      </trkpt>
      <trkpt lat="40.15584032982588" lon="-8.124775886535645">
        <ele>335</ele>
      </trkpt>
      <trkpt lat="40.1555507350713" lon="-8.124953666701913">
        <ele>341.4</ele>
      </trkpt>
      <trkpt lat="40.15533573925495" lon="-8.125085346400738">
        <ele>344.4</ele>
      </trkpt>
      <trkpt lat="40.155264576897025" lon="-8.125100350007415">
        <ele>344.8</ele>
      </trkpt>
      <trkpt lat="40.15496676787734" lon="-8.125210907310247">
        <ele>348.5</ele>
      </trkpt>
      <trkpt lat="40.15473986975849" lon="-8.125323895365">
        <ele>352.6</ele>
      </trkpt>
      <trkpt lat="40.15447961166501" lon="-8.125404864549637">
        <ele>354</ele>
      </trkpt>
      <trkpt lat="40.15423444099724" lon="-8.125480888411403">
        <ele>353.9</ele>
      </trkpt>
      <trkpt lat="40.15403168275952" lon="-8.125582812353969">
        <ele>353.7</ele>
      </trkpt>
      <trkpt lat="40.15380872413516" lon="-8.1257314234972">
        <ele>352.1</ele>
      </trkpt>
      <trkpt lat="40.153566151857376" lon="-8.126128893345594">
        <ele>351.7</ele>
      </trkpt>
      <trkpt lat="40.15349213965237" lon="-8.126755692064762">
        <ele>357.3</ele>
      </trkpt>
      <trkpt lat="40.15346615575254" lon="-8.127464465796947">
        <ele>361.5</ele>
      </trkpt>
      <trkpt lat="40.153431789949536" lon="-8.127572843804955">
        <ele>362.2</ele>
      </trkpt>
      <trkpt lat="40.152936754748225" lon="-8.127730004489422">
        <ele>363.8</ele>
      </trkpt>
      <trkpt lat="40.15273726545274" lon="-8.127689519897103">
        <ele>364</ele>
      </trkpt>
      <trkpt lat="40.152404587715864" lon="-8.127612071111798">
        <ele>365.5</ele>
      </trkpt>
      <trkpt lat="40.15216754749417" lon="-8.127595307305455">
        <ele>367.6</ele>
      </trkpt>
      <trkpt lat="40.15199680812657" lon="-8.127637300640345">
        <ele>371.5</ele>
      </trkpt>
      <trkpt lat="40.151868145912886" lon="-8.127690190449357">
        <ele>374.2</ele>
      </trkpt>
      <trkpt lat="40.15149121172726" lon="-8.12778951600194">
        <ele>376.5</ele>
      </trkpt>
      <trkpt lat="40.15105283819139" lon="-8.127955226227641">
        <ele>378.3</ele>
      </trkpt>
      <trkpt lat="40.150932809337974" lon="-8.128033597022295">
        <ele>379</ele>
      </trkpt>
      <trkpt lat="40.150817558169365" lon="-8.128145579248667">
        <ele>378.8</ele>
      </trkpt>
      <trkpt lat="40.15063617378473" lon="-8.128256974741817">
        <ele>377.5</ele>
      </trkpt>
      <trkpt lat="40.15039326623082" lon="-8.128338698297739">
        <ele>374.7</ele>
      </trkpt>
      <trkpt lat="40.15013652853668" lon="-8.12843601219356">
        <ele>374.4</ele>
      </trkpt>
      <trkpt lat="40.15000266954303" lon="-8.12856249511242">
        <ele>377.8</ele>
      </trkpt>
      <trkpt lat="40.14988213777542" lon="-8.128680596128106">
        <ele>381.5</ele>
      </trkpt>
      <trkpt lat="40.14975246973336" lon="-8.12881126999855">
        <ele>384.4</ele>
      </trkpt>
      <trkpt lat="40.149345360696316" lon="-8.128942446783185">
        <ele>385.1</ele>
      </trkpt>
      <trkpt lat="40.14894286170602" lon="-8.128901794552803">
        <ele>383.7</ele>
      </trkpt>
      <trkpt lat="40.148546397686005" lon="-8.128871535882354">
        <ele>383.6</ele>
      </trkpt>
      <trkpt lat="40.14827951788902" lon="-8.128950325772166">
        <ele>383.2</ele>
      </trkpt>
      <trkpt lat="40.14808748848736" lon="-8.129110001027584">
        <ele>382.1</ele>
      </trkpt>
      <trkpt lat="40.148018673062325" lon="-8.129146629944444">
        <ele>381.3</ele>
      </trkpt>
      <trkpt lat="40.14773226343095" lon="-8.129386771470308">
        <ele>381.1</ele>
      </trkpt>
      <trkpt lat="40.14746102504432" lon="-8.129510823637247">
        <ele>381.6</ele>
      </trkpt>
      <trkpt lat="40.1471842546016" lon="-8.129763202741742">
        <ele>384</ele>
      </trkpt>
      <trkpt lat="40.146945118904114" lon="-8.130160085856915">
        <ele>389.9</ele>
      </trkpt>
      <trkpt lat="40.14681729488075" lon="-8.130704406648874">
        <ele>398.5</ele>
      </trkpt>
      <trkpt lat="40.146744875237346" lon="-8.13105066306889">
        <ele>397.9</ele>
      </trkpt>
      <trkpt lat="40.1466971822083" lon="-8.131528180092573">
        <ele>396.3</ele>
      </trkpt>
      <trkpt lat="40.146668683737516" lon="-8.131957920268178">
        <ele>399.1</ele>
      </trkpt>
      <trkpt lat="40.14666315168142" lon="-8.132125725969672">
        <ele>400.7</ele>
      </trkpt>
      <trkpt lat="40.14664798043668" lon="-8.132350444793701">
        <ele>402.7</ele>
      </trkpt>
      <trkpt lat="40.146644208580256" lon="-8.132460750639439">
        <ele>403.8</ele>
      </trkpt>
      <trkpt lat="40.14664253219962" lon="-8.132893675938249">
        <ele>408.8</ele>
      </trkpt>
      <trkpt lat="40.1466279476881" lon="-8.133215624839067">
        <ele>411</ele>
      </trkpt>
      <trkpt lat="40.146581595763564" lon="-8.133479403331876">
        <ele>411.3</ele>
      </trkpt>
      <trkpt lat="40.14639560133219" lon="-8.133782157674432">
        <ele>408.3</ele>
      </trkpt>
      <trkpt lat="40.14626442454755" lon="-8.134059011936188">
        <ele>409.4</ele>
      </trkpt>
      <trkpt lat="40.14612503349781" lon="-8.13436545431614">
        <ele>411.6</ele>
      </trkpt>
      <trkpt lat="40.146099887788296" lon="-8.134414488449693">
        <ele>412</ele>
      </trkpt>
      <trkpt lat="40.14600081369281" lon="-8.134606517851353">
        <ele>412.3</ele>
      </trkpt>
      <trkpt lat="40.14586276374757" lon="-8.134814389050007">
        <ele>411.5</ele>
      </trkpt>
      <trkpt lat="40.14572664164007" lon="-8.13498898409307">
        <ele>413.3</ele>
      </trkpt>
      <trkpt lat="40.14552882872522" lon="-8.13513558357954">
        <ele>415.1</ele>
      </trkpt>
      <trkpt lat="40.14535733498633" lon="-8.135295426473022">
        <ele>417.6</ele>
      </trkpt>
      <trkpt lat="40.145200761035085" lon="-8.135445211082697">
        <ele>418.4</ele>
      </trkpt>
      <trkpt lat="40.14493656344712" lon="-8.135675210505724">
        <ele>416.3</ele>
      </trkpt>
      <trkpt lat="40.14487227424979" lon="-8.135722065344453">
        <ele>415.7</ele>
      </trkpt>
      <trkpt lat="40.14451017603278" lon="-8.135838825255632">
        <ele>412.9</ele>
      </trkpt>
      <trkpt lat="40.144386710599065" lon="-8.135789288207889">
        <ele>412.6</ele>
      </trkpt>
      <trkpt lat="40.144322253763676" lon="-8.135641934350133">
        <ele>413.1</ele>
      </trkpt>
      <trkpt lat="40.14429400674999" lon="-8.135588122531772">
        <ele>413.1</ele>
      </trkpt>
      <trkpt lat="40.14421102590859" lon="-8.135503297671676">
        <ele>412.7</ele>
      </trkpt>
      <trkpt lat="40.14405026100576" lon="-8.135419059544802">
        <ele>412.9</ele>
      </trkpt>
      <trkpt lat="40.14381716027856" lon="-8.135386789217591">
        <ele>413.8</ele>
      </trkpt>
      <trkpt lat="40.14322154223919" lon="-8.135397685691714">
        <ele>415.7</ele>
      </trkpt>
      <trkpt lat="40.14273983426392" lon="-8.135386873036623">
        <ele>420.5</ele>
      </trkpt>
      <trkpt lat="40.14253607019782" lon="-8.135247649624944">
        <ele>421.9</ele>
      </trkpt>
      <trkpt lat="40.14239575713873" lon="-8.135024942457676">
        <ele>419.9</ele>
      </trkpt>
      <trkpt lat="40.14220875687897" lon="-8.134940452873707">
        <ele>421</ele>
      </trkpt>
      <trkpt lat="40.14199753291905" lon="-8.135110018774867">
        <ele>427.1</ele>
      </trkpt>
      <trkpt lat="40.141963083297014" lon="-8.135166261345148">
        <ele>428.3</ele>
      </trkpt>
      <trkpt lat="40.14192511327565" lon="-8.135223258286715">
        <ele>429.3</ele>
      </trkpt>
      <trkpt lat="40.14183542691171" lon="-8.13532023690641">
        <ele>429.8</ele>
      </trkpt>
      <trkpt lat="40.14142010360956" lon="-8.135551996529102">
        <ele>427.4</ele>
      </trkpt>
      <trkpt lat="40.14112740755081" lon="-8.135820385068655">
        <ele>429.4</ele>
      </trkpt>
      <trkpt lat="40.141060100868344" lon="-8.135902946814895">
        <ele>430.6</ele>
      </trkpt>
      <trkpt lat="40.141007797792554" lon="-8.135991292074323">
        <ele>432.3</ele>
      </trkpt>
      <trkpt lat="40.14090503565967" lon="-8.136159013956785">
        <ele>436</ele>
      </trkpt>
      <trkpt lat="40.14070512726903" lon="-8.1362911965698">
        <ele>439.1</ele>
      </trkpt>
      <trkpt lat="40.14061829075217" lon="-8.136326735839248">
        <ele>440.4</ele>
      </trkpt>
      <trkpt lat="40.140529023483396" lon="-8.136342829093337">
        <ele>441.2</ele>
      </trkpt>
      <trkpt lat="40.14035283587873" lon="-8.136331681162119">
        <ele>441</ele>
      </trkpt>
      <trkpt lat="40.14018218033016" lon="-8.1363326869905">
        <ele>440.7</ele>
      </trkpt>
      <trkpt lat="40.139931393787265" lon="-8.136366298422217">
        <ele>439.5</ele>
      </trkpt>
      <trkpt lat="40.139806838706136" lon="-8.136399071663618">
        <ele>438.6</ele>
      </trkpt>
      <trkpt lat="40.13956778682768" lon="-8.13645145855844">
        <ele>437.2</ele>
      </trkpt>
      <trkpt lat="40.139527805149555" lon="-8.136450704187155">
        <ele>436.9</ele>
      </trkpt>
      <trkpt lat="40.139401741325855" lon="-8.136429833248258">
        <ele>437.4</ele>
      </trkpt>
      <trkpt lat="40.139281461015344" lon="-8.136385576799512">
        <ele>438.2</ele>
      </trkpt>
      <trkpt lat="40.13921532779932" lon="-8.136248113587499">
        <ele>438.4</ele>
      </trkpt>
      <trkpt lat="40.139176938682795" lon="-8.136067567393184">
        <ele>437.7</ele>
      </trkpt>
      <trkpt lat="40.13920979574323" lon="-8.13546884804964">
        <ele>434.8</ele>
      </trkpt>
      <trkpt lat="40.13925874605775" lon="-8.135133739560843">
        <ele>432.5</ele>
      </trkpt>
      <trkpt lat="40.139217004179955" lon="-8.134718583896756">
        <ele>428</ele>
      </trkpt>
      <trkpt lat="40.139055820181966" lon="-8.134606434032321">
        <ele>427.8</ele>
      </trkpt>
      <trkpt lat="40.138815427199006" lon="-8.134538540616632">
        <ele>428.7</ele>
      </trkpt>
      <trkpt lat="40.138565143570304" lon="-8.13462252728641">
        <ele>431.9</ele>
      </trkpt>
      <trkpt lat="40.138320391997695" lon="-8.134784968569875">
        <ele>435</ele>
      </trkpt>
      <trkpt lat="40.13806357048452" lon="-8.134950930252671">
        <ele>437.2</ele>
      </trkpt>
      <trkpt lat="40.137866511940956" lon="-8.135079508647323">
        <ele>442.4</ele>
      </trkpt>
      <trkpt lat="40.13772116973996" lon="-8.135140864178538">
        <ele>446.2</ele>
      </trkpt>
      <trkpt lat="40.137440375983715" lon="-8.134989151731133">
        <ele>446.6</ele>
      </trkpt>
      <trkpt lat="40.13739855028689" lon="-8.13493869267404">
        <ele>446.1</ele>
      </trkpt>
      <trkpt lat="40.137309869751334" lon="-8.134849928319454">
        <ele>445.8</ele>
      </trkpt>
      <trkpt lat="40.13715815730393" lon="-8.134764516726136">
        <ele>445.9</ele>
      </trkpt>
      <trkpt lat="40.137100825086236" lon="-8.134749010205269">
        <ele>446.3</ele>
      </trkpt>
      <trkpt lat="40.13687375932932" lon="-8.134780274704099">
        <ele>449.3</ele>
      </trkpt>
      <trkpt lat="40.136712826788425" lon="-8.134823692962527">
        <ele>452.9</ele>
      </trkpt>
      <trkpt lat="40.136666810140014" lon="-8.134827548637986">
        <ele>453.8</ele>
      </trkpt>
      <trkpt lat="40.13651995919645" lon="-8.134743478149176">
        <ele>455.3</ele>
      </trkpt>
      <trkpt lat="40.13648768886924" lon="-8.13465915620327">
        <ele>455</ele>
      </trkpt>
      <trkpt lat="40.13643714599311" lon="-8.134513814002275">
        <ele>454.6</ele>
      </trkpt>
      <trkpt lat="40.13632960617542" lon="-8.134172922000289">
        <ele>453</ele>
      </trkpt>
      <trkpt lat="40.136239752173424" lon="-8.13401274383068">
        <ele>452</ele>
      </trkpt>
      <trkpt lat="40.13605476357043" lon="-8.13389791175723">
        <ele>454</ele>
      </trkpt>
      <trkpt lat="40.136007238179445" lon="-8.13389003276825">
        <ele>455.1</ele>
      </trkpt>
      <trkpt lat="40.135806826874614" lon="-8.133848207071424">
        <ele>460</ele>
      </trkpt>
      <trkpt lat="40.1357161346823" lon="-8.133785594254732">
        <ele>462.2</ele>
      </trkpt>
      <trkpt lat="40.13555369339883" lon="-8.133636647835374">
        <ele>464.4</ele>
      </trkpt>
      <trkpt lat="40.135471215471625" lon="-8.1335817463696">
        <ele>465.6</ele>
      </trkpt>
      <trkpt lat="40.13529594987631" lon="-8.13353966921568">
        <ele>469.6</ele>
      </trkpt>
      <trkpt lat="40.135102830827236" lon="-8.133458029478788">
        <ele>472</ele>
      </trkpt>
      <trkpt lat="40.13506687246263" lon="-8.133419305086136">
        <ele>472</ele>
      </trkpt>
      <trkpt lat="40.13499646447599" lon="-8.132878672331572">
        <ele>468.9</ele>
      </trkpt>
      <trkpt lat="40.135203916579485" lon="-8.132453709840775">
        <ele>466.5</ele>
      </trkpt>
      <trkpt lat="40.13522763736546" lon="-8.132299231365323">
        <ele>465.2</ele>
      </trkpt>
      <trkpt lat="40.13519964180887" lon="-8.132060347124934">
        <ele>464.7</ele>
      </trkpt>
      <trkpt lat="40.13516653329134" lon="-8.132018186151981">
        <ele>465.5</ele>
      </trkpt>
      <trkpt lat="40.13504742644727" lon="-8.131900755688548">
        <ele>468.9</ele>
      </trkpt>
      <trkpt lat="40.13496964238584" lon="-8.131811572238803">
        <ele>471.3</ele>
      </trkpt>
      <trkpt lat="40.134913735091686" lon="-8.131404966115952">
        <ele>474.5</ele>
      </trkpt>
      <trkpt lat="40.13505413196981" lon="-8.131196340546012">
        <ele>474.2</ele>
      </trkpt>
      <trkpt lat="40.13517047278583" lon="-8.131105983629823">
        <ele>474.2</ele>
      </trkpt>
      <trkpt lat="40.135247921571136" lon="-8.13106382265687">
        <ele>473.8</ele>
      </trkpt>
      <trkpt lat="40.13531690463424" lon="-8.131030965596437">
        <ele>473.2</ele>
      </trkpt>
      <trkpt lat="40.1354309823364" lon="-8.130972376093268">
        <ele>472.9</ele>
      </trkpt>
      <trkpt lat="40.135550340637565" lon="-8.130924431607127">
        <ele>472.5</ele>
      </trkpt>
      <trkpt lat="40.13563944026828" lon="-8.130871709436178">
        <ele>474.1</ele>
      </trkpt>
      <trkpt lat="40.13575335033238" lon="-8.130799122154713">
        <ele>477.1</ele>
      </trkpt>
      <trkpt lat="40.13588100671768" lon="-8.130732821300626">
        <ele>479.2</ele>
      </trkpt>
      <trkpt lat="40.13605400919914" lon="-8.130654785782099">
        <ele>480.7</ele>
      </trkpt>
      <trkpt lat="40.1362687535584" lon="-8.130590580403805">
        <ele>480.1</ele>
      </trkpt>
      <trkpt lat="40.13635248877108" lon="-8.130557471886277">
        <ele>480</ele>
      </trkpt>
      <trkpt lat="40.13648911379278" lon="-8.130481615662575">
        <ele>480.4</ele>
      </trkpt>
      <trkpt lat="40.13666848652065" lon="-8.130393018946052">
        <ele>479.7</ele>
      </trkpt>
      <trkpt lat="40.136706875637174" lon="-8.130366280674934">
        <ele>479.7</ele>
      </trkpt>
      <trkpt lat="40.13681701384485" lon="-8.130279695615172">
        <ele>479.8</ele>
      </trkpt>
      <trkpt lat="40.13692463748157" lon="-8.130198223516345">
        <ele>479.1</ele>
      </trkpt>
      <trkpt lat="40.13698926195502" lon="-8.130123540759087">
        <ele>478.9</ele>
      </trkpt>
      <trkpt lat="40.13703687116504" lon="-8.130026143044233">
        <ele>479.3</ele>
      </trkpt>
      <trkpt lat="40.13713099993765" lon="-8.12982078641653">
        <ele>480</ele>
      </trkpt>
      <trkpt lat="40.13714835047722" lon="-8.129765633493662">
        <ele>480.5</ele>
      </trkpt>
      <trkpt lat="40.137171652168036" lon="-8.129652561619878">
        <ele>482</ele>
      </trkpt>
      <trkpt lat="40.13717877678573" lon="-8.129592128098011">
        <ele>482.7</ele>
      </trkpt>
      <trkpt lat="40.13719487003982" lon="-8.129401272162795">
        <ele>485.2</ele>
      </trkpt>
      <trkpt lat="40.13719595968723" lon="-8.12921879813075">
        <ele>487.4</ele>
      </trkpt>
      <trkpt lat="40.13720786198974" lon="-8.129036743193865">
        <ele>489.1</ele>
      </trkpt>
      <trkpt lat="40.13719864189625" lon="-8.128860220313072">
        <ele>491.1</ele>
      </trkpt>
      <trkpt lat="40.137173160910606" lon="-8.128711190074682">
        <ele>492.9</ele>
      </trkpt>
      <trkpt lat="40.13717936351895" lon="-8.12867154367268">
        <ele>493.1</ele>
      </trkpt>
      <trkpt lat="40.13717274181545" lon="-8.12859769910574">
        <ele>493.4</ele>
      </trkpt>
      <trkpt lat="40.137093868106604" lon="-8.12851463444531">
        <ele>494.2</ele>
      </trkpt>
      <trkpt lat="40.13655968941748" lon="-8.128535756841302">
        <ele>492.6</ele>
      </trkpt>
      <trkpt lat="40.136287696659565" lon="-8.128733737394214">
        <ele>495.5</ele>
      </trkpt>
      <trkpt lat="40.135776568204165" lon="-8.12897295691073">
        <ele>501.7</ele>
      </trkpt>
      <trkpt lat="40.13560339808464" lon="-8.128996090963483">
        <ele>503</ele>
      </trkpt>
      <trkpt lat="40.13547347858548" lon="-8.128979494795203">
        <ele>504.7</ele>
      </trkpt>
      <trkpt lat="40.1353445649147" lon="-8.12894077040255">
        <ele>505.7</ele>
      </trkpt>
      <trkpt lat="40.135302571579814" lon="-8.128919648006558">
        <ele>506.1</ele>
      </trkpt>
      <trkpt lat="40.135091096162796" lon="-8.12878042459488">
        <ele>507.6</ele>
      </trkpt>
      <trkpt lat="40.135011468082666" lon="-8.128703562542796">
        <ele>508.5</ele>
      </trkpt>
      <trkpt lat="40.134971821680665" lon="-8.128652013838291">
        <ele>509.1</ele>
      </trkpt>
      <trkpt lat="40.134864365682006" lon="-8.128168629482388">
        <ele>507.5</ele>
      </trkpt>
      <trkpt lat="40.13488280586898" lon="-8.128071567043662">
        <ele>506.4</ele>
      </trkpt>
      <trkpt lat="40.1349201053381" lon="-8.127877190709114">
        <ele>503.3</ele>
      </trkpt>
      <trkpt lat="40.13491474092007" lon="-8.127682395279408">
        <ele>501.8</ele>
      </trkpt>
      <trkpt lat="40.13483276590705" lon="-8.127439990639687">
        <ele>503.5</ele>
      </trkpt>
      <trkpt lat="40.1348040997982" lon="-8.127370085567236">
        <ele>504</ele>
      </trkpt>
      <trkpt lat="40.13470862992108" lon="-8.127155005931854">
        <ele>505.6</ele>
      </trkpt>
      <trkpt lat="40.13463394716382" lon="-8.126975130289793">
        <ele>505.9</ele>
      </trkpt>
      <trkpt lat="40.13458457775414" lon="-8.12683230265975">
        <ele>505.7</ele>
      </trkpt>
      <trkpt lat="40.13456898741424" lon="-8.126776060089469">
        <ele>505.4</ele>
      </trkpt>
      <trkpt lat="40.13446773402393" lon="-8.126519741490483">
        <ele>505.3</ele>
      </trkpt>
      <trkpt lat="40.13438148424029" lon="-8.126328634098172">
        <ele>505.7</ele>
      </trkpt>
      <trkpt lat="40.134311160072684" lon="-8.126141801476479">
        <ele>506.4</ele>
      </trkpt>
      <trkpt lat="40.13423027470708" lon="-8.125943401828408">
        <ele>506</ele>
      </trkpt>
      <trkpt lat="40.13420747593045" lon="-8.125905599445105">
        <ele>506</ele>
      </trkpt>
      <trkpt lat="40.13414318673313" lon="-8.125834437087178">
        <ele>506.8</ele>
      </trkpt>
      <trkpt lat="40.1341029535979" lon="-8.125804765149951">
        <ele>507.1</ele>
      </trkpt>
      <trkpt lat="40.13396356254816" lon="-8.125790348276496">
        <ele>509.1</ele>
      </trkpt>
      <trkpt lat="40.133821656927466" lon="-8.125840974971652">
        <ele>511.5</ele>
      </trkpt>
      <trkpt lat="40.13373130001128" lon="-8.125897385179996">
        <ele>513.1</ele>
      </trkpt>
      <trkpt lat="40.133486883714795" lon="-8.126028813421726">
        <ele>517.3</ele>
      </trkpt>
      <trkpt lat="40.13338588178158" lon="-8.126046750694513">
        <ele>517.6</ele>
      </trkpt>
      <trkpt lat="40.13333408161998" lon="-8.126034680753946">
        <ele>517.6</ele>
      </trkpt>
      <trkpt lat="40.133193684741855" lon="-8.12598162330687">
        <ele>517.2</ele>
      </trkpt>
      <trkpt lat="40.132866371423006" lon="-8.125570910051465">
        <ele>516.4</ele>
      </trkpt>
      <trkpt lat="40.13283133506775" lon="-8.125396650284529">
        <ele>516.2</ele>
      </trkpt>
      <trkpt lat="40.132836028933525" lon="-8.125294055789709">
        <ele>515.9</ele>
      </trkpt>
      <trkpt lat="40.132837453857064" lon="-8.125187773257494">
        <ele>515.8</ele>
      </trkpt>
      <trkpt lat="40.13285622932017" lon="-8.125114850699902">
        <ele>515.7</ele>
      </trkpt>
      <trkpt lat="40.132865868508816" lon="-8.124869763851166">
        <ele>516.7</ele>
      </trkpt>
      <trkpt lat="40.13285639695823" lon="-8.124709082767367">
        <ele>517.3</ele>
      </trkpt>
      <trkpt lat="40.13285866007209" lon="-8.12458804808557">
        <ele>517.5</ele>
      </trkpt>
      <trkpt lat="40.13286603614688" lon="-8.124533984810114">
        <ele>517.4</ele>
      </trkpt>
      <trkpt lat="40.132825300097466" lon="-8.124352348968387">
        <ele>518.1</ele>
      </trkpt>
      <trkpt lat="40.13279914855957" lon="-8.12426945194602">
        <ele>518.7</ele>
      </trkpt>
      <trkpt lat="40.13275908306241" lon="-8.124108351767063">
        <ele>519.3</ele>
      </trkpt>
      <trkpt lat="40.13273569755256" lon="-8.124017072841525">
        <ele>519.7</ele>
      </trkpt>
      <trkpt lat="40.13270292431116" lon="-8.123891428112984">
        <ele>520.4</ele>
      </trkpt>
      <trkpt lat="40.13267224654555" lon="-8.12380819581449">
        <ele>521</ele>
      </trkpt>
      <trkpt lat="40.13261835090816" lon="-8.123677019029856">
        <ele>521.8</ele>
      </trkpt>
      <trkpt lat="40.13253562152386" lon="-8.123408546671271">
        <ele>521.7</ele>
      </trkpt>
      <trkpt lat="40.13237351551652" lon="-8.123292960226536">
        <ele>523.5</ele>
      </trkpt>
      <trkpt lat="40.1323367189616" lon="-8.123282566666603">
        <ele>523.9</ele>
      </trkpt>
      <trkpt lat="40.13225675560534" lon="-8.123268652707338">
        <ele>525</ele>
      </trkpt>
      <trkpt lat="40.13207897543907" lon="-8.123247781768441">
        <ele>528.1</ele>
      </trkpt>
      <trkpt lat="40.13185886666179" lon="-8.123027086257935">
        <ele>530</ele>
      </trkpt>
      <trkpt lat="40.13169097714126" lon="-8.122327951714396">
        <ele>528.7</ele>
      </trkpt>
      <trkpt lat="40.13166951946914" lon="-8.122282857075334">
        <ele>528.6</ele>
      </trkpt>
      <trkpt lat="40.1314870454371" lon="-8.122116141021252">
        <ele>529.1</ele>
      </trkpt>
      <trkpt lat="40.13126090168953" lon="-8.122138269245625">
        <ele>530.7</ele>
      </trkpt>
      <trkpt lat="40.131155122071505" lon="-8.12219618819654">
        <ele>532</ele>
      </trkpt>
      <trkpt lat="40.13100106269121" lon="-8.122334908694029">
        <ele>534.8</ele>
      </trkpt>
      <trkpt lat="40.13082914985716" lon="-8.122517634183168">
        <ele>537.2</ele>
      </trkpt>
      <trkpt lat="40.13054760172963" lon="-8.122723242267966">
        <ele>538.7</ele>
      </trkpt>
      <trkpt lat="40.130040161311626" lon="-8.122596088796854">
        <ele>545.1</ele>
      </trkpt>
      <trkpt lat="40.12997335754335" lon="-8.122280342504382">
        <ele>544.4</ele>
      </trkpt>
      <trkpt lat="40.12995483353734" lon="-8.122105496004224">
        <ele>542.5</ele>
      </trkpt>
      <trkpt lat="40.129928681999445" lon="-8.121935594826937">
        <ele>541.5</ele>
      </trkpt>
      <trkpt lat="40.12988928705454" lon="-8.12180869281292">
        <ele>542.1</ele>
      </trkpt>
      <trkpt lat="40.12984494678676" lon="-8.121707774698734">
        <ele>542.9</ele>
      </trkpt>
      <trkpt lat="40.12979071587324" lon="-8.1216128077358">
        <ele>543.6</ele>
      </trkpt>
      <trkpt lat="40.12974905781448" lon="-8.12156880274415">
        <ele>544.1</ele>
      </trkpt>
      <trkpt lat="40.129653085023165" lon="-8.121468890458345">
        <ele>543.6</ele>
      </trkpt>
      <trkpt lat="40.129516711458564" lon="-8.121393201872706">
        <ele>543.4</ele>
      </trkpt>
      <trkpt lat="40.12932987883687" lon="-8.121422035619617">
        <ele>544.6</ele>
      </trkpt>
      <trkpt lat="40.12916224077344" lon="-8.121582884341478">
        <ele>548.8</ele>
      </trkpt>
      <trkpt lat="40.12903391383588" lon="-8.121713558211923">
        <ele>552.1</ele>
      </trkpt>
      <trkpt lat="40.128544913604856" lon="-8.121510967612267">
        <ele>557.2</ele>
      </trkpt>
      <trkpt lat="40.1284855697304" lon="-8.121229084208608">
        <ele>555.1</ele>
      </trkpt>
      <trkpt lat="40.12845874764025" lon="-8.121038982644677">
        <ele>553.9</ele>
      </trkpt>
      <trkpt lat="40.128438798710704" lon="-8.12088911421597">
        <ele>553.2</ele>
      </trkpt>
      <trkpt lat="40.12842304073274" lon="-8.120776964351535">
        <ele>552.7</ele>
      </trkpt>
      <trkpt lat="40.12841281481087" lon="-8.120664730668068">
        <ele>552.2</ele>
      </trkpt>
      <trkpt lat="40.12838674709201" lon="-8.120547719299793">
        <ele>552.2</ele>
      </trkpt>
      <trkpt lat="40.128362691029906" lon="-8.120474126189947">
        <ele>552.3</ele>
      </trkpt>
      <trkpt lat="40.128289768472314" lon="-8.120351415127516">
        <ele>553.1</ele>
      </trkpt>
      <trkpt lat="40.128188515082" lon="-8.120281593874097">
        <ele>553.8</ele>
      </trkpt>
      <trkpt lat="40.128067480400205" lon="-8.12027539126575">
        <ele>555.3</ele>
      </trkpt>
      <trkpt lat="40.12795063666999" lon="-8.120320066809654">
        <ele>556.2</ele>
      </trkpt>
      <trkpt lat="40.12778962031007" lon="-8.120451411232352">
        <ele>558.3</ele>
      </trkpt>
      <trkpt lat="40.127720721066" lon="-8.12060764990747">
        <ele>560.5</ele>
      </trkpt>
      <trkpt lat="40.127486027777195" lon="-8.121274933218956">
        <ele>567.6</ele>
      </trkpt>
      <trkpt lat="40.12734496034682" lon="-8.121556229889393">
        <ele>569.7</ele>
      </trkpt>
      <trkpt lat="40.12719148769975" lon="-8.121856972575188">
        <ele>572.6</ele>
      </trkpt>
      <trkpt lat="40.12705134227872" lon="-8.122028550133109">
        <ele>573.3</ele>
      </trkpt>
      <trkpt lat="40.12694103643298" lon="-8.122076829895377">
        <ele>573.2</ele>
      </trkpt>
      <trkpt lat="40.12667449191213" lon="-8.121951101347804">
        <ele>571.9</ele>
      </trkpt>
      <trkpt lat="40.12658463791013" lon="-8.121677013114095">
        <ele>570.6</ele>
      </trkpt>
      <trkpt lat="40.12654373422265" lon="-8.121480625122786">
        <ele>569.2</ele>
      </trkpt>
      <trkpt lat="40.12647123076022" lon="-8.121386412531137">
        <ele>570</ele>
      </trkpt>
      <trkpt lat="40.12633251026273" lon="-8.121291697025299">
        <ele>572.2</ele>
      </trkpt>
      <trkpt lat="40.12613704428077" lon="-8.121240232139826">
        <ele>576.4</ele>
      </trkpt>
      <trkpt lat="40.12597594410181" lon="-8.12121257185936">
        <ele>577.7</ele>
      </trkpt>
      <trkpt lat="40.12582439929247" lon="-8.121203184127808">
        <ele>578.4</ele>
      </trkpt>
      <trkpt lat="40.12563647702336" lon="-8.121194299310446">
        <ele>578</ele>
      </trkpt>
      <trkpt lat="40.12545098550618" lon="-8.121188851073384">
        <ele>577.6</ele>
      </trkpt>
      <trkpt lat="40.125265242531896" lon="-8.121223719790578">
        <ele>577</ele>
      </trkpt>
      <trkpt lat="40.12515099719167" lon="-8.121352717280388">
        <ele>577.2</ele>
      </trkpt>
      <trkpt lat="40.12510322034359" lon="-8.12154239974916">
        <ele>577.4</ele>
      </trkpt>
      <trkpt lat="40.125089725479484" lon="-8.121785558760166">
        <ele>578.1</ele>
      </trkpt>
      <trkpt lat="40.12484463863075" lon="-8.122413279488683">
        <ele>579.6</ele>
      </trkpt>
      <trkpt lat="40.12438120320439" lon="-8.122646296396852">
        <ele>582.6</ele>
      </trkpt>
      <trkpt lat="40.124139385297894" lon="-8.122621988877654">
        <ele>582.5</ele>
      </trkpt>
      <trkpt lat="40.123907374218106" lon="-8.122578402981162">
        <ele>582.6</ele>
      </trkpt>
      <trkpt lat="40.12369983829558" lon="-8.122550323605537">
        <ele>582.4</ele>
      </trkpt>
      <trkpt lat="40.12348534539342" lon="-8.122522411867976">
        <ele>583.2</ele>
      </trkpt>
      <trkpt lat="40.12344880029559" lon="-8.122513359412551">
        <ele>583.3</ele>
      </trkpt>
      <trkpt lat="40.12327328324318" lon="-8.12234085984528">
        <ele>586.5</ele>
      </trkpt>
      <trkpt lat="40.1231755502522" lon="-8.121952777728438">
        <ele>589.6</ele>
      </trkpt>
      <trkpt lat="40.12309106066823" lon="-8.12163233757019">
        <ele>592.9</ele>
      </trkpt>
      <trkpt lat="40.12299785390496" lon="-8.121381551027298">
        <ele>593.3</ele>
      </trkpt>
      <trkpt lat="40.122944712638855" lon="-8.121246015653014">
        <ele>595.3</ele>
      </trkpt>
      <trkpt lat="40.122906072065234" lon="-8.121055997908115">
        <ele>596.5</ele>
      </trkpt>
      <trkpt lat="40.12292392551899" lon="-8.120864806696773">
        <ele>595.9</ele>
      </trkpt>
      <trkpt lat="40.12297539040446" lon="-8.120684009045362">
        <ele>593.6</ele>
      </trkpt>
      <trkpt lat="40.122991148382425" lon="-8.120479071512818">
        <ele>593.4</ele>
      </trkpt>
      <trkpt lat="40.122989723458886" lon="-8.120425343513489">
        <ele>593.5</ele>
      </trkpt>
      <trkpt lat="40.122971031814814" lon="-8.12028268352151">
        <ele>594.2</ele>
      </trkpt>
      <trkpt lat="40.12291872873902" lon="-8.120101215317845">
        <ele>595.8</ele>
      </trkpt>
      <trkpt lat="40.1228438783437" lon="-8.119958387687802">
        <ele>595.3</ele>
      </trkpt>
      <trkpt lat="40.12275863438845" lon="-8.119841879233718">
        <ele>594.8</ele>
      </trkpt>
      <trkpt lat="40.12268780730665" lon="-8.119764346629381">
        <ele>594.6</ele>
      </trkpt>
      <trkpt lat="40.122553361579776" lon="-8.119633169844747">
        <ele>593.3</ele>
      </trkpt>
      <trkpt lat="40.12239444069564" lon="-8.119611460715532">
        <ele>593.6</ele>
      </trkpt>
      <trkpt lat="40.122258737683296" lon="-8.119727801531553">
        <ele>595.8</ele>
      </trkpt>
      <trkpt lat="40.12215882539749" lon="-8.119879430159926">
        <ele>598.5</ele>
      </trkpt>
      <trkpt lat="40.12209822423756" lon="-8.119984958320856">
        <ele>600.4</ele>
      </trkpt>
      <trkpt lat="40.12203083373606" lon="-8.120081014931202">
        <ele>602.1</ele>
      </trkpt>
      <trkpt lat="40.12193687260151" lon="-8.120185201987624">
        <ele>603.9</ele>
      </trkpt>
      <trkpt lat="40.12188222259283" lon="-8.120249072089791">
        <ele>605.5</ele>
      </trkpt>
      <trkpt lat="40.121792955324054" lon="-8.120308248326182">
        <ele>607.9</ele>
      </trkpt>
      <trkpt lat="40.12166286818683" lon="-8.120315372943878">
        <ele>610.9</ele>
      </trkpt>
      <trkpt lat="40.121562452986836" lon="-8.120285449549556">
        <ele>613.2</ele>
      </trkpt>
      <trkpt lat="40.121480813249946" lon="-8.120179669931531">
        <ele>613.7</ele>
      </trkpt>
      <trkpt lat="40.12140872888267" lon="-8.120030304417014">
        <ele>612.2</ele>
      </trkpt>
      <trkpt lat="40.121314181014895" lon="-8.119896026328206">
        <ele>610.6</ele>
      </trkpt>
      <trkpt lat="40.12119599618018" lon="-8.11981363222003">
        <ele>610.4</ele>
      </trkpt>
      <trkpt lat="40.121031710878015" lon="-8.11975797638297">
        <ele>611.1</ele>
      </trkpt>
      <trkpt lat="40.12049367651343" lon="-8.119628727436066">
        <ele>615.5</ele>
      </trkpt>
      <trkpt lat="40.12043575756252" lon="-8.119556056335568">
        <ele>615.8</ele>
      </trkpt>
      <trkpt lat="40.120383873581886" lon="-8.119285488501191">
        <ele>615.1</ele>
      </trkpt>
      <trkpt lat="40.12037046253681" lon="-8.119083568453789">
        <ele>614.1</ele>
      </trkpt>
      <trkpt lat="40.12033810839057" lon="-8.118910063058138">
        <ele>613.2</ele>
      </trkpt>
      <trkpt lat="40.120274825021625" lon="-8.118770336732268">
        <ele>613.4</ele>
      </trkpt>
      <trkpt lat="40.12018161825836" lon="-8.118655756115913">
        <ele>614.2</ele>
      </trkpt>
      <trkpt lat="40.1200826279819" lon="-8.118547629565">
        <ele>615.6</ele>
      </trkpt>
      <trkpt lat="40.11994482949376" lon="-8.11840052716434">
        <ele>617.2</ele>
      </trkpt>
      <trkpt lat="40.11981323361397" lon="-8.118257950991392">
        <ele>617.5</ele>
      </trkpt>
      <trkpt lat="40.1197046879679" lon="-8.118165247142315">
        <ele>617</ele>
      </trkpt>
      <trkpt lat="40.11953772045672" lon="-8.118106573820114">
        <ele>616.8</ele>
      </trkpt>
      <trkpt lat="40.1193764526397" lon="-8.118102215230465">
        <ele>618</ele>
      </trkpt>
      <trkpt lat="40.11918090283871" lon="-8.11816155910492">
        <ele>621.3</ele>
      </trkpt>
      <trkpt lat="40.118957441300154" lon="-8.11800909228623">
        <ele>624.2</ele>
      </trkpt>
      <trkpt lat="40.11884571053088" lon="-8.117843130603433">
        <ele>626.9</ele>
      </trkpt>
      <trkpt lat="40.11874755844474" lon="-8.117610616609454">
        <ele>629.3</ele>
      </trkpt>
      <trkpt lat="40.11868150904775" lon="-8.117471393197775">
        <ele>630.8</ele>
      </trkpt>
      <trkpt lat="40.118609173223376" lon="-8.117300570011139">
        <ele>631.8</ele>
      </trkpt>
      <trkpt lat="40.11854253709316" lon="-8.11709051951766">
        <ele>633.1</ele>
      </trkpt>
      <trkpt lat="40.11852929368615" lon="-8.116833781823516">
        <ele>633.1</ele>
      </trkpt>
      <trkpt lat="40.11856935918331" lon="-8.116615433245897">
        <ele>632.2</ele>
      </trkpt>
      <trkpt lat="40.11858436278999" lon="-8.116425918415189">
        <ele>631.5</ele>
      </trkpt>
      <trkpt lat="40.118587044999" lon="-8.116312762722373">
        <ele>631.3</ele>
      </trkpt>
      <trkpt lat="40.11860338971019" lon="-8.116118386387825">
        <ele>629.2</ele>
      </trkpt>
      <trkpt lat="40.118598863482475" lon="-8.115961644798517">
        <ele>628</ele>
      </trkpt>
      <trkpt lat="40.118557792156935" lon="-8.115782272070646">
        <ele>626.6</ele>
      </trkpt>
      <trkpt lat="40.11850951239467" lon="-8.115673642605543">
        <ele>626</ele>
      </trkpt>
      <trkpt lat="40.11840557679534" lon="-8.115525702014565">
        <ele>625.9</ele>
      </trkpt>
      <trkpt lat="40.11827406473458" lon="-8.115405170246959">
        <ele>626.5</ele>
      </trkpt>
      <trkpt lat="40.118026128038764" lon="-8.11521858908236">
        <ele>631</ele>
      </trkpt>
      <trkpt lat="40.11787106283009" lon="-8.115089507773519">
        <ele>632.4</ele>
      </trkpt>
      <trkpt lat="40.11765422299504" lon="-8.114878619089723">
        <ele>633.7</ele>
      </trkpt>
      <trkpt lat="40.117418272420764" lon="-8.114559352397919">
        <ele>634.4</ele>
      </trkpt>
      <trkpt lat="40.11735741980374" lon="-8.114393474534154">
        <ele>633.3</ele>
      </trkpt>
      <trkpt lat="40.117328921332955" lon="-8.114299513399601">
        <ele>633.1</ele>
      </trkpt>
      <trkpt lat="40.11723923496902" lon="-8.113950239494443">
        <ele>634.2</ele>
      </trkpt>
      <trkpt lat="40.117203360423446" lon="-8.113811938092113">
        <ele>635.3</ele>
      </trkpt>
      <trkpt lat="40.11713211424649" lon="-8.113510021939874">
        <ele>638.7</ele>
      </trkpt>
      <trkpt lat="40.117096826434135" lon="-8.113343389704823">
        <ele>640.7</ele>
      </trkpt>
      <trkpt lat="40.11704033240676" lon="-8.113124370574951">
        <ele>643.1</ele>
      </trkpt>
      <trkpt lat="40.11699004098773" lon="-8.11291222460568">
        <ele>643</ele>
      </trkpt>
      <trkpt lat="40.116949304938316" lon="-8.112766798585653">
        <ele>642.9</ele>
      </trkpt>
      <trkpt lat="40.11690664105117" lon="-8.112623887136579">
        <ele>642.2</ele>
      </trkpt>
      <trkpt lat="40.11684964410961" lon="-8.112494889646769">
        <ele>642.2</ele>
      </trkpt>
      <trkpt lat="40.11676884256303" lon="-8.112365389242768">
        <ele>641.7</ele>
      </trkpt>
      <trkpt lat="40.1166688464582" lon="-8.11225994490087">
        <ele>641.5</ele>
      </trkpt>
      <trkpt lat="40.11655434966087" lon="-8.112184591591358">
        <ele>642.7</ele>
      </trkpt>
      <trkpt lat="40.11642417870462" lon="-8.112095575779676">
        <ele>644.9</ele>
      </trkpt>
      <trkpt lat="40.11629124172032" lon="-8.111964650452137">
        <ele>646.9</ele>
      </trkpt>
      <trkpt lat="40.116128884255886" lon="-8.111809585243464">
        <ele>649.9</ele>
      </trkpt>
      <trkpt lat="40.115976333618164" lon="-8.111694501712918">
        <ele>651.2</ele>
      </trkpt>
      <trkpt lat="40.11580282822251" lon="-8.111588219180703">
        <ele>653.3</ele>
      </trkpt>
      <trkpt lat="40.11563359759748" lon="-8.111446313560009">
        <ele>655.3</ele>
      </trkpt>
      <trkpt lat="40.115497559309006" lon="-8.111326452344656">
        <ele>656.5</ele>
      </trkpt>
      <trkpt lat="40.11532832868397" lon="-8.111148672178388">
        <ele>656.8</ele>
      </trkpt>
      <trkpt lat="40.11520519852638" lon="-8.111013974994421">
        <ele>656.3</ele>
      </trkpt>
      <trkpt lat="40.1150368899107" lon="-8.110844660550356">
        <ele>655.3</ele>
      </trkpt>
      <trkpt lat="40.114872017875314" lon="-8.110688757151365">
        <ele>655.1</ele>
      </trkpt>
      <trkpt lat="40.114717707037926" lon="-8.110560765489936">
        <ele>655.6</ele>
      </trkpt>
      <trkpt lat="40.114577477797866" lon="-8.110437216237187">
        <ele>656.1</ele>
      </trkpt>
      <trkpt lat="40.11446138843894" lon="-8.110324898734689">
        <ele>656</ele>
      </trkpt>
      <trkpt lat="40.11433498933911" lon="-8.110211994498968">
        <ele>655.3</ele>
      </trkpt>
      <trkpt lat="40.11412334628403" lon="-8.110157931223512">
        <ele>654.9</ele>
      </trkpt>
      <trkpt lat="40.11376149952412" lon="-8.110041925683618">
        <ele>653.3</ele>
      </trkpt>
      <trkpt lat="40.113271325826645" lon="-8.109882501885295">
        <ele>654</ele>
      </trkpt>
      <trkpt lat="40.113101843744516" lon="-8.109825840219855">
        <ele>654.5</ele>
      </trkpt>
      <trkpt lat="40.11272289790213" lon="-8.10970975086093">
        <ele>654.8</ele>
      </trkpt>
      <trkpt lat="40.11256255209446" lon="-8.109663482755423">
        <ele>655.6</ele>
      </trkpt>
      <trkpt lat="40.11211596429348" lon="-8.109483104199171">
        <ele>660.4</ele>
      </trkpt>
      <trkpt lat="40.1119489967823" lon="-8.109344551339746">
        <ele>661</ele>
      </trkpt>
      <trkpt lat="40.11181840673089" lon="-8.10920549556613">
        <ele>660.4</ele>
      </trkpt>
      <trkpt lat="40.11169460602105" lon="-8.109070546925068">
        <ele>660.5</ele>
      </trkpt>
      <trkpt lat="40.11155194602907" lon="-8.10890894383192">
        <ele>661.6</ele>
      </trkpt>
      <trkpt lat="40.11127836070955" lon="-8.108612559735775">
        <ele>664.8</ele>
      </trkpt>
      <trkpt lat="40.11101852171123" lon="-8.10833034105599">
        <ele>665.6</ele>
      </trkpt>
      <trkpt lat="40.11083705350757" lon="-8.108134539797902">
        <ele>665.4</ele>
      </trkpt>
      <trkpt lat="40.110666481778026" lon="-8.107925411313772">
        <ele>665.7</ele>
      </trkpt>
      <trkpt lat="40.110484678298235" lon="-8.107693986967206">
        <ele>667.8</ele>
      </trkpt>
      <trkpt lat="40.11027789674699" lon="-8.107423754408956">
        <ele>669.4</ele>
      </trkpt>
      <trkpt lat="40.110150910913944" lon="-8.107262486591935">
        <ele>670.2</ele>
      </trkpt>
      <trkpt lat="40.11008712463081" lon="-8.107184786349535">
        <ele>670.4</ele>
      </trkpt>
      <trkpt lat="40.11000221595168" lon="-8.107080515474081">
        <ele>670.7</ele>
      </trkpt>
      <trkpt lat="40.10989367030561" lon="-8.106946740299463">
        <ele>670.9</ele>
      </trkpt>
      <trkpt lat="40.109746400266886" lon="-8.106754878535867">
        <ele>670.8</ele>
      </trkpt>
      <trkpt lat="40.10959569364786" lon="-8.106574080884457">
        <ele>672.9</ele>
      </trkpt>
      <trkpt lat="40.10949200950563" lon="-8.106436869129539">
        <ele>674.4</ele>
      </trkpt>
      <trkpt lat="40.10934775695205" lon="-8.106237212195992">
        <ele>676.9</ele>
      </trkpt>
      <trkpt lat="40.10909680277109" lon="-8.105854243040085">
        <ele>678.2</ele>
      </trkpt>
      <trkpt lat="40.10904827155173" lon="-8.105711918324232">
        <ele>678.8</ele>
      </trkpt>
      <trkpt lat="40.109019270166755" lon="-8.10551829636097">
        <ele>680.3</ele>
      </trkpt>
      <trkpt lat="40.10901080444455" lon="-8.105354933068156">
        <ele>682</ele>
      </trkpt>
      <trkpt lat="40.108988005667925" lon="-8.10504094697535">
        <ele>685.3</ele>
      </trkpt>
      <trkpt lat="40.10895657353103" lon="-8.104833830147982">
        <ele>687.6</ele>
      </trkpt>
      <trkpt lat="40.10889396071434" lon="-8.104574074968696">
        <ele>690</ele>
      </trkpt>
      <trkpt lat="40.10878600180149" lon="-8.10436712577939">
        <ele>690.6</ele>
      </trkpt>
      <trkpt lat="40.10866739787161" lon="-8.104210551828146">
        <ele>691</ele>
      </trkpt>
      <trkpt lat="40.1085439324379" lon="-8.104051630944014">
        <ele>691.7</ele>
      </trkpt>
      <trkpt lat="40.10839255526662" lon="-8.103877706453204">
        <ele>691.9</ele>
      </trkpt>
      <trkpt lat="40.10826615616679" lon="-8.103719120845199">
        <ele>692</ele>
      </trkpt>
      <trkpt lat="40.108117712661624" lon="-8.103528767824173">
        <ele>691</ele>
      </trkpt>
      <trkpt lat="40.10799743235111" lon="-8.103334810584784">
        <ele>690.9</ele>
      </trkpt>
      <trkpt lat="40.10784932412207" lon="-8.103171112015843">
        <ele>689.5</ele>
      </trkpt>
      <trkpt lat="40.10777095332742" lon="-8.103055190294981">
        <ele>689.4</ele>
      </trkpt>
      <trkpt lat="40.10766173712909" lon="-8.102889647707343">
        <ele>688.9</ele>
      </trkpt>
      <trkpt lat="40.10760339908302" lon="-8.102806583046913">
        <ele>688.5</ele>
      </trkpt>
      <trkpt lat="40.107570961117744" lon="-8.102769702672958">
        <ele>688.2</ele>
      </trkpt>
      <trkpt lat="40.107485968619585" lon="-8.10264715924859">
        <ele>687.8</ele>
      </trkpt>
      <trkpt lat="40.10741698555648" lon="-8.10250642709434">
        <ele>688.3</ele>
      </trkpt>
      <trkpt lat="40.10739091783762" lon="-8.102461332455277">
        <ele>688.4</ele>
      </trkpt>
      <trkpt lat="40.1072780136019" lon="-8.102288749068975">
        <ele>688.6</ele>
      </trkpt>
      <trkpt lat="40.10719117708504" lon="-8.102155309170485">
        <ele>689</ele>
      </trkpt>
      <trkpt lat="40.1070742495358" lon="-8.101967386901379">
        <ele>690</ele>
      </trkpt>
      <trkpt lat="40.10696872137487" lon="-8.10184777714312">
        <ele>689.8</ele>
      </trkpt>
      <trkpt lat="40.10693410411477" lon="-8.101802850142121">
        <ele>689.8</ele>
      </trkpt>
      <trkpt lat="40.10671072639525" lon="-8.101543178781867">
        <ele>689</ele>
      </trkpt>
      <trkpt lat="40.106466729193926" lon="-8.101284429430962">
        <ele>688.1</ele>
      </trkpt>
      <trkpt lat="40.10621619410813" lon="-8.101012017577887">
        <ele>687.8</ele>
      </trkpt>
      <trkpt lat="40.105954175814986" lon="-8.100745137780905">
        <ele>686.7</ele>
      </trkpt>
      <trkpt lat="40.105712693184614" lon="-8.100545899942517">
        <ele>686.1</ele>
      </trkpt>
      <trkpt lat="40.10545872151852" lon="-8.100363006815314">
        <ele>687</ele>
      </trkpt>
      <trkpt lat="40.10524598881602" lon="-8.10023384168744">
        <ele>687.2</ele>
      </trkpt>
      <trkpt lat="40.10513283312321" lon="-8.100177347660065">
        <ele>687.3</ele>
      </trkpt>
      <trkpt lat="40.1049536280334" lon="-8.100124541670084">
        <ele>687.9</ele>
      </trkpt>
      <trkpt lat="40.10473486036062" lon="-8.1000960431993">
        <ele>688.5</ele>
      </trkpt>
      <trkpt lat="40.104466220363975" lon="-8.10002169571817">
        <ele>689.1</ele>
      </trkpt>
      <trkpt lat="40.10430369526148" lon="-8.099925303831697">
        <ele>688.7</ele>
      </trkpt>
      <trkpt lat="40.10423387400806" lon="-8.099862188100815">
        <ele>688.6</ele>
      </trkpt>
      <trkpt lat="40.10415977798402" lon="-8.099814495071769">
        <ele>688.4</ele>
      </trkpt>
      <trkpt lat="40.104062631726265" lon="-8.099723802879453">
        <ele>688.7</ele>
      </trkpt>
      <trkpt lat="40.10400228202343" lon="-8.099647276103497">
        <ele>689.4</ele>
      </trkpt>
      <trkpt lat="40.10391586460173" lon="-8.099517356604338">
        <ele>690.7</ele>
      </trkpt>
      <trkpt lat="40.10383606888354" lon="-8.099404787644744">
        <ele>691.6</ele>
      </trkpt>
      <trkpt lat="40.103807067498565" lon="-8.099363213405013">
        <ele>692</ele>
      </trkpt>
      <trkpt lat="40.1036913972348" lon="-8.099210662767291">
        <ele>692.5</ele>
      </trkpt>
      <trkpt lat="40.10363817214966" lon="-8.099148720502853">
        <ele>692.9</ele>
      </trkpt>
      <trkpt lat="40.10347883217037" lon="-8.098985021933913">
        <ele>694.3</ele>
      </trkpt>
      <trkpt lat="40.10334664955735" lon="-8.098854683339596">
        <ele>695.6</ele>
      </trkpt>
      <trkpt lat="40.103212455287576" lon="-8.098735576495528">
        <ele>697.5</ele>
      </trkpt>
      <trkpt lat="40.103046325966716" lon="-8.098618313670158">
        <ele>699.7</ele>
      </trkpt>
      <trkpt lat="40.10291020385921" lon="-8.098524352535605">
        <ele>701.7</ele>
      </trkpt>
      <trkpt lat="40.102743152529" lon="-8.098405497148633">
        <ele>703.9</ele>
      </trkpt>
      <trkpt lat="40.10262731462717" lon="-8.098278259858489">
        <ele>706.8</ele>
      </trkpt>
      <trkpt lat="40.1024875883013" lon="-8.098131073638797">
        <ele>710.5</ele>
      </trkpt>
      <trkpt lat="40.1023477781564" lon="-8.098050691187382">
        <ele>711.4</ele>
      </trkpt>
      <trkpt lat="40.102198077365756" lon="-8.098046835511923">
        <ele>710.2</ele>
      </trkpt>
      <trkpt lat="40.10207989253104" lon="-8.098058067262173">
        <ele>710</ele>
      </trkpt>
      <trkpt lat="40.10193253867328" lon="-8.098084386438131">
        <ele>709.4</ele>
      </trkpt>
      <trkpt lat="40.1017848495394" lon="-8.098096288740635">
        <ele>709.2</ele>
      </trkpt>
      <trkpt lat="40.10169642046094" lon="-8.098082961514592">
        <ele>709.5</ele>
      </trkpt>
      <trkpt lat="40.10155082680285" lon="-8.098026383668184">
        <ele>709.7</ele>
      </trkpt>
      <trkpt lat="40.101414201781154" lon="-8.097943402826786">
        <ele>710.5</ele>
      </trkpt>
      <trkpt lat="40.10127967223525" lon="-8.097859919071198">
        <ele>710.8</ele>
      </trkpt>
      <trkpt lat="40.10117230005562" lon="-8.097793366760015">
        <ele>711.3</ele>
      </trkpt>
      <trkpt lat="40.10104263201356" lon="-8.097709715366364">
        <ele>712.6</ele>
      </trkpt>
      <trkpt lat="40.100938361138105" lon="-8.097648108378053">
        <ele>713.8</ele>
      </trkpt>
      <trkpt lat="40.10083786211908" lon="-8.09758448973298">
        <ele>715.4</ele>
      </trkpt>
      <trkpt lat="40.100711127743125" lon="-8.097509639337659">
        <ele>717</ele>
      </trkpt>
      <trkpt lat="40.10063401423395" lon="-8.09746420942247">
        <ele>717.2</ele>
      </trkpt>
      <trkpt lat="40.100539131090045" lon="-8.097396483644843">
        <ele>717.4</ele>
      </trkpt>
      <trkpt lat="40.10044785216451" lon="-8.097322219982743">
        <ele>717.9</ele>
      </trkpt>
      <trkpt lat="40.10035556741059" lon="-8.097253069281578">
        <ele>718.5</ele>
      </trkpt>
      <trkpt lat="40.10026529431343" lon="-8.097191210836172">
        <ele>719</ele>
      </trkpt>
      <trkpt lat="40.100174685940146" lon="-8.097136560827494">
        <ele>720</ele>
      </trkpt>
      <trkpt lat="40.10008097626269" lon="-8.097087610512972">
        <ele>721.3</ele>
      </trkpt>
      <trkpt lat="40.10000864043832" lon="-8.097058106213808">
        <ele>721.9</ele>
      </trkpt>
      <trkpt lat="40.09987771511078" lon="-8.097051568329334">
        <ele>725</ele>
      </trkpt>
      <trkpt lat="40.09974813088775" lon="-8.09709289111197">
        <ele>727.3</ele>
      </trkpt>
      <trkpt lat="40.09962759912014" lon="-8.097169501706958">
        <ele>728.6</ele>
      </trkpt>
      <trkpt lat="40.09951662272215" lon="-8.097250303253531">
        <ele>729.3</ele>
      </trkpt>
      <trkpt lat="40.09940564632416" lon="-8.09732691384852">
        <ele>729</ele>
      </trkpt>
      <trkpt lat="40.09930958971381" lon="-8.097380809485912">
        <ele>728.8</ele>
      </trkpt>
      <trkpt lat="40.099208084866405" lon="-8.097423138096929">
        <ele>728.2</ele>
      </trkpt>
      <trkpt lat="40.09912812151015" lon="-8.097436046227813">
        <ele>728</ele>
      </trkpt>
      <trkpt lat="40.09899719618261" lon="-8.097442919388413">
        <ele>728</ele>
      </trkpt>
      <trkpt lat="40.09886786341667" lon="-8.097435543313622">
        <ele>728.5</ele>
      </trkpt>
      <trkpt lat="40.0987352617085" lon="-8.097426993772388">
        <ele>729.3</ele>
      </trkpt>
      <trkpt lat="40.098631493747234" lon="-8.097413079813123">
        <ele>730.5</ele>
      </trkpt>
      <trkpt lat="40.09852931834757" lon="-8.097396902740002">
        <ele>731.8</ele>
      </trkpt>
      <trkpt lat="40.09842756204307" lon="-8.097375193610787">
        <ele>733.4</ele>
      </trkpt>
      <trkpt lat="40.09834986180067" lon="-8.097359351813793">
        <ele>734.4</ele>
      </trkpt>
      <trkpt lat="40.09832337498665" lon="-8.097355915233493">
        <ele>734.7</ele>
      </trkpt>
      <trkpt lat="40.09822019375861" lon="-8.097334709018469">
        <ele>735.5</ele>
      </trkpt>
      <trkpt lat="40.09811919182539" lon="-8.09731769375503">
        <ele>735.8</ele>
      </trkpt>
      <trkpt lat="40.09799505583942" lon="-8.097300007939339">
        <ele>736.7</ele>
      </trkpt>
      <trkpt lat="40.097872177138925" lon="-8.097272012382746">
        <ele>738.5</ele>
      </trkpt>
      <trkpt lat="40.097739743068814" lon="-8.097256505861878">
        <ele>739.5</ele>
      </trkpt>
      <trkpt lat="40.09760814718902" lon="-8.097245441749692">
        <ele>740.1</ele>
      </trkpt>
      <trkpt lat="40.09748199954629" lon="-8.097216691821814">
        <ele>740.4</ele>
      </trkpt>
      <trkpt lat="40.097388457506895" lon="-8.097161706537008">
        <ele>741.2</ele>
      </trkpt>
      <trkpt lat="40.09726230986416" lon="-8.097122982144356">
        <ele>742.3</ele>
      </trkpt>
      <trkpt lat="40.09713993407786" lon="-8.097094148397446">
        <ele>743.6</ele>
      </trkpt>
      <trkpt lat="40.09700800292194" lon="-8.097087275236845">
        <ele>745.2</ele>
      </trkpt>
      <trkpt lat="40.09683156386018" lon="-8.097143350169063">
        <ele>746.9</ele>
      </trkpt>
      <trkpt lat="40.09669175371528" lon="-8.09722633101046">
        <ele>748.9</ele>
      </trkpt>
      <trkpt lat="40.09659083560109" lon="-8.097362536936998">
        <ele>750.5</ele>
      </trkpt>
      <trkpt lat="40.09655395522714" lon="-8.0974833201617">
        <ele>751.1</ele>
      </trkpt>
      <trkpt lat="40.096538281068206" lon="-8.097696052864194">
        <ele>752.5</ele>
      </trkpt>
      <trkpt lat="40.096543058753014" lon="-8.09791088104248">
        <ele>754.8</ele>
      </trkpt>
      <trkpt lat="40.09658236987889" lon="-8.098128894343972">
        <ele>757.3</ele>
      </trkpt>
      <trkpt lat="40.09669141843915" lon="-8.09833793900907">
        <ele>757.7</ele>
      </trkpt>
      <trkpt lat="40.09678085334599" lon="-8.09850406832993">
        <ele>758.4</ele>
      </trkpt>
      <trkpt lat="40.09691085666418" lon="-8.098742449656129">
        <ele>759.3</ele>
      </trkpt>
      <trkpt lat="40.097044464200735" lon="-8.098944537341595">
        <ele>760.2</ele>
      </trkpt>
      <trkpt lat="40.09718938730657" lon="-8.099163640290499">
        <ele>761.7</ele>
      </trkpt>
      <trkpt lat="40.09730572812259" lon="-8.09932499192655">
        <ele>762.9</ele>
      </trkpt>
      <trkpt lat="40.097409496083856" lon="-8.099510734900832">
        <ele>763.6</ele>
      </trkpt>
      <trkpt lat="40.09747856296599" lon="-8.099672170355916">
        <ele>764.6</ele>
      </trkpt>
      <trkpt lat="40.09755106642842" lon="-8.099842490628362">
        <ele>764.3</ele>
      </trkpt>
      <trkpt lat="40.09754025377333" lon="-8.100037118420005">
        <ele>765.7</ele>
      </trkpt>
      <trkpt lat="40.09750270284712" lon="-8.100207606330514">
        <ele>765.9</ele>
      </trkpt>
      <trkpt lat="40.09749172255397" lon="-8.100238870829344">
        <ele>766.1</ele>
      </trkpt>
      <trkpt lat="40.09742919355631" lon="-8.100399803370237">
        <ele>766</ele>
      </trkpt>
      <trkpt lat="40.097398264333606" lon="-8.100462416186929">
        <ele>765.8</ele>
      </trkpt>
      <trkpt lat="40.097288712859154" lon="-8.100621839985251">
        <ele>765.7</ele>
      </trkpt>
      <trkpt lat="40.09716692380607" lon="-8.1008006259799">
        <ele>764.9</ele>
      </trkpt>
      <trkpt lat="40.09700213558972" lon="-8.101021740585566">
        <ele>764.3</ele>
      </trkpt>
      <trkpt lat="40.096833910793066" lon="-8.10125257819891">
        <ele>764.2</ele>
      </trkpt>
      <trkpt lat="40.096786469221115" lon="-8.101324159651995">
        <ele>764.4</ele>
      </trkpt>
      <trkpt lat="40.09671924635768" lon="-8.101428598165512">
        <ele>764.5</ele>
      </trkpt>
      <trkpt lat="40.09670809842646" lon="-8.101430861279368">
        <ele>764.8</ele>
      </trkpt>
      <trkpt lat="40.09670801460743" lon="-8.101397920399904">
        <ele>765.4</ele>
      </trkpt>
      <trkpt lat="40.09672218002379" lon="-8.101373612880707">
        <ele>765.5</ele>
      </trkpt>
      <trkpt lat="40.09676534682512" lon="-8.101295325905085">
        <ele>765.6</ele>
      </trkpt>
      <trkpt lat="40.09681605733931" lon="-8.101222906261683">
        <ele>765.5</ele>
      </trkpt>
      <trkpt lat="40.09686475619674" lon="-8.101156437769532">
        <ele>765.5</ele>
      </trkpt>
      <trkpt lat="40.096945222467184" lon="-8.101053172722459">
        <ele>765.4</ele>
      </trkpt>
      <trkpt lat="40.09694547392428" lon="-8.10105367563665">
        <ele>765.4</ele>
      </trkpt>
      <trkpt lat="40.09696056134999" lon="-8.101096842437983">
        <ele>763.8</ele>
      </trkpt>
      <trkpt lat="40.09656434878707" lon="-8.10162540525198">
        <ele>764.6</ele>
      </trkpt>
      <trkpt lat="40.09636603295803" lon="-8.101918185129762">
        <ele>762.4</ele>
      </trkpt>
      <trkpt lat="40.09632839821279" lon="-8.101969985291362">
        <ele>762</ele>
      </trkpt>
      <trkpt lat="40.09617576375604" lon="-8.102169558405876">
        <ele>760.4</ele>
      </trkpt>
      <trkpt lat="40.09605280123651" lon="-8.102327724918723">
        <ele>759.7</ele>
      </trkpt>
      <trkpt lat="40.09600586257875" lon="-8.102372819557786">
        <ele>760</ele>
      </trkpt>
      <trkpt lat="40.095956241711974" lon="-8.1024135556072">
        <ele>760.1</ele>
      </trkpt>
      <trkpt lat="40.09585197083652" lon="-8.102485807612538">
        <ele>760.3</ele>
      </trkpt>
      <trkpt lat="40.09574401192367" lon="-8.102542134001851">
        <ele>759.8</ele>
      </trkpt>
      <trkpt lat="40.09563026949763" lon="-8.10257432051003">
        <ele>759.7</ele>
      </trkpt>
      <trkpt lat="40.09551091119647" lon="-8.10258706100285">
        <ele>759.3</ele>
      </trkpt>
      <trkpt lat="40.095262387767434" lon="-8.102551102638245">
        <ele>758.5</ele>
      </trkpt>
      <trkpt lat="40.09508427232504" lon="-8.102450268343091">
        <ele>758.4</ele>
      </trkpt>
      <trkpt lat="40.09502802975476" lon="-8.102408107370138">
        <ele>758.3</ele>
      </trkpt>
      <trkpt lat="40.094919903203845" lon="-8.10230459086597">
        <ele>758.9</ele>
      </trkpt>
      <trkpt lat="40.09482778608799" lon="-8.10217852704227">
        <ele>759.9</ele>
      </trkpt>
      <trkpt lat="40.09466987103224" lon="-8.101917011663318">
        <ele>761.1</ele>
      </trkpt>
      <trkpt lat="40.09449460543692" lon="-8.101646108552814">
        <ele>758.7</ele>
      </trkpt>
      <trkpt lat="40.09438161738217" lon="-8.101446283981204">
        <ele>758.9</ele>
      </trkpt>
      <trkpt lat="40.09427600540221" lon="-8.101256433874369">
        <ele>761.3</ele>
      </trkpt>
      <trkpt lat="40.09418883360922" lon="-8.101133806630969">
        <ele>763.6</ele>
      </trkpt>
      <trkpt lat="40.094158658757806" lon="-8.101096423342824">
        <ele>764.3</ele>
      </trkpt>
      <trkpt lat="40.09409378282726" lon="-8.101026602089405">
        <ele>765.9</ele>
      </trkpt>
      <trkpt lat="40.09405472315848" lon="-8.10099558904767">
        <ele>766.6</ele>
      </trkpt>
      <trkpt lat="40.093963611871004" lon="-8.100949991494417">
        <ele>767</ele>
      </trkpt>
      <trkpt lat="40.09375540539622" lon="-8.10089148581028">
        <ele>767.4</ele>
      </trkpt>
      <trkpt lat="40.09369891136885" lon="-8.100889977067709">
        <ele>767</ele>
      </trkpt>
      <trkpt lat="40.09358315728605" lon="-8.100898107513785">
        <ele>766.8</ele>
      </trkpt>
      <trkpt lat="40.093353325501084" lon="-8.10095937922597">
        <ele>766.1</ele>
      </trkpt>
      <trkpt lat="40.0930779799819" lon="-8.101086197420955">
        <ele>766.9</ele>
      </trkpt>
      <trkpt lat="40.09279911406338" lon="-8.101218044757843">
        <ele>767.8</ele>
      </trkpt>
      <trkpt lat="40.09252259507775" lon="-8.101286189630628">
        <ele>767.8</ele>
      </trkpt>
      <trkpt lat="40.09246568195522" lon="-8.10128434561193">
        <ele>767.8</ele>
      </trkpt>
      <trkpt lat="40.092244148254395" lon="-8.10119985602796">
        <ele>767.6</ele>
      </trkpt>
      <trkpt lat="40.09205278940499" lon="-8.100967928767204">
        <ele>765.5</ele>
      </trkpt>
      <trkpt lat="40.09199126623571" lon="-8.100784868001938">
        <ele>764.8</ele>
      </trkpt>
      <trkpt lat="40.09195991791785" lon="-8.100654445588589">
        <ele>764.4</ele>
      </trkpt>
      <trkpt lat="40.09193745441735" lon="-8.100383542478085">
        <ele>763.8</ele>
      </trkpt>
      <trkpt lat="40.091935358941555" lon="-8.100313385948539">
        <ele>763.8</ele>
      </trkpt>
      <trkpt lat="40.09195178747177" lon="-8.09995573014021">
        <ele>763.6</ele>
      </trkpt>
      <trkpt lat="40.09196293540299" lon="-8.099883394315839">
        <ele>764</ele>
      </trkpt>
      <trkpt lat="40.092014065012336" lon="-8.099227845668793">
        <ele>769.4</ele>
      </trkpt>
      <trkpt lat="40.09206846356392" lon="-8.098474647849798">
        <ele>768</ele>
      </trkpt>
      <trkpt lat="40.0920744985342" lon="-8.098295191302896">
        <ele>768.1</ele>
      </trkpt>
      <trkpt lat="40.092024793848395" lon="-8.097940720617771">
        <ele>768</ele>
      </trkpt>
      <trkpt lat="40.091989589855075" lon="-8.097761515527964">
        <ele>768</ele>
      </trkpt>
      <trkpt lat="40.091942735016346" lon="-8.097071181982756">
        <ele>769.4</ele>
      </trkpt>
      <trkpt lat="40.09196117520332" lon="-8.096968084573746">
        <ele>768.2</ele>
      </trkpt>
      <trkpt lat="40.092069301754236" lon="-8.096482772380114">
        <ele>764.2</ele>
      </trkpt>
      <trkpt lat="40.092077013105154" lon="-8.096178760752082">
        <ele>764.9</ele>
      </trkpt>
      <trkpt lat="40.09206184186041" lon="-8.095464119687676">
        <ele>771.3</ele>
      </trkpt>
      <trkpt lat="40.09199419990182" lon="-8.095171172171831">
        <ele>769.3</ele>
      </trkpt>
      <trkpt lat="40.09191373363137" lon="-8.094460973516107">
        <ele>765.7</ele>
      </trkpt>
      <trkpt lat="40.091911973431706" lon="-8.094250420108438">
        <ele>767.2</ele>
      </trkpt>
      <trkpt lat="40.09173285216093" lon="-8.093782039359212">
        <ele>763</ele>
      </trkpt>
      <trkpt lat="40.091561106964946" lon="-8.09343452565372">
        <ele>761</ele>
      </trkpt>
      <trkpt lat="40.09151391685009" lon="-8.09323855675757">
        <ele>760.8</ele>
      </trkpt>
      <trkpt lat="40.091502936556935" lon="-8.092926079407334">
        <ele>763</ele>
      </trkpt>
      <trkpt lat="40.09150712750852" lon="-8.092613518238068">
        <ele>765.3</ele>
      </trkpt>
      <trkpt lat="40.09136052802205" lon="-8.09225745499134">
        <ele>765.5</ele>
      </trkpt>
      <trkpt lat="40.09121191687882" lon="-8.09201748110354">
        <ele>765.8</ele>
      </trkpt>
      <trkpt lat="40.09085803292692" lon="-8.091454301029444">
        <ele>766.2</ele>
      </trkpt>
      <trkpt lat="40.09080790914595" lon="-8.091372745111585">
        <ele>766.3</ele>
      </trkpt>
      <trkpt lat="40.090516889467835" lon="-8.090870836749673">
        <ele>765.7</ele>
      </trkpt>
      <trkpt lat="40.090292086824775" lon="-8.090199194848537">
        <ele>765.4</ele>
      </trkpt>
      <trkpt lat="40.09025973267853" lon="-8.089892333373427">
        <ele>766.7</ele>
      </trkpt>
      <trkpt lat="40.090224612504244" lon="-8.08968915604055">
        <ele>767.2</ele>
      </trkpt>
      <trkpt lat="40.08989327587187" lon="-8.089268216863275">
        <ele>768.3</ele>
      </trkpt>
      <trkpt lat="40.08943143300712" lon="-8.088890444487333">
        <ele>770.5</ele>
      </trkpt>
      <trkpt lat="40.089270835742354" lon="-8.08867477811873">
        <ele>771</ele>
      </trkpt>
      <trkpt lat="40.08916463702917" lon="-8.088413765653968">
        <ele>770.9</ele>
      </trkpt>
      <trkpt lat="40.08919145911932" lon="-8.087746230885386">
        <ele>769.8</ele>
      </trkpt>
      <trkpt lat="40.08922230452299" lon="-8.087651180103421">
        <ele>770.4</ele>
      </trkpt>
      <trkpt lat="40.08929732255638" lon="-8.087364519014955">
        <ele>770.4</ele>
      </trkpt>
      <trkpt lat="40.08928466588259" lon="-8.086949195712805">
        <ele>768</ele>
      </trkpt>
      <trkpt lat="40.08896917104721" lon="-8.086636802181602">
        <ele>764.7</ele>
      </trkpt>
      <trkpt lat="40.08874244056642" lon="-8.086501266807318">
        <ele>764.3</ele>
      </trkpt>
      <trkpt lat="40.08833784610033" lon="-8.086120141670108">
        <ele>764.7</ele>
      </trkpt>
      <trkpt lat="40.08822737261653" lon="-8.085964322090149">
        <ele>764.1</ele>
      </trkpt>
      <trkpt lat="40.08813299238682" lon="-8.08578947558999">
        <ele>762.2</ele>
      </trkpt>
      <trkpt lat="40.08817347697914" lon="-8.085091430693865">
        <ele>764.4</ele>
      </trkpt>
      <trkpt lat="40.08820038288832" lon="-8.084993110969663">
        <ele>765.5</ele>
      </trkpt>
      <trkpt lat="40.08793333545327" lon="-8.084450969472528">
        <ele>762.7</ele>
      </trkpt>
      <trkpt lat="40.087590934708714" lon="-8.08417989872396">
        <ele>760.7</ele>
      </trkpt>
      <trkpt lat="40.0875380448997" lon="-8.084102785214782">
        <ele>761.3</ele>
      </trkpt>
      <trkpt lat="40.087426230311394" lon="-8.083415301516652">
        <ele>767.8</ele>
      </trkpt>
      <trkpt lat="40.08742564357817" lon="-8.083207178860903">
        <ele>769</ele>
      </trkpt>
      <trkpt lat="40.087408712133765" lon="-8.083105674013495">
        <ele>769.2</ele>
      </trkpt>
      <trkpt lat="40.08730670437217" lon="-8.08282244950533">
        <ele>769.3</ele>
      </trkpt>
      <trkpt lat="40.08703798055649" lon="-8.082285337150097">
        <ele>765.9</ele>
      </trkpt>
      <trkpt lat="40.08699649013579" lon="-8.0821936391294">
        <ele>764.8</ele>
      </trkpt>
      <trkpt lat="40.08689397946" lon="-8.081679660826921">
        <ele>763.1</ele>
      </trkpt>
      <trkpt lat="40.08688274770975" lon="-8.08157111518085">
        <ele>763.4</ele>
      </trkpt>
      <trkpt lat="40.08663849905133" lon="-8.080990836024284">
        <ele>762.7</ele>
      </trkpt>
      <trkpt lat="40.08647622540593" lon="-8.080735774710774">
        <ele>761.7</ele>
      </trkpt>
      <trkpt lat="40.086271706968546" lon="-8.080243086442351">
        <ele>764.6</ele>
      </trkpt>
      <trkpt lat="40.086149498820305" lon="-8.080079723149538">
        <ele>765.2</ele>
      </trkpt>
      <trkpt lat="40.08574767038226" lon="-8.079480836167932">
        <ele>766.5</ele>
      </trkpt>
      <trkpt lat="40.08569050580263" lon="-8.079393580555916">
        <ele>766.7</ele>
      </trkpt>
      <trkpt lat="40.08555471897125" lon="-8.079246478155255">
        <ele>766.8</ele>
      </trkpt>
      <trkpt lat="40.08540518581867" lon="-8.0791284609586">
        <ele>766.1</ele>
      </trkpt>
      <trkpt lat="40.08519069291651" lon="-8.078936012461782">
        <ele>766</ele>
      </trkpt>
      <trkpt lat="40.08504694327712" lon="-8.07866527698934">
        <ele>766.4</ele>
      </trkpt>
      <trkpt lat="40.08502406068146" lon="-8.078231681138277">
        <ele>768.8</ele>
      </trkpt>
      <trkpt lat="40.084993466734886" lon="-8.078006627038121">
        <ele>769.1</ele>
      </trkpt>
      <trkpt lat="40.08490025997162" lon="-8.077809233218431">
        <ele>768.6</ele>
      </trkpt>
      <trkpt lat="40.08477268740535" lon="-8.077651066705585">
        <ele>766.9</ele>
      </trkpt>
      <trkpt lat="40.08458971045911" lon="-8.077410254627466">
        <ele>763.4</ele>
      </trkpt>
      <trkpt lat="40.08448292501271" lon="-8.076993003487587">
        <ele>763</ele>
      </trkpt>
      <trkpt lat="40.08445819839835" lon="-8.076762668788433">
        <ele>765.1</ele>
      </trkpt>
      <trkpt lat="40.084249237552285" lon="-8.07639260776341">
        <ele>765.5</ele>
      </trkpt>
      <trkpt lat="40.084131471812725" lon="-8.076221700757742">
        <ele>764.2</ele>
      </trkpt>
      <trkpt lat="40.084057208150625" lon="-8.076020702719688">
        <ele>764.2</ele>
      </trkpt>
      <trkpt lat="40.08405729196966" lon="-8.075687857344747">
        <ele>765.7</ele>
      </trkpt>
      <trkpt lat="40.084076235070825" lon="-8.075344702228904">
        <ele>767.5</ele>
      </trkpt>
      <trkpt lat="40.083841290324926" lon="-8.07496097870171">
        <ele>768.1</ele>
      </trkpt>
      <trkpt lat="40.08371095173061" lon="-8.074867688119411">
        <ele>768.5</ele>
      </trkpt>
      <trkpt lat="40.08346024900675" lon="-8.074668869376183">
        <ele>766</ele>
      </trkpt>
      <trkpt lat="40.083290515467525" lon="-8.074186658486724">
        <ele>763.8</ele>
      </trkpt>
      <trkpt lat="40.08329143747687" lon="-8.074095211923122">
        <ele>764.6</ele>
      </trkpt>
      <trkpt lat="40.083289509639144" lon="-8.07364309206605">
        <ele>769.3</ele>
      </trkpt>
      <trkpt lat="40.083241229876876" lon="-8.073474196717143">
        <ele>770.5</ele>
      </trkpt>
      <trkpt lat="40.082853650674224" lon="-8.07335676625371">
        <ele>768.4</ele>
      </trkpt>
      <trkpt lat="40.082784835249186" lon="-8.073378056287766">
        <ele>767.4</ele>
      </trkpt>
      <trkpt lat="40.08236842229962" lon="-8.073469921946526">
        <ele>764.3</ele>
      </trkpt>
      <trkpt lat="40.081796357408166" lon="-8.073502946645021">
        <ele>764.1</ele>
      </trkpt>
      <trkpt lat="40.08172460831702" lon="-8.073506886139512">
        <ele>763</ele>
      </trkpt>
      <trkpt lat="40.081226639449596" lon="-8.073531109839678">
        <ele>763.2</ele>
      </trkpt>
      <trkpt lat="40.080713499337435" lon="-8.073533289134502">
        <ele>766.5</ele>
      </trkpt>
      <trkpt lat="40.08035601116717" lon="-8.073444776237011">
        <ele>765.6</ele>
      </trkpt>
      <trkpt lat="40.08021720685065" lon="-8.073373613879085">
        <ele>765.9</ele>
      </trkpt>
      <trkpt lat="40.08005619049072" lon="-8.073230534791946">
        <ele>768.2</ele>
      </trkpt>
      <trkpt lat="40.079773887991905" lon="-8.073028111830354">
        <ele>770.8</ele>
      </trkpt>
      <trkpt lat="40.079724015668035" lon="-8.073005061596632">
        <ele>770.4</ele>
      </trkpt>
      <trkpt lat="40.07967338897288" lon="-8.07297756895423">
        <ele>769.8</ele>
      </trkpt>
      <trkpt lat="40.07931229658425" lon="-8.073003385215998">
        <ele>765.5</ele>
      </trkpt>
      <trkpt lat="40.07923912256956" lon="-8.073015538975596">
        <ele>764.9</ele>
      </trkpt>
      <trkpt lat="40.079086991027" lon="-8.073054682463408">
        <ele>764</ele>
      </trkpt>
      <trkpt lat="40.07871466688812" lon="-8.073350563645363">
        <ele>764</ele>
      </trkpt>
      <trkpt lat="40.078408224508166" lon="-8.07366262190044">
        <ele>761.8</ele>
      </trkpt>
      <trkpt lat="40.07832088507712" lon="-8.073725067079067">
        <ele>760.5</ele>
      </trkpt>
      <trkpt lat="40.07792023010552" lon="-8.073838641867042">
        <ele>756.2</ele>
      </trkpt>
      <trkpt lat="40.07756324484944" lon="-8.07421431876719">
        <ele>752.9</ele>
      </trkpt>
      <trkpt lat="40.07714138366282" lon="-8.07482074946165">
        <ele>751.7</ele>
      </trkpt>
      <trkpt lat="40.07705035619438" lon="-8.074935413897038">
        <ele>751.4</ele>
      </trkpt>
      <trkpt lat="40.07662774063647" lon="-8.075319388881326">
        <ele>750.9</ele>
      </trkpt>
      <trkpt lat="40.07607285864651" lon="-8.075802270323038">
        <ele>754.5</ele>
      </trkpt>
      <trkpt lat="40.075839422643185" lon="-8.075968399643898">
        <ele>757.1</ele>
      </trkpt>
      <trkpt lat="40.075308848172426" lon="-8.076089769601822">
        <ele>751.4</ele>
      </trkpt>
      <trkpt lat="40.074900817126036" lon="-8.076138133183122">
        <ele>749.2</ele>
      </trkpt>
      <trkpt lat="40.07425054907799" lon="-8.07618792168796">
        <ele>748</ele>
      </trkpt>
      <trkpt lat="40.073918709531426" lon="-8.076198231428862">
        <ele>746.3</ele>
      </trkpt>
      <trkpt lat="40.07365317083895" lon="-8.07603009045124">
        <ele>742.2</ele>
      </trkpt>
      <trkpt lat="40.07350757718086" lon="-8.075650474056602">
        <ele>739.6</ele>
      </trkpt>
      <trkpt lat="40.07346985861659" lon="-8.075503539294004">
        <ele>739</ele>
      </trkpt>
      <trkpt lat="40.07325201295316" lon="-8.074773475527763">
        <ele>730.8</ele>
      </trkpt>
      <trkpt lat="40.07319124415517" lon="-8.074636850506067">
        <ele>729</ele>
      </trkpt>
      <trkpt lat="40.07268170826137" lon="-8.074168805032969">
        <ele>721.1</ele>
      </trkpt>
      <trkpt lat="40.0724246352911" lon="-8.074095295742154">
        <ele>718.4</ele>
      </trkpt>
      <trkpt lat="40.07229421287775" lon="-8.074057325720787">
        <ele>718.3</ele>
      </trkpt>
      <trkpt lat="40.071812588721514" lon="-8.073542341589928">
        <ele>718</ele>
      </trkpt>
      <trkpt lat="40.071661630645394" lon="-8.073327764868736">
        <ele>716</ele>
      </trkpt>
      <trkpt lat="40.07138821296394" lon="-8.07309441268444">
        <ele>716</ele>
      </trkpt>
      <trkpt lat="40.07130229845643" lon="-8.073017047718167">
        <ele>716.4</ele>
      </trkpt>
      <trkpt lat="40.071087554097176" lon="-8.072574902325869">
        <ele>713.3</ele>
      </trkpt>
      <trkpt lat="40.0710397772491" lon="-8.072467194870114">
        <ele>712.5</ele>
      </trkpt>
      <trkpt lat="40.070691676810384" lon="-8.072270974516869">
        <ele>715.6</ele>
      </trkpt>
      <trkpt lat="40.070596961304545" lon="-8.072241470217705">
        <ele>717.2</ele>
      </trkpt>
      <trkpt lat="40.07036595605314" lon="-8.071999568492174">
        <ele>719.6</ele>
      </trkpt>
      <trkpt lat="40.070233857259154" lon="-8.071504114195704">
        <ele>716.3</ele>
      </trkpt>
      <trkpt lat="40.070160096511245" lon="-8.07104168459773">
        <ele>712.8</ele>
      </trkpt>
      <trkpt lat="40.07011407986283" lon="-8.070833394303918">
        <ele>712.5</ele>
      </trkpt>
      <trkpt lat="40.06998742930591" lon="-8.070556623861194">
        <ele>712.8</ele>
      </trkpt>
      <trkpt lat="40.06979648955166" lon="-8.070359732955694">
        <ele>712.3</ele>
      </trkpt>
      <trkpt lat="40.06959641352296" lon="-8.070195447653532">
        <ele>712.1</ele>
      </trkpt>
      <trkpt lat="40.069129122421145" lon="-8.069839049130678">
        <ele>712</ele>
      </trkpt>
      <trkpt lat="40.06898570805788" lon="-8.069763528183103">
        <ele>711.9</ele>
      </trkpt>
      <trkpt lat="40.06844046525657" lon="-8.06968524120748">
        <ele>712.3</ele>
      </trkpt>
      <trkpt lat="40.068135280162096" lon="-8.06965439580381">
        <ele>712.5</ele>
      </trkpt>
      <trkpt lat="40.068062441423535" lon="-8.06963344104588">
        <ele>712.5</ele>
      </trkpt>
      <trkpt lat="40.06781333126128" lon="-8.069431688636541">
        <ele>713.3</ele>
      </trkpt>
      <trkpt lat="40.067592887207866" lon="-8.069164641201496">
        <ele>713</ele>
      </trkpt>
      <trkpt lat="40.06717052310705" lon="-8.068779576569796">
        <ele>712.9</ele>
      </trkpt>
      <trkpt lat="40.06688076071441" lon="-8.068671533837914">
        <ele>712.5</ele>
      </trkpt>
      <trkpt lat="40.06629981100559" lon="-8.068444216623902">
        <ele>711.7</ele>
      </trkpt>
      <trkpt lat="40.0659575778991" lon="-8.068177169188857">
        <ele>709.6</ele>
      </trkpt>
      <trkpt lat="40.06547687575221" lon="-8.067791517823935">
        <ele>708.3</ele>
      </trkpt>
      <trkpt lat="40.065267495810986" lon="-8.067623460665345">
        <ele>708.5</ele>
      </trkpt>
      <trkpt lat="40.06477707065642" lon="-8.067228589206934">
        <ele>707.9</ele>
      </trkpt>
      <trkpt lat="40.06428220309317" lon="-8.066829359158874">
        <ele>710.5</ele>
      </trkpt>
      <trkpt lat="40.06414096802473" lon="-8.066716538742185">
        <ele>711.6</ele>
      </trkpt>
      <trkpt lat="40.06371483206749" lon="-8.06637229397893">
        <ele>710.6</ele>
      </trkpt>
      <trkpt lat="40.06342708133161" lon="-8.066169703379273">
        <ele>715.4</ele>
      </trkpt>
      <trkpt lat="40.06301871500909" lon="-8.066183952614665">
        <ele>715.1</ele>
      </trkpt>
      <trkpt lat="40.06293791346252" lon="-8.066197950392962">
        <ele>714.6</ele>
      </trkpt>
      <trkpt lat="40.062475400045514" lon="-8.065838953480124">
        <ele>718.2</ele>
      </trkpt>
      <trkpt lat="40.06218538619578" lon="-8.065418098121881">
        <ele>725.3</ele>
      </trkpt>
      <trkpt lat="40.06185941398144" lon="-8.065444584935904">
        <ele>724.9</ele>
      </trkpt>
      <trkpt lat="40.0617248006165" lon="-8.065870637074113">
        <ele>724.1</ele>
      </trkpt>
      <trkpt lat="40.06164760328829" lon="-8.066392075270414">
        <ele>717.6</ele>
      </trkpt>
      <trkpt lat="40.06154391914606" lon="-8.066999344155192">
        <ele>715.7</ele>
      </trkpt>
      <trkpt lat="40.06150268018246" lon="-8.067220207303762">
        <ele>714.5</ele>
      </trkpt>
      <trkpt lat="40.06145071238279" lon="-8.067450793460011">
        <ele>712.3</ele>
      </trkpt>
      <trkpt lat="40.06129128858447" lon="-8.06777517311275">
        <ele>709.2</ele>
      </trkpt>
      <trkpt lat="40.061141923069954" lon="-8.067973488941789">
        <ele>706.2</ele>
      </trkpt>
      <trkpt lat="40.060896165668964" lon="-8.06827113032341">
        <ele>703.2</ele>
      </trkpt>
      <trkpt lat="40.06073112599552" lon="-8.068475732579827">
        <ele>704.1</ele>
      </trkpt>
      <trkpt lat="40.06058477796614" lon="-8.068686285987496">
        <ele>707.7</ele>
      </trkpt>
      <trkpt lat="40.06051495671272" lon="-8.068938832730055">
        <ele>707.3</ele>
      </trkpt>
      <trkpt lat="40.0605283677578" lon="-8.069200599566102">
        <ele>703.3</ele>
      </trkpt>
      <trkpt lat="40.060531217604876" lon="-8.069458678364754">
        <ele>699.6</ele>
      </trkpt>
      <trkpt lat="40.06033826619387" lon="-8.069928148761392">
        <ele>693.8</ele>
      </trkpt>
      <trkpt lat="40.06026366725564" lon="-8.07002529501915">
        <ele>692.8</ele>
      </trkpt>
      <trkpt lat="40.059872064739466" lon="-8.070458890870214">
        <ele>689.1</ele>
      </trkpt>
      <trkpt lat="40.05970073863864" lon="-8.070603897795081">
        <ele>686.6</ele>
      </trkpt>
      <trkpt lat="40.05930846557021" lon="-8.070648657158017">
        <ele>685.7</ele>
      </trkpt>
      <trkpt lat="40.05868493579328" lon="-8.070574896410108">
        <ele>684.9</ele>
      </trkpt>
      <trkpt lat="40.05837279371917" lon="-8.070541620254517">
        <ele>682.3</ele>
      </trkpt>
      <trkpt lat="40.058056795969605" lon="-8.070479594171047">
        <ele>678.3</ele>
      </trkpt>
      <trkpt lat="40.057958140969276" lon="-8.070426201447845">
        <ele>677.9</ele>
      </trkpt>
      <trkpt lat="40.05773157812655" lon="-8.070130487903953">
        <ele>679.9</ele>
      </trkpt>
      <trkpt lat="40.05765521898866" lon="-8.07003116235137">
        <ele>680.2</ele>
      </trkpt>
      <trkpt lat="40.05735673941672" lon="-8.06989235803485">
        <ele>676.6</ele>
      </trkpt>
      <trkpt lat="40.05724458955228" lon="-8.069875929504633">
        <ele>675.1</ele>
      </trkpt>
      <trkpt lat="40.057018864899874" lon="-8.069819184020162">
        <ele>673.7</ele>
      </trkpt>
      <trkpt lat="40.05691501311958" lon="-8.069758750498295">
        <ele>674.6</ele>
      </trkpt>
      <trkpt lat="40.05670756101608" lon="-8.069615419954062">
        <ele>677.6</ele>
      </trkpt>
      <trkpt lat="40.05636650137603" lon="-8.069667220115662">
        <ele>678.6</ele>
      </trkpt>
      <trkpt lat="40.05619836039841" lon="-8.069863775745034">
        <ele>675.8</ele>
      </trkpt>
      <trkpt lat="40.056124264374375" lon="-8.06996377184987">
        <ele>674.2</ele>
      </trkpt>
      <trkpt lat="40.05588663741946" lon="-8.0702143907547">
        <ele>671.5</ele>
      </trkpt>
      <trkpt lat="40.055798208341" lon="-8.070278679952025">
        <ele>671.2</ele>
      </trkpt>
      <trkpt lat="40.05562495440245" lon="-8.07041178457439">
        <ele>672.5</ele>
      </trkpt>
      <trkpt lat="40.05544725805521" lon="-8.070732057094574">
        <ele>668.2</ele>
      </trkpt>
      <trkpt lat="40.05538950674236" lon="-8.070841943845153">
        <ele>666.9</ele>
      </trkpt>
      <trkpt lat="40.055318512022495" lon="-8.070937665179372">
        <ele>666.5</ele>
      </trkpt>
      <trkpt lat="40.055072670802474" lon="-8.07119213975966">
        <ele>668.3</ele>
      </trkpt>
      <trkpt lat="40.05493897944689" lon="-8.071568571031094">
        <ele>664.6</ele>
      </trkpt>
      <trkpt lat="40.05491014569998" lon="-8.071703016757965">
        <ele>663.6</ele>
      </trkpt>
      <trkpt lat="40.05486295558512" lon="-8.071973584592342">
        <ele>661.9</ele>
      </trkpt>
      <trkpt lat="40.05481442436576" lon="-8.0722417216748">
        <ele>660.5</ele>
      </trkpt>
      <trkpt lat="40.05474083125591" lon="-8.072640113532543">
        <ele>656.8</ele>
      </trkpt>
      <trkpt lat="40.054646702483296" lon="-8.073015371337533">
        <ele>653.3</ele>
      </trkpt>
      <trkpt lat="40.05443883128464" lon="-8.073304295539856">
        <ele>654.3</ele>
      </trkpt>
      <trkpt lat="40.05418653599918" lon="-8.073571929708123">
        <ele>656.7</ele>
      </trkpt>
      <trkpt lat="40.054012360051274" lon="-8.073746105656028">
        <ele>657</ele>
      </trkpt>
      <trkpt lat="40.05383625626564" lon="-8.073921957984567">
        <ele>656.9</ele>
      </trkpt>
      <trkpt lat="40.0536551233381" lon="-8.074097475036979">
        <ele>657.1</ele>
      </trkpt>
      <trkpt lat="40.053463596850634" lon="-8.07423921301961">
        <ele>654.6</ele>
      </trkpt>
      <trkpt lat="40.053362092003226" lon="-8.074277015402913">
        <ele>653</ele>
      </trkpt>
      <trkpt lat="40.05315279588103" lon="-8.074264274910092">
        <ele>648.7</ele>
      </trkpt>
      <trkpt lat="40.05295230075717" lon="-8.074079789221287">
        <ele>644.5</ele>
      </trkpt>
      <trkpt lat="40.05273688584566" lon="-8.0736836604774">
        <ele>641.5</ele>
      </trkpt>
      <trkpt lat="40.0526072178036" lon="-8.073410410434008">
        <ele>640.7</ele>
      </trkpt>
      <trkpt lat="40.05249213427305" lon="-8.073142021894455">
        <ele>640.5</ele>
      </trkpt>
      <trkpt lat="40.052322736009955" lon="-8.072762489318848">
        <ele>640.3</ele>
      </trkpt>
      <trkpt lat="40.05220907740295" lon="-8.072496196255088">
        <ele>640.6</ele>
      </trkpt>
      <trkpt lat="40.052145794034004" lon="-8.072360577061772">
        <ele>641.4</ele>
      </trkpt>
      <trkpt lat="40.05206641741097" lon="-8.07223979383707">
        <ele>642.2</ele>
      </trkpt>
      <trkpt lat="40.05163726396859" lon="-8.07221045717597">
        <ele>638.9</ele>
      </trkpt>
      <trkpt lat="40.051453867927194" lon="-8.072406761348248">
        <ele>636</ele>
      </trkpt>
      <trkpt lat="40.05137155763805" lon="-8.072516983374953">
        <ele>635</ele>
      </trkpt>
      <trkpt lat="40.051199309527874" lon="-8.072726866230369">
        <ele>632.3</ele>
      </trkpt>
      <trkpt lat="40.05084685049951" lon="-8.073141099885106">
        <ele>627.4</ele>
      </trkpt>
      <trkpt lat="40.0506676454097" lon="-8.073321478441358">
        <ele>625.5</ele>
      </trkpt>
      <trkpt lat="40.05034938454628" lon="-8.073441088199615">
        <ele>624.7</ele>
      </trkpt>
      <trkpt lat="40.05023539066315" lon="-8.073449051007628">
        <ele>624.6</ele>
      </trkpt>
      <trkpt lat="40.05012164823711" lon="-8.073452906683087">
        <ele>623.6</ele>
      </trkpt>
      <trkpt lat="40.04966709762812" lon="-8.073464976623654">
        <ele>618.3</ele>
      </trkpt>
      <trkpt lat="40.049238530918956" lon="-8.073499342426658">
        <ele>616.5</ele>
      </trkpt>
      <trkpt lat="40.04913618788123" lon="-8.073526080697775">
        <ele>617.1</ele>
      </trkpt>
      <trkpt lat="40.0489410571754" lon="-8.073616605252028">
        <ele>617.6</ele>
      </trkpt>
      <trkpt lat="40.04866210743785" lon="-8.073761444538832">
        <ele>615.4</ele>
      </trkpt>
      <trkpt lat="40.048178220167756" lon="-8.073668740689754">
        <ele>609.3</ele>
      </trkpt>
      <trkpt lat="40.04808031953871" lon="-8.07360210455954">
        <ele>608.1</ele>
      </trkpt>
      <trkpt lat="40.04777630791068" lon="-8.07340026833117">
        <ele>605</ele>
      </trkpt>
      <trkpt lat="40.04768083803356" lon="-8.073321394622326">
        <ele>604.5</ele>
      </trkpt>
      <trkpt lat="40.04754773341119" lon="-8.073085863143206">
        <ele>602.8</ele>
      </trkpt>
      <trkpt lat="40.047507584095" lon="-8.072807248681784">
        <ele>601.2</ele>
      </trkpt>
      <trkpt lat="40.04758754745126" lon="-8.072360409423709">
        <ele>603.6</ele>
      </trkpt>
      <trkpt lat="40.04757799208164" lon="-8.072032928466797">
        <ele>605.6</ele>
      </trkpt>
      <trkpt lat="40.047521498054266" lon="-8.071896387264132">
        <ele>605.8</ele>
      </trkpt>
      <trkpt lat="40.04732217639685" lon="-8.07173889130354">
        <ele>603.5</ele>
      </trkpt>
      <trkpt lat="40.0470844656229" lon="-8.071705363690853">
        <ele>599.9</ele>
      </trkpt>
      <trkpt lat="40.046963430941105" lon="-8.071705866605043">
        <ele>598.1</ele>
      </trkpt>
      <trkpt lat="40.046842228621244" lon="-8.071708548814058">
        <ele>596.4</ele>
      </trkpt>
      <trkpt lat="40.04661055281758" lon="-8.071687677875161">
        <ele>594.4</ele>
      </trkpt>
      <trkpt lat="40.04643059335649" lon="-8.071532947942615">
        <ele>594.4</ele>
      </trkpt>
      <trkpt lat="40.04622406326234" lon="-8.071200773119926">
        <ele>594</ele>
      </trkpt>
      <trkpt lat="40.04599967971444" lon="-8.071178141981363">
        <ele>592</ele>
      </trkpt>
      <trkpt lat="40.04580890759826" lon="-8.071347372606397">
        <ele>589.3</ele>
      </trkpt>
      <trkpt lat="40.04570044577122" lon="-8.071620455011725">
        <ele>586.9</ele>
      </trkpt>
      <trkpt lat="40.04566599614918" lon="-8.07177317328751">
        <ele>585.7</ele>
      </trkpt>
      <trkpt lat="40.04558687098324" lon="-8.072075424715877">
        <ele>583.8</ele>
      </trkpt>
      <trkpt lat="40.04541822709143" lon="-8.072661822661757">
        <ele>579.8</ele>
      </trkpt>
      <trkpt lat="40.04518118686974" lon="-8.07299567386508">
        <ele>575.4</ele>
      </trkpt>
      <trkpt lat="40.04496577195823" lon="-8.073133639991283">
        <ele>573.6</ele>
      </trkpt>
      <trkpt lat="40.044855549931526" lon="-8.07320044375956">
        <ele>573.2</ele>
      </trkpt>
      <trkpt lat="40.044528571888804" lon="-8.073403872549534">
        <ele>571.6</ele>
      </trkpt>
      <trkpt lat="40.04431525245309" lon="-8.073522979393601">
        <ele>570.6</ele>
      </trkpt>
      <trkpt lat="40.04420687444508" lon="-8.07354343123734">
        <ele>569.8</ele>
      </trkpt>
      <trkpt lat="40.04383211955428" lon="-8.073276719078422">
        <ele>565.3</ele>
      </trkpt>
      <trkpt lat="40.04375450313091" lon="-8.073177058249712">
        <ele>564.2</ele>
      </trkpt>
      <trkpt lat="40.04367076791823" lon="-8.073089718818665">
        <ele>562.6</ele>
      </trkpt>
      <trkpt lat="40.04346993751824" lon="-8.073032638058066">
        <ele>560.7</ele>
      </trkpt>
      <trkpt lat="40.04328578710556" lon="-8.073338577523828">
        <ele>558.8</ele>
      </trkpt>
      <trkpt lat="40.04336918704212" lon="-8.073613168671727">
        <ele>558.7</ele>
      </trkpt>
      <trkpt lat="40.04345300607383" lon="-8.073726072907448">
        <ele>559.1</ele>
      </trkpt>
      <trkpt lat="40.0435446202755" lon="-8.073833612725139">
        <ele>559.2</ele>
      </trkpt>
      <trkpt lat="40.043727261945605" lon="-8.074047351256013">
        <ele>558.5</ele>
      </trkpt>
      <trkpt lat="40.04401375539601" lon="-8.074340634047985">
        <ele>556.6</ele>
      </trkpt>
      <trkpt lat="40.04412506707013" lon="-8.074403246864676">
        <ele>555.7</ele>
      </trkpt>
      <trkpt lat="40.044465623795986" lon="-8.07450751774013">
        <ele>553.4</ele>
      </trkpt>
      <trkpt lat="40.04464164376259" lon="-8.07495360262692">
        <ele>553.6</ele>
      </trkpt>
      <trkpt lat="40.0442214589566" lon="-8.07534545660019">
        <ele>557.7</ele>
      </trkpt>
      <trkpt lat="40.043818624690175" lon="-8.07521067559719">
        <ele>557.5</ele>
      </trkpt>
      <trkpt lat="40.04354026168585" lon="-8.075008001178503">
        <ele>555.9</ele>
      </trkpt>
      <trkpt lat="40.043447222560644" lon="-8.074944550171494">
        <ele>555.4</ele>
      </trkpt>
      <trkpt lat="40.043261060491204" lon="-8.07481974363327">
        <ele>553.7</ele>
      </trkpt>
      <trkpt lat="40.04307766444981" lon="-8.074707761406898">
        <ele>552</ele>
      </trkpt>
      <trkpt lat="40.04288521595299" lon="-8.074626121670008">
        <ele>549.7</ele>
      </trkpt>
      <trkpt lat="40.042590759694576" lon="-8.074530567973852">
        <ele>544.2</ele>
      </trkpt>
      <trkpt lat="40.042490093037486" lon="-8.074512127786875">
        <ele>542.2</ele>
      </trkpt>
      <trkpt lat="40.042300997301936" lon="-8.07455537840724">
        <ele>538.6</ele>
      </trkpt>
      <trkpt lat="40.04206269979477" lon="-8.074787138029933">
        <ele>535.3</ele>
      </trkpt>
      <trkpt lat="40.0418177805841" lon="-8.075041193515062">
        <ele>531.9</ele>
      </trkpt>
      <trkpt lat="40.04165751859546" lon="-8.07523556984961">
        <ele>528.3</ele>
      </trkpt>
      <trkpt lat="40.041595324873924" lon="-8.075351407751441">
        <ele>528</ele>
      </trkpt>
      <trkpt lat="40.04153933376074" lon="-8.075621472671628">
        <ele>528.6</ele>
      </trkpt>
      <trkpt lat="40.041539669036865" lon="-8.07591081596911">
        <ele>528.8</ele>
      </trkpt>
      <trkpt lat="40.04163673147559" lon="-8.07632521726191">
        <ele>528.8</ele>
      </trkpt>
      <trkpt lat="40.04179263487458" lon="-8.076540129259229">
        <ele>529.4</ele>
      </trkpt>
      <trkpt lat="40.04186438396573" lon="-8.076649261638522">
        <ele>529.3</ele>
      </trkpt>
      <trkpt lat="40.0419142562896" lon="-8.076773313805461">
        <ele>529.1</ele>
      </trkpt>
      <trkpt lat="40.041816774755716" lon="-8.07727999985218">
        <ele>526.6</ele>
      </trkpt>
      <trkpt lat="40.04152718000114" lon="-8.07752039283514">
        <ele>521.1</ele>
      </trkpt>
      <trkpt lat="40.041191317141056" lon="-8.07768501341343">
        <ele>517.6</ele>
      </trkpt>
      <trkpt lat="40.04106919281185" lon="-8.077685264870524">
        <ele>517.8</ele>
      </trkpt>
      <trkpt lat="40.04076459445059" lon="-8.077458199113607">
        <ele>518.1</ele>
      </trkpt>
      <trkpt lat="40.040657138451934" lon="-8.077174974605441">
        <ele>515.9</ele>
      </trkpt>
      <trkpt lat="40.04056518897414" lon="-8.076873142272234">
        <ele>512.9</ele>
      </trkpt>
      <trkpt lat="40.04051422700286" lon="-8.076734840869904">
        <ele>511.3</ele>
      </trkpt>
      <trkpt lat="40.04044633358717" lon="-8.076612297445536">
        <ele>509.2</ele>
      </trkpt>
      <trkpt lat="40.04003411158919" lon="-8.076387410983443">
        <ele>503.9</ele>
      </trkpt>
      <trkpt lat="40.03973831422627" lon="-8.076573070138693">
        <ele>502</ele>
      </trkpt>
      <trkpt lat="40.03957889042795" lon="-8.076786724850535">
        <ele>503.7</ele>
      </trkpt>
      <trkpt lat="40.03940898925066" lon="-8.076975820586085">
        <ele>507.2</ele>
      </trkpt>
      <trkpt lat="40.03931041806936" lon="-8.07703960686922">
        <ele>508.3</ele>
      </trkpt>
      <trkpt lat="40.03877070732415" lon="-8.076844979077578">
        <ele>496</ele>
      </trkpt>
      <trkpt lat="40.03866350278258" lon="-8.076761327683926">
        <ele>494.5</ele>
      </trkpt>
      <trkpt lat="40.03823887556791" lon="-8.076461674645543">
        <ele>492.6</ele>
      </trkpt>
      <trkpt lat="40.03781349398196" lon="-8.076148023828864">
        <ele>490.9</ele>
      </trkpt>
      <trkpt lat="40.03729172050953" lon="-8.07575793005526">
        <ele>493.2</ele>
      </trkpt>
      <trkpt lat="40.03719222731888" lon="-8.075684923678637">
        <ele>493.6</ele>
      </trkpt>
      <trkpt lat="40.0369945820421" lon="-8.075541090220213">
        <ele>493.5</ele>
      </trkpt>
      <trkpt lat="40.036805402487516" lon="-8.075407482683659">
        <ele>492.2</ele>
      </trkpt>
      <trkpt lat="40.036422768607736" lon="-8.07516616769135">
        <ele>487.3</ele>
      </trkpt>
      <trkpt lat="40.03587685525417" lon="-8.074827454984188">
        <ele>485.3</ele>
      </trkpt>
      <trkpt lat="40.03578959964216" lon="-8.074773056432605">
        <ele>485.4</ele>
      </trkpt>
      <trkpt lat="40.035421047359705" lon="-8.074584044516087">
        <ele>485.3</ele>
      </trkpt>
      <trkpt lat="40.03533186390996" lon="-8.074538027867675">
        <ele>485.1</ele>
      </trkpt>
      <trkpt lat="40.03524008207023" lon="-8.07449477724731">
        <ele>484</ele>
      </trkpt>
      <trkpt lat="40.034968508407474" lon="-8.074357230216265">
        <ele>479.3</ele>
      </trkpt>
      <trkpt lat="40.034785782918334" lon="-8.07426461018622">
        <ele>476.6</ele>
      </trkpt>
      <trkpt lat="40.03469039686024" lon="-8.074229238554835">
        <ele>475.8</ele>
      </trkpt>
      <trkpt lat="40.03449250012636" lon="-8.074198979884386">
        <ele>474.1</ele>
      </trkpt>
      <trkpt lat="40.03429125063121" lon="-8.074216414242983">
        <ele>472</ele>
      </trkpt>
      <trkpt lat="40.03399629145861" lon="-8.074322445318103">
        <ele>469.2</ele>
      </trkpt>
      <trkpt lat="40.03371558152139" lon="-8.07472444139421">
        <ele>469.9</ele>
      </trkpt>
      <trkpt lat="40.03351232036948" lon="-8.075227607041597">
        <ele>468.2</ele>
      </trkpt>
      <trkpt lat="40.03340905532241" lon="-8.07547889649868">
        <ele>465.8</ele>
      </trkpt>
      <trkpt lat="40.03325340338051" lon="-8.07586396113038">
        <ele>463.7</ele>
      </trkpt>
      <trkpt lat="40.033101104199886" lon="-8.076253803446889">
        <ele>462.4</ele>
      </trkpt>
      <trkpt lat="40.032991133630276" lon="-8.076515989378095">
        <ele>462.6</ele>
      </trkpt>
      <trkpt lat="40.03278166987002" lon="-8.077019238844514">
        <ele>465.3</ele>
      </trkpt>
      <trkpt lat="40.032647140324116" lon="-8.077404135838151">
        <ele>466.9</ele>
      </trkpt>
      <trkpt lat="40.03263808786869" lon="-8.077544616535306">
        <ele>467.1</ele>
      </trkpt>
      <trkpt lat="40.03283740952611" lon="-8.078227071091533">
        <ele>458.6</ele>
      </trkpt>
      <trkpt lat="40.03273858688772" lon="-8.078630911186337">
        <ele>453.3</ele>
      </trkpt>
      <trkpt lat="40.03267823718488" lon="-8.078756975010037">
        <ele>451.9</ele>
      </trkpt>
      <trkpt lat="40.0324821844697" lon="-8.079136675223708">
        <ele>447.1</ele>
      </trkpt>
      <trkpt lat="40.03233122639358" lon="-8.079367261379957">
        <ele>443.7</ele>
      </trkpt>
      <trkpt lat="40.03224279731512" lon="-8.079465329647064">
        <ele>442.6</ele>
      </trkpt>
      <trkpt lat="40.03193543292582" lon="-8.079693065956235">
        <ele>440.9</ele>
      </trkpt>
      <trkpt lat="40.03182923421264" lon="-8.079762049019337">
        <ele>440.3</ele>
      </trkpt>
      <trkpt lat="40.03128793090582" lon="-8.080091373994946">
        <ele>439.4</ele>
      </trkpt>
      <trkpt lat="40.03096883185208" lon="-8.080262867733836">
        <ele>433.6</ele>
      </trkpt>
      <trkpt lat="40.03085785545409" lon="-8.080285666510463">
        <ele>431.5</ele>
      </trkpt>
      <trkpt lat="40.03051872365177" lon="-8.080237386748195">
        <ele>429.6</ele>
      </trkpt>
      <trkpt lat="40.03028646111488" lon="-8.080196063965559">
        <ele>430.5</ele>
      </trkpt>
      <trkpt lat="40.03005143254995" lon="-8.080235794186592">
        <ele>429</ele>
      </trkpt>
      <trkpt lat="40.02965756691992" lon="-8.080597557127476">
        <ele>425.6</ele>
      </trkpt>
      <trkpt lat="40.02940057776868" lon="-8.080960744991899">
        <ele>426.4</ele>
      </trkpt>
      <trkpt lat="40.02914568409324" lon="-8.081330638378859">
        <ele>424.7</ele>
      </trkpt>
      <trkpt lat="40.02880621701479" lon="-8.081803377717733">
        <ele>420</ele>
      </trkpt>
      <trkpt lat="40.0283551029861" lon="-8.082055505365133">
        <ele>420.7</ele>
      </trkpt>
      <trkpt lat="40.02823113463819" lon="-8.08211350813508">
        <ele>421</ele>
      </trkpt>
      <trkpt lat="40.02778144553304" lon="-8.082726644352078">
        <ele>412.1</ele>
      </trkpt>
      <trkpt lat="40.02770927734673" lon="-8.082872070372105">
        <ele>411.5</ele>
      </trkpt>
      <trkpt lat="40.0273465923965" lon="-8.083586376160383">
        <ele>412</ele>
      </trkpt>
      <trkpt lat="40.02719764597714" lon="-8.083859710022807">
        <ele>410.8</ele>
      </trkpt>
      <trkpt lat="40.02697695046663" lon="-8.084240248426795">
        <ele>408</ele>
      </trkpt>
      <trkpt lat="40.02648962661624" lon="-8.084681136533618">
        <ele>403.9</ele>
      </trkpt>
      <trkpt lat="40.02639046870172" lon="-8.084761518985033">
        <ele>402.8</ele>
      </trkpt>
      <trkpt lat="40.02591697499156" lon="-8.08516250923276">
        <ele>395.7</ele>
      </trkpt>
      <trkpt lat="40.02582309767604" lon="-8.085240041837096">
        <ele>393.5</ele>
      </trkpt>
      <trkpt lat="40.02563416957855" lon="-8.085379684343934">
        <ele>387.6</ele>
      </trkpt>
      <trkpt lat="40.02553241327405" lon="-8.085425198078156">
        <ele>386.5</ele>
      </trkpt>
      <trkpt lat="40.02520929090679" lon="-8.085402734577656">
        <ele>390.3</ele>
      </trkpt>
      <trkpt lat="40.02491667866707" lon="-8.085568528622389">
        <ele>394.3</ele>
      </trkpt>
      <trkpt lat="40.02485029399395" lon="-8.085843622684479">
        <ele>396.4</ele>
      </trkpt>
      <trkpt lat="40.02492698840797" lon="-8.086416609585285">
        <ele>391.2</ele>
      </trkpt>
      <trkpt lat="40.02489094622433" lon="-8.086853390559554">
        <ele>391.1</ele>
      </trkpt>
      <trkpt lat="40.02483084797859" lon="-8.087288914248347">
        <ele>388.6</ele>
      </trkpt>
      <trkpt lat="40.02473437227309" lon="-8.087703483179212">
        <ele>379.5</ele>
      </trkpt>
      <trkpt lat="40.024628425017" lon="-8.087957538664341">
        <ele>375.6</ele>
      </trkpt>
      <trkpt lat="40.02444662153721" lon="-8.088321145623922">
        <ele>371.5</ele>
      </trkpt>
      <trkpt lat="40.02438560128212" lon="-8.088443521410227">
        <ele>370.9</ele>
      </trkpt>
      <trkpt lat="40.0242000259459" lon="-8.088809726759791">
        <ele>368.3</ele>
      </trkpt>
      <trkpt lat="40.024129785597324" lon="-8.088922798633575">
        <ele>367.4</ele>
      </trkpt>
      <trkpt lat="40.02396600320935" lon="-8.089122120290995">
        <ele>367.4</ele>
      </trkpt>
      <trkpt lat="40.02387413755059" lon="-8.089210381731391">
        <ele>368.2</ele>
      </trkpt>
      <trkpt lat="40.02378176897764" lon="-8.089298391714692">
        <ele>370.9</ele>
      </trkpt>
      <trkpt lat="40.02359803766012" lon="-8.089478183537722">
        <ele>373.9</ele>
      </trkpt>
      <trkpt lat="40.02341045066714" lon="-8.089655879884958">
        <ele>374.8</ele>
      </trkpt>
      <trkpt lat="40.02312898635864" lon="-8.089919993653893">
        <ele>365.3</ele>
      </trkpt>
      <trkpt lat="40.02285556867719" lon="-8.090184107422829">
        <ele>358.1</ele>
      </trkpt>
      <trkpt lat="40.022495398297906" lon="-8.090530280023813">
        <ele>358.9</ele>
      </trkpt>
      <trkpt lat="40.0223283469677" lon="-8.09072851203382">
        <ele>360.3</ele>
      </trkpt>
      <trkpt lat="40.02215224318206" lon="-8.091109218075871">
        <ele>358.5</ele>
      </trkpt>
      <trkpt lat="40.02210999839008" lon="-8.091247268021107">
        <ele>356.9</ele>
      </trkpt>
      <trkpt lat="40.022003296762705" lon="-8.091511381790042">
        <ele>355.1</ele>
      </trkpt>
      <trkpt lat="40.0216010492295" lon="-8.092059222981334">
        <ele>354.6</ele>
      </trkpt>
      <trkpt lat="40.02118815667927" lon="-8.09259507805109">
        <ele>345.3</ele>
      </trkpt>
      <trkpt lat="40.02110542729497" lon="-8.092702617868781">
        <ele>343.8</ele>
      </trkpt>
      <trkpt lat="40.020778365433216" lon="-8.093133112415671">
        <ele>341.3</ele>
      </trkpt>
      <trkpt lat="40.02061198465526" lon="-8.093348946422338">
        <ele>341.7</ele>
      </trkpt>
      <trkpt lat="40.02036698162556" lon="-8.093667961657047">
        <ele>340.9</ele>
      </trkpt>
      <trkpt lat="40.020127510651946" lon="-8.093978092074394">
        <ele>340</ele>
      </trkpt>
      <trkpt lat="40.019893907010555" lon="-8.09427204541862">
        <ele>340</ele>
      </trkpt>
      <trkpt lat="40.01966482959688" lon="-8.094561221078038">
        <ele>341.6</ele>
      </trkpt>
      <trkpt lat="40.01924674026668" lon="-8.095127083361149">
        <ele>340</ele>
      </trkpt>
      <trkpt lat="40.01897927373648" lon="-8.095473172143102">
        <ele>333.4</ele>
      </trkpt>
      <trkpt lat="40.018668891862035" lon="-8.095885813236237">
        <ele>333.4</ele>
      </trkpt>
      <trkpt lat="40.01849379390478" lon="-8.096119165420532">
        <ele>334.6</ele>
      </trkpt>
      <trkpt lat="40.01832221634686" lon="-8.09632477350533">
        <ele>335.3</ele>
      </trkpt>
      <trkpt lat="40.01826371066272" lon="-8.096387973055243">
        <ele>335.1</ele>
      </trkpt>
      <trkpt lat="40.018202690407634" lon="-8.096447316929698">
        <ele>335</ele>
      </trkpt>
      <trkpt lat="40.01801501959562" lon="-8.09658570215106">
        <ele>334.6</ele>
      </trkpt>
      <trkpt lat="40.01795098185539" lon="-8.096614787355065">
        <ele>334.6</ele>
      </trkpt>
      <trkpt lat="40.01782575622201" lon="-8.096656361594796">
        <ele>334.9</ele>
      </trkpt>
      <trkpt lat="40.01776314340532" lon="-8.096664827317">
        <ele>335.2</ele>
      </trkpt>
      <trkpt lat="40.01757706515491" lon="-8.096666419878602">
        <ele>335</ele>
      </trkpt>
      <trkpt lat="40.01751830801368" lon="-8.096659881994128">
        <ele>335.1</ele>
      </trkpt>
      <trkpt lat="40.01740590669215" lon="-8.096634736284614">
        <ele>334.4</ele>
      </trkpt>
      <trkpt lat="40.017240112647414" lon="-8.096609506756067">
        <ele>333</ele>
      </trkpt>
      <trkpt lat="40.01707775518298" lon="-8.096587797626853">
        <ele>330.8</ele>
      </trkpt>
      <trkpt lat="40.01702587120235" lon="-8.096582097932696">
        <ele>330</ele>
      </trkpt>
      <trkpt lat="40.0168729852885" lon="-8.096586875617504">
        <ele>329.4</ele>
      </trkpt>
      <trkpt lat="40.01677617430687" lon="-8.09659550897777">
        <ele>329.2</ele>
      </trkpt>
      <trkpt lat="40.0166449137032" lon="-8.096648398786783">
        <ele>330.8</ele>
      </trkpt>
      <trkpt lat="40.016518011689186" lon="-8.096707072108984">
        <ele>332.8</ele>
      </trkpt>
      <trkpt lat="40.01644198782742" lon="-8.096765158697963">
        <ele>334.6</ele>
      </trkpt>
      <trkpt lat="40.016307793557644" lon="-8.096876218914986">
        <ele>337.5</ele>
      </trkpt>
      <trkpt lat="40.016252640634775" lon="-8.096940508112311">
        <ele>339.1</ele>
      </trkpt>
      <trkpt lat="40.01613479107618" lon="-8.097123485058546">
        <ele>343</ele>
      </trkpt>
      <trkpt lat="40.01607905142009" lon="-8.097261115908623">
        <ele>345.2</ele>
      </trkpt>
      <trkpt lat="40.01602951437235" lon="-8.097439734265208">
        <ele>347.3</ele>
      </trkpt>
      <trkpt lat="40.016025491058826" lon="-8.097543334588408">
        <ele>347.6</ele>
      </trkpt>
      <trkpt lat="40.015998585149646" lon="-8.097654059529305">
        <ele>348.9</ele>
      </trkpt>
      <trkpt lat="40.01596933230758" lon="-8.097796803340316">
        <ele>350.1</ele>
      </trkpt>
      <trkpt lat="40.0159612018615" lon="-8.097939295694232">
        <ele>350.7</ele>
      </trkpt>
      <trkpt lat="40.0159561727196" lon="-8.09804574586451">
        <ele>351</ele>
      </trkpt>
      <trkpt lat="40.01592197455466" lon="-8.098275912925601">
        <ele>350.5</ele>
      </trkpt>
      <trkpt lat="40.01590973697603" lon="-8.098382698372006">
        <ele>349.8</ele>
      </trkpt>
      <trkpt lat="40.01585165038705" lon="-8.098793160170317">
        <ele>348</ele>
      </trkpt>
      <trkpt lat="40.0157920550555" lon="-8.099030032753944">
        <ele>350</ele>
      </trkpt>
      <trkpt lat="40.01572214998305" lon="-8.099249387159944">
        <ele>350.6</ele>
      </trkpt>
      <trkpt lat="40.0156781449914" lon="-8.099379725754261">
        <ele>350.8</ele>
      </trkpt>
      <trkpt lat="40.01552375033498" lon="-8.099710391834378">
        <ele>354.2</ele>
      </trkpt>
      <trkpt lat="40.01540908589959" lon="-8.09991616755724">
        <ele>357.8</ele>
      </trkpt>
      <trkpt lat="40.01534261740744" lon="-8.100002082064748">
        <ele>360.3</ele>
      </trkpt>
      <trkpt lat="40.01533809117973" lon="-8.10001876205206">
        <ele>360.2</ele>
      </trkpt>
      <trkpt lat="40.01532250083983" lon="-8.100043823942542">
        <ele>360.5</ele>
      </trkpt>
      <trkpt lat="40.01530137844384" lon="-8.10007450170815">
        <ele>360.5</ele>
      </trkpt>
      <trkpt lat="40.01522175036371" lon="-8.10015806928277">
        <ele>361.3</ele>
      </trkpt>
      <trkpt lat="40.01516802236438" lon="-8.100231494754553">
        <ele>361.1</ele>
      </trkpt>
      <trkpt lat="40.01511580310762" lon="-8.10028706677258">
        <ele>361.5</ele>
      </trkpt>
      <trkpt lat="40.01506584696472" lon="-8.100345572456717">
        <ele>361.5</ele>
      </trkpt>
      <trkpt lat="40.015013460069895" lon="-8.100400473922491">
        <ele>361.9</ele>
      </trkpt>
      <trkpt lat="40.01496249809861" lon="-8.10045562684536">
        <ele>362.1</ele>
      </trkpt>
      <trkpt lat="40.014902567490935" lon="-8.100509438663721">
        <ele>362.7</ele>
      </trkpt>
      <trkpt lat="40.01484674401581" lon="-8.100568111985922">
        <ele>362.7</ele>
      </trkpt>
      <trkpt lat="40.01478656195104" lon="-8.100622929632664">
        <ele>363</ele>
      </trkpt>
      <trkpt lat="40.01470651477575" lon="-8.10069065541029">
        <ele>364.1</ele>
      </trkpt>
      <trkpt lat="40.01464423723519" lon="-8.100734911859035">
        <ele>365.4</ele>
      </trkpt>
      <trkpt lat="40.014581456780434" lon="-8.100784532725811">
        <ele>366.5</ele>
      </trkpt>
      <trkpt lat="40.014519430696964" lon="-8.10084706172347">
        <ele>367</ele>
      </trkpt>
      <trkpt lat="40.014433013275266" lon="-8.100924594327807">
        <ele>368</ele>
      </trkpt>
      <trkpt lat="40.014327401295304" lon="-8.101007910445333">
        <ele>369.3</ele>
      </trkpt>
      <trkpt lat="40.01424643211067" lon="-8.101081755012274">
        <ele>370</ele>
      </trkpt>
      <trkpt lat="40.01414643600583" lon="-8.101166412234306">
        <ele>371.5</ele>
      </trkpt>
      <trkpt lat="40.014089522883296" lon="-8.101219721138477">
        <ele>372.5</ele>
      </trkpt>
      <trkpt lat="40.01400553621352" lon="-8.101276382803917">
        <ele>375</ele>
      </trkpt>
      <trkpt lat="40.01391333527863" lon="-8.10134444385767">
        <ele>376.8</ele>
      </trkpt>
      <trkpt lat="40.01383035443723" lon="-8.101418539881706">
        <ele>377.3</ele>
      </trkpt>
      <trkpt lat="40.01376137137413" lon="-8.101477045565844">
        <ele>376.9</ele>
      </trkpt>
      <trkpt lat="40.01368618570268" lon="-8.101538736373186">
        <ele>376.6</ele>
      </trkpt>
      <trkpt lat="40.01362633891404" lon="-8.10158483684063">
        <ele>376.5</ele>
      </trkpt>
      <trkpt lat="40.01356774941087" lon="-8.101630182936788">
        <ele>375.4</ele>
      </trkpt>
      <trkpt lat="40.013527097180486" lon="-8.101657424122095">
        <ele>374.3</ele>
      </trkpt>
      <trkpt lat="40.01350563950837" lon="-8.101672092452645">
        <ele>373.8</ele>
      </trkpt>
      <trkpt lat="40.0134417694062" lon="-8.10172556899488">
        <ele>371.8</ele>
      </trkpt>
      <trkpt lat="40.01335786655545" lon="-8.101784577593207">
        <ele>370</ele>
      </trkpt>
      <trkpt lat="40.0132792443037" lon="-8.101843921467662">
        <ele>368.9</ele>
      </trkpt>
      <trkpt lat="40.01321914605796" lon="-8.101891111582518">
        <ele>368.3</ele>
      </trkpt>
      <trkpt lat="40.01315653324127" lon="-8.101935619488358">
        <ele>368.7</ele>
      </trkpt>
      <trkpt lat="40.01309375278652" lon="-8.101975936442614">
        <ele>369.9</ele>
      </trkpt>
      <trkpt lat="40.01303088851273" lon="-8.102017091587186">
        <ele>371.4</ele>
      </trkpt>
      <trkpt lat="40.01296970061958" lon="-8.102064868435264">
        <ele>373</ele>
      </trkpt>
      <trkpt lat="40.01291513442993" lon="-8.1021096277982">
        <ele>374.4</ele>
      </trkpt>
      <trkpt lat="40.01285922713578" lon="-8.102156985551119">
        <ele>376</ele>
      </trkpt>
      <trkpt lat="40.012793177738786" lon="-8.102199733257294">
        <ele>378</ele>
      </trkpt>
      <trkpt lat="40.012732995674014" lon="-8.102252371609211">
        <ele>379.6</ele>
      </trkpt>
      <trkpt lat="40.01264817081392" lon="-8.102308446541429">
        <ele>381.6</ele>
      </trkpt>
      <trkpt lat="40.012568375095725" lon="-8.102376172319055">
        <ele>382.7</ele>
      </trkpt>
      <trkpt lat="40.01248757354915" lon="-8.102439790964127">
        <ele>383.8</ele>
      </trkpt>
      <trkpt lat="40.012382632121444" lon="-8.10251866467297">
        <ele>385.4</ele>
      </trkpt>
      <trkpt lat="40.01225749030709" lon="-8.10261094942689">
        <ele>387.1</ele>
      </trkpt>
      <trkpt lat="40.012130085378885" lon="-8.102702898904681">
        <ele>388.9</ele>
      </trkpt>
      <trkpt lat="40.012043081223965" lon="-8.102770457044244">
        <ele>389.1</ele>
      </trkpt>
      <trkpt lat="40.011848118156195" lon="-8.102915631607175">
        <ele>389.7</ele>
      </trkpt>
      <trkpt lat="40.01180402934551" lon="-8.102946393191814">
        <ele>389.9</ele>
      </trkpt>
      <trkpt lat="40.01171903684735" lon="-8.103013364598155">
        <ele>390.4</ele>
      </trkpt>
      <trkpt lat="40.01162935048342" lon="-8.103079833090305">
        <ele>391.1</ele>
      </trkpt>
      <trkpt lat="40.01154301688075" lon="-8.10314068570733">
        <ele>392</ele>
      </trkpt>
      <trkpt lat="40.01145995222032" lon="-8.103210674598813">
        <ele>392.7</ele>
      </trkpt>
      <trkpt lat="40.011372193694115" lon="-8.103279657661915">
        <ele>394.4</ele>
      </trkpt>
      <trkpt lat="40.011268593370914" lon="-8.103360459208488">
        <ele>396.8</ele>
      </trkpt>
      <trkpt lat="40.011201202869415" lon="-8.103407230228186">
        <ele>398.3</ele>
      </trkpt>
      <trkpt lat="40.01111352816224" lon="-8.103474201634526">
        <ele>399.6</ele>
      </trkpt>
      <trkpt lat="40.01100263558328" lon="-8.103564558550715">
        <ele>401.4</ele>
      </trkpt>
      <trkpt lat="40.01093843020499" lon="-8.103637648746371">
        <ele>402.2</ele>
      </trkpt>
      <trkpt lat="40.01087464392185" lon="-8.103719120845199">
        <ele>402.9</ele>
      </trkpt>
      <trkpt lat="40.01080465503037" lon="-8.103813668712974">
        <ele>403.2</ele>
      </trkpt>
      <trkpt lat="40.01073617488146" lon="-8.103914503008127">
        <ele>404.5</ele>
      </trkpt>
      <trkpt lat="40.01066937111318" lon="-8.104015169665217">
        <ele>405.2</ele>
      </trkpt>
      <trkpt lat="40.01060742884874" lon="-8.104121452197433">
        <ele>405.6</ele>
      </trkpt>
      <trkpt lat="40.01055269502103" lon="-8.104235781356692">
        <ele>405.5</ele>
      </trkpt>
      <trkpt lat="40.01049871556461" lon="-8.104362851008773">
        <ele>404.6</ele>
      </trkpt>
      <trkpt lat="40.01047206111252" lon="-8.104453794658184">
        <ele>403.7</ele>
      </trkpt>
      <trkpt lat="40.010439371690154" lon="-8.104591257870197">
        <ele>403</ele>
      </trkpt>
      <trkpt lat="40.01041917130351" lon="-8.104742635041475">
        <ele>402.2</ele>
      </trkpt>
      <trkpt lat="40.01040584407747" lon="-8.104902394115925">
        <ele>401.5</ele>
      </trkpt>
      <trkpt lat="40.01040693372488" lon="-8.10506827197969">
        <ele>401</ele>
      </trkpt>
      <trkpt lat="40.010407604277134" lon="-8.105125855654478">
        <ele>400.6</ele>
      </trkpt>
      <trkpt lat="40.01041187904775" lon="-8.10524814762175">
        <ele>399.3</ele>
      </trkpt>
      <trkpt lat="40.01042889431119" lon="-8.105373457074165">
        <ele>398.5</ele>
      </trkpt>
      <trkpt lat="40.010436521843076" lon="-8.10543816536665">
        <ele>397.9</ele>
      </trkpt>
      <trkpt lat="40.01044976525009" lon="-8.105567079037428">
        <ele>395.8</ele>
      </trkpt>
      <trkpt lat="40.01044884324074" lon="-8.105630865320563">
        <ele>394.6</ele>
      </trkpt>
      <trkpt lat="40.01044079661369" lon="-8.105764053761959">
        <ele>392.2</ele>
      </trkpt>
      <trkpt lat="40.01044507138431" lon="-8.105831108987331">
        <ele>391.7</ele>
      </trkpt>
      <trkpt lat="40.010436521843076" lon="-8.106046188622713">
        <ele>389.4</ele>
      </trkpt>
      <trkpt lat="40.010400395840406" lon="-8.106294879689813">
        <ele>389.7</ele>
      </trkpt>
      <trkpt lat="40.01034524291754" lon="-8.10646184720099">
        <ele>390.9</ele>
      </trkpt>
      <trkpt lat="40.01020912081003" lon="-8.106676759198308">
        <ele>393.5</ele>
      </trkpt>
      <trkpt lat="40.01003402285278" lon="-8.106836769729853">
        <ele>396.9</ele>
      </trkpt>
      <trkpt lat="40.00982724130154" lon="-8.106912625953555">
        <ele>398.5</ele>
      </trkpt>
      <trkpt lat="40.00967351719737" lon="-8.106905920431018">
        <ele>397.4</ele>
      </trkpt>
      <trkpt lat="40.009512500837445" lon="-8.106872979551554">
        <ele>394.6</ele>
      </trkpt>
      <trkpt lat="40.00942926853895" lon="-8.106856718659401">
        <ele>393.4</ele>
      </trkpt>
      <trkpt lat="40.00916984863579" lon="-8.106808857992291">
        <ele>389.8</ele>
      </trkpt>
      <trkpt lat="40.00889215618372" lon="-8.106770468875766">
        <ele>386.7</ele>
      </trkpt>
      <trkpt lat="40.00869526527822" lon="-8.106776587665081">
        <ele>384.5</ele>
      </trkpt>
      <trkpt lat="40.00859443098307" lon="-8.106797207146883">
        <ele>382.9</ele>
      </trkpt>
      <trkpt lat="40.008288994431496" lon="-8.106912542134523">
        <ele>377.7</ele>
      </trkpt>
      <trkpt lat="40.00801641494036" lon="-8.10716986656189">
        <ele>373.2</ele>
      </trkpt>
      <trkpt lat="40.00786939635873" lon="-8.107413025572896">
        <ele>370.6</ele>
      </trkpt>
      <trkpt lat="40.00774676911533" lon="-8.107686778530478">
        <ele>369.1</ele>
      </trkpt>
      <trkpt lat="40.007697651162744" lon="-8.1078324560076">
        <ele>369.7</ele>
      </trkpt>
      <trkpt lat="40.00766286626458" lon="-8.10798299498856">
        <ele>371</ele>
      </trkpt>
      <trkpt lat="40.00764660537243" lon="-8.108292538672686">
        <ele>373.4</ele>
      </trkpt>
      <trkpt lat="40.00768734142184" lon="-8.108607530593872">
        <ele>373.5</ele>
      </trkpt>
      <trkpt lat="40.00771902501583" lon="-8.10876477509737">
        <ele>373</ele>
      </trkpt>
      <trkpt lat="40.0077517144382" lon="-8.108923025429249">
        <ele>372.4</ele>
      </trkpt>
      <trkpt lat="40.00782631337643" lon="-8.109238687902689">
        <ele>370.3</ele>
      </trkpt>
      <trkpt lat="40.00789244659245" lon="-8.109552673995495">
        <ele>364.8</ele>
      </trkpt>
      <trkpt lat="40.00790845602751" lon="-8.109713857993484">
        <ele>361.3</ele>
      </trkpt>
      <trkpt lat="40.007908875122666" lon="-8.109871605411172">
        <ele>357.4</ele>
      </trkpt>
      <trkpt lat="40.00787140801549" lon="-8.110167821869254">
        <ele>352.2</ele>
      </trkpt>
      <trkpt lat="40.00778457149863" lon="-8.11042950488627">
        <ele>349.4</ele>
      </trkpt>
      <trkpt lat="40.00766680575907" lon="-8.11065673828125">
        <ele>351.1</ele>
      </trkpt>
      <trkpt lat="40.00752657651901" lon="-8.110840721055865">
        <ele>354.8</ele>
      </trkpt>
      <trkpt lat="40.00737654045224" lon="-8.110984722152352">
        <ele>360.5</ele>
      </trkpt>
      <trkpt lat="40.007224241271615" lon="-8.11108773574233">
        <ele>364.8</ele>
      </trkpt>
      <trkpt lat="40.00708283856511" lon="-8.111160909757018">
        <ele>368.1</ele>
      </trkpt>
      <trkpt lat="40.00695283524692" lon="-8.111212039366364">
        <ele>369.9</ele>
      </trkpt>
      <trkpt lat="40.00683196820319" lon="-8.111232072114944">
        <ele>370.7</ele>
      </trkpt>
      <trkpt lat="40.00672509893775" lon="-8.111260570585728">
        <ele>371.1</ele>
      </trkpt>
      <trkpt lat="40.00662652775645" lon="-8.11128999106586">
        <ele>371.1</ele>
      </trkpt>
      <trkpt lat="40.006534745916724" lon="-8.111324608325958">
        <ele>371.3</ele>
      </trkpt>
      <trkpt lat="40.0064532738179" lon="-8.111365512013435">
        <ele>370.9</ele>
      </trkpt>
      <trkpt lat="40.00638362020254" lon="-8.111410606652498">
        <ele>370.8</ele>
      </trkpt>
      <trkpt lat="40.00632578507066" lon="-8.111453270539641">
        <ele>370.9</ele>
      </trkpt>
      <trkpt lat="40.00627121888101" lon="-8.11150062829256">
        <ele>371</ele>
      </trkpt>
      <trkpt lat="40.00619838014245" lon="-8.11157681979239">
        <ele>371</ele>
      </trkpt>
      <trkpt lat="40.00615328550339" lon="-8.111624931916595">
        <ele>371</ele>
      </trkpt>
      <trkpt lat="40.006093103438616" lon="-8.111704224720597">
        <ele>371.3</ele>
      </trkpt>
      <trkpt lat="40.00604306347668" lon="-8.111789217218757">
        <ele>371.7</ele>
      </trkpt>
      <trkpt lat="40.005985563620925" lon="-8.111884854733944">
        <ele>371.6</ele>
      </trkpt>
      <trkpt lat="40.005945498123765" lon="-8.111981581896544">
        <ele>371.6</ele>
      </trkpt>
      <trkpt lat="40.00591926276684" lon="-8.11204838566482">
        <ele>371.7</ele>
      </trkpt>
      <trkpt lat="40.00589579343796" lon="-8.11211041174829">
        <ele>371.7</ele>
      </trkpt>
      <trkpt lat="40.00586528331041" lon="-8.112204289063811">
        <ele>372.1</ele>
      </trkpt>
      <trkpt lat="40.0058538839221" lon="-8.112236391752958">
        <ele>372.4</ele>
      </trkpt>
      <trkpt lat="40.005830163136125" lon="-8.112328257411718">
        <ele>373.2</ele>
      </trkpt>
      <trkpt lat="40.00580199994147" lon="-8.11245834454894">
        <ele>374.8</ele>
      </trkpt>
      <trkpt lat="40.00579529441893" lon="-8.112525818869472">
        <ele>376.1</ele>
      </trkpt>
      <trkpt lat="40.00577358528972" lon="-8.112590610980988">
        <ele>376.8</ele>
      </trkpt>
      <trkpt lat="40.005742739886045" lon="-8.112747520208359">
        <ele>379.3</ele>
      </trkpt>
      <trkpt lat="40.00571155920625" lon="-8.112910967320204">
        <ele>381.1</ele>
      </trkpt>
      <trkpt lat="40.00568222254515" lon="-8.113118167966604">
        <ele>383</ele>
      </trkpt>
      <trkpt lat="40.005646934732795" lon="-8.113356716930866">
        <ele>382.4</ele>
      </trkpt>
      <trkpt lat="40.0056086294353" lon="-8.113718815147877">
        <ele>382.9</ele>
      </trkpt>
      <trkpt lat="40.005575185641646" lon="-8.113963231444359">
        <ele>386.7</ele>
      </trkpt>
      <trkpt lat="40.00554853118956" lon="-8.11414746567607">
        <ele>389.2</ele>
      </trkpt>
      <trkpt lat="40.005536461248994" lon="-8.114262046292424">
        <ele>390.8</ele>
      </trkpt>
      <trkpt lat="40.00551667995751" lon="-8.114374363794923">
        <ele>391.7</ele>
      </trkpt>
      <trkpt lat="40.00550829805434" lon="-8.114430103451014">
        <ele>391.8</ele>
      </trkpt>
      <trkpt lat="40.00549673102796" lon="-8.114516353234649">
        <ele>392.1</ele>
      </trkpt>
      <trkpt lat="40.005471585318446" lon="-8.11460386030376">
        <ele>392</ele>
      </trkpt>
      <trkpt lat="40.005422718822956" lon="-8.114743921905756">
        <ele>391</ele>
      </trkpt>
      <trkpt lat="40.00541601330042" lon="-8.114783903583884">
        <ele>391</ele>
      </trkpt>
      <trkpt lat="40.005426993593574" lon="-8.114861687645316">
        <ele>391.8</ele>
      </trkpt>
      <trkpt lat="40.00541073270142" lon="-8.114960761740804">
        <ele>391.8</ele>
      </trkpt>
      <trkpt lat="40.005406960844994" lon="-8.1150490231812">
        <ele>392.1</ele>
      </trkpt>
      <trkpt lat="40.00541106797755" lon="-8.115112977102399">
        <ele>392.6</ele>
      </trkpt>
      <trkpt lat="40.005385084077716" lon="-8.115152455866337">
        <ele>391.9</ele>
      </trkpt>
      <trkpt lat="40.00537611544132" lon="-8.115196796134114">
        <ele>391.8</ele>
      </trkpt>
      <trkpt lat="40.00538734719157" lon="-8.115289583802223">
        <ele>392.7</ele>
      </trkpt>
      <trkpt lat="40.005351388826966" lon="-8.115390501916409">
        <ele>391.9</ele>
      </trkpt>
      <trkpt lat="40.005334205925465" lon="-8.115518745034933">
        <ele>391.9</ele>
      </trkpt>
      <trkpt lat="40.00533143989742" lon="-8.115545064210892">
        <ele>392</ele>
      </trkpt>
      <trkpt lat="40.005320543423295" lon="-8.115618824958801">
        <ele>392.1</ele>
      </trkpt>
      <trkpt lat="40.005292715504766" lon="-8.11577363871038">
        <ele>392.6</ele>
      </trkpt>
      <trkpt lat="40.005291206762195" lon="-8.11586307361722">
        <ele>393.2</ele>
      </trkpt>
      <trkpt lat="40.00528123229742" lon="-8.115893499925733">
        <ele>393.3</ele>
      </trkpt>
      <trkpt lat="40.005236053839326" lon="-8.116021575406194">
        <ele>394.4</ele>
      </trkpt>
      <trkpt lat="40.00502524897456" lon="-8.116524741053581">
        <ele>399.7</ele>
      </trkpt>
      <trkpt lat="40.004974035546184" lon="-8.11658970080316">
        <ele>400</ele>
      </trkpt>
      <trkpt lat="40.00489164143801" lon="-8.116688188165426">
        <ele>400.3</ele>
      </trkpt>
      <trkpt lat="40.0048213172704" lon="-8.116754572838545">
        <ele>400.3</ele>
      </trkpt>
      <trkpt lat="40.0047626439482" lon="-8.11680268496275">
        <ele>400.5</ele>
      </trkpt>
      <trkpt lat="40.00467220321298" lon="-8.116854904219508">
        <ele>400.7</ele>
      </trkpt>
      <trkpt lat="40.00460891984403" lon="-8.116891868412495">
        <ele>400.9</ele>
      </trkpt>
      <trkpt lat="40.00454052351415" lon="-8.116922546178102">
        <ele>401.3</ele>
      </trkpt>
      <trkpt lat="40.00444756820798" lon="-8.116949368268251">
        <ele>402.5</ele>
      </trkpt>
      <trkpt lat="40.00437984243035" lon="-8.116977447643876">
        <ele>403.5</ele>
      </trkpt>
      <trkpt lat="40.00430918298662" lon="-8.116993708536029">
        <ele>404.7</ele>
      </trkpt>
      <trkpt lat="40.00423760153353" lon="-8.117008544504642">
        <ele>406.4</ele>
      </trkpt>
      <trkpt lat="40.00416610389948" lon="-8.117009634152055">
        <ele>407.7</ele>
      </trkpt>
      <trkpt lat="40.00409536063671" lon="-8.117016004398465">
        <ele>409.3</ele>
      </trkpt>
      <trkpt lat="40.004022186622024" lon="-8.117019524797797">
        <ele>411.2</ele>
      </trkpt>
      <trkpt lat="40.00394767150283" lon="-8.117021452635527">
        <ele>413.2</ele>
      </trkpt>
      <trkpt lat="40.003895703703165" lon="-8.117022039368749">
        <ele>414.6</ele>
      </trkpt>
      <trkpt lat="40.00381791964173" lon="-8.117025475949049">
        <ele>416.7</ele>
      </trkpt>
      <trkpt lat="40.00376494601369" lon="-8.11702597886324">
        <ele>418.1</ele>
      </trkpt>
      <trkpt lat="40.00371163710952" lon="-8.117026565596461">
        <ele>419.6</ele>
      </trkpt>
      <trkpt lat="40.00363267958164" lon="-8.117030337452888">
        <ele>421.8</ele>
      </trkpt>
      <trkpt lat="40.00358113087714" lon="-8.117033438757062">
        <ele>423.1</ele>
      </trkpt>
      <trkpt lat="40.00352983362973" lon="-8.117036623880267">
        <ele>423.8</ele>
      </trkpt>
      <trkpt lat="40.003477949649096" lon="-8.117044167593122">
        <ele>424.7</ele>
      </trkpt>
      <trkpt lat="40.00342279672623" lon="-8.117051543667912">
        <ele>425.6</ele>
      </trkpt>
      <trkpt lat="40.00336663797498" lon="-8.117058416828513">
        <ele>426.5</ele>
      </trkpt>
      <trkpt lat="40.00331341288984" lon="-8.117068307474256">
        <ele>427.4</ele>
      </trkpt>
      <trkpt lat="40.00325909815729" lon="-8.117077695205808">
        <ele>428.3</ele>
      </trkpt>
      <trkpt lat="40.00320687890053" lon="-8.11708565801382">
        <ele>429.2</ele>
      </trkpt>
      <trkpt lat="40.00314845703542" lon="-8.117087418213487">
        <ele>429.9</ele>
      </trkpt>
      <trkpt lat="40.003090957179666" lon="-8.117089681327343">
        <ele>430.6</ele>
      </trkpt>
      <trkpt lat="40.003034714609385" lon="-8.117098230868578">
        <ele>431.2</ele>
      </trkpt>
      <trkpt lat="40.00298316590488" lon="-8.11710904352367">
        <ele>431.6</ele>
      </trkpt>
      <trkpt lat="40.00293714925647" lon="-8.117112563923001">
        <ele>432</ele>
      </trkpt>
      <trkpt lat="40.00289029441774" lon="-8.117121532559395">
        <ele>432.3</ele>
      </trkpt>
      <trkpt lat="40.0028420984745" lon="-8.117140978574753">
        <ele>432.5</ele>
      </trkpt>
      <trkpt lat="40.002792812883854" lon="-8.117153467610478">
        <ele>433</ele>
      </trkpt>
      <trkpt lat="40.00274511985481" lon="-8.11716428026557">
        <ele>433.4</ele>
      </trkpt>
      <trkpt lat="40.002695415169" lon="-8.117172829806805">
        <ele>433.8</ele>
      </trkpt>
      <trkpt lat="40.002643279731274" lon="-8.1171799544245">
        <ele>434.3</ele>
      </trkpt>
      <trkpt lat="40.00259164720774" lon="-8.11719068326056">
        <ele>434.7</ele>
      </trkpt>
      <trkpt lat="40.00253255479038" lon="-8.11720191501081">
        <ele>435.1</ele>
      </trkpt>
      <trkpt lat="40.00247354619205" lon="-8.117212560027838">
        <ele>435.5</ele>
      </trkpt>
      <trkpt lat="40.002412693575025" lon="-8.117219936102629">
        <ele>435.8</ele>
      </trkpt>
      <trkpt lat="40.00235175713897" lon="-8.11722194775939">
        <ele>436</ele>
      </trkpt>
      <trkpt lat="40.00229727476835" lon="-8.117235191166401">
        <ele>435.9</ele>
      </trkpt>
      <trkpt lat="40.00224522314966" lon="-8.117250530049205">
        <ele>435.7</ele>
      </trkpt>
      <trkpt lat="40.00219057314098" lon="-8.117271233350039">
        <ele>435.5</ele>
      </trkpt>
      <trkpt lat="40.00212988816202" lon="-8.117287075147033">
        <ele>435.1</ele>
      </trkpt>
      <trkpt lat="40.00207523815334" lon="-8.117317417636514">
        <ele>434.5</ele>
      </trkpt>
      <trkpt lat="40.00204984098673" lon="-8.11733577400446">
        <ele>434.1</ele>
      </trkpt>
      <trkpt lat="40.00200248323381" lon="-8.117374498397112">
        <ele>433.4</ele>
      </trkpt>
      <trkpt lat="40.00195856206119" lon="-8.117416743189096">
        <ele>432.6</ele>
      </trkpt>
      <trkpt lat="40.0019165687263" lon="-8.117460999637842">
        <ele>431.8</ele>
      </trkpt>
      <trkpt lat="40.001874743029475" lon="-8.117511291056871">
        <ele>430.9</ele>
      </trkpt>
      <trkpt lat="40.00183719210327" lon="-8.117572730407119">
        <ele>430.3</ele>
      </trkpt>
      <trkpt lat="40.00179352238774" lon="-8.117625787854195">
        <ele>429.7</ele>
      </trkpt>
      <trkpt lat="40.00174105167389" lon="-8.11768856830895">
        <ele>429</ele>
      </trkpt>
      <trkpt lat="40.001697801053524" lon="-8.117754869163036">
        <ele>428.4</ele>
      </trkpt>
      <trkpt lat="40.00165899284184" lon="-8.117826785892248">
        <ele>427.9</ele>
      </trkpt>
      <trkpt lat="40.00161783769727" lon="-8.117897780612111">
        <ele>427.1</ele>
      </trkpt>
      <trkpt lat="40.00157592818141" lon="-8.117970619350672">
        <ele>426.4</ele>
      </trkpt>
      <trkpt lat="40.00151105225086" lon="-8.118088888004422">
        <ele>425.5</ele>
      </trkpt>
      <trkpt lat="40.00142941251397" lon="-8.118191733956337">
        <ele>424.3</ele>
      </trkpt>
      <trkpt lat="40.001367554068565" lon="-8.118253508582711">
        <ele>423.7</ele>
      </trkpt>
      <trkpt lat="40.001262528821826" lon="-8.11835023574531">
        <ele>423.4</ele>
      </trkpt>
      <trkpt lat="40.0012241397053" lon="-8.118377393111587">
        <ele>423.2</ele>
      </trkpt>
      <trkpt lat="40.00110788270831" lon="-8.118456937372684">
        <ele>422.7</ele>
      </trkpt>
      <trkpt lat="40.00093781389296" lon="-8.118560118600726">
        <ele>422.7</ele>
      </trkpt>
      <trkpt lat="40.000755842775106" lon="-8.118658186867833">
        <ele>422.7</ele>
      </trkpt>
      <trkpt lat="40.00065643340349" lon="-8.118694899603724">
        <ele>422.6</ele>
      </trkpt>
      <trkpt lat="40.00055518001318" lon="-8.118714513257146">
        <ele>421.5</ele>
      </trkpt>
      <trkpt lat="40.00038955360651" lon="-8.118744855746627">
        <ele>419.6</ele>
      </trkpt>
      <trkpt lat="40.00033289194107" lon="-8.118753656744957">
        <ele>419.2</ele>
      </trkpt>
      <trkpt lat="40.00016173347831" lon="-8.118782741948962">
        <ele>418.1</ele>
      </trkpt>
      <trkpt lat="39.999931985512376" lon="-8.118814593181014">
        <ele>419.2</ele>
      </trkpt>
      <trkpt lat="39.99969092197716" lon="-8.118868404999375">
        <ele>421</ele>
      </trkpt>
      <trkpt lat="39.99943485483527" lon="-8.118910733610392">
        <ele>417.7</ele>
      </trkpt>
      <trkpt lat="39.999155988916755" lon="-8.118948368355632">
        <ele>414.4</ele>
      </trkpt>
      <trkpt lat="39.998847618699074" lon="-8.118955325335264">
        <ele>413.7</ele>
      </trkpt>
      <trkpt lat="39.99861250631511" lon="-8.11892674304545">
        <ele>414</ele>
      </trkpt>
      <trkpt lat="39.99837689101696" lon="-8.118846947327256">
        <ele>413</ele>
      </trkpt>
      <trkpt lat="39.99787003733218" lon="-8.118682662025094">
        <ele>406.3</ele>
      </trkpt>
      <trkpt lat="39.99760081060231" lon="-8.118576714769006">
        <ele>400.7</ele>
      </trkpt>
      <trkpt lat="39.997322699055076" lon="-8.118468504399061">
        <ele>400.2</ele>
      </trkpt>
      <trkpt lat="39.99703662469983" lon="-8.118361802771688">
        <ele>402</ele>
      </trkpt>
      <trkpt lat="39.99674384482205" lon="-8.11830430291593">
        <ele>403.9</ele>
      </trkpt>
      <trkpt lat="39.996645357459784" lon="-8.118306482210755">
        <ele>404.3</ele>
      </trkpt>
      <trkpt lat="39.99644779600203" lon="-8.118361048400402">
        <ele>404.8</ele>
      </trkpt>
      <trkpt lat="39.996181167662144" lon="-8.118563052266836">
        <ele>401.4</ele>
      </trkpt>
      <trkpt lat="39.995975475758314" lon="-8.118881732225418">
        <ele>393.4</ele>
      </trkpt>
      <trkpt lat="39.99579115770757" lon="-8.119247518479824">
        <ele>386</ele>
      </trkpt>
      <trkpt lat="39.995598290115595" lon="-8.119608275592327">
        <ele>383.4</ele>
      </trkpt>
      <trkpt lat="39.99552360735834" lon="-8.11971883289516">
        <ele>383.2</ele>
      </trkpt>
      <trkpt lat="39.995439453050494" lon="-8.11981849372387">
        <ele>384</ele>
      </trkpt>
      <trkpt lat="39.99512362293899" lon="-8.119985796511173">
        <ele>388.5</ele>
      </trkpt>
      <trkpt lat="39.99467829242349" lon="-8.119882280007005">
        <ele>389.4</ele>
      </trkpt>
      <trkpt lat="39.994465224444866" lon="-8.119783289730549">
        <ele>386.9</ele>
      </trkpt>
      <trkpt lat="39.99404084868729" lon="-8.119615819305182">
        <ele>379.7</ele>
      </trkpt>
      <trkpt lat="39.993481021374464" lon="-8.119631325826049">
        <ele>379.4</ele>
      </trkpt>
      <trkpt lat="39.993144823238254" lon="-8.119745990261436">
        <ele>380.7</ele>
      </trkpt>
      <trkpt lat="39.99259580858052" lon="-8.120005242526531">
        <ele>378.6</ele>
      </trkpt>
      <trkpt lat="39.992279475554824" lon="-8.120192242786288">
        <ele>374.3</ele>
      </trkpt>
      <trkpt lat="39.99175300821662" lon="-8.120528440922499">
        <ele>372.9</ele>
      </trkpt>
      <trkpt lat="39.99153767712414" lon="-8.120662048459053">
        <ele>373.1</ele>
      </trkpt>
      <trkpt lat="39.991199215874076" lon="-8.120829602703452">
        <ele>370.8</ele>
      </trkpt>
      <trkpt lat="39.99060049653053" lon="-8.1210395693779">
        <ele>369.4</ele>
      </trkpt>
      <trkpt lat="39.99022264033556" lon="-8.121173344552517">
        <ele>368.6</ele>
      </trkpt>
      <trkpt lat="39.98969692736864" lon="-8.121343161910772">
        <ele>362.3</ele>
      </trkpt>
      <trkpt lat="39.989160653203726" lon="-8.121487414464355">
        <ele>354.5</ele>
      </trkpt>
      <trkpt lat="39.988897209987044" lon="-8.121565785259008">
        <ele>353.3</ele>
      </trkpt>
      <trkpt lat="39.98863720335066" lon="-8.121633594855666">
        <ele>348.8</ele>
      </trkpt>
      <trkpt lat="39.988371916115284" lon="-8.121688915416598">
        <ele>345.5</ele>
      </trkpt>
      <trkpt lat="39.98810067772865" lon="-8.121730657294393">
        <ele>343.8</ele>
      </trkpt>
      <trkpt lat="39.98782533220947" lon="-8.121766615658998">
        <ele>342</ele>
      </trkpt>
      <trkpt lat="39.98740858398378" lon="-8.121825205162168">
        <ele>342.2</ele>
      </trkpt>
      <trkpt lat="39.98727313242853" lon="-8.12184490263462">
        <ele>341.3</ele>
      </trkpt>
      <trkpt lat="39.98672487214208" lon="-8.121929811313748">
        <ele>340.5</ele>
      </trkpt>
      <trkpt lat="39.98647584579885" lon="-8.121985718607903">
        <ele>337.5</ele>
      </trkpt>
      <trkpt lat="39.98586396686733" lon="-8.122168108820915">
        <ele>317</ele>
      </trkpt>
      <trkpt lat="39.98539340682328" lon="-8.122315714135766">
        <ele>321.4</ele>
      </trkpt>
      <trkpt lat="39.98485017567873" lon="-8.122483603656292">
        <ele>336.7</ele>
      </trkpt>
      <trkpt lat="39.98473668470979" lon="-8.122513443231583">
        <ele>339.4</ele>
      </trkpt>
      <trkpt lat="39.98458681628108" lon="-8.122575553134084">
        <ele>342.8</ele>
      </trkpt>
      <trkpt lat="39.98427450656891" lon="-8.122682673856616">
        <ele>349.5</ele>
      </trkpt>
      <trkpt lat="39.98419580049813" lon="-8.122706394642591">
        <ele>351</ele>
      </trkpt>
      <trkpt lat="39.983772933483124" lon="-8.12274880707264">
        <ele>355.8</ele>
      </trkpt>
      <trkpt lat="39.98360713943839" lon="-8.12273078598082">
        <ele>356.2</ele>
      </trkpt>
      <trkpt lat="39.98357486911118" lon="-8.122728522866964">
        <ele>356.4</ele>
      </trkpt>
      <trkpt lat="39.98348845168948" lon="-8.122735982760787">
        <ele>356.7</ele>
      </trkpt>
      <trkpt lat="39.983370350673795" lon="-8.122719135135412">
        <ele>356.1</ele>
      </trkpt>
      <trkpt lat="39.983292734250426" lon="-8.122711088508368">
        <ele>356</ele>
      </trkpt>
      <trkpt lat="39.98321478255093" lon="-8.122704299166799">
        <ele>356.3</ele>
      </trkpt>
      <trkpt lat="39.98313305899501" lon="-8.122700192034245">
        <ele>356.7</ele>
      </trkpt>
      <trkpt lat="39.98304798267782" lon="-8.122692564502358">
        <ele>356.9</ele>
      </trkpt>
      <trkpt lat="39.98296852223575" lon="-8.122683176770806">
        <ele>356.8</ele>
      </trkpt>
      <trkpt lat="39.982887050136924" lon="-8.12269264832139">
        <ele>357.3</ele>
      </trkpt>
      <trkpt lat="39.98280130326748" lon="-8.12270631082356">
        <ele>357.7</ele>
      </trkpt>
      <trkpt lat="39.9827085994184" lon="-8.12269801273942">
        <ele>356.7</ele>
      </trkpt>
      <trkpt lat="39.982566526159644" lon="-8.122694911435246">
        <ele>355.4</ele>
      </trkpt>
      <trkpt lat="39.98248823918402" lon="-8.122694240882993">
        <ele>354.7</ele>
      </trkpt>
      <trkpt lat="39.98241766355932" lon="-8.122689295560122">
        <ele>353.9</ele>
      </trkpt>
      <trkpt lat="39.98234541155398" lon="-8.12267898581922">
        <ele>352.8</ele>
      </trkpt>
      <trkpt lat="39.98224969021976" lon="-8.122664485126734">
        <ele>352.2</ele>
      </trkpt>
      <trkpt lat="39.982178611680865" lon="-8.12264964915812">
        <ele>351.6</ele>
      </trkpt>
      <trkpt lat="39.98210560530424" lon="-8.122625509276986">
        <ele>350.8</ele>
      </trkpt>
      <trkpt lat="39.98202983289957" lon="-8.122595166787505">
        <ele>350.9</ele>
      </trkpt>
      <trkpt lat="39.98194919899106" lon="-8.122563567012548">
        <ele>351.2</ele>
      </trkpt>
      <trkpt lat="39.981873678043485" lon="-8.122527776286006">
        <ele>351.5</ele>
      </trkpt>
      <trkpt lat="39.98182464390993" lon="-8.122501708567142">
        <ele>351.9</ele>
      </trkpt>
      <trkpt lat="39.98175172135234" lon="-8.1224659178406">
        <ele>352.6</ele>
      </trkpt>
      <trkpt lat="39.98168206773698" lon="-8.122425600886345">
        <ele>353.4</ele>
      </trkpt>
      <trkpt lat="39.98161249794066" lon="-8.12239014543593">
        <ele>354.4</ele>
      </trkpt>
      <trkpt lat="39.98157192952931" lon="-8.122354187071323">
        <ele>354.7</ele>
      </trkpt>
      <trkpt lat="39.9815584346652" lon="-8.122326526790857">
        <ele>354.6</ele>
      </trkpt>
      <trkpt lat="39.98153052292764" lon="-8.122270284220576">
        <ele>353.9</ele>
      </trkpt>
      <trkpt lat="39.98148157261312" lon="-8.122252179309726">
        <ele>354.4</ele>
      </trkpt>
      <trkpt lat="39.98137068003416" lon="-8.122185710817575">
        <ele>355.5</ele>
      </trkpt>
      <trkpt lat="39.9812182970345" lon="-8.122029136866331">
        <ele>359.1</ele>
      </trkpt>
      <trkpt lat="39.98112919740379" lon="-8.121917741373181">
        <ele>360.9</ele>
      </trkpt>
      <trkpt lat="39.98108183965087" lon="-8.121843561530113">
        <ele>361.2</ele>
      </trkpt>
      <trkpt lat="39.98091193847358" lon="-8.121506692841649">
        <ele>362.6</ele>
      </trkpt>
      <trkpt lat="39.980855360627174" lon="-8.121363949030638">
        <ele>363.9</ele>
      </trkpt>
      <trkpt lat="39.98081303201616" lon="-8.12125171534717">
        <ele>364.6</ele>
      </trkpt>
      <trkpt lat="39.9807711225003" lon="-8.121141409501433">
        <ele>365.5</ele>
      </trkpt>
      <trkpt lat="39.980720998719335" lon="-8.121014256030321">
        <ele>367</ele>
      </trkpt>
      <trkpt lat="39.98068663291633" lon="-8.12092674896121">
        <ele>368.2</ele>
      </trkpt>
      <trkpt lat="39.98065469786525" lon="-8.120841505005956">
        <ele>369.4</ele>
      </trkpt>
      <trkpt lat="39.9806191585958" lon="-8.120756093412638">
        <ele>370.7</ele>
      </trkpt>
      <trkpt lat="39.98059174977243" lon="-8.12066774815321">
        <ele>371.3</ele>
      </trkpt>
      <trkpt lat="39.980559311807156" lon="-8.12058275565505">
        <ele>372.1</ele>
      </trkpt>
      <trkpt lat="39.980521174147725" lon="-8.120492734014988">
        <ele>373.1</ele>
      </trkpt>
      <trkpt lat="39.98048571869731" lon="-8.120409166440368">
        <ele>374.1</ele>
      </trkpt>
      <trkpt lat="39.98045252636075" lon="-8.120322413742542">
        <ele>374.6</ele>
      </trkpt>
      <trkpt lat="39.980422435328364" lon="-8.120253346860409">
        <ele>375</ele>
      </trkpt>
      <trkpt lat="39.9803982116282" lon="-8.120195344090462">
        <ele>375.3</ele>
      </trkpt>
      <trkpt lat="39.98037583194673" lon="-8.120140861719847">
        <ele>375.4</ele>
      </trkpt>
      <trkpt lat="39.98035345226526" lon="-8.120082272216678">
        <ele>375.4</ele>
      </trkpt>
      <trkpt lat="39.980331156402826" lon="-8.120029382407665">
        <ele>375.7</ele>
      </trkpt>
      <trkpt lat="39.9802927672863" lon="-8.119941456243396">
        <ele>376.5</ele>
      </trkpt>
      <trkpt lat="39.980269465595484" lon="-8.1198825314641">
        <ele>377</ele>
      </trkpt>
      <trkpt lat="39.980233423411846" lon="-8.119802316650748">
        <ele>377.9</ele>
      </trkpt>
      <trkpt lat="39.980209451168776" lon="-8.119748253375292">
        <ele>378.5</ele>
      </trkpt>
      <trkpt lat="39.980165949091315" lon="-8.119668792933226">
        <ele>379.9</ele>
      </trkpt>
      <trkpt lat="39.980122949928045" lon="-8.11959276907146">
        <ele>381.3</ele>
      </trkpt>
      <trkpt lat="39.98009285889566" lon="-8.119542058557272">
        <ele>382</ele>
      </trkpt>
      <trkpt lat="39.98006343841553" lon="-8.11949210241437">
        <ele>382.8</ele>
      </trkpt>
      <trkpt lat="39.98003175482154" lon="-8.119444996118546">
        <ele>383.5</ele>
      </trkpt>
      <trkpt lat="39.979980289936066" lon="-8.119370145723224">
        <ele>384.1</ele>
      </trkpt>
      <trkpt lat="39.97992781922221" lon="-8.11929864808917">
        <ele>384.6</ele>
      </trkpt>
      <trkpt lat="39.97987048700452" lon="-8.119231089949608">
        <ele>384.6</ele>
      </trkpt>
      <trkpt lat="39.97981273569167" lon="-8.119165627285838">
        <ele>384</ele>
      </trkpt>
      <trkpt lat="39.979752553626895" lon="-8.119104690849781">
        <ele>383.8</ele>
      </trkpt>
      <trkpt lat="39.97971114702523" lon="-8.119064625352621">
        <ele>383.6</ele>
      </trkpt>
      <trkpt lat="39.97964275069535" lon="-8.119002263993025">
        <ele>383.5</ele>
      </trkpt>
      <trkpt lat="39.97957192361355" lon="-8.118949374184012">
        <ele>382.9</ele>
      </trkpt>
      <trkpt lat="39.97948148287833" lon="-8.118884665891528">
        <ele>382.2</ele>
      </trkpt>
      <trkpt lat="39.97938542626798" lon="-8.118832614272833">
        <ele>381.9</ele>
      </trkpt>
      <trkpt lat="39.97929439879954" lon="-8.118786346167326">
        <ele>382.5</ele>
      </trkpt>
      <trkpt lat="39.97917654924095" lon="-8.118733623996377">
        <ele>383.2</ele>
      </trkpt>
      <trkpt lat="39.97903221286833" lon="-8.118685092777014">
        <ele>384.9</ele>
      </trkpt>
      <trkpt lat="39.978863233700395" lon="-8.118644692003727">
        <ele>386.9</ele>
      </trkpt>
      <trkpt lat="39.97872141189873" lon="-8.118620803579688">
        <ele>388.4</ele>
      </trkpt>
      <trkpt lat="39.97862309217453" lon="-8.118611332029104">
        <ele>389.7</ele>
      </trkpt>
      <trkpt lat="39.97845067642629" lon="-8.118617534637451">
        <ele>392.4</ele>
      </trkpt>
      <trkpt lat="39.97831606306136" lon="-8.118640081956983">
        <ele>394.6</ele>
      </trkpt>
      <trkpt lat="39.97820718213916" lon="-8.118655756115913">
        <ele>396.2</ele>
      </trkpt>
      <trkpt lat="39.97811741195619" lon="-8.118677800521255">
        <ele>397.2</ele>
      </trkpt>
      <trkpt lat="39.97795865871012" lon="-8.118701437488198">
        <ele>398.2</ele>
      </trkpt>
      <trkpt lat="39.97784483246505" lon="-8.118710070848465">
        <ele>398.3</ele>
      </trkpt>
      <trkpt lat="39.97770116664469" lon="-8.118706718087196">
        <ele>398.1</ele>
      </trkpt>
      <trkpt lat="39.97760636731982" lon="-8.118702862411737">
        <ele>399</ele>
      </trkpt>
      <trkpt lat="39.97744954191148" lon="-8.118697917088866">
        <ele>400.7</ele>
      </trkpt>
      <trkpt lat="39.977319119498134" lon="-8.118694815784693">
        <ele>404.1</ele>
      </trkpt>
      <trkpt lat="39.977212669327855" lon="-8.118691127747297">
        <ele>406.9</ele>
      </trkpt>
      <trkpt lat="39.97707897797227" lon="-8.118689451366663">
        <ele>408.6</ele>
      </trkpt>
      <trkpt lat="39.976949226111174" lon="-8.118680650368333">
        <ele>410</ele>
      </trkpt>
      <trkpt lat="39.97682559303939" lon="-8.118663048371673">
        <ele>410.2</ele>
      </trkpt>
      <trkpt lat="39.97670019976795" lon="-8.118626587092876">
        <ele>410.1</ele>
      </trkpt>
      <trkpt lat="39.97646969743073" lon="-8.118541343137622">
        <ele>410.2</ele>
      </trkpt>
      <trkpt lat="39.97623265720904" lon="-8.118464229628444">
        <ele>410.7</ele>
      </trkpt>
      <trkpt lat="39.97602344490588" lon="-8.11839759349823">
        <ele>410.2</ele>
      </trkpt>
      <trkpt lat="39.975861590355635" lon="-8.118362305685878">
        <ele>409.2</ele>
      </trkpt>
      <trkpt lat="39.97572496533394" lon="-8.118366748094559">
        <ele>408.7</ele>
      </trkpt>
      <trkpt lat="39.975599655881524" lon="-8.118386780843139">
        <ele>407.5</ele>
      </trkpt>
      <trkpt lat="39.975471245124936" lon="-8.118426762521267">
        <ele>406.8</ele>
      </trkpt>
      <trkpt lat="39.975343672558665" lon="-8.11847822740674">
        <ele>406.6</ele>
      </trkpt>
      <trkpt lat="39.97522364370525" lon="-8.118538241833448">
        <ele>407.2</ele>
      </trkpt>
      <trkpt lat="39.975057765841484" lon="-8.118649888783693">
        <ele>410.5</ele>
      </trkpt>
      <trkpt lat="39.974919967353344" lon="-8.118768408894539">
        <ele>414.6</ele>
      </trkpt>
      <trkpt lat="39.97480446472764" lon="-8.11891752295196">
        <ele>417</ele>
      </trkpt>
      <trkpt lat="39.974702624604106" lon="-8.119086418300867">
        <ele>419.2</ele>
      </trkpt>
      <trkpt lat="39.97457924298942" lon="-8.119380623102188">
        <ele>421.2</ele>
      </trkpt>
      <trkpt lat="39.97450196184218" lon="-8.119658986106515">
        <ele>422.5</ele>
      </trkpt>
      <trkpt lat="39.97447220608592" lon="-8.119871383532882">
        <ele>422.5</ele>
      </trkpt>
      <trkpt lat="39.974511014297605" lon="-8.120575547218323">
        <ele>422.9</ele>
      </trkpt>
      <trkpt lat="39.97458259575069" lon="-8.12099078670144">
        <ele>424.6</ele>
      </trkpt>
      <trkpt lat="39.974686447530985" lon="-8.121470985934138">
        <ele>427.4</ele>
      </trkpt>
      <trkpt lat="39.97475953772664" lon="-8.121728394180536">
        <ele>429.3</ele>
      </trkpt>
      <trkpt lat="39.974860874935985" lon="-8.122085966169834">
        <ele>430.3</ele>
      </trkpt>
      <trkpt lat="39.97506380081177" lon="-8.122730702161789">
        <ele>430.5</ele>
      </trkpt>
      <trkpt lat="39.97510596178472" lon="-8.122866991907358">
        <ele>430.7</ele>
      </trkpt>
      <trkpt lat="39.97515323571861" lon="-8.122982243075967">
        <ele>430.7</ele>
      </trkpt>
      <trkpt lat="39.97519992291927" lon="-8.123115934431553">
        <ele>430.4</ele>
      </trkpt>
      <trkpt lat="39.97523780912161" lon="-8.123210230842233">
        <ele>430.2</ele>
      </trkpt>
      <trkpt lat="39.97528877109289" lon="-8.123326320201159">
        <ele>430.4</ele>
      </trkpt>
      <trkpt lat="39.97534333728254" lon="-8.12344903126359">
        <ele>430.7</ele>
      </trkpt>
      <trkpt lat="39.97540201060474" lon="-8.123571826145053">
        <ele>431.1</ele>
      </trkpt>
      <trkpt lat="39.97544844634831" lon="-8.123660674318671">
        <ele>431.7</ele>
      </trkpt>
      <trkpt lat="39.97551935724914" lon="-8.123804340139031">
        <ele>432.7</ele>
      </trkpt>
      <trkpt lat="39.97557652182877" lon="-8.123912969604135">
        <ele>433.6</ele>
      </trkpt>
      <trkpt lat="39.9756336864084" lon="-8.124022101983428">
        <ele>434.7</ele>
      </trkpt>
      <trkpt lat="39.97567894868553" lon="-8.124104579910636">
        <ele>435.5</ele>
      </trkpt>
      <trkpt lat="39.97572689317167" lon="-8.124188734218478">
        <ele>436.3</ele>
      </trkpt>
      <trkpt lat="39.97577324509621" lon="-8.12427288852632">
        <ele>436.7</ele>
      </trkpt>
      <trkpt lat="39.9758221115917" lon="-8.124354025349021">
        <ele>437</ele>
      </trkpt>
      <trkpt lat="39.97587215155363" lon="-8.124437090009451">
        <ele>437.3</ele>
      </trkpt>
      <trkpt lat="39.97592034749687" lon="-8.124518981203437">
        <ele>437.7</ele>
      </trkpt>
      <trkpt lat="39.97596787288785" lon="-8.124601542949677">
        <ele>438.3</ele>
      </trkpt>
      <trkpt lat="39.97603526338935" lon="-8.124706652015448">
        <ele>439.5</ele>
      </trkpt>
      <trkpt lat="39.97610365971923" lon="-8.124819975346327">
        <ele>440.7</ele>
      </trkpt>
      <trkpt lat="39.97619058005512" lon="-8.12495936639607">
        <ele>442</ele>
      </trkpt>
      <trkpt lat="39.97627624310553" lon="-8.12509666197002">
        <ele>442.9</ele>
      </trkpt>
      <trkpt lat="39.976395182311535" lon="-8.12529263086617">
        <ele>443.8</ele>
      </trkpt>
      <trkpt lat="39.976497357711196" lon="-8.125465800985694">
        <ele>444.6</ele>
      </trkpt>
      <trkpt lat="39.976603807881474" lon="-8.12564349733293">
        <ele>447</ele>
      </trkpt>
      <trkpt lat="39.9768544267863" lon="-8.12603384256363">
        <ele>452.9</ele>
      </trkpt>
      <trkpt lat="39.97708987444639" lon="-8.12643215060234">
        <ele>456.1</ele>
      </trkpt>
      <trkpt lat="39.977216608822346" lon="-8.126667430624366">
        <ele>457.2</ele>
      </trkpt>
      <trkpt lat="39.977271342650056" lon="-8.126773377880454">
        <ele>457.7</ele>
      </trkpt>
      <trkpt lat="39.97736228629947" lon="-8.126931544393301">
        <ele>458.6</ele>
      </trkpt>
      <trkpt lat="39.977501006796956" lon="-8.127172440290451">
        <ele>459.6</ele>
      </trkpt>
      <trkpt lat="39.9775885976851" lon="-8.127323985099792">
        <ele>459.9</ele>
      </trkpt>
      <trkpt lat="39.977657832205296" lon="-8.127440577372909">
        <ele>459.8</ele>
      </trkpt>
      <trkpt lat="39.97800107114017" lon="-8.128018928691745">
        <ele>457.1</ele>
      </trkpt>
      <trkpt lat="39.978345315903425" lon="-8.12859820201993">
        <ele>463.4</ele>
      </trkpt>
      <trkpt lat="39.97865787707269" lon="-8.129154508933425">
        <ele>467.5</ele>
      </trkpt>
      <trkpt lat="39.97875418514013" lon="-8.129370007663965">
        <ele>467.2</ele>
      </trkpt>
      <trkpt lat="39.9789285287261" lon="-8.129886416718364">
        <ele>466.9</ele>
      </trkpt>
      <trkpt lat="39.97900111600757" lon="-8.130402658134699">
        <ele>465.8</ele>
      </trkpt>
      <trkpt lat="39.9790149461478" lon="-8.130626874044538">
        <ele>465.4</ele>
      </trkpt>
      <trkpt lat="39.97902240604162" lon="-8.130804989486933">
        <ele>464.7</ele>
      </trkpt>
      <trkpt lat="39.97902575880289" lon="-8.131046639755368">
        <ele>463.3</ele>
      </trkpt>
      <trkpt lat="39.97900220565498" lon="-8.131359033286572">
        <ele>461.1</ele>
      </trkpt>
      <trkpt lat="39.97894554398954" lon="-8.131615100428462">
        <ele>460.5</ele>
      </trkpt>
      <trkpt lat="39.978908747434616" lon="-8.13174200244248">
        <ele>460.7</ele>
      </trkpt>
      <trkpt lat="39.97887077741325" lon="-8.131871335208416">
        <ele>460.7</ele>
      </trkpt>
      <trkpt lat="39.97879710048437" lon="-8.13214911147952">
        <ele>460.9</ele>
      </trkpt>
      <trkpt lat="39.97875762172043" lon="-8.132375925779343">
        <ele>460.5</ele>
      </trkpt>
      <trkpt lat="39.97872509993613" lon="-8.132697204127908">
        <ele>459.3</ele>
      </trkpt>
      <trkpt lat="39.97872342355549" lon="-8.13294698484242">
        <ele>458.5</ele>
      </trkpt>
      <trkpt lat="39.978727949783206" lon="-8.13303055241704">
        <ele>458.4</ele>
      </trkpt>
      <trkpt lat="39.97875661589205" lon="-8.133280919864774">
        <ele>458.4</ele>
      </trkpt>
      <trkpt lat="39.97881134971976" lon="-8.133531706407666">
        <ele>458.7</ele>
      </trkpt>
      <trkpt lat="39.97885845601559" lon="-8.133700266480446">
        <ele>460</ele>
      </trkpt>
      <trkpt lat="39.978883350268006" lon="-8.133783834055066">
        <ele>460.7</ele>
      </trkpt>
      <trkpt lat="39.9789872020483" lon="-8.134113075211644">
        <ele>462.9</ele>
      </trkpt>
      <trkpt lat="39.97901410795748" lon="-8.134192284196615">
        <ele>462.8</ele>
      </trkpt>
      <trkpt lat="39.97912047430873" lon="-8.134504426270723">
        <ele>462.8</ele>
      </trkpt>
      <trkpt lat="39.979193564504385" lon="-8.134730150923133">
        <ele>463.3</ele>
      </trkpt>
      <trkpt lat="39.97927646152675" lon="-8.135026702657342">
        <ele>464.1</ele>
      </trkpt>
      <trkpt lat="39.97933370992541" lon="-8.13523574732244">
        <ele>465.1</ele>
      </trkpt>
      <trkpt lat="39.97945633716881" lon="-8.135686945170164">
        <ele>464.3</ele>
      </trkpt>
      <trkpt lat="39.97950587421656" lon="-8.135907808318734">
        <ele>463.7</ele>
      </trkpt>
      <trkpt lat="39.97955868020654" lon="-8.136119116097689">
        <ele>463.8</ele>
      </trkpt>
      <trkpt lat="39.9795847479254" lon="-8.136268062517047">
        <ele>464.3</ele>
      </trkpt>
      <trkpt lat="39.97959497384727" lon="-8.13647392205894">
        <ele>464.5</ele>
      </trkpt>
      <trkpt lat="39.97958759777248" lon="-8.136611552909017">
        <ele>464.5</ele>
      </trkpt>
      <trkpt lat="39.97953579761088" lon="-8.136899722740054">
        <ele>465.9</ele>
      </trkpt>
      <trkpt lat="39.97945616953075" lon="-8.137128883972764">
        <ele>467</ele>
      </trkpt>
      <trkpt lat="39.97925441712141" lon="-8.13747706823051">
        <ele>470.1</ele>
      </trkpt>
      <trkpt lat="39.978888127952814" lon="-8.13802046701312">
        <ele>477.4</ele>
      </trkpt>
      <trkpt lat="39.97868863865733" lon="-8.13853008672595">
        <ele>478.9</ele>
      </trkpt>
      <trkpt lat="39.97853717766702" lon="-8.13951026648283">
        <ele>486.2</ele>
      </trkpt>
      <trkpt lat="39.97849987819791" lon="-8.139584362506866">
        <ele>486.4</ele>
      </trkpt>
      <trkpt lat="39.97836023569107" lon="-8.13980346545577">
        <ele>484.9</ele>
      </trkpt>
      <trkpt lat="39.97826753184199" lon="-8.139958195388317">
        <ele>482.7</ele>
      </trkpt>
      <trkpt lat="39.978186562657356" lon="-8.14013128168881">
        <ele>480.5</ele>
      </trkpt>
      <trkpt lat="39.97815789654851" lon="-8.140225075185299">
        <ele>479.7</ele>
      </trkpt>
      <trkpt lat="39.97812428511679" lon="-8.140519531443715">
        <ele>480</ele>
      </trkpt>
      <trkpt lat="39.97815881855786" lon="-8.140827482566237">
        <ele>481.6</ele>
      </trkpt>
      <trkpt lat="39.978183126077056" lon="-8.140931753441691">
        <ele>481.7</ele>
      </trkpt>
      <trkpt lat="39.978251690045" lon="-8.141258480027318">
        <ele>481.8</ele>
      </trkpt>
      <trkpt lat="39.978264262899756" lon="-8.141372306272388">
        <ele>481.8</ele>
      </trkpt>
      <trkpt lat="39.97826535254717" lon="-8.14148772507906">
        <ele>481.9</ele>
      </trkpt>
      <trkpt lat="39.97813987545669" lon="-8.141926182433963">
        <ele>478.9</ele>
      </trkpt>
      <trkpt lat="39.97807768173516" lon="-8.142014695331454">
        <ele>477.2</ele>
      </trkpt>
      <trkpt lat="39.97791063040495" lon="-8.142150733619928">
        <ele>473.6</ele>
      </trkpt>
      <trkpt lat="39.977618185803294" lon="-8.142225164920092">
        <ele>471.4</ele>
      </trkpt>
      <trkpt lat="39.97740335762501" lon="-8.142199851572514">
        <ele>471.7</ele>
      </trkpt>
      <trkpt lat="39.977192636579275" lon="-8.142165401950479">
        <ele>472.8</ele>
      </trkpt>
      <trkpt lat="39.976981580257416" lon="-8.142159786075354">
        <ele>474.3</ele>
      </trkpt>
      <trkpt lat="39.97688099741936" lon="-8.142183423042297">
        <ele>474.6</ele>
      </trkpt>
      <trkpt lat="39.97667622752488" lon="-8.142281910404563">
        <ele>474.7</ele>
      </trkpt>
      <trkpt lat="39.97649459168315" lon="-8.142448458820581">
        <ele>474.5</ele>
      </trkpt>
      <trkpt lat="39.97640113346279" lon="-8.142542755231261">
        <ele>474.3</ele>
      </trkpt>
      <trkpt lat="39.976307172328234" lon="-8.142639985308051">
        <ele>473.4</ele>
      </trkpt>
      <trkpt lat="39.97612000443041" lon="-8.142844587564468">
        <ele>469.8</ele>
      </trkpt>
      <trkpt lat="39.9759341776371" lon="-8.143054638057947">
        <ele>464.7</ele>
      </trkpt>
      <trkpt lat="39.9757510330528" lon="-8.143267035484314">
        <ele>461.7</ele>
      </trkpt>
      <trkpt lat="39.97565757483244" lon="-8.143371641635895">
        <ele>460.3</ele>
      </trkpt>
      <trkpt lat="39.97556294314563" lon="-8.143472475931048">
        <ele>460.2</ele>
      </trkpt>
      <trkpt lat="39.97546764090657" lon="-8.14356735907495">
        <ele>460.3</ele>
      </trkpt>
      <trkpt lat="39.97527586296201" lon="-8.143735667690635">
        <ele>460.7</ele>
      </trkpt>
      <trkpt lat="39.97517645359039" lon="-8.143797693774104">
        <ele>461.2</ele>
      </trkpt>
      <trkpt lat="39.975073942914605" lon="-8.143848739564419">
        <ele>461.6</ele>
      </trkpt>
      <trkpt lat="39.974867748096585" lon="-8.143928283825517">
        <ele>463.9</ele>
      </trkpt>
      <trkpt lat="39.9747652374208" lon="-8.1439602188766">
        <ele>465</ele>
      </trkpt>
      <trkpt lat="39.97419451363385" lon="-8.144147638231516">
        <ele>472</ele>
      </trkpt>
      <trkpt lat="39.97366301715374" lon="-8.144329441711307">
        <ele>470.2</ele>
      </trkpt>
      <trkpt lat="39.97314593754709" lon="-8.144551059231162">
        <ele>466.1</ele>
      </trkpt>
      <trkpt lat="39.97268870472908" lon="-8.144966466352344">
        <ele>463.8</ele>
      </trkpt>
      <trkpt lat="39.97258611023426" lon="-8.145101834088564">
        <ele>462.8</ele>
      </trkpt>
      <trkpt lat="39.97228469699621" lon="-8.145706923678517">
        <ele>464.1</ele>
      </trkpt>
      <trkpt lat="39.97200415469706" lon="-8.146370267495513">
        <ele>469.6</ele>
      </trkpt>
      <trkpt lat="39.971738616004586" lon="-8.147015925496817">
        <ele>471.1</ele>
      </trkpt>
      <trkpt lat="39.971541138365865" lon="-8.147502662613988">
        <ele>473.7</ele>
      </trkpt>
      <trkpt lat="39.9712579138577" lon="-8.148186458274722">
        <ele>472.1</ele>
      </trkpt>
      <trkpt lat="39.971230840310454" lon="-8.148253597319126">
        <ele>471.8</ele>
      </trkpt>
      <trkpt lat="39.971071081236005" lon="-8.14864369109273">
        <ele>471.4</ele>
      </trkpt>
      <trkpt lat="39.970989022403955" lon="-8.148829517886043">
        <ele>472.5</ele>
      </trkpt>
      <trkpt lat="39.97089539654553" lon="-8.149076364934444">
        <ele>474.8</ele>
      </trkpt>
      <trkpt lat="39.97080009430647" lon="-8.14931558445096">
        <ele>478.7</ele>
      </trkpt>
      <trkpt lat="39.97075231745839" lon="-8.149437457323074">
        <ele>480.4</ele>
      </trkpt>
      <trkpt lat="39.970662128180265" lon="-8.14967223443091">
        <ele>482.8</ele>
      </trkpt>
      <trkpt lat="39.97054503299296" lon="-8.149946238845587">
        <ele>484.2</ele>
      </trkpt>
      <trkpt lat="39.97052600607276" lon="-8.150003487244248">
        <ele>484.4</ele>
      </trkpt>
      <trkpt lat="39.97040287591517" lon="-8.15029333345592">
        <ele>482.9</ele>
      </trkpt>
      <trkpt lat="39.97021344490349" lon="-8.150735478848219">
        <ele>482.1</ele>
      </trkpt>
      <trkpt lat="39.96994790621102" lon="-8.151359427720308">
        <ele>487.4</ele>
      </trkpt>
      <trkpt lat="39.969717068597674" lon="-8.15190919674933">
        <ele>494.3</ele>
      </trkpt>
      <trkpt lat="39.96944767422974" lon="-8.152547981590033">
        <ele>487.7</ele>
      </trkpt>
      <trkpt lat="39.96917065232992" lon="-8.15321040339768">
        <ele>484.1</ele>
      </trkpt>
      <trkpt lat="39.968828838318586" lon="-8.153876513242722">
        <ele>479.2</ele>
      </trkpt>
      <trkpt lat="39.968771087005734" lon="-8.153945915400982">
        <ele>478.6</ele>
      </trkpt>
      <trkpt lat="39.968395913019776" lon="-8.154172897338867">
        <ele>477.3</ele>
      </trkpt>
      <trkpt lat="39.96812635101378" lon="-8.154169041663408">
        <ele>475.7</ele>
      </trkpt>
      <trkpt lat="39.96794454753399" lon="-8.15412956289947">
        <ele>475.2</ele>
      </trkpt>
      <trkpt lat="39.967693258076906" lon="-8.153960751369596">
        <ele>475.4</ele>
      </trkpt>
      <trkpt lat="39.96761832386255" lon="-8.153876010328531">
        <ele>476.1</ele>
      </trkpt>
      <trkpt lat="39.96746627613902" lon="-8.153693368658423">
        <ele>477.9</ele>
      </trkpt>
      <trkpt lat="39.96715899556875" lon="-8.153261449187994">
        <ele>480.6</ele>
      </trkpt>
      <trkpt lat="39.96691172942519" lon="-8.152903039008379">
        <ele>475.1</ele>
      </trkpt>
      <trkpt lat="39.96674073860049" lon="-8.152654515579343">
        <ele>472.9</ele>
      </trkpt>
      <trkpt lat="39.966571340337396" lon="-8.15239836461842">
        <ele>472.3</ele>
      </trkpt>
      <trkpt lat="39.96640043333173" lon="-8.152138944715261">
        <ele>470.3</ele>
      </trkpt>
      <trkpt lat="39.966215109452605" lon="-8.151899222284555">
        <ele>467.8</ele>
      </trkpt>
      <trkpt lat="39.966111090034246" lon="-8.15179436467588">
        <ele>466.4</ele>
      </trkpt>
      <trkpt lat="39.96599935926497" lon="-8.151705600321293">
        <ele>465.9</ele>
      </trkpt>
      <trkpt lat="39.96587924659252" lon="-8.151640808209777">
        <ele>465.3</ele>
      </trkpt>
      <trkpt lat="39.965748907998204" lon="-8.151600826531649">
        <ele>464.6</ele>
      </trkpt>
      <trkpt lat="39.96561722829938" lon="-8.151583643630147">
        <ele>463.7</ele>
      </trkpt>
      <trkpt lat="39.96548546478152" lon="-8.151574674993753">
        <ele>462.8</ele>
      </trkpt>
      <trkpt lat="39.96534900739789" lon="-8.151564616709948">
        <ele>462</ele>
      </trkpt>
      <trkpt lat="39.96507827192545" lon="-8.151548523455858">
        <ele>460.5</ele>
      </trkpt>
      <trkpt lat="39.964937372133136" lon="-8.151536537334323">
        <ele>460.4</ele>
      </trkpt>
      <trkpt lat="39.964666133746505" lon="-8.151512648910284">
        <ele>461.8</ele>
      </trkpt>
      <trkpt lat="39.96440000832081" lon="-8.151493454352021">
        <ele>462.4</ele>
      </trkpt>
      <trkpt lat="39.96413581073284" lon="-8.151475181803107">
        <ele>463.2</ele>
      </trkpt>
      <trkpt lat="39.96387387625873" lon="-8.151454897597432">
        <ele>463.8</ele>
      </trkpt>
      <trkpt lat="39.96361630037427" lon="-8.151434864848852">
        <ele>464.1</ele>
      </trkpt>
      <trkpt lat="39.96336651965976" lon="-8.151416257023811">
        <ele>464.2</ele>
      </trkpt>
      <trkpt lat="39.96300660073757" lon="-8.151386333629489">
        <ele>463.4</ele>
      </trkpt>
      <trkpt lat="39.96266939677298" lon="-8.151363534852862">
        <ele>461.9</ele>
      </trkpt>
      <trkpt lat="39.96203547343612" lon="-8.151320116594434">
        <ele>461.8</ele>
      </trkpt>
      <trkpt lat="39.96143859811127" lon="-8.151315422728658">
        <ele>457.1</ele>
      </trkpt>
      <trkpt lat="39.961246233433485" lon="-8.151331851258874">
        <ele>456.1</ele>
      </trkpt>
      <trkpt lat="39.960690597072244" lon="-8.151437379419804">
        <ele>455.5</ele>
      </trkpt>
      <trkpt lat="39.960509883239865" lon="-8.15147677436471">
        <ele>454.9</ele>
      </trkpt>
      <trkpt lat="39.96007276698947" lon="-8.151572830975056">
        <ele>452</ele>
      </trkpt>
      <trkpt lat="39.95947622694075" lon="-8.151707276701927">
        <ele>451.5</ele>
      </trkpt>
      <trkpt lat="39.9588692933321" lon="-8.151843063533306">
        <ele>454.2</ele>
      </trkpt>
      <trkpt lat="39.958690674975514" lon="-8.151883380487561">
        <ele>453.5</ele>
      </trkpt>
      <trkpt lat="39.958065301179886" lon="-8.151950854808092">
        <ele>453.7</ele>
      </trkpt>
      <trkpt lat="39.957976788282394" lon="-8.151928139850497">
        <ele>453.7</ele>
      </trkpt>
      <trkpt lat="39.9576414283365" lon="-8.151720687747002">
        <ele>452.4</ele>
      </trkpt>
      <trkpt lat="39.9573116004467" lon="-8.15143084153533">
        <ele>449.8</ele>
      </trkpt>
      <trkpt lat="39.95697422884405" lon="-8.151119034737349">
        <ele>449.7</ele>
      </trkpt>
      <trkpt lat="39.956803070381284" lon="-8.15095885656774">
        <ele>450.8</ele>
      </trkpt>
      <trkpt lat="39.95663367211819" lon="-8.150799935683608">
        <ele>451.5</ele>
      </trkpt>
      <trkpt lat="39.956382885575294" lon="-8.150562141090631">
        <ele>451.1</ele>
      </trkpt>
      <trkpt lat="39.95613729581237" lon="-8.150329794734716">
        <ele>449.2</ele>
      </trkpt>
      <trkpt lat="39.95566137135029" lon="-8.149883123114705">
        <ele>445.5</ele>
      </trkpt>
      <trkpt lat="39.9555036239326" lon="-8.149733422324061">
        <ele>445</ele>
      </trkpt>
      <trkpt lat="39.95500615797937" lon="-8.1492720823735">
        <ele>445.4</ele>
      </trkpt>
      <trkpt lat="39.954746067523956" lon="-8.14902825281024">
        <ele>443.2</ele>
      </trkpt>
      <trkpt lat="39.95456853881478" lon="-8.148861452937126">
        <ele>442.1</ele>
      </trkpt>
      <trkpt lat="39.9543880764395" lon="-8.148694485425949">
        <ele>441.4</ele>
      </trkpt>
      <trkpt lat="39.954117089509964" lon="-8.148440262302756">
        <ele>440.7</ele>
      </trkpt>
      <trkpt lat="39.953936878591776" lon="-8.148276899009943">
        <ele>440</ele>
      </trkpt>
      <trkpt lat="39.95376035571098" lon="-8.14812233671546">
        <ele>439.6</ele>
      </trkpt>
      <trkpt lat="39.95358777232468" lon="-8.147964840754867">
        <ele>438.7</ele>
      </trkpt>
      <trkpt lat="39.95324671268463" lon="-8.147644735872746">
        <ele>435.5</ele>
      </trkpt>
      <trkpt lat="39.95292216539383" lon="-8.147326307371259">
        <ele>433.1</ele>
      </trkpt>
      <trkpt lat="39.952680012211204" lon="-8.147099073976278">
        <ele>433.2</ele>
      </trkpt>
      <trkpt lat="39.95219704695046" lon="-8.146638572216034">
        <ele>435.2</ele>
      </trkpt>
      <trkpt lat="39.952118173241615" lon="-8.146562045440078">
        <ele>434.9</ele>
      </trkpt>
      <trkpt lat="39.951880211010575" lon="-8.14634419977665">
        <ele>432.8</ele>
      </trkpt>
      <trkpt lat="39.95157175697386" lon="-8.146060220897198">
        <ele>430.1</ele>
      </trkpt>
      <trkpt lat="39.95126523077488" lon="-8.145776493474841">
        <ele>429.4</ele>
      </trkpt>
      <trkpt lat="39.95079894550145" lon="-8.14534105360508">
        <ele>426.9</ele>
      </trkpt>
      <trkpt lat="39.95039309374988" lon="-8.145015835762024">
        <ele>430.4</ele>
      </trkpt>
      <trkpt lat="39.950133338570595" lon="-8.144895639270544">
        <ele>431.2</ele>
      </trkpt>
      <trkpt lat="39.9498809594661" lon="-8.14479279331863">
        <ele>430.6</ele>
      </trkpt>
      <trkpt lat="39.94929917156696" lon="-8.14459003508091">
        <ele>427.5</ele>
      </trkpt>
      <trkpt lat="39.94912767782807" lon="-8.144527338445187">
        <ele>427.4</ele>
      </trkpt>
      <trkpt lat="39.948581932112575" lon="-8.14432667568326">
        <ele>426.7</ele>
      </trkpt>
      <trkpt lat="39.94819125160575" lon="-8.144189044833183">
        <ele>424.4</ele>
      </trkpt>
      <trkpt lat="39.94799788109958" lon="-8.144121151417494">
        <ele>423.6</ele>
      </trkpt>
      <trkpt lat="39.94771960191429" lon="-8.144019898027182">
        <ele>422.7</ele>
      </trkpt>
      <trkpt lat="39.947536708787084" lon="-8.143955692648888">
        <ele>422.4</ele>
      </trkpt>
      <trkpt lat="39.94735574349761" lon="-8.143886709585786">
        <ele>422.2</ele>
      </trkpt>
      <trkpt lat="39.94699951261282" lon="-8.14375838264823">
        <ele>421.7</ele>
      </trkpt>
      <trkpt lat="39.946470530703664" lon="-8.14356442540884">
        <ele>420.9</ele>
      </trkpt>
      <trkpt lat="39.94585915468633" lon="-8.143450012430549">
        <ele>420.4</ele>
      </trkpt>
      <trkpt lat="39.94577315635979" lon="-8.14345688559115">
        <ele>420.3</ele>
      </trkpt>
      <trkpt lat="39.94544852524996" lon="-8.143491251394153">
        <ele>419.9</ele>
      </trkpt>
      <trkpt lat="39.944841507822275" lon="-8.143567945808172">
        <ele>417.9</ele>
      </trkpt>
      <trkpt lat="39.944252260029316" lon="-8.143646903336048">
        <ele>417.4</ele>
      </trkpt>
      <trkpt lat="39.94366167113185" lon="-8.143705073744059">
        <ele>416.7</ele>
      </trkpt>
      <trkpt lat="39.94310938753188" lon="-8.143760142847896">
        <ele>415.7</ele>
      </trkpt>
      <trkpt lat="39.942560037598014" lon="-8.143822839483619">
        <ele>417.8</ele>
      </trkpt>
      <trkpt lat="39.94239600375295" lon="-8.143836921080947">
        <ele>419.3</ele>
      </trkpt>
      <trkpt lat="39.941882863640785" lon="-8.143898779526353">
        <ele>421.7</ele>
      </trkpt>
      <trkpt lat="39.941468546167016" lon="-8.143940018489957">
        <ele>418.3</ele>
      </trkpt>
      <trkpt lat="39.940891955047846" lon="-8.14402274787426">
        <ele>419</ele>
      </trkpt>
      <trkpt lat="39.9405506439507" lon="-8.144067507237196">
        <ele>421.2</ele>
      </trkpt>
      <trkpt lat="39.93995443917811" lon="-8.144140345975757">
        <ele>423.7</ele>
      </trkpt>
      <trkpt lat="39.939419254660606" lon="-8.14432131126523">
        <ele>420.4</ele>
      </trkpt>
      <trkpt lat="39.9388531409204" lon="-8.144573606550694">
        <ele>416.2</ele>
      </trkpt>
      <trkpt lat="39.938276214525104" lon="-8.144833194091916">
        <ele>417.6</ele>
      </trkpt>
      <trkpt lat="39.937709514051676" lon="-8.145135613158345">
        <ele>419.8</ele>
      </trkpt>
      <trkpt lat="39.93715479969978" lon="-8.145482540130615">
        <ele>421</ele>
      </trkpt>
      <trkpt lat="39.93701985105872" lon="-8.14556929282844">
        <ele>421.6</ele>
      </trkpt>
      <trkpt lat="39.936487348750234" lon="-8.145932061597705">
        <ele>421.4</ele>
      </trkpt>
      <trkpt lat="39.93592953309417" lon="-8.146277982741594">
        <ele>419.4</ele>
      </trkpt>
      <trkpt lat="39.935398288071156" lon="-8.14649079926312">
        <ele>421.4</ele>
      </trkpt>
      <trkpt lat="39.935244312509894" lon="-8.146530278027058">
        <ele>421.6</ele>
      </trkpt>
      <trkpt lat="39.93500425480306" lon="-8.14658459275961">
        <ele>421.9</ele>
      </trkpt>
      <trkpt lat="39.93475154042244" lon="-8.146634129807353">
        <ele>422.6</ele>
      </trkpt>
      <trkpt lat="39.93422490544617" lon="-8.146736808121204">
        <ele>421.8</ele>
      </trkpt>
      <trkpt lat="39.93394955992699" lon="-8.146791877225041">
        <ele>419</ele>
      </trkpt>
      <trkpt lat="39.93376616388559" lon="-8.14682892523706">
        <ele>417.5</ele>
      </trkpt>
      <trkpt lat="39.93348838761449" lon="-8.1468855869025">
        <ele>416</ele>
      </trkpt>
      <trkpt lat="39.93320600129664" lon="-8.146947612985969">
        <ele>415</ele>
      </trkpt>
      <trkpt lat="39.93292361497879" lon="-8.147018188610673">
        <ele>414.8</ele>
      </trkpt>
      <trkpt lat="39.93273611180484" lon="-8.147062780335546">
        <ele>415</ele>
      </trkpt>
      <trkpt lat="39.93255212903023" lon="-8.147098990157247">
        <ele>416.3</ele>
      </trkpt>
      <trkpt lat="39.93228390812874" lon="-8.147149700671434">
        <ele>416.1</ele>
      </trkpt>
      <trkpt lat="39.93202306330204" lon="-8.147189263254404">
        <ele>412.6</ele>
      </trkpt>
      <trkpt lat="39.93143876083195" lon="-8.147278865799308">
        <ele>409.5</ele>
      </trkpt>
      <trkpt lat="39.93092109449208" lon="-8.147348687052727">
        <ele>409.5</ele>
      </trkpt>
      <trkpt lat="39.93075152859092" lon="-8.14737718552351">
        <ele>410.3</ele>
      </trkpt>
      <trkpt lat="39.93067265488207" lon="-8.147355811670423">
        <ele>410.9</ele>
      </trkpt>
      <trkpt lat="39.9305503629148" lon="-8.147110808640718">
        <ele>412.1</ele>
      </trkpt>
      <trkpt lat="39.93051608093083" lon="-8.146998072043061">
        <ele>412.4</ele>
      </trkpt>
      <trkpt lat="39.93020209483802" lon="-8.146683666855097">
        <ele>415.2</ele>
      </trkpt>
      <trkpt lat="39.93010377511382" lon="-8.146633123978972">
        <ele>415.8</ele>
      </trkpt>
      <trkpt lat="39.92981057614088" lon="-8.146455762907863">
        <ele>415</ele>
      </trkpt>
      <trkpt lat="39.929614858701825" lon="-8.146335147321224">
        <ele>414</ele>
      </trkpt>
      <trkpt lat="39.9294141959399" lon="-8.146218806505203">
        <ele>414</ele>
      </trkpt>
      <trkpt lat="39.92921378463507" lon="-8.146100202575326">
        <ele>414.9</ele>
      </trkpt>
      <trkpt lat="39.92890667170286" lon="-8.145945807918906">
        <ele>414.9</ele>
      </trkpt>
      <trkpt lat="39.92869192734361" lon="-8.145896689966321">
        <ele>411.7</ele>
      </trkpt>
      <trkpt lat="39.92847936227918" lon="-8.145858719944954">
        <ele>408.1</ele>
      </trkpt>
      <trkpt lat="39.92815841920674" lon="-8.145803902298212">
        <ele>405.9</ele>
      </trkpt>
      <trkpt lat="39.92794543504715" lon="-8.145766602829099">
        <ele>405.4</ele>
      </trkpt>
      <trkpt lat="39.927737982943654" lon="-8.145741960033774">
        <ele>404.4</ele>
      </trkpt>
      <trkpt lat="39.92714446038008" lon="-8.14576425589621">
        <ele>401.9</ele>
      </trkpt>
      <trkpt lat="39.92704915814102" lon="-8.14576861448586">
        <ele>402.1</ele>
      </trkpt>
      <trkpt lat="39.92650609463453" lon="-8.14580138772726">
        <ele>404</ele>
      </trkpt>
      <trkpt lat="39.925973089411855" lon="-8.14577305689454">
        <ele>402</ele>
      </trkpt>
      <trkpt lat="39.925406724214554" lon="-8.145473236218095">
        <ele>402.9</ele>
      </trkpt>
      <trkpt lat="39.92486919276416" lon="-8.145189257338643">
        <ele>401.5</ele>
      </trkpt>
      <trkpt lat="39.92429603822529" lon="-8.145071240141988">
        <ele>400.7</ele>
      </trkpt>
      <trkpt lat="39.92421423085034" lon="-8.145061684772372">
        <ele>400.9</ele>
      </trkpt>
      <trkpt lat="39.923637891188264" lon="-8.14500393345952">
        <ele>404.6</ele>
      </trkpt>
      <trkpt lat="39.92305962368846" lon="-8.144929502159357">
        <ele>407.7</ele>
      </trkpt>
      <trkpt lat="39.922505831345916" lon="-8.144861441105604">
        <ele>409.7</ele>
      </trkpt>
      <trkpt lat="39.922113390639424" lon="-8.144868733361363">
        <ele>407.5</ele>
      </trkpt>
      <trkpt lat="39.92211" lon="-8.144852">
        <ele>404.69</ele>
      </trkpt>
      <trkpt lat="39.922068" lon="-8.144866">
        <ele>404.57</ele>
      </trkpt>
      <trkpt lat="39.921696" lon="-8.145058">
        <ele>403.62</ele>
      </trkpt>
      <trkpt lat="39.921005" lon="-8.145431">
        <ele>403.72</ele>
      </trkpt>
      <trkpt lat="39.921006" lon="-8.145494">
        <ele>403.76</ele>
      </trkpt>
      <trkpt lat="39.920982" lon="-8.145548">
        <ele>403.74</ele>
      </trkpt>
      <trkpt lat="39.920938" lon="-8.145579">
        <ele>403.72</ele>
      </trkpt>
      <trkpt lat="39.920888" lon="-8.145575">
        <ele>403.79</ele>
      </trkpt>
      <trkpt lat="39.920848" lon="-8.145536">
        <ele>403.94</ele>
      </trkpt>
      <trkpt lat="39.920836" lon="-8.145507">
        <ele>403.96</ele>
      </trkpt>
      <trkpt lat="39.919789" lon="-8.146079">
        <ele>398.66</ele>
      </trkpt>
      <trkpt lat="39.919471" lon="-8.146254">
        <ele>397.17</ele>
      </trkpt>
      <trkpt lat="39.919324" lon="-8.146346">
        <ele>396.46</ele>
      </trkpt>
      <trkpt lat="39.919328" lon="-8.146416">
        <ele>396.27</ele>
      </trkpt>
      <trkpt lat="39.919302" lon="-8.146479">
        <ele>396.04</ele>
      </trkpt>
      <trkpt lat="39.919254" lon="-8.146512">
        <ele>395.85</ele>
      </trkpt>
      <trkpt lat="39.919212" lon="-8.146509">
        <ele>395.76</ele>
      </trkpt>
      <trkpt lat="39.918632" lon="-8.146823">
        <ele>395.11</ele>
      </trkpt>
      <trkpt lat="39.918632" lon="-8.146823">
        <ele>395.11</ele>
      </trkpt>
      <trkpt lat="39.918632" lon="-8.146823">
        <ele>395.11</ele>
      </trkpt>
      <trkpt lat="39.918199" lon="-8.147058">
        <ele>394.62</ele>
      </trkpt>
      <trkpt lat="39.918196" lon="-8.147094">
        <ele>394.45</ele>
      </trkpt>
      <trkpt lat="39.918181" lon="-8.147134">
        <ele>394.26</ele>
      </trkpt>
      <trkpt lat="39.918158" lon="-8.147165">
        <ele>394.12</ele>
      </trkpt>
      <trkpt lat="39.918127" lon="-8.147184">
        <ele>394.04</ele>
      </trkpt>
      <trkpt lat="39.918094" lon="-8.147188">
        <ele>394.02</ele>
      </trkpt>
      <trkpt lat="39.918061" lon="-8.147177">
        <ele>394.06</ele>
      </trkpt>
      <trkpt lat="39.918033" lon="-8.147153">
        <ele>394.17</ele>
      </trkpt>
      <trkpt lat="39.918015" lon="-8.147122">
        <ele>394.3</ele>
      </trkpt>
      <trkpt lat="39.918004" lon="-8.147086">
        <ele>394.46</ele>
      </trkpt>
      <trkpt lat="39.918003" lon="-8.147046">
        <ele>394.63</ele>
      </trkpt>
      <trkpt lat="39.918024" lon="-8.146979">
        <ele>394.93</ele>
      </trkpt>
      <trkpt lat="39.918071" lon="-8.146937">
        <ele>395.13</ele>
      </trkpt>
      <trkpt lat="39.917924" lon="-8.146489">
        <ele>397.02</ele>
      </trkpt>
      <trkpt lat="39.918071" lon="-8.146937">
        <ele>395.13</ele>
      </trkpt>
      <trkpt lat="39.918125" lon="-8.146935">
        <ele>395.16</ele>
      </trkpt>
      <trkpt lat="39.918172" lon="-8.146971">
        <ele>395.01</ele>
      </trkpt>
      <trkpt lat="39.918195" lon="-8.147022">
        <ele>394.78</ele>
      </trkpt>
      <trkpt lat="39.918196" lon="-8.147094">
        <ele>394.45</ele>
      </trkpt>
      <trkpt lat="39.918181" lon="-8.147134">
        <ele>394.26</ele>
      </trkpt>
      <trkpt lat="39.918158" lon="-8.147165">
        <ele>394.12</ele>
      </trkpt>
      <trkpt lat="39.918127" lon="-8.147184">
        <ele>394.04</ele>
      </trkpt>
      <trkpt lat="39.918094" lon="-8.147188">
        <ele>394.02</ele>
      </trkpt>
      <trkpt lat="39.918061" lon="-8.147177">
        <ele>394.06</ele>
      </trkpt>
      <trkpt lat="39.918033" lon="-8.147153">
        <ele>394.17</ele>
      </trkpt>
      <trkpt lat="39.917476" lon="-8.147466">
        <ele>392.72</ele>
      </trkpt>
      <trkpt lat="39.91748339870962" lon="-8.147488780360016">
        <ele>393.32049705806065</ele>
      </trkpt>
      <trkpt lat="39.91718240082264" lon="-8.147646328434348">
        <ele>392.9</ele>
      </trkpt>
      <trkpt lat="39.91707528010011" lon="-8.147704834118485">
        <ele>392.9</ele>
      </trkpt>
      <trkpt lat="39.9169669020921" lon="-8.147766189649701">
        <ele>392.9</ele>
      </trkpt>
      <trkpt lat="39.9168527405709" lon="-8.147827461361885">
        <ele>392.9</ele>
      </trkpt>
      <trkpt lat="39.916735142469406" lon="-8.147886469960213">
        <ele>392.7</ele>
      </trkpt>
      <trkpt lat="39.91661502979696" lon="-8.14795520156622">
        <ele>392.4</ele>
      </trkpt>
      <trkpt lat="39.9164901394397" lon="-8.148026196286082">
        <ele>392.2</ele>
      </trkpt>
      <trkpt lat="39.91636005230248" lon="-8.1480925809592">
        <ele>392.3</ele>
      </trkpt>
      <trkpt lat="39.916163831949234" lon="-8.148188637569547">
        <ele>392.6</ele>
      </trkpt>
      <trkpt lat="39.91589913144708" lon="-8.148320317268372">
        <ele>392.6</ele>
      </trkpt>
      <trkpt lat="39.91554013453424" lon="-8.148440849035978">
        <ele>389.1</ele>
      </trkpt>
      <trkpt lat="39.915465200319886" lon="-8.148466246202588">
        <ele>388.5</ele>
      </trkpt>
      <trkpt lat="39.91523285396397" lon="-8.148541683331132">
        <ele>387.4</ele>
      </trkpt>
      <trkpt lat="39.914655927568674" lon="-8.148700268939137">
        <ele>387</ele>
      </trkpt>
      <trkpt lat="39.91415049880743" lon="-8.148843431845307">
        <ele>387.9</ele>
      </trkpt>
      <trkpt lat="39.91397892124951" lon="-8.148872600868344">
        <ele>386.7</ele>
      </trkpt>
      <trkpt lat="39.913556054234505" lon="-8.148784339427948">
        <ele>383.6</ele>
      </trkpt>
      <trkpt lat="39.91347910836339" lon="-8.14873463474214">
        <ele>383</ele>
      </trkpt>
      <trkpt lat="39.9132869951427" lon="-8.14849616959691">
        <ele>382.2</ele>
      </trkpt>
      <trkpt lat="39.913219353184104" lon="-8.148415787145495">
        <ele>382.1</ele>
      </trkpt>
      <trkpt lat="39.91292447783053" lon="-8.148097358644009">
        <ele>381.6</ele>
      </trkpt>
      <trkpt lat="39.91275994107127" lon="-8.147941371425986">
        <ele>380.5</ele>
      </trkpt>
      <trkpt lat="39.91258207708597" lon="-8.147792927920818">
        <ele>379.3</ele>
      </trkpt>
      <trkpt lat="39.91240018978715" lon="-8.147620344534516">
        <ele>379.4</ele>
      </trkpt>
      <trkpt lat="39.91222098469734" lon="-8.147444240748882">
        <ele>379.5</ele>
      </trkpt>
      <trkpt lat="39.912047646939754" lon="-8.14728138037026">
        <ele>380.3</ele>
      </trkpt>
      <trkpt lat="39.91171077825129" lon="-8.146976279094815">
        <ele>380.8</ele>
      </trkpt>
      <trkpt lat="39.91138782352209" lon="-8.146675284951925">
        <ele>377.8</ele>
      </trkpt>
      <trkpt lat="39.91098767146468" lon="-8.146306313574314">
        <ele>375.6</ele>
      </trkpt>
      <trkpt lat="39.91083461791277" lon="-8.146163821220398">
        <ele>375.6</ele>
      </trkpt>
      <trkpt lat="39.91046958602965" lon="-8.14581647515297">
        <ele>375.5</ele>
      </trkpt>
      <trkpt lat="39.91011193022132" lon="-8.145477594807744">
        <ele>373.2</ele>
      </trkpt>
      <trkpt lat="39.90996692329645" lon="-8.145348094403744">
        <ele>371.6</ele>
      </trkpt>
      <trkpt lat="39.90982417948544" lon="-8.145219767466187">
        <ele>369.7</ele>
      </trkpt>
      <trkpt lat="39.909539530053735" lon="-8.14495506696403">
        <ele>366.7</ele>
      </trkpt>
      <trkpt lat="39.90946752950549" lon="-8.144888430833817">
        <ele>366.1</ele>
      </trkpt>
      <trkpt lat="39.90939527750015" lon="-8.144820537418127">
        <ele>365.7</ele>
      </trkpt>
      <trkpt lat="39.909253204241395" lon="-8.144682236015797">
        <ele>364.7</ele>
      </trkpt>
      <trkpt lat="39.909185227006674" lon="-8.144607217982411">
        <ele>364.5</ele>
      </trkpt>
      <trkpt lat="39.90904935635626" lon="-8.144447710365057">
        <ele>363.7</ele>
      </trkpt>
      <trkpt lat="39.90898389369249" lon="-8.144360790029168">
        <ele>363.1</ele>
      </trkpt>
      <trkpt lat="39.90886503830552" lon="-8.144163228571415">
        <ele>362.1</ele>
      </trkpt>
      <trkpt lat="39.908766048029065" lon="-8.143948232755065">
        <ele>360.8</ele>
      </trkpt>
      <trkpt lat="39.90868424065411" lon="-8.143713288009167">
        <ele>359.9</ele>
      </trkpt>
      <trkpt lat="39.90861986763775" lon="-8.14346568658948">
        <ele>359.2</ele>
      </trkpt>
      <trkpt lat="39.908593129366636" lon="-8.143197298049927">
        <ele>359.6</ele>
      </trkpt>
      <trkpt lat="39.90859589539468" lon="-8.143055476248264">
        <ele>360.3</ele>
      </trkpt>
      <trkpt lat="39.90859757177532" lon="-8.142773760482669">
        <ele>362.6</ele>
      </trkpt>
      <trkpt lat="39.90863646380603" lon="-8.142488691955805">
        <ele>362.9</ele>
      </trkpt>
      <trkpt lat="39.908712236210704" lon="-8.142208904027939">
        <ele>361.1</ele>
      </trkpt>
      <trkpt lat="39.90876093506813" lon="-8.142073368653655">
        <ele>359.4</ele>
      </trkpt>
      <trkpt lat="39.908816423267126" lon="-8.141940264031291">
        <ele>356.6</ele>
      </trkpt>
      <trkpt lat="39.90894868969917" lon="-8.141693584620953">
        <ele>349.8</ele>
      </trkpt>
      <trkpt lat="39.90967506542802" lon="-8.140965532511473">
        <ele>341.8</ele>
      </trkpt>
      <trkpt lat="39.910367326810956" lon="-8.140215771272779">
        <ele>343</ele>
      </trkpt>
      <trkpt lat="39.91074920631945" lon="-8.139998177066445">
        <ele>338.6</ele>
      </trkpt>
      <trkpt lat="39.91087904199958" lon="-8.13997789286077">
        <ele>336.1</ele>
      </trkpt>
      <trkpt lat="39.91102622821927" lon="-8.139959871768951">
        <ele>333.3</ele>
      </trkpt>
      <trkpt lat="39.91118347272277" lon="-8.139944029971957">
        <ele>330.3</ele>
      </trkpt>
      <trkpt lat="39.91126460954547" lon="-8.13993439078331">
        <ele>329.6</ele>
      </trkpt>
      <trkpt lat="39.91142621263862" lon="-8.13990312628448">
        <ele>328.6</ele>
      </trkpt>
      <trkpt lat="39.911659732460976" lon="-8.139781169593334">
        <ele>330</ele>
      </trkpt>
      <trkpt lat="39.91180591285229" lon="-8.139669355005026">
        <ele>331</ele>
      </trkpt>
      <trkpt lat="39.91200590506196" lon="-8.13946039415896">
        <ele>330.8</ele>
      </trkpt>
      <trkpt lat="39.912198688834906" lon="-8.139230394735932">
        <ele>326.7</ele>
      </trkpt>
      <trkpt lat="39.91245391778648" lon="-8.138908362016082">
        <ele>320.5</ele>
      </trkpt>
      <trkpt lat="39.91279506124556" lon="-8.138501839712262">
        <ele>321.3</ele>
      </trkpt>
      <trkpt lat="39.9130002502352" lon="-8.138250382617116">
        <ele>324.3</ele>
      </trkpt>
      <trkpt lat="39.91320946253836" lon="-8.137992387637496">
        <ele>326.4</ele>
      </trkpt>
      <trkpt lat="39.913480784744024" lon="-8.137625427916646">
        <ele>323.8</ele>
      </trkpt>
      <trkpt lat="39.91362805478275" lon="-8.137437086552382">
        <ele>320.9</ele>
      </trkpt>
      <trkpt lat="39.91392804309726" lon="-8.137041376903653">
        <ele>314.8</ele>
      </trkpt>
      <trkpt lat="39.91410104557872" lon="-8.1368403788656">
        <ele>310.5</ele>
      </trkpt>
      <trkpt lat="39.9143663328141" lon="-8.136533768847585">
        <ele>310</ele>
      </trkpt>
      <trkpt lat="39.91454084403813" lon="-8.136320449411869">
        <ele>307.2</ele>
      </trkpt>
      <trkpt lat="39.91472415626049" lon="-8.136107884347439">
        <ele>304.9</ele>
      </trkpt>
      <trkpt lat="39.91490243934095" lon="-8.13589347526431">
        <ele>302.7</ele>
      </trkpt>
      <trkpt lat="39.91507988423109" lon="-8.135678563266993">
        <ele>300.6</ele>
      </trkpt>
      <trkpt lat="39.91526453755796" lon="-8.135465579107404">
        <ele>299</ele>
      </trkpt>
      <trkpt lat="39.91544147953391" lon="-8.135258127003908">
        <ele>299.8</ele>
      </trkpt>
      <trkpt lat="39.9155283998698" lon="-8.135154526680708">
        <ele>300.4</ele>
      </trkpt>
      <trkpt lat="39.91570676676929" lon="-8.134958306327462">
        <ele>300.2</ele>
      </trkpt>
      <trkpt lat="39.91590608842671" lon="-8.134798211976886">
        <ele>301.7</ele>
      </trkpt>
      <trkpt lat="39.91611689329147" lon="-8.134664352983236">
        <ele>303</ele>
      </trkpt>
      <trkpt lat="39.916225019842386" lon="-8.134606182575226">
        <ele>303</ele>
      </trkpt>
      <trkpt lat="39.916334403678775" lon="-8.134561004117131">
        <ele>304.3</ele>
      </trkpt>
      <trkpt lat="39.91644303314388" lon="-8.134530326351523">
        <ele>303.8</ele>
      </trkpt>
      <trkpt lat="39.91666892543435" lon="-8.134494787082076">
        <ele>302.7</ele>
      </trkpt>
      <trkpt lat="39.916782500222325" lon="-8.13447936438024">
        <ele>302.2</ele>
      </trkpt>
      <trkpt lat="39.91689372807741" lon="-8.134453548118472">
        <ele>302.1</ele>
      </trkpt>
      <trkpt lat="39.91709405556321" lon="-8.134380206465721">
        <ele>301.8</ele>
      </trkpt>
      <trkpt lat="39.91728013381362" lon="-8.134270152077079">
        <ele>301.2</ele>
      </trkpt>
      <trkpt lat="39.91736135445535" lon="-8.134194044396281">
        <ele>299.5</ele>
      </trkpt>
      <trkpt lat="39.91775220260024" lon="-8.13361007720232">
        <ele>280.8</ele>
      </trkpt>
      <trkpt lat="39.91793157532811" lon="-8.133078832179308">
        <ele>255.9</ele>
      </trkpt>
      <trkpt lat="39.91797306574881" lon="-8.132563009858131">
        <ele>223.7</ele>
      </trkpt>
      <trkpt lat="39.917911207303405" lon="-8.132163612172008">
        <ele>243.2</ele>
      </trkpt>
      <trkpt lat="39.91770518012345" lon="-8.131704786792397">
        <ele>265.5</ele>
      </trkpt>
      <trkpt lat="39.917318522930145" lon="-8.131214110180736">
        <ele>265.3</ele>
      </trkpt>
      <trkpt lat="39.91679884493351" lon="-8.130936920642853">
        <ele>287.3</ele>
      </trkpt>
      <trkpt lat="39.91625142283738" lon="-8.130927197635174">
        <ele>298.8</ele>
      </trkpt>
      <trkpt lat="39.91571171209216" lon="-8.131095673888922">
        <ele>293.8</ele>
      </trkpt>
      <trkpt lat="39.91515909321606" lon="-8.131297929212451">
        <ele>294.8</ele>
      </trkpt>
      <trkpt lat="39.91503965109587" lon="-8.131348052993417">
        <ele>297.5</ele>
      </trkpt>
      <trkpt lat="39.91492381319404" lon="-8.131375880911946">
        <ele>301.9</ele>
      </trkpt>
      <trkpt lat="39.91488626226783" lon="-8.13139121979475">
        <ele>303</ele>
      </trkpt>
      <trkpt lat="39.914849968627095" lon="-8.13141175545752">
        <ele>303.9</ele>
      </trkpt>
      <trkpt lat="39.91474519483745" lon="-8.131488617509604">
        <ele>305.7</ele>
      </trkpt>
      <trkpt lat="39.914644779637456" lon="-8.131555169820786">
        <ele>308.1</ele>
      </trkpt>
      <trkpt lat="39.91451075300574" lon="-8.131639240309596">
        <ele>309.3</ele>
      </trkpt>
      <trkpt lat="39.91430866532028" lon="-8.131766309961677">
        <ele>310.5</ele>
      </trkpt>
      <trkpt lat="39.91420766338706" lon="-8.131833532825112">
        <ele>310</ele>
      </trkpt>
      <trkpt lat="39.914090568199754" lon="-8.131930008530617">
        <ele>308.7</ele>
      </trkpt>
      <trkpt lat="39.91395645774901" lon="-8.132021287456155">
        <ele>311.2</ele>
      </trkpt>
      <trkpt lat="39.91375965066254" lon="-8.132147938013077">
        <ele>314.5</ele>
      </trkpt>
      <trkpt lat="39.91363266482949" lon="-8.13222236931324">
        <ele>315.4</ele>
      </trkpt>
      <trkpt lat="39.9134957883507" lon="-8.132292190566659">
        <ele>315.7</ele>
      </trkpt>
      <trkpt lat="39.91337810643017" lon="-8.132379781454802">
        <ele>314.1</ele>
      </trkpt>
      <trkpt lat="39.913205271586776" lon="-8.132473658770323">
        <ele>317.3</ele>
      </trkpt>
      <trkpt lat="39.9129952210933" lon="-8.13260500319302">
        <ele>321.2</ele>
      </trkpt>
      <trkpt lat="39.91278324276209" lon="-8.132753614336252">
        <ele>324</ele>
      </trkpt>
      <trkpt lat="39.9126426782459" lon="-8.132864004001021">
        <ele>325.1</ele>
      </trkpt>
      <trkpt lat="39.91255039349198" lon="-8.132924102246761">
        <ele>323.5</ele>
      </trkpt>
      <trkpt lat="39.9123561847955" lon="-8.133045304566622">
        <ele>324.4</ele>
      </trkpt>
      <trkpt lat="39.912168346345425" lon="-8.133162902668118">
        <ele>325.2</ele>
      </trkpt>
      <trkpt lat="39.912052005529404" lon="-8.133308412507176">
        <ele>322.6</ele>
      </trkpt>
      <trkpt lat="39.91189928725362" lon="-8.133431458845735">
        <ele>322.9</ele>
      </trkpt>
      <trkpt lat="39.9117155559361" lon="-8.133553499355912">
        <ele>326.5</ele>
      </trkpt>
      <trkpt lat="39.91159058175981" lon="-8.133640922605991">
        <ele>326.5</ele>
      </trkpt>
      <trkpt lat="39.91146921180189" lon="-8.133699595928192">
        <ele>328.2</ele>
      </trkpt>
      <trkpt lat="39.91131850518286" lon="-8.13377469778061">
        <ele>328.3</ele>
      </trkpt>
      <trkpt lat="39.91112396121025" lon="-8.133835718035698">
        <ele>329.3</ele>
      </trkpt>
      <trkpt lat="39.91095255129039" lon="-8.133890787139535">
        <ele>329.8</ele>
      </trkpt>
      <trkpt lat="39.91077829152346" lon="-8.133934456855059">
        <ele>332.4</ele>
      </trkpt>
      <trkpt lat="39.91059120744467" lon="-8.13400436192751">
        <ele>336.3</ele>
      </trkpt>
      <trkpt lat="39.91046514362097" lon="-8.134058006107807">
        <ele>340</ele>
      </trkpt>
      <trkpt lat="39.91028401069343" lon="-8.134172083809972">
        <ele>345.9</ele>
      </trkpt>
      <trkpt lat="39.91017211228609" lon="-8.134291106835008">
        <ele>346.9</ele>
      </trkpt>
      <trkpt lat="39.91006717085838" lon="-8.134411051869392">
        <ele>346.1</ele>
      </trkpt>
      <trkpt lat="39.909864915534854" lon="-8.13465672545135">
        <ele>337.1</ele>
      </trkpt>
      <trkpt lat="39.90977589972317" lon="-8.134790249168873">
        <ele>330.4</ele>
      </trkpt>
      <trkpt lat="39.90964078344405" lon="-8.134946404024959">
        <ele>329.5</ele>
      </trkpt>
      <trkpt lat="39.90949041210115" lon="-8.135060230270028">
        <ele>331</ele>
      </trkpt>
      <trkpt lat="39.90937105379999" lon="-8.135124770924449">
        <ele>334.7</ele>
      </trkpt>
      <trkpt lat="39.909203331917524" lon="-8.135183025151491">
        <ele>342.3</ele>
      </trkpt>
      <trkpt lat="39.90902999415994" lon="-8.135221917182207">
        <ele>351.1</ele>
      </trkpt>
      <trkpt lat="39.90884215570986" lon="-8.135255863890052">
        <ele>356.3</ele>
      </trkpt>
      <trkpt lat="39.908629758283496" lon="-8.135290397331119">
        <ele>357.3</ele>
      </trkpt>
      <trkpt lat="39.90844577550888" lon="-8.135268352925777">
        <ele>355.8</ele>
      </trkpt>
      <trkpt lat="39.90826305001974" lon="-8.135217977687716">
        <ele>352.5</ele>
      </trkpt>
      <trkpt lat="39.908266" lon="-8.135203">
        <ele>349.5</ele>
      </trkpt>
      <trkpt lat="39.908023" lon="-8.135103">
        <ele>347.75</ele>
      </trkpt>
      <trkpt lat="39.907798" lon="-8.134949">
        <ele>349</ele>
      </trkpt>
      <trkpt lat="39.907578" lon="-8.134748">
        <ele>349.25</ele>
      </trkpt>
      <trkpt lat="39.907398" lon="-8.134516">
        <ele>348</ele>
      </trkpt>
      <trkpt lat="39.907249" lon="-8.134255">
        <ele>347.5</ele>
      </trkpt>
      <trkpt lat="39.907108" lon="-8.133905">
        <ele>345.5</ele>
      </trkpt>
      <trkpt lat="39.906538" lon="-8.132027">
        <ele>351.5</ele>
      </trkpt>
      <trkpt lat="39.90664" lon="-8.132109">
        <ele>351.5</ele>
      </trkpt>
      <trkpt lat="39.906877" lon="-8.132465">
        <ele>353</ele>
      </trkpt>
      <trkpt lat="39.906899" lon="-8.132518">
        <ele>353</ele>
      </trkpt>
      <trkpt lat="39.907007" lon="-8.132775">
        <ele>353.25</ele>
      </trkpt>
      <trkpt lat="39.907098" lon="-8.13271">
        <ele>356.5</ele>
      </trkpt>
      <trkpt lat="39.907197" lon="-8.132678">
        <ele>359.25</ele>
      </trkpt>
      <trkpt lat="39.907293" lon="-8.132708">
        <ele>361.75</ele>
      </trkpt>
      <trkpt lat="39.907413" lon="-8.132708">
        <ele>365</ele>
      </trkpt>
      <trkpt lat="39.907424" lon="-8.132538">
        <ele>365.25</ele>
      </trkpt>
      <trkpt lat="39.907411" lon="-8.132356">
        <ele>365.5</ele>
      </trkpt>
      <trkpt lat="39.907304" lon="-8.132018">
        <ele>364.75</ele>
      </trkpt>
      <trkpt lat="39.9073" lon="-8.131825">
        <ele>365.75</ele>
      </trkpt>
      <trkpt lat="39.907321" lon="-8.131664">
        <ele>367</ele>
      </trkpt>
      <trkpt lat="39.907349" lon="-8.13117">
        <ele>375</ele>
      </trkpt>
      <trkpt lat="39.90744" lon="-8.130349">
        <ele>388.75</ele>
      </trkpt>
      <trkpt lat="39.907491" lon="-8.13023">
        <ele>391</ele>
      </trkpt>
      <trkpt lat="39.907555" lon="-8.13014">
        <ele>393.5</ele>
      </trkpt>
      <trkpt lat="39.907631" lon="-8.13001">
        <ele>397</ele>
      </trkpt>
      <trkpt lat="39.907739" lon="-8.129916">
        <ele>399.5</ele>
      </trkpt>
      <trkpt lat="39.907582" lon="-8.129492">
        <ele>400</ele>
      </trkpt>
      <trkpt lat="39.907482" lon="-8.129042">
        <ele>402.25</ele>
      </trkpt>
      <trkpt lat="39.907482" lon="-8.129042">
        <ele>402.25</ele>
      </trkpt>
      <trkpt lat="39.907573" lon="-8.128533">
        <ele>408.5</ele>
      </trkpt>
      <trkpt lat="39.9076" lon="-8.128468">
        <ele>410.25</ele>
      </trkpt>
      <trkpt lat="39.907621" lon="-8.128416">
        <ele>410.25</ele>
      </trkpt>
      <trkpt lat="39.907667" lon="-8.12846">
        <ele>410.5</ele>
      </trkpt>
      <trkpt lat="39.907726" lon="-8.128448">
        <ele>411.25</ele>
      </trkpt>
      <trkpt lat="39.908011" lon="-8.128314">
        <ele>414.75</ele>
      </trkpt>
      <trkpt lat="39.908311" lon="-8.128225">
        <ele>417</ele>
      </trkpt>
      <trkpt lat="39.908409" lon="-8.128237">
        <ele>418.25</ele>
      </trkpt>
      <trkpt lat="39.909489" lon="-8.128599">
        <ele>433</ele>
      </trkpt>
      <trkpt lat="39.909671" lon="-8.128724">
        <ele>435</ele>
      </trkpt>
      <trkpt lat="39.909716" lon="-8.128771">
        <ele>436.5</ele>
      </trkpt>
      <trkpt lat="39.909716" lon="-8.128771">
        <ele>436.5</ele>
      </trkpt>
      <trkpt lat="39.90975" lon="-8.128805">
        <ele>436.5</ele>
      </trkpt>
      <trkpt lat="39.909769" lon="-8.128825">
        <ele>437</ele>
      </trkpt>
      <trkpt lat="39.909942" lon="-8.129157">
        <ele>443</ele>
      </trkpt>
      <trkpt lat="39.91012" lon="-8.129526">
        <ele>446.25</ele>
      </trkpt>
      <trkpt lat="39.910241" lon="-8.12968">
        <ele>447.75</ele>
      </trkpt>
      <trkpt lat="39.910344" lon="-8.129794">
        <ele>449</ele>
      </trkpt>
      <trkpt lat="39.910389" lon="-8.129843">
        <ele>449.5</ele>
      </trkpt>
      <trkpt lat="39.910475" lon="-8.129892">
        <ele>450.5</ele>
      </trkpt>
      <trkpt lat="39.910494" lon="-8.129794">
        <ele>449.75</ele>
      </trkpt>
      <trkpt lat="39.910562" lon="-8.129672">
        <ele>449.25</ele>
      </trkpt>
      <trkpt lat="39.91066" lon="-8.129592">
        <ele>449</ele>
      </trkpt>
      <trkpt lat="39.910812" lon="-8.129571">
        <ele>449.75</ele>
      </trkpt>
      <trkpt lat="39.911013" lon="-8.129631">
        <ele>449.75</ele>
      </trkpt>
      <trkpt lat="39.911352" lon="-8.129815">
        <ele>451.5</ele>
      </trkpt>
      <trkpt lat="39.911402" lon="-8.129834">
        <ele>451.5</ele>
      </trkpt>
      <trkpt lat="39.911452" lon="-8.129907">
        <ele>452.5</ele>
      </trkpt>
      <trkpt lat="39.911555" lon="-8.130084">
        <ele>453.25</ele>
      </trkpt>
      <trkpt lat="39.911666" lon="-8.130398">
        <ele>450</ele>
      </trkpt>
    </trkseg>
  </trk>
</gpx>
