<?xml version="1.0" encoding="UTF-8"?>
<gpx schemaLocation="http://www.topografix.com/GPX/1/1 http://www.topografix.com/GPX/1/1/gpx.xsd http://www.garmin.com/xmlschemas/GpxExtensions/v3 http://www.garmin.com/xmlschemas/GpxExtensionsv3.xsd http://www.garmin.com/xmlschemas/TrackPointExtension/v1 http://www.garmin.com/xmlschemas/TrackPointExtensionv1.xsd http://www.garmin.com/xmlschemas/PowerExtension/v1 http://www.garmin.com/xmlschemas/PowerExtensionv1.xsd http://www.topografix.com/GPX/gpx_style/0/2 http://www.topografix.com/GPX/gpx_style/0/2/gpx_style.xsd" version="1.1" creator="Garmin Desktop App" xmlns="http://www.topografix.com/GPX/1/1" xmlns:xsi="http://www.w3.org/2001/XMLSchema-instance" xsi:schemaLocation="http://www.topografix.com/GPX/1/1 http://www.topografix.com/GPX/1/1/gpx.xsd http://www.garmin.com/xmlschemas/GpxExtensions/v3 http://www.garmin.com/xmlschemas/GpxExtensionsv3.xsd http://www.garmin.com/xmlschemas/TrackPointExtension/v1 http://www.garmin.com/xmlschemas/TrackPointExtensionv1.xsd http://www.garmin.com/xmlschemas/PowerExtension/v1 http://www.garmin.com/xmlschemas/PowerExtensionv1.xsd http://www.topografix.com/GPX/gpx_style/0/2 http://www.topografix.com/GPX/gpx_style/0/2/gpx_style.xsd" xmlns:gpxtpx="http://www.garmin.com/xmlschemas/TrackPointExtension/v1" xmlns:gpxx="http://www.garmin.com/xmlschemas/GpxExtensions/v3" xmlns:gpxpx="http://www.garmin.com/xmlschemas/PowerExtension/v1" xmlns:gpx_style="http://www.topografix.com/GPX/gpx_style/0/2">
  <metadata>
    <name>Day4-2026</name>
    <author>
      <name>gpx.studio</name>
      <link href="https://gpx.studio"/>
    </author>
  </metadata>
  <wpt lat="39.22806892594788" lon="-8.04240317901874">
    <ele>114.1</ele>
    <name>PIT STOP (Water, Bars)</name>
    <sym>Bar</sym>
  </wpt>
  <wpt lat="39.483665" lon="-8.185557">
    <ele>73.90836749533331</ele>
    <name>Café Três Coroas</name>
    <sym>Restaurant</sym>
  </wpt>
  <wpt lat="39.69513016001159" lon="-8.137917752247574">
    <ele>489.21936252919727</ele>
    <name>Picnic groud</name>
    <sym>Picnic Area</sym>
  </wpt>
  <wpt lat="39.171446" lon="-8.079243">
    <ele>96.03305279326113</ele>
    <name>Picnic Area</name>
    <sym>Picnic Area</sym>
  </wpt>
  <trk>
    <name>Day4-2026</name>
    <type>Cycling</type>
    <trkseg>
      <trkpt lat="39.911659" lon="-8.130537">
        <ele>448.5</ele>
      </trkpt>
      <trkpt lat="39.911645" lon="-8.130563">
        <ele>448.5</ele>
      </trkpt>
      <trkpt lat="39.91161" lon="-8.130608">
        <ele>448.5</ele>
      </trkpt>
      <trkpt lat="39.91153" lon="-8.130626">
        <ele>449</ele>
      </trkpt>
      <trkpt lat="39.911482" lon="-8.13062">
        <ele>449.5</ele>
      </trkpt>
      <trkpt lat="39.911386" lon="-8.130608">
        <ele>450.25</ele>
      </trkpt>
      <trkpt lat="39.911286" lon="-8.130581">
        <ele>451.25</ele>
      </trkpt>
      <trkpt lat="39.911191" lon="-8.130572">
        <ele>452</ele>
      </trkpt>
      <trkpt lat="39.911083" lon="-8.13059">
        <ele>452.75</ele>
      </trkpt>
      <trkpt lat="39.910761" lon="-8.130748">
        <ele>454.25</ele>
      </trkpt>
      <trkpt lat="39.910763" lon="-8.130748">
        <ele>454.25</ele>
      </trkpt>
      <trkpt lat="39.910761" lon="-8.130748">
        <ele>454</ele>
      </trkpt>
      <trkpt lat="39.910751" lon="-8.130753">
        <ele>454.25</ele>
      </trkpt>
      <trkpt lat="39.910655" lon="-8.130765">
        <ele>454</ele>
      </trkpt>
      <trkpt lat="39.910585" lon="-8.13073">
        <ele>453.5</ele>
      </trkpt>
      <trkpt lat="39.910537" lon="-8.130643">
        <ele>453</ele>
      </trkpt>
      <trkpt lat="39.91048" lon="-8.130207">
        <ele>451.75</ele>
      </trkpt>
      <trkpt lat="39.910471" lon="-8.130026">
        <ele>451.25</ele>
      </trkpt>
      <trkpt lat="39.910475" lon="-8.129892">
        <ele>450.5</ele>
      </trkpt>
      <trkpt lat="39.910389" lon="-8.129843">
        <ele>449.5</ele>
      </trkpt>
      <trkpt lat="39.910344" lon="-8.129794">
        <ele>449</ele>
      </trkpt>
      <trkpt lat="39.910241" lon="-8.12968">
        <ele>447.75</ele>
      </trkpt>
      <trkpt lat="39.91012" lon="-8.129526">
        <ele>446.25</ele>
      </trkpt>
      <trkpt lat="39.909942" lon="-8.129157">
        <ele>443</ele>
      </trkpt>
      <trkpt lat="39.909769" lon="-8.128825">
        <ele>437</ele>
      </trkpt>
      <trkpt lat="39.90975" lon="-8.128805">
        <ele>436.5</ele>
      </trkpt>
      <trkpt lat="39.909671" lon="-8.128724">
        <ele>435</ele>
      </trkpt>
      <trkpt lat="39.909489" lon="-8.128599">
        <ele>433</ele>
      </trkpt>
      <trkpt lat="39.908409" lon="-8.128237">
        <ele>418.25</ele>
      </trkpt>
      <trkpt lat="39.908311" lon="-8.128225">
        <ele>417</ele>
      </trkpt>
      <trkpt lat="39.908011" lon="-8.128314">
        <ele>414.75</ele>
      </trkpt>
      <trkpt lat="39.907726" lon="-8.128448">
        <ele>411.25</ele>
      </trkpt>
      <trkpt lat="39.907667" lon="-8.12846">
        <ele>410.5</ele>
      </trkpt>
      <trkpt lat="39.907621" lon="-8.128416">
        <ele>410.25</ele>
      </trkpt>
      <trkpt lat="39.907599" lon="-8.12847">
        <ele>408.5</ele>
      </trkpt>
      <trkpt lat="39.907573" lon="-8.128533">
        <ele>408.5</ele>
      </trkpt>
      <trkpt lat="39.907482" lon="-8.129042">
        <ele>402.25</ele>
      </trkpt>
      <trkpt lat="39.907482" lon="-8.129042">
        <ele>402.25</ele>
      </trkpt>
      <trkpt lat="39.907582" lon="-8.129492">
        <ele>400</ele>
      </trkpt>
      <trkpt lat="39.907739" lon="-8.129916">
        <ele>399.5</ele>
      </trkpt>
      <trkpt lat="39.907631" lon="-8.13001">
        <ele>397</ele>
      </trkpt>
      <trkpt lat="39.907555" lon="-8.13014">
        <ele>393.5</ele>
      </trkpt>
      <trkpt lat="39.907491" lon="-8.13023">
        <ele>391</ele>
      </trkpt>
      <trkpt lat="39.90744" lon="-8.130349">
        <ele>388.75</ele>
      </trkpt>
      <trkpt lat="39.907349" lon="-8.13117">
        <ele>375</ele>
      </trkpt>
      <trkpt lat="39.907321" lon="-8.131664">
        <ele>367</ele>
      </trkpt>
      <trkpt lat="39.9073" lon="-8.131825">
        <ele>365.75</ele>
      </trkpt>
      <trkpt lat="39.907304" lon="-8.132018">
        <ele>364.75</ele>
      </trkpt>
      <trkpt lat="39.907411" lon="-8.132356">
        <ele>365.5</ele>
      </trkpt>
      <trkpt lat="39.907424" lon="-8.132538">
        <ele>365.25</ele>
      </trkpt>
      <trkpt lat="39.907413" lon="-8.132708">
        <ele>365</ele>
      </trkpt>
      <trkpt lat="39.907293" lon="-8.132708">
        <ele>361.75</ele>
      </trkpt>
      <trkpt lat="39.907197" lon="-8.132678">
        <ele>359.25</ele>
      </trkpt>
      <trkpt lat="39.907098" lon="-8.13271">
        <ele>356.5</ele>
      </trkpt>
      <trkpt lat="39.907007" lon="-8.132775">
        <ele>353.25</ele>
      </trkpt>
      <trkpt lat="39.906899" lon="-8.132518">
        <ele>353</ele>
      </trkpt>
      <trkpt lat="39.906877" lon="-8.132465">
        <ele>353</ele>
      </trkpt>
      <trkpt lat="39.90664" lon="-8.132109">
        <ele>351.5</ele>
      </trkpt>
      <trkpt lat="39.906538" lon="-8.132027">
        <ele>351.5</ele>
      </trkpt>
      <trkpt lat="39.906482" lon="-8.131892">
        <ele>352.25</ele>
      </trkpt>
      <trkpt lat="39.90646976860572" lon="-8.131899598005115">
        <ele>349.8086317282071</ele>
      </trkpt>
      <trkpt lat="39.906401596963406" lon="-8.13171174377203">
        <ele>350</ele>
      </trkpt>
      <trkpt lat="39.906250135973096" lon="-8.131507225334644">
        <ele>351.3</ele>
      </trkpt>
      <trkpt lat="39.905994571745396" lon="-8.131312262266874">
        <ele>352.6</ele>
      </trkpt>
      <trkpt lat="39.90562132559717" lon="-8.131238585337996">
        <ele>360.1</ele>
      </trkpt>
      <trkpt lat="39.90502143278718" lon="-8.1312573608011">
        <ele>358.6</ele>
      </trkpt>
      <trkpt lat="39.90443989634514" lon="-8.131186282262206">
        <ele>353.9</ele>
      </trkpt>
      <trkpt lat="39.903888618573546" lon="-8.131082765758038">
        <ele>354</ele>
      </trkpt>
      <trkpt lat="39.90346315316856" lon="-8.131004981696606">
        <ele>358.4</ele>
      </trkpt>
      <trkpt lat="39.90325318649411" lon="-8.130966005846858">
        <ele>359.1</ele>
      </trkpt>
      <trkpt lat="39.90305378101766" lon="-8.130933986976743">
        <ele>359.5</ele>
      </trkpt>
      <trkpt lat="39.90286896005273" lon="-8.13090498559177">
        <ele>359.6</ele>
      </trkpt>
      <trkpt lat="39.90268447436392" lon="-8.130874894559383">
        <ele>359.7</ele>
      </trkpt>
      <trkpt lat="39.90255086682737" lon="-8.130851425230503">
        <ele>360.2</ele>
      </trkpt>
      <trkpt lat="39.90242379717529" lon="-8.130829632282257">
        <ele>361</ele>
      </trkpt>
      <trkpt lat="39.9022660497576" lon="-8.13079509884119">
        <ele>362.3</ele>
      </trkpt>
      <trkpt lat="39.90215943194926" lon="-8.130765929818153">
        <ele>363.2</ele>
      </trkpt>
      <trkpt lat="39.90205549634993" lon="-8.13071496784687">
        <ele>363.5</ele>
      </trkpt>
      <trkpt lat="39.90191979333758" lon="-8.13062947243452">
        <ele>364.1</ele>
      </trkpt>
      <trkpt lat="39.90180093795061" lon="-8.130515227094293">
        <ele>364.5</ele>
      </trkpt>
      <trkpt lat="39.90165970288217" lon="-8.130291178822517">
        <ele>365.9</ele>
      </trkpt>
      <trkpt lat="39.90160404704511" lon="-8.130157655104995">
        <ele>367.1</ele>
      </trkpt>
      <trkpt lat="39.901527939364314" lon="-8.12995757907629">
        <ele>368.5</ele>
      </trkpt>
      <trkpt lat="39.901411179453135" lon="-8.129669157788157">
        <ele>371.3</ele>
      </trkpt>
      <trkpt lat="39.90134160965681" lon="-8.12948852777481">
        <ele>372.1</ele>
      </trkpt>
      <trkpt lat="39.90132291801274" lon="-8.129442008212209">
        <ele>372.4</ele>
      </trkpt>
      <trkpt lat="39.90125016309321" lon="-8.12926028855145">
        <ele>373.2</ele>
      </trkpt>
      <trkpt lat="39.90114530548453" lon="-8.129007406532764">
        <ele>374.2</ele>
      </trkpt>
      <trkpt lat="39.901037849485874" lon="-8.128721415996552">
        <ele>375.1</ele>
      </trkpt>
      <trkpt lat="39.90081187337637" lon="-8.128094365820289">
        <ele>371.4</ele>
      </trkpt>
      <trkpt lat="39.900724198669195" lon="-8.127852967008948">
        <ele>369.3</ele>
      </trkpt>
      <trkpt lat="39.900537114590406" lon="-8.127431022003293">
        <ele>367.4</ele>
      </trkpt>
      <trkpt lat="39.90036243572831" lon="-8.127234634011984">
        <ele>367</ele>
      </trkpt>
      <trkpt lat="39.90030141547322" lon="-8.127182833850384">
        <ele>366.8</ele>
      </trkpt>
      <trkpt lat="39.90023888647556" lon="-8.127139331772923">
        <ele>366.9</ele>
      </trkpt>
      <trkpt lat="39.900041157379746" lon="-8.127113683149219">
        <ele>367.3</ele>
      </trkpt>
      <trkpt lat="39.8999778740108" lon="-8.12715483829379">
        <ele>366.9</ele>
      </trkpt>
      <trkpt lat="39.89985315129161" lon="-8.12741325236857">
        <ele>364.2</ele>
      </trkpt>
      <trkpt lat="39.89981023594737" lon="-8.127514841035008">
        <ele>363.5</ele>
      </trkpt>
      <trkpt lat="39.89952474832535" lon="-8.127881800755858">
        <ele>360.2</ele>
      </trkpt>
      <trkpt lat="39.89934076555073" lon="-8.128046840429306">
        <ele>359.2</ele>
      </trkpt>
      <trkpt lat="39.89914731122553" lon="-8.128203330561519">
        <ele>359.1</ele>
      </trkpt>
      <trkpt lat="39.89895553328097" lon="-8.12835680320859">
        <ele>359.5</ele>
      </trkpt>
      <trkpt lat="39.89886140450835" lon="-8.128427295014262">
        <ele>360.2</ele>
      </trkpt>
      <trkpt lat="39.8986775893718" lon="-8.128540199249983">
        <ele>361.4</ele>
      </trkpt>
      <trkpt lat="39.89829696714878" lon="-8.128583198413253">
        <ele>363.7</ele>
      </trkpt>
      <trkpt lat="39.898159839212894" lon="-8.128487644717097">
        <ele>365</ele>
      </trkpt>
      <trkpt lat="39.89806646481156" lon="-8.128356551751494">
        <ele>365.8</ele>
      </trkpt>
      <trkpt lat="39.898041067644954" lon="-8.128311792388558">
        <ele>365.9</ele>
      </trkpt>
      <trkpt lat="39.89801340736449" lon="-8.12827181071043">
        <ele>366</ele>
      </trkpt>
      <trkpt lat="39.89796521142125" lon="-8.128185141831636">
        <ele>366.2</ele>
      </trkpt>
      <trkpt lat="39.89791349507868" lon="-8.128099394962192">
        <ele>366.4</ele>
      </trkpt>
      <trkpt lat="39.89786110818386" lon="-8.128029741346836">
        <ele>366.8</ele>
      </trkpt>
      <trkpt lat="39.89780285395682" lon="-8.127957740798593">
        <ele>367.7</ele>
      </trkpt>
      <trkpt lat="39.89774275571108" lon="-8.127897726371884">
        <ele>368.3</ele>
      </trkpt>
      <trkpt lat="39.89763479679823" lon="-8.12780569307506">
        <ele>369.6</ele>
      </trkpt>
      <trkpt lat="39.89745634607971" lon="-8.127674935385585">
        <ele>371.2</ele>
      </trkpt>
      <trkpt lat="39.8970992770046" lon="-8.127452982589602">
        <ele>373.7</ele>
      </trkpt>
      <trkpt lat="39.89663366228342" lon="-8.126997258514166">
        <ele>377.6</ele>
      </trkpt>
      <trkpt lat="39.89652863703668" lon="-8.126914696767926">
        <ele>377.7</ele>
      </trkpt>
      <trkpt lat="39.8962392937392" lon="-8.12674580141902">
        <ele>377.9</ele>
      </trkpt>
      <trkpt lat="39.895957158878446" lon="-8.126604650169611">
        <ele>378</ele>
      </trkpt>
      <trkpt lat="39.89568868651986" lon="-8.126447824761271">
        <ele>376.2</ele>
      </trkpt>
      <trkpt lat="39.89558156579733" lon="-8.126370124518871">
        <ele>375.7</ele>
      </trkpt>
      <trkpt lat="39.89527394995093" lon="-8.126143980771303">
        <ele>375.6</ele>
      </trkpt>
      <trkpt lat="39.89503129385412" lon="-8.125985143706203">
        <ele>378.4</ele>
      </trkpt>
      <trkpt lat="39.89489450119436" lon="-8.125903084874153">
        <ele>381.2</ele>
      </trkpt>
      <trkpt lat="39.89470540545881" lon="-8.125836113467813">
        <ele>385.4</ele>
      </trkpt>
      <trkpt lat="39.89465670660138" lon="-8.125834353268147">
        <ele>386.4</ele>
      </trkpt>
      <trkpt lat="39.89446953870356" lon="-8.125856397673488">
        <ele>388.9</ele>
      </trkpt>
      <trkpt lat="39.89428983069956" lon="-8.125877855345607">
        <ele>390.3</ele>
      </trkpt>
      <trkpt lat="39.89412261173129" lon="-8.12591322697699">
        <ele>390.4</ele>
      </trkpt>
      <trkpt lat="39.89392069168389" lon="-8.125950694084167">
        <ele>389.9</ele>
      </trkpt>
      <trkpt lat="39.89376277662814" lon="-8.125978941097856">
        <ele>389.5</ele>
      </trkpt>
      <trkpt lat="39.89356395788491" lon="-8.126013223081827">
        <ele>388.9</ele>
      </trkpt>
      <trkpt lat="39.89340168423951" lon="-8.126038368791342">
        <ele>388.6</ele>
      </trkpt>
      <trkpt lat="39.89324117079377" lon="-8.126061167567968">
        <ele>388.5</ele>
      </trkpt>
      <trkpt lat="39.89298988133669" lon="-8.126105759292841">
        <ele>389.1</ele>
      </trkpt>
      <trkpt lat="39.89277890883386" lon="-8.126128725707531">
        <ele>390.2</ele>
      </trkpt>
      <trkpt lat="39.89255318418145" lon="-8.126155715435743">
        <ele>391</ele>
      </trkpt>
      <trkpt lat="39.89232435822487" lon="-8.126170551404357">
        <ele>392.5</ele>
      </trkpt>
      <trkpt lat="39.89211330190301" lon="-8.126310026273131">
        <ele>394.3</ele>
      </trkpt>
      <trkpt lat="39.891950441524386" lon="-8.126591322943568">
        <ele>395.8</ele>
      </trkpt>
      <trkpt lat="39.891825718805194" lon="-8.126864992082119">
        <ele>396</ele>
      </trkpt>
      <trkpt lat="39.8916251398623" lon="-8.127105636522174">
        <ele>397</ele>
      </trkpt>
      <trkpt lat="39.89141198806465" lon="-8.127206051722169">
        <ele>399.6</ele>
      </trkpt>
      <trkpt lat="39.89122398197651" lon="-8.127199178561568">
        <ele>401.4</ele>
      </trkpt>
      <trkpt lat="39.89107335917652" lon="-8.127176631242037">
        <ele>403.3</ele>
      </trkpt>
      <trkpt lat="39.890928687527776" lon="-8.127208985388279">
        <ele>404.7</ele>
      </trkpt>
      <trkpt lat="39.89074571058154" lon="-8.12731166370213">
        <ele>406.9</ele>
      </trkpt>
      <trkpt lat="39.89055418409407" lon="-8.12745088711381">
        <ele>409</ele>
      </trkpt>
      <trkpt lat="39.8903766553849" lon="-8.127555912360549">
        <ele>410</ele>
      </trkpt>
      <trkpt lat="39.89020717330277" lon="-8.127651130780578">
        <ele>410.1</ele>
      </trkpt>
      <trkpt lat="39.89005906507373" lon="-8.1277069542557">
        <ele>409.8</ele>
      </trkpt>
      <trkpt lat="39.889898132532835" lon="-8.127744756639004">
        <ele>409.7</ele>
      </trkpt>
      <trkpt lat="39.88966327160597" lon="-8.127780798822641">
        <ele>408.7</ele>
      </trkpt>
      <trkpt lat="39.8892954736948" lon="-8.127455580979586">
        <ele>411</ele>
      </trkpt>
      <trkpt lat="39.88909665495157" lon="-8.127160957083106">
        <ele>411.1</ele>
      </trkpt>
      <trkpt lat="39.88894033245742" lon="-8.126927269622684">
        <ele>409.3</ele>
      </trkpt>
      <trkpt lat="39.888864643871784" lon="-8.126813359558582">
        <ele>408.8</ele>
      </trkpt>
      <trkpt lat="39.88875391893089" lon="-8.126632058992982">
        <ele>407.8</ele>
      </trkpt>
      <trkpt lat="39.88871821202338" lon="-8.125977599993348">
        <ele>408.9</ele>
      </trkpt>
      <trkpt lat="39.88884243182838" lon="-8.125487929210067">
        <ele>410.8</ele>
      </trkpt>
      <trkpt lat="39.88878929056227" lon="-8.125075958669186">
        <ele>412.7</ele>
      </trkpt>
      <trkpt lat="39.88875199109316" lon="-8.124981075525284">
        <ele>412.5</ele>
      </trkpt>
      <trkpt lat="39.88867931999266" lon="-8.124792566522956">
        <ele>411.9</ele>
      </trkpt>
      <trkpt lat="39.88845552317798" lon="-8.124196864664555">
        <ele>409.5</ele>
      </trkpt>
      <trkpt lat="39.88847404718399" lon="-8.12375488691032">
        <ele>408.4</ele>
      </trkpt>
      <trkpt lat="39.8885340616107" lon="-8.123411564156413">
        <ele>406.5</ele>
      </trkpt>
      <trkpt lat="39.88817984238267" lon="-8.123011998832226">
        <ele>404.7</ele>
      </trkpt>
      <trkpt lat="39.88803315907717" lon="-8.123098416253924">
        <ele>405.4</ele>
      </trkpt>
      <trkpt lat="39.887874657288194" lon="-8.123184498399496">
        <ele>407.5</ele>
      </trkpt>
      <trkpt lat="39.887493113055825" lon="-8.123400080949068">
        <ele>414</ele>
      </trkpt>
      <trkpt lat="39.88718742504716" lon="-8.123332941904664">
        <ele>412.5</ele>
      </trkpt>
      <trkpt lat="39.88705733790994" lon="-8.12306446954608">
        <ele>412.8</ele>
      </trkpt>
      <trkpt lat="39.88702615723014" lon="-8.122967071831226">
        <ele>412.1</ele>
      </trkpt>
      <trkpt lat="39.88696957938373" lon="-8.122621066868305">
        <ele>408.1</ele>
      </trkpt>
      <trkpt lat="39.88695943728089" lon="-8.122499193996191">
        <ele>407.4</ele>
      </trkpt>
      <trkpt lat="39.886932615190744" lon="-8.122377153486013">
        <ele>406.1</ele>
      </trkpt>
      <trkpt lat="39.886823147535324" lon="-8.122185626998544">
        <ele>402.7</ele>
      </trkpt>
      <trkpt lat="39.88648711703718" lon="-8.12218302860856">
        <ele>399.6</ele>
      </trkpt>
      <trkpt lat="39.886342361569405" lon="-8.122321413829923">
        <ele>400.1</ele>
      </trkpt>
      <trkpt lat="39.88627530634403" lon="-8.122398611158133">
        <ele>400.5</ele>
      </trkpt>
      <trkpt lat="39.88604421727359" lon="-8.122593155130744">
        <ele>400.6</ele>
      </trkpt>
      <trkpt lat="39.88595377653837" lon="-8.122621569782495">
        <ele>400.5</ele>
      </trkpt>
      <trkpt lat="39.88567407242954" lon="-8.12262668274343">
        <ele>400.6</ele>
      </trkpt>
      <trkpt lat="39.88549620844424" lon="-8.122591059654951">
        <ele>400.6</ele>
      </trkpt>
      <trkpt lat="39.88508398644626" lon="-8.12235988676548">
        <ele>400.6</ele>
      </trkpt>
      <trkpt lat="39.88455232232809" lon="-8.121982952579856">
        <ele>399.5</ele>
      </trkpt>
      <trkpt lat="39.884010180830956" lon="-8.121574502438307">
        <ele>396.7</ele>
      </trkpt>
      <trkpt lat="39.883652441203594" lon="-8.121492192149162">
        <ele>397.6</ele>
      </trkpt>
      <trkpt lat="39.883139468729496" lon="-8.121465621516109">
        <ele>409.7</ele>
      </trkpt>
      <trkpt lat="39.883059756830335" lon="-8.121496718376875">
        <ele>410.5</ele>
      </trkpt>
      <trkpt lat="39.88257327117026" lon="-8.121812883764505">
        <ele>409.7</ele>
      </trkpt>
      <trkpt lat="39.88248542882502" lon="-8.12187273055315">
        <ele>408.8</ele>
      </trkpt>
      <trkpt lat="39.88239113241434" lon="-8.121921345591545">
        <ele>407.8</ele>
      </trkpt>
      <trkpt lat="39.88208804279566" lon="-8.121958980336785">
        <ele>405.4</ele>
      </trkpt>
      <trkpt lat="39.881884111091495" lon="-8.121918831020594">
        <ele>403.7</ele>
      </trkpt>
      <trkpt lat="39.881697446107864" lon="-8.121848506852984">
        <ele>400.2</ele>
      </trkpt>
      <trkpt lat="39.881546990945935" lon="-8.121683048084378">
        <ele>397.7</ele>
      </trkpt>
      <trkpt lat="39.88145470619202" lon="-8.121445085853338">
        <ele>397.8</ele>
      </trkpt>
      <trkpt lat="39.881338365375996" lon="-8.121028924360871">
        <ele>395.2</ele>
      </trkpt>
      <trkpt lat="39.880937207490206" lon="-8.120712507516146">
        <ele>385.1</ele>
      </trkpt>
      <trkpt lat="39.880715338513255" lon="-8.12060127966106">
        <ele>382.6</ele>
      </trkpt>
      <trkpt lat="39.880624478682876" lon="-8.120504133403301">
        <ele>382.6</ele>
      </trkpt>
      <trkpt lat="39.88055490888655" lon="-8.120378153398633">
        <ele>383.3</ele>
      </trkpt>
      <trkpt lat="39.88050553947687" lon="-8.120238929986954">
        <ele>383.5</ele>
      </trkpt>
      <trkpt lat="39.88038316369057" lon="-8.119980012997985">
        <ele>383.3</ele>
      </trkpt>
      <trkpt lat="39.88018484786153" lon="-8.119851937517524">
        <ele>383.9</ele>
      </trkpt>
      <trkpt lat="39.87995518371463" lon="-8.119809022173285">
        <ele>384.8</ele>
      </trkpt>
      <trkpt lat="39.87963960506022" lon="-8.119664015248418">
        <ele>381.8</ele>
      </trkpt>
      <trkpt lat="39.87933341413736" lon="-8.119527390226722">
        <ele>375.9</ele>
      </trkpt>
      <trkpt lat="39.87887458875775" lon="-8.119826624169946">
        <ele>376</ele>
      </trkpt>
      <trkpt lat="39.8788255546242" lon="-8.120141867548227">
        <ele>379</ele>
      </trkpt>
      <trkpt lat="39.8787909373641" lon="-8.120434312149882">
        <ele>381.6</ele>
      </trkpt>
      <trkpt lat="39.87877224572003" lon="-8.120520142838359">
        <ele>382.3</ele>
      </trkpt>
      <trkpt lat="39.87874818965793" lon="-8.120597759261727">
        <ele>383</ele>
      </trkpt>
      <trkpt lat="39.87867912277579" lon="-8.120727175846696">
        <ele>384.8</ele>
      </trkpt>
      <trkpt lat="39.8785940464586" lon="-8.120800098404288">
        <ele>385.3</ele>
      </trkpt>
      <trkpt lat="39.8785044439137" lon="-8.120829686522484">
        <ele>385.7</ele>
      </trkpt>
      <trkpt lat="39.87841450609267" lon="-8.120835050940514">
        <ele>386.1</ele>
      </trkpt>
      <trkpt lat="39.87832431681454" lon="-8.120830357074738">
        <ele>386.5</ele>
      </trkpt>
      <trkpt lat="39.878277126699686" lon="-8.120823819190264">
        <ele>386.7</ele>
      </trkpt>
      <trkpt lat="39.87822901457548" lon="-8.120817448943853">
        <ele>386.9</ele>
      </trkpt>
      <trkpt lat="39.87807839177549" lon="-8.120796997100115">
        <ele>388.6</ele>
      </trkpt>
      <trkpt lat="39.87781947478652" lon="-8.120798841118813">
        <ele>392.2</ele>
      </trkpt>
      <trkpt lat="39.87763029523194" lon="-8.120923982933164">
        <ele>394.3</ele>
      </trkpt>
      <trkpt lat="39.877461064606905" lon="-8.12110117636621">
        <ele>394.8</ele>
      </trkpt>
      <trkpt lat="39.877278758212924" lon="-8.121245680376887">
        <ele>395.1</ele>
      </trkpt>
      <trkpt lat="39.87713735550642" lon="-8.121313154697418">
        <ele>396</ele>
      </trkpt>
      <trkpt lat="39.877047250047326" lon="-8.121332433074713">
        <ele>396.3</ele>
      </trkpt>
      <trkpt lat="39.8770038317889" lon="-8.121329918503761">
        <ele>396.6</ele>
      </trkpt>
      <trkpt lat="39.876820519566536" lon="-8.121200585737824">
        <ele>396</ele>
      </trkpt>
      <trkpt lat="39.876772072166204" lon="-8.121048286557198">
        <ele>397.6</ele>
      </trkpt>
      <trkpt lat="39.876757906749845" lon="-8.12093161046505">
        <ele>398.5</ele>
      </trkpt>
      <trkpt lat="39.87675723619759" lon="-8.120875116437674">
        <ele>399</ele>
      </trkpt>
      <trkpt lat="39.87676494754851" lon="-8.12075911089778">
        <ele>400.1</ele>
      </trkpt>
      <trkpt lat="39.876784309744835" lon="-8.12052265740931">
        <ele>401.6</ele>
      </trkpt>
      <trkpt lat="39.87678129225969" lon="-8.120345883071423">
        <ele>402.6</ele>
      </trkpt>
      <trkpt lat="39.876722199842334" lon="-8.120188135653734">
        <ele>403.6</ele>
      </trkpt>
      <trkpt lat="39.87653243355453" lon="-8.120085373520851">
        <ele>403.7</ele>
      </trkpt>
      <trkpt lat="39.87649178132415" lon="-8.120077410712838">
        <ele>403.6</ele>
      </trkpt>
      <trkpt lat="39.87625583074987" lon="-8.120001973584294">
        <ele>401.6</ele>
      </trkpt>
      <trkpt lat="39.87618458457291" lon="-8.119949419051409">
        <ele>401</ele>
      </trkpt>
      <trkpt lat="39.87615021876991" lon="-8.11991773545742">
        <ele>400.9</ele>
      </trkpt>
      <trkpt lat="39.876086097210646" lon="-8.119844058528543">
        <ele>400.7</ele>
      </trkpt>
      <trkpt lat="39.87602859735489" lon="-8.119756383821368">
        <ele>401.1</ele>
      </trkpt>
      <trkpt lat="39.87595332786441" lon="-8.119644820690155">
        <ele>400.8</ele>
      </trkpt>
      <trkpt lat="39.87580337561667" lon="-8.11941146850586">
        <ele>401.8</ele>
      </trkpt>
      <trkpt lat="39.8756810836494" lon="-8.119247518479824">
        <ele>403.5</ele>
      </trkpt>
      <trkpt lat="39.875548565760255" lon="-8.119184235110879">
        <ele>405.1</ele>
      </trkpt>
      <trkpt lat="39.87537086941302" lon="-8.119159759953618">
        <ele>405.7</ele>
      </trkpt>
      <trkpt lat="39.87514975480735" lon="-8.119135284796357">
        <ele>406.4</ele>
      </trkpt>
      <trkpt lat="39.874959234148264" lon="-8.11911148019135">
        <ele>407.9</ele>
      </trkpt>
      <trkpt lat="39.87480157054961" lon="-8.119096392765641">
        <ele>409</ele>
      </trkpt>
      <trkpt lat="39.874600656330585" lon="-8.119108881801367">
        <ele>410</ele>
      </trkpt>
      <trkpt lat="39.874494122341275" lon="-8.119195299223065">
        <ele>410.3</ele>
      </trkpt>
      <trkpt lat="39.874425223097205" lon="-8.119419515132904">
        <ele>410.1</ele>
      </trkpt>
      <trkpt lat="39.874410135671496" lon="-8.119505178183317">
        <ele>409.6</ele>
      </trkpt>
      <trkpt lat="39.874335285276175" lon="-8.11966996639967">
        <ele>409.1</ele>
      </trkpt>
      <trkpt lat="39.874265883117914" lon="-8.119739536195993">
        <ele>409.4</ele>
      </trkpt>
      <trkpt lat="39.87423696555197" lon="-8.119759149849415">
        <ele>409.6</ele>
      </trkpt>
      <trkpt lat="39.87421676516533" lon="-8.11977650038898">
        <ele>409.6</ele>
      </trkpt>
      <trkpt lat="39.874216597527266" lon="-8.119775159284472">
        <ele>409.7</ele>
      </trkpt>
      <trkpt lat="39.874216597527266" lon="-8.119775159284472">
        <ele>409.7</ele>
      </trkpt>
      <trkpt lat="39.874216597527266" lon="-8.119775159284472">
        <ele>409.7</ele>
      </trkpt>
      <trkpt lat="39.874216597527266" lon="-8.119775159284472">
        <ele>409.7</ele>
      </trkpt>
      <trkpt lat="39.874216597527266" lon="-8.119775159284472">
        <ele>409.7</ele>
      </trkpt>
      <trkpt lat="39.87420444376767" lon="-8.119779098778963">
        <ele>409.8</ele>
      </trkpt>
      <trkpt lat="39.87408734858036" lon="-8.119800388813019">
        <ele>411</ele>
      </trkpt>
      <trkpt lat="39.87370756454766" lon="-8.11989476904273">
        <ele>414.6</ele>
      </trkpt>
      <trkpt lat="39.873589212074876" lon="-8.120114877820015">
        <ele>415.1</ele>
      </trkpt>
      <trkpt lat="39.873562809079885" lon="-8.120249239727855">
        <ele>413.9</ele>
      </trkpt>
      <trkpt lat="39.87351561896503" lon="-8.120455853641033">
        <ele>412.1</ele>
      </trkpt>
      <trkpt lat="39.87346138805151" lon="-8.120560208335519">
        <ele>411.5</ele>
      </trkpt>
      <trkpt lat="39.87338083796203" lon="-8.12065752223134">
        <ele>411</ele>
      </trkpt>
      <trkpt lat="39.87328796647489" lon="-8.120727594941854">
        <ele>410.8</ele>
      </trkpt>
      <trkpt lat="39.8729679454118" lon="-8.120747795328498">
        <ele>415.5</ele>
      </trkpt>
      <trkpt lat="39.87277776002884" lon="-8.120929766446352">
        <ele>417.9</ele>
      </trkpt>
      <trkpt lat="39.87270500510931" lon="-8.121222294867039">
        <ele>420.2</ele>
      </trkpt>
      <trkpt lat="39.87270684912801" lon="-8.12128197401762">
        <ele>420.3</ele>
      </trkpt>
      <trkpt lat="39.87277826294303" lon="-8.121639210730791">
        <ele>420.8</ele>
      </trkpt>
      <trkpt lat="39.87289007753134" lon="-8.121842974796891">
        <ele>422</ele>
      </trkpt>
      <trkpt lat="39.87300021573901" lon="-8.121944479644299">
        <ele>421.8</ele>
      </trkpt>
      <trkpt lat="39.873288217931986" lon="-8.122236086055636">
        <ele>424.9</ele>
      </trkpt>
      <trkpt lat="39.87331814132631" lon="-8.12227338552475">
        <ele>425.4</ele>
      </trkpt>
      <trkpt lat="39.873509583994746" lon="-8.122597178444266">
        <ele>426.2</ele>
      </trkpt>
      <trkpt lat="39.87351067364216" lon="-8.122703125700355">
        <ele>426.1</ele>
      </trkpt>
      <trkpt lat="39.87343976274133" lon="-8.122985595837235">
        <ele>425.3</ele>
      </trkpt>
      <trkpt lat="39.873414281755686" lon="-8.123039910569787">
        <ele>425</ele>
      </trkpt>
      <trkpt lat="39.87339047715068" lon="-8.12309481203556">
        <ele>424.8</ele>
      </trkpt>
      <trkpt lat="39.873286709189415" lon="-8.123314082622528">
        <ele>424.9</ele>
      </trkpt>
      <trkpt lat="39.873127369210124" lon="-8.12361323274672">
        <ele>426.6</ele>
      </trkpt>
      <trkpt lat="39.87297624349594" lon="-8.12391615472734">
        <ele>429.8</ele>
      </trkpt>
      <trkpt lat="39.872859651222825" lon="-8.124214047566056">
        <ele>432.7</ele>
      </trkpt>
      <trkpt lat="39.87280240282416" lon="-8.12443901784718">
        <ele>431.2</ele>
      </trkpt>
      <trkpt lat="39.872803995385766" lon="-8.124585868790746">
        <ele>429.6</ele>
      </trkpt>
      <trkpt lat="39.8729489184916" lon="-8.124978560954332">
        <ele>426.9</ele>
      </trkpt>
      <trkpt lat="39.873074647039175" lon="-8.12530000694096">
        <ele>426.4</ele>
      </trkpt>
      <trkpt lat="39.873014967888594" lon="-8.125826474279165">
        <ele>430.3</ele>
      </trkpt>
      <trkpt lat="39.872982781380415" lon="-8.125891936942935">
        <ele>430.9</ele>
      </trkpt>
      <trkpt lat="39.87291740253568" lon="-8.126033591106534">
        <ele>432.7</ele>
      </trkpt>
      <trkpt lat="39.872819082811475" lon="-8.126224614679813">
        <ele>435.3</ele>
      </trkpt>
      <trkpt lat="39.87269905395806" lon="-8.126391414552927">
        <ele>437.3</ele>
      </trkpt>
      <trkpt lat="39.87258170731366" lon="-8.12653910368681">
        <ele>439.5</ele>
      </trkpt>
      <trkpt lat="39.87252219580114" lon="-8.126638177782297">
        <ele>440.3</ele>
      </trkpt>
      <trkpt lat="39.87249822355807" lon="-8.126803133636713">
        <ele>440.4</ele>
      </trkpt>
      <trkpt lat="39.87251213751733" lon="-8.127066744491458">
        <ele>440.8</ele>
      </trkpt>
      <trkpt lat="39.87249746918678" lon="-8.127124747261405">
        <ele>441.1</ele>
      </trkpt>
      <trkpt lat="39.872434521093965" lon="-8.127315770834684">
        <ele>441.5</ele>
      </trkpt>
      <trkpt lat="39.87236210145056" lon="-8.127427250146866">
        <ele>442.4</ele>
      </trkpt>
      <trkpt lat="39.8722564894706" lon="-8.127590110525489">
        <ele>442.6</ele>
      </trkpt>
      <trkpt lat="39.87200662493706" lon="-8.127931924536824">
        <ele>441.7</ele>
      </trkpt>
      <trkpt lat="39.87181526608765" lon="-8.128157146275043">
        <ele>440.8</ele>
      </trkpt>
      <trkpt lat="39.871777882799506" lon="-8.128197882324457">
        <ele>440.5</ele>
      </trkpt>
      <trkpt lat="39.87164653837681" lon="-8.128371303901076">
        <ele>439.3</ele>
      </trkpt>
      <trkpt lat="39.87161091528833" lon="-8.128411201760173">
        <ele>439.3</ele>
      </trkpt>
      <trkpt lat="39.87142684869468" lon="-8.128618905320764">
        <ele>437.8</ele>
      </trkpt>
      <trkpt lat="39.87123087979853" lon="-8.128692330792546">
        <ele>437</ele>
      </trkpt>
      <trkpt lat="39.87089820206165" lon="-8.128415392711759">
        <ele>437</ele>
      </trkpt>
      <trkpt lat="39.87086031585932" lon="-8.128352696076035">
        <ele>437.4</ele>
      </trkpt>
      <trkpt lat="39.87063308246434" lon="-8.127981796860695">
        <ele>441.8</ele>
      </trkpt>
      <trkpt lat="39.87024164758623" lon="-8.128110710531473">
        <ele>448.2</ele>
      </trkpt>
      <trkpt lat="39.870271403342485" lon="-8.128480268642306">
        <ele>446.3</ele>
      </trkpt>
      <trkpt lat="39.87036536447704" lon="-8.128815209493041">
        <ele>443.2</ele>
      </trkpt>
      <trkpt lat="39.87070709466934" lon="-8.129461454227567">
        <ele>439.8</ele>
      </trkpt>
      <trkpt lat="39.87082276493311" lon="-8.129828330129385">
        <ele>438.5</ele>
      </trkpt>
      <trkpt lat="39.870596369728446" lon="-8.130477843806148">
        <ele>443.5</ele>
      </trkpt>
      <trkpt lat="39.8705314937979" lon="-8.13052587211132">
        <ele>443.8</ele>
      </trkpt>
      <trkpt lat="39.87033795565367" lon="-8.13064699061215">
        <ele>443.6</ele>
      </trkpt>
      <trkpt lat="39.87020091153681" lon="-8.13069200143218">
        <ele>442.3</ele>
      </trkpt>
      <trkpt lat="39.869992872700095" lon="-8.130722595378757">
        <ele>441.2</ele>
      </trkpt>
      <trkpt lat="39.86947352997959" lon="-8.130710273981094">
        <ele>447</ele>
      </trkpt>
      <trkpt lat="39.86934729851782" lon="-8.13074329867959">
        <ele>449.6</ele>
      </trkpt>
      <trkpt lat="39.869176810607314" lon="-8.130957204848528">
        <ele>455.5</ele>
      </trkpt>
      <trkpt lat="39.869224671274424" lon="-8.131297677755356">
        <ele>451.6</ele>
      </trkpt>
      <trkpt lat="39.86925040371716" lon="-8.13136582262814">
        <ele>449.5</ele>
      </trkpt>
      <trkpt lat="39.86932475119829" lon="-8.131563635542989">
        <ele>444.1</ele>
      </trkpt>
      <trkpt lat="39.86934310756624" lon="-8.131630271673203">
        <ele>443.2</ele>
      </trkpt>
      <trkpt lat="39.86935509368777" lon="-8.131903856992722">
        <ele>442.1</ele>
      </trkpt>
      <trkpt lat="39.86923179589212" lon="-8.132119439542294">
        <ele>445</ele>
      </trkpt>
      <trkpt lat="39.8691498208791" lon="-8.132193116471171">
        <ele>446.3</ele>
      </trkpt>
      <trkpt lat="39.869014201685786" lon="-8.132293866947293">
        <ele>448.1</ele>
      </trkpt>
      <trkpt lat="39.868829464539886" lon="-8.132435353472829">
        <ele>450.7</ele>
      </trkpt>
      <trkpt lat="39.86864112317562" lon="-8.132562590762973">
        <ele>452.5</ele>
      </trkpt>
      <trkpt lat="39.8684832919389" lon="-8.132617073133588">
        <ele>452.6</ele>
      </trkpt>
      <trkpt lat="39.86843191087246" lon="-8.132624616846442">
        <ele>452.7</ele>
      </trkpt>
      <trkpt lat="39.86837910488248" lon="-8.132626041769981">
        <ele>452.5</ele>
      </trkpt>
      <trkpt lat="39.86792002804577" lon="-8.132596956565976">
        <ele>449.2</ele>
      </trkpt>
      <trkpt lat="39.867611825466156" lon="-8.132565524429083">
        <ele>447.2</ele>
      </trkpt>
      <trkpt lat="39.867533622309566" lon="-8.132540378719568">
        <ele>446.8</ele>
      </trkpt>
      <trkpt lat="39.86739272251725" lon="-8.132434682920575">
        <ele>446.6</ele>
      </trkpt>
      <trkpt lat="39.867279985919595" lon="-8.132276432588696">
        <ele>446.9</ele>
      </trkpt>
      <trkpt lat="39.86715995706618" lon="-8.131977701559663">
        <ele>447</ele>
      </trkpt>
      <trkpt lat="39.86712399870157" lon="-8.131871838122606">
        <ele>447</ele>
      </trkpt>
      <trkpt lat="39.86707982607186" lon="-8.131767651066184">
        <ele>446.8</ele>
      </trkpt>
      <trkpt lat="39.866694677621126" lon="-8.131461627781391">
        <ele>446.7</ele>
      </trkpt>
      <trkpt lat="39.86661219969392" lon="-8.131436062976718">
        <ele>446.7</ele>
      </trkpt>
      <trkpt lat="39.8665355052799" lon="-8.13140194863081">
        <ele>446.8</ele>
      </trkpt>
      <trkpt lat="39.86611389555037" lon="-8.1310276966542">
        <ele>452.2</ele>
      </trkpt>
      <trkpt lat="39.86578113399446" lon="-8.130976650863886">
        <ele>454.8</ele>
      </trkpt>
      <trkpt lat="39.865591283887625" lon="-8.131121741607785">
        <ele>454.8</ele>
      </trkpt>
      <trkpt lat="39.865532107651234" lon="-8.131181504577398">
        <ele>455</ele>
      </trkpt>
      <trkpt lat="39.86547871492803" lon="-8.131250655278563">
        <ele>455.2</ele>
      </trkpt>
      <trkpt lat="39.86531686037779" lon="-8.131694896146655">
        <ele>453.4</ele>
      </trkpt>
      <trkpt lat="39.86525642685592" lon="-8.131864042952657">
        <ele>453.1</ele>
      </trkpt>
      <trkpt lat="39.86490061506629" lon="-8.132160594686866">
        <ele>450.9</ele>
      </trkpt>
      <trkpt lat="39.86468863673508" lon="-8.132244497537613">
        <ele>450.8</ele>
      </trkpt>
      <trkpt lat="39.86463029868901" lon="-8.132302416488528">
        <ele>451.7</ele>
      </trkpt>
      <trkpt lat="39.864440532401204" lon="-8.132971124723554">
        <ele>453.8</ele>
      </trkpt>
      <trkpt lat="39.86458855681121" lon="-8.133269352838397">
        <ele>452.4</ele>
      </trkpt>
      <trkpt lat="39.864676063880324" lon="-8.133970918133855">
        <ele>454.6</ele>
      </trkpt>
      <trkpt lat="39.86445805057883" lon="-8.134437538683414">
        <ele>451.8</ele>
      </trkpt>
      <trkpt lat="39.86428705975413" lon="-8.134504174813628">
        <ele>452.6</ele>
      </trkpt>
      <trkpt lat="39.864126881584525" lon="-8.134590089321136">
        <ele>453.1</ele>
      </trkpt>
      <trkpt lat="39.8639349360019" lon="-8.134794775396585">
        <ele>452.5</ele>
      </trkpt>
      <trkpt lat="39.863744750618935" lon="-8.13513658940792">
        <ele>452.5</ele>
      </trkpt>
      <trkpt lat="39.86322951503098" lon="-8.135444289073348">
        <ele>451.9</ele>
      </trkpt>
      <trkpt lat="39.863159861415625" lon="-8.135446971282363">
        <ele>451.8</ele>
      </trkpt>
      <trkpt lat="39.86295475624502" lon="-8.135419227182865">
        <ele>451.3</ele>
      </trkpt>
      <trkpt lat="39.862473718822" lon="-8.13509652391076">
        <ele>448.1</ele>
      </trkpt>
      <trkpt lat="39.861996034160256" lon="-8.134712297469378">
        <ele>448</ele>
      </trkpt>
      <trkpt lat="39.86174298450351" lon="-8.134515071287751">
        <ele>446.7</ele>
      </trkpt>
      <trkpt lat="39.861484318971634" lon="-8.134318515658379">
        <ele>446.1</ele>
      </trkpt>
      <trkpt lat="39.86122950911522" lon="-8.134109219536185">
        <ele>444.8</ele>
      </trkpt>
      <trkpt lat="39.86107620410621" lon="-8.133940994739532">
        <ele>444.2</ele>
      </trkpt>
      <trkpt lat="39.860788118094206" lon="-8.13337161205709">
        <ele>442.1</ele>
      </trkpt>
      <trkpt lat="39.86052216030657" lon="-8.13289761543274">
        <ele>438.2</ele>
      </trkpt>
      <trkpt lat="39.860381009057164" lon="-8.13268018886447">
        <ele>438.7</ele>
      </trkpt>
      <trkpt lat="39.86019937321544" lon="-8.132552951574326">
        <ele>440.6</ele>
      </trkpt>
      <trkpt lat="39.85989594832063" lon="-8.132737018167973">
        <ele>441.8</ele>
      </trkpt>
      <trkpt lat="39.85983585007489" lon="-8.132806168869138">
        <ele>441.8</ele>
      </trkpt>
      <trkpt lat="39.85956000164151" lon="-8.132954947650433">
        <ele>443.9</ele>
      </trkpt>
      <trkpt lat="39.85934257507324" lon="-8.1329635810107">
        <ele>444.8</ele>
      </trkpt>
      <trkpt lat="39.859266467392445" lon="-8.132957546040416">
        <ele>444.6</ele>
      </trkpt>
      <trkpt lat="39.859039233997464" lon="-8.132924269884825">
        <ele>444.2</ele>
      </trkpt>
      <trkpt lat="39.85896438360214" lon="-8.132918234914541">
        <ele>444.1</ele>
      </trkpt>
      <trkpt lat="39.85867512412369" lon="-8.132880935445428">
        <ele>444.5</ele>
      </trkpt>
      <trkpt lat="39.8585382476449" lon="-8.13287959434092">
        <ele>444.7</ele>
      </trkpt>
      <trkpt lat="39.858474461361766" lon="-8.132874146103859">
        <ele>444.8</ele>
      </trkpt>
      <trkpt lat="39.858345882967114" lon="-8.132862579077482">
        <ele>445</ele>
      </trkpt>
      <trkpt lat="39.85815988853574" lon="-8.132842127233744">
        <ele>446.1</ele>
      </trkpt>
      <trkpt lat="39.857993088662624" lon="-8.13282041810453">
        <ele>448</ele>
      </trkpt>
      <trkpt lat="39.85774414613843" lon="-8.132795607671142">
        <ele>451.1</ele>
      </trkpt>
      <trkpt lat="39.857617411762476" lon="-8.132800050079823">
        <ele>452.4</ele>
      </trkpt>
      <trkpt lat="39.85748355276883" lon="-8.132824022322893">
        <ele>452.6</ele>
      </trkpt>
      <trkpt lat="39.85686496831477" lon="-8.13295729458332">
        <ele>449.9</ele>
      </trkpt>
      <trkpt lat="39.85649767331779" lon="-8.13303834758699">
        <ele>446.8</ele>
      </trkpt>
      <trkpt lat="39.85620489344001" lon="-8.133097188547254">
        <ele>443.4</ele>
      </trkpt>
      <trkpt lat="39.85600062645972" lon="-8.133139936253428">
        <ele>441.4</ele>
      </trkpt>
      <trkpt lat="39.85578923486173" lon="-8.133197771385312">
        <ele>439.6</ele>
      </trkpt>
      <trkpt lat="39.85557449050248" lon="-8.133251834660769">
        <ele>438.2</ele>
      </trkpt>
      <trkpt lat="39.85537005588412" lon="-8.133309921249747">
        <ele>437.1</ele>
      </trkpt>
      <trkpt lat="39.85517333261669" lon="-8.133371360599995">
        <ele>436.5</ele>
      </trkpt>
      <trkpt lat="39.8549862485379" lon="-8.133440595120192">
        <ele>436.1</ele>
      </trkpt>
      <trkpt lat="39.85481282696128" lon="-8.133539417758584">
        <ele>435.9</ele>
      </trkpt>
      <trkpt lat="39.85456480644643" lon="-8.133689621463418">
        <ele>435.6</ele>
      </trkpt>
      <trkpt lat="39.85431309789419" lon="-8.133833538740873">
        <ele>438.8</ele>
      </trkpt>
      <trkpt lat="39.85408175736666" lon="-8.134154817089438">
        <ele>442.9</ele>
      </trkpt>
      <trkpt lat="39.853907749056816" lon="-8.134744316339493">
        <ele>443.1</ele>
      </trkpt>
      <trkpt lat="39.85369744710624" lon="-8.135076239705086">
        <ele>443</ele>
      </trkpt>
      <trkpt lat="39.85332202166319" lon="-8.135589379817247">
        <ele>441.8</ele>
      </trkpt>
      <trkpt lat="39.853001832962036" lon="-8.136076368391514">
        <ele>438.9</ele>
      </trkpt>
      <trkpt lat="39.85285154543817" lon="-8.136257585138083">
        <ele>438.9</ele>
      </trkpt>
      <trkpt lat="39.85276009887457" lon="-8.136324221268296">
        <ele>439.1</ele>
      </trkpt>
      <trkpt lat="39.8524633795023" lon="-8.136435700580478">
        <ele>440.5</ele>
      </trkpt>
      <trkpt lat="39.852363131940365" lon="-8.13645246438682">
        <ele>439.9</ele>
      </trkpt>
      <trkpt lat="39.852166743949056" lon="-8.136480962857604">
        <ele>438.6</ele>
      </trkpt>
      <trkpt lat="39.85178243368864" lon="-8.136573163792491">
        <ele>437.3</ele>
      </trkpt>
      <trkpt lat="39.85138177871704" lon="-8.136744908988476">
        <ele>435.2</ele>
      </trkpt>
      <trkpt lat="39.85091540962458" lon="-8.137168111279607">
        <ele>431</ele>
      </trkpt>
      <trkpt lat="39.850698402151465" lon="-8.137242458760738">
        <ele>431.3</ele>
      </trkpt>
      <trkpt lat="39.85046639107168" lon="-8.137216223403811">
        <ele>431.4</ele>
      </trkpt>
      <trkpt lat="39.850349463522434" lon="-8.137182695791125">
        <ele>430.5</ele>
      </trkpt>
      <trkpt lat="39.85023111104965" lon="-8.137145563960075">
        <ele>429.2</ele>
      </trkpt>
      <trkpt lat="39.85010948963463" lon="-8.137117736041546">
        <ele>427.3</ele>
      </trkpt>
      <trkpt lat="39.849984431639314" lon="-8.137110779061913">
        <ele>425.8</ele>
      </trkpt>
      <trkpt lat="39.84973473474383" lon="-8.137135757133365">
        <ele>424.2</ele>
      </trkpt>
      <trkpt lat="39.84948721714318" lon="-8.137170961126685">
        <ele>423.8</ele>
      </trkpt>
      <trkpt lat="39.84925244003534" lon="-8.137205494567752">
        <ele>422.9</ele>
      </trkpt>
      <trkpt lat="39.84902554191649" lon="-8.137239441275597">
        <ele>421.3</ele>
      </trkpt>
      <trkpt lat="39.84879897907376" lon="-8.137268777936697">
        <ele>419.1</ele>
      </trkpt>
      <trkpt lat="39.84857643954456" lon="-8.137301467359066">
        <ele>418.3</ele>
      </trkpt>
      <trkpt lat="39.84835700131953" lon="-8.13732661306858">
        <ele>417.5</ele>
      </trkpt>
      <trkpt lat="39.84779725782573" lon="-8.137397188693285">
        <ele>416.2</ele>
      </trkpt>
      <trkpt lat="39.84757580794394" lon="-8.137419065460563">
        <ele>414.6</ele>
      </trkpt>
      <trkpt lat="39.8473568726331" lon="-8.137434823438525">
        <ele>413.5</ele>
      </trkpt>
      <trkpt lat="39.847135338932276" lon="-8.137422418221831">
        <ele>412.2</ele>
      </trkpt>
      <trkpt lat="39.84702754765749" lon="-8.137399200350046">
        <ele>411.2</ele>
      </trkpt>
      <trkpt lat="39.846826465800405" lon="-8.137291073799133">
        <ele>408.1</ele>
      </trkpt>
      <trkpt lat="39.84641055576503" lon="-8.137047411873937">
        <ele>404.3</ele>
      </trkpt>
      <trkpt lat="39.846092630177736" lon="-8.13686041161418">
        <ele>402.6</ele>
      </trkpt>
      <trkpt lat="39.84587822109461" lon="-8.136736024171114">
        <ele>401.3</ele>
      </trkpt>
      <trkpt lat="39.845662051811814" lon="-8.136611385270953">
        <ele>400.1</ele>
      </trkpt>
      <trkpt lat="39.84543900936842" lon="-8.136508790776134">
        <ele>398.3</ele>
      </trkpt>
      <trkpt lat="39.84521680511534" lon="-8.136451290920377">
        <ele>397.3</ele>
      </trkpt>
      <trkpt lat="39.84470752067864" lon="-8.136322880163789">
        <ele>397.6</ele>
      </trkpt>
      <trkpt lat="39.84434802085161" lon="-8.13624182716012">
        <ele>401.6</ele>
      </trkpt>
      <trkpt lat="39.84398768283427" lon="-8.136156583204865">
        <ele>408.2</ele>
      </trkpt>
      <trkpt lat="39.84373521991074" lon="-8.136104196310043">
        <ele>410.3</ele>
      </trkpt>
      <trkpt lat="39.843618124723434" lon="-8.136089108884335">
        <ele>410.2</ele>
      </trkpt>
      <trkpt lat="39.84356406144798" lon="-8.136076536029577">
        <ele>409.9</ele>
      </trkpt>
      <trkpt lat="39.843511674553156" lon="-8.136067315936089">
        <ele>409.6</ele>
      </trkpt>
      <trkpt lat="39.84340715222061" lon="-8.1360649690032">
        <ele>409.2</ele>
      </trkpt>
      <trkpt lat="39.84330338425934" lon="-8.136061197146773">
        <ele>409.1</ele>
      </trkpt>
      <trkpt lat="39.843201376497746" lon="-8.13605859875679">
        <ele>409.1</ele>
      </trkpt>
      <trkpt lat="39.84304949641228" lon="-8.13605667091906">
        <ele>410.7</ele>
      </trkpt>
      <trkpt lat="39.84286786057055" lon="-8.136043092235923">
        <ele>413.3</ele>
      </trkpt>
      <trkpt lat="39.842669712379575" lon="-8.135969331488013">
        <ele>417.3</ele>
      </trkpt>
      <trkpt lat="39.84263274818659" lon="-8.135948879644275">
        <ele>418</ele>
      </trkpt>
      <trkpt lat="39.84252722002566" lon="-8.135873526334763">
        <ele>419.5</ele>
      </trkpt>
      <trkpt lat="39.84241783618927" lon="-8.13578987494111">
        <ele>420.5</ele>
      </trkpt>
      <trkpt lat="39.84234457835555" lon="-8.13574436120689">
        <ele>420.9</ele>
      </trkpt>
      <trkpt lat="39.842241229489446" lon="-8.13569306395948">
        <ele>421.3</ele>
      </trkpt>
      <trkpt lat="39.842113237828016" lon="-8.135579070076346">
        <ele>421.6</ele>
      </trkpt>
      <trkpt lat="39.84200410544872" lon="-8.135391734540462">
        <ele>421.8</ele>
      </trkpt>
      <trkpt lat="39.84197594225407" lon="-8.135332725942135">
        <ele>421.8</ele>
      </trkpt>
      <trkpt lat="39.84191542491317" lon="-8.13515947200358">
        <ele>422</ele>
      </trkpt>
      <trkpt lat="39.84187460504472" lon="-8.134910697117448">
        <ele>423.3</ele>
      </trkpt>
      <trkpt lat="39.841844011098146" lon="-8.134601907804608">
        <ele>424.9</ele>
      </trkpt>
      <trkpt lat="39.84183403663337" lon="-8.134360006079078">
        <ele>425.8</ele>
      </trkpt>
      <trkpt lat="39.841812159866095" lon="-8.13402104191482">
        <ele>426.7</ele>
      </trkpt>
      <trkpt lat="39.84180914238095" lon="-8.13396479934454">
        <ele>426.9</ele>
      </trkpt>
      <trkpt lat="39.84179933555424" lon="-8.133685011416674">
        <ele>428.1</ele>
      </trkpt>
      <trkpt lat="39.841791624203324" lon="-8.133570346981287">
        <ele>428.6</ele>
      </trkpt>
      <trkpt lat="39.84172582626343" lon="-8.133348561823368">
        <ele>429.2</ele>
      </trkpt>
      <trkpt lat="39.84135853126645" lon="-8.13275353051722">
        <ele>425</ele>
      </trkpt>
      <trkpt lat="39.84115996398032" lon="-8.132461924105883">
        <ele>423.5</ele>
      </trkpt>
      <trkpt lat="39.84110598452389" lon="-8.132390510290861">
        <ele>423.7</ele>
      </trkpt>
      <trkpt lat="39.8406892362982" lon="-8.132174424827099">
        <ele>423.5</ele>
      </trkpt>
      <trkpt lat="39.8404077719897" lon="-8.132130419835448">
        <ele>422.7</ele>
      </trkpt>
      <trkpt lat="39.84025647863746" lon="-8.131911819800735">
        <ele>423.3</ele>
      </trkpt>
      <trkpt lat="39.84020140953362" lon="-8.131838059052825">
        <ele>423.6</ele>
      </trkpt>
      <trkpt lat="39.83991986140609" lon="-8.13159498386085">
        <ele>424.1</ele>
      </trkpt>
      <trkpt lat="39.839630518108606" lon="-8.131375294178724">
        <ele>422.5</ele>
      </trkpt>
      <trkpt lat="39.83939574100077" lon="-8.131073042750359">
        <ele>421.5</ele>
      </trkpt>
      <trkpt lat="39.839008916169405" lon="-8.130515730008483">
        <ele>420.8</ele>
      </trkpt>
      <trkpt lat="39.838580349460244" lon="-8.12993654049933">
        <ele>419.7</ele>
      </trkpt>
      <trkpt lat="39.83839586377144" lon="-8.129683155566454">
        <ele>419.6</ele>
      </trkpt>
      <trkpt lat="39.8382147308439" lon="-8.129427339881659">
        <ele>419.2</ele>
      </trkpt>
      <trkpt lat="39.83800074085593" lon="-8.129189042374492">
        <ele>416.9</ele>
      </trkpt>
      <trkpt lat="39.837722294032574" lon="-8.129028026014566">
        <ele>412.3</ele>
      </trkpt>
      <trkpt lat="39.837220050394535" lon="-8.128766091540456">
        <ele>409.5</ele>
      </trkpt>
      <trkpt lat="39.83701561577618" lon="-8.128664335235953">
        <ele>409</ele>
      </trkpt>
      <trkpt lat="39.8368055652827" lon="-8.128574397414923">
        <ele>408.6</ele>
      </trkpt>
      <trkpt lat="39.836696684360504" lon="-8.128543635830283">
        <ele>408.6</ele>
      </trkpt>
      <trkpt lat="39.83647330664098" lon="-8.128515221178532">
        <ele>409.1</ele>
      </trkpt>
      <trkpt lat="39.83624699525535" lon="-8.128505162894726">
        <ele>410.4</ele>
      </trkpt>
      <trkpt lat="39.836022444069386" lon="-8.128502983599901">
        <ele>413</ele>
      </trkpt>
      <trkpt lat="39.83557661063969" lon="-8.128483034670353">
        <ele>414.4</ele>
      </trkpt>
      <trkpt lat="39.83546890318394" lon="-8.128464426845312">
        <ele>412.6</ele>
      </trkpt>
      <trkpt lat="39.835366224870086" lon="-8.128424445167184">
        <ele>410.9</ele>
      </trkpt>
      <trkpt lat="39.835094567388296" lon="-8.12821757979691">
        <ele>406.3</ele>
      </trkpt>
      <trkpt lat="39.834587797522545" lon="-8.127814158797264">
        <ele>405.3</ele>
      </trkpt>
      <trkpt lat="39.83405638486147" lon="-8.127395147457719">
        <ele>404.1</ele>
      </trkpt>
      <trkpt lat="39.83377483673394" lon="-8.127159029245377">
        <ele>402.8</ele>
      </trkpt>
      <trkpt lat="39.83329312875867" lon="-8.126756781712174">
        <ele>399.9</ele>
      </trkpt>
      <trkpt lat="39.83318768441677" lon="-8.12669693492353">
        <ele>398.9</ele>
      </trkpt>
      <trkpt lat="39.832957182079554" lon="-8.126667933538556">
        <ele>397.8</ele>
      </trkpt>
      <trkpt lat="39.83272827230394" lon="-8.126742281019688">
        <ele>397.4</ele>
      </trkpt>
      <trkpt lat="39.83261855319142" lon="-8.126804055646062">
        <ele>397.3</ele>
      </trkpt>
      <trkpt lat="39.83250841498375" lon="-8.126864992082119">
        <ele>397.5</ele>
      </trkpt>
      <trkpt lat="39.8322899825871" lon="-8.126988038420677">
        <ele>398</ele>
      </trkpt>
      <trkpt lat="39.83207255601883" lon="-8.127100942656398">
        <ele>397.9</ele>
      </trkpt>
      <trkpt lat="39.83195973560214" lon="-8.127138325944543">
        <ele>397.7</ele>
      </trkpt>
      <trkpt lat="39.83184456825256" lon="-8.127156095579267">
        <ele>396.6</ele>
      </trkpt>
      <trkpt lat="39.83172797597945" lon="-8.127152072265744">
        <ele>395.1</ele>
      </trkpt>
      <trkpt lat="39.83149495907128" lon="-8.127124747261405">
        <ele>391.3</ele>
      </trkpt>
      <trkpt lat="39.83137937262654" lon="-8.127137403935194">
        <ele>389.4</ele>
      </trkpt>
      <trkpt lat="39.83105901628733" lon="-8.127329852432013">
        <ele>385.5</ele>
      </trkpt>
      <trkpt lat="39.830966563895345" lon="-8.127426160499454">
        <ele>385</ele>
      </trkpt>
      <trkpt lat="39.83087008818984" lon="-8.127515679225326">
        <ele>384.6</ele>
      </trkpt>
      <trkpt lat="39.830658780410886" lon="-8.127641323953867">
        <ele>384</ele>
      </trkpt>
      <trkpt lat="39.830435905605555" lon="-8.127686670050025">
        <ele>382.7</ele>
      </trkpt>
      <trkpt lat="39.830323504284024" lon="-8.127696141600609">
        <ele>382.3</ele>
      </trkpt>
      <trkpt lat="39.83009769581258" lon="-8.127710809931159">
        <ele>382</ele>
      </trkpt>
      <trkpt lat="39.829984959214926" lon="-8.12771768309176">
        <ele>382.1</ele>
      </trkpt>
      <trkpt lat="39.829657562077045" lon="-8.127731680870056">
        <ele>383.3</ele>
      </trkpt>
      <trkpt lat="39.82905230484903" lon="-8.127752551808953">
        <ele>389.4</ele>
      </trkpt>
      <trkpt lat="39.82850614003837" lon="-8.12778951600194">
        <ele>392.5</ele>
      </trkpt>
      <trkpt lat="39.82787682674825" lon="-8.127801166847348">
        <ele>387.5</ele>
      </trkpt>
      <trkpt lat="39.827270563691854" lon="-8.127824133262038">
        <ele>385.3</ele>
      </trkpt>
      <trkpt lat="39.82688776217401" lon="-8.127772500738502">
        <ele>379.8</ele>
      </trkpt>
      <trkpt lat="39.8268018476665" lon="-8.127731177955866">
        <ele>378.5</ele>
      </trkpt>
      <trkpt lat="39.826717944815755" lon="-8.127680970355868">
        <ele>377.9</ele>
      </trkpt>
      <trkpt lat="39.82656916603446" lon="-8.127544429153204">
        <ele>377.4</ele>
      </trkpt>
      <trkpt lat="39.82649691402912" lon="-8.127463376149535">
        <ele>377.5</ele>
      </trkpt>
      <trkpt lat="39.826050493866205" lon="-8.126894915476441">
        <ele>379</ele>
      </trkpt>
      <trkpt lat="39.8256672732532" lon="-8.126388229429722">
        <ele>378</ele>
      </trkpt>
      <trkpt lat="39.825196880847216" lon="-8.125947173684835">
        <ele>376.4</ele>
      </trkpt>
      <trkpt lat="39.82467267662287" lon="-8.12553595751524">
        <ele>373.3</ele>
      </trkpt>
      <trkpt lat="39.824134139344096" lon="-8.125114850699902">
        <ele>372.6</ele>
      </trkpt>
      <trkpt lat="39.82395149767399" lon="-8.12496623955667">
        <ele>371.7</ele>
      </trkpt>
      <trkpt lat="39.82367254793644" lon="-8.124748561531305">
        <ele>371.4</ele>
      </trkpt>
      <trkpt lat="39.82330307364464" lon="-8.124455278739333">
        <ele>369.8</ele>
      </trkpt>
      <trkpt lat="39.82295078225434" lon="-8.124158224090934">
        <ele>368</ele>
      </trkpt>
      <trkpt lat="39.8227196931839" lon="-8.123439978808165">
        <ele>367.9</ele>
      </trkpt>
      <trkpt lat="39.82273209840059" lon="-8.123178044334054">
        <ele>366.7</ele>
      </trkpt>
      <trkpt lat="39.82274953275919" lon="-8.12291644513607">
        <ele>365.5</ele>
      </trkpt>
      <trkpt lat="39.822810804471374" lon="-8.122125528752804">
        <ele>364.7</ele>
      </trkpt>
      <trkpt lat="39.82286520302296" lon="-8.121321955695748">
        <ele>363.3</ele>
      </trkpt>
      <trkpt lat="39.82286444865167" lon="-8.12105180695653">
        <ele>363.1</ele>
      </trkpt>
      <trkpt lat="39.822819689288735" lon="-8.120785094797611">
        <ele>362.6</ele>
      </trkpt>
      <trkpt lat="39.82262162491679" lon="-8.12014932744205">
        <ele>362.2</ele>
      </trkpt>
      <trkpt lat="39.82249396853149" lon="-8.11963576823473">
        <ele>362.7</ele>
      </trkpt>
      <trkpt lat="39.82248944230378" lon="-8.119377437978983">
        <ele>363.3</ele>
      </trkpt>
      <trkpt lat="39.82251517474651" lon="-8.119116425514221">
        <ele>364.6</ele>
      </trkpt>
      <trkpt lat="39.822570914402604" lon="-8.118584007024765">
        <ele>367.2</ele>
      </trkpt>
      <trkpt lat="39.822656409814954" lon="-8.117774398997426">
        <ele>366.3</ele>
      </trkpt>
      <trkpt lat="39.82272279448807" lon="-8.117094961926341">
        <ele>364</ele>
      </trkpt>
      <trkpt lat="39.82271776534617" lon="-8.116269344463944">
        <ele>360.1</ele>
      </trkpt>
      <trkpt lat="39.8226956371218" lon="-8.115460658445954">
        <ele>362.2</ele>
      </trkpt>
      <trkpt lat="39.82268356718123" lon="-8.11507048085332">
        <ele>362.9</ele>
      </trkpt>
      <trkpt lat="39.82267200015485" lon="-8.114330107346177">
        <ele>357.6</ele>
      </trkpt>
      <trkpt lat="39.822646183893085" lon="-8.113519912585616">
        <ele>356.6</ele>
      </trkpt>
      <trkpt lat="39.82261533848941" lon="-8.112714914605021">
        <ele>357.8</ele>
      </trkpt>
      <trkpt lat="39.822596395388246" lon="-8.112474773079157">
        <ele>358.7</ele>
      </trkpt>
      <trkpt lat="39.82231467962265" lon="-8.11180992051959">
        <ele>358.5</ele>
      </trkpt>
      <trkpt lat="39.82217646203935" lon="-8.11160707846284">
        <ele>357.2</ele>
      </trkpt>
      <trkpt lat="39.82203707098961" lon="-8.11139652505517">
        <ele>355.8</ele>
      </trkpt>
      <trkpt lat="39.821896674111485" lon="-8.111180774867535">
        <ele>354.6</ele>
      </trkpt>
      <trkpt lat="39.8217508289963" lon="-8.110962761566043">
        <ele>352.5</ele>
      </trkpt>
      <trkpt lat="39.82160305604339" lon="-8.110747681930661">
        <ele>350.4</ele>
      </trkpt>
      <trkpt lat="39.821383114904165" lon="-8.110412154346704">
        <ele>348</ele>
      </trkpt>
      <trkpt lat="39.82123374938965" lon="-8.110187100246549">
        <ele>348</ele>
      </trkpt>
      <trkpt lat="39.821083126589656" lon="-8.109960788860917">
        <ele>347.8</ele>
      </trkpt>
      <trkpt lat="39.82100727036595" lon="-8.10984704643488">
        <ele>347.6</ele>
      </trkpt>
      <trkpt lat="39.820778109133244" lon="-8.109509171918035">
        <ele>344.6</ele>
      </trkpt>
      <trkpt lat="39.82063176110387" lon="-8.10929057188332">
        <ele>342.8</ele>
      </trkpt>
      <trkpt lat="39.82041039504111" lon="-8.108989242464304">
        <ele>340.9</ele>
      </trkpt>
      <trkpt lat="39.82010420411825" lon="-8.108854880556464">
        <ele>338.3</ele>
      </trkpt>
      <trkpt lat="39.819999849423766" lon="-8.10882143676281">
        <ele>337.5</ele>
      </trkpt>
      <trkpt lat="39.8199047986418" lon="-8.108760081231594">
        <ele>337.1</ele>
      </trkpt>
      <trkpt lat="39.81951059773564" lon="-8.108490016311407">
        <ele>337.3</ele>
      </trkpt>
      <trkpt lat="39.819395430386066" lon="-8.108463948592544">
        <ele>337.4</ele>
      </trkpt>
      <trkpt lat="39.8191587254405" lon="-8.10845598578453">
        <ele>336.8</ele>
      </trkpt>
      <trkpt lat="39.818915482610464" lon="-8.10848481953144">
        <ele>334.8</ele>
      </trkpt>
      <trkpt lat="39.81866804882884" lon="-8.108524968847632">
        <ele>333.9</ele>
      </trkpt>
      <trkpt lat="39.818291533738375" lon="-8.108587749302387">
        <ele>333.8</ele>
      </trkpt>
      <trkpt lat="39.81816479936242" lon="-8.10860501602292">
        <ele>333.2</ele>
      </trkpt>
      <trkpt lat="39.81791317462921" lon="-8.10864164493978">
        <ele>330.1</ele>
      </trkpt>
      <trkpt lat="39.81778543442488" lon="-8.108662767335773">
        <ele>327.7</ele>
      </trkpt>
      <trkpt lat="39.81765752658248" lon="-8.108687326312065">
        <ele>325.2</ele>
      </trkpt>
      <trkpt lat="39.817530205473304" lon="-8.108714064583182">
        <ele>322.9</ele>
      </trkpt>
      <trkpt lat="39.817403219640255" lon="-8.10873887501657">
        <ele>321.5</ele>
      </trkpt>
      <trkpt lat="39.81727539561689" lon="-8.108760248869658">
        <ele>320.8</ele>
      </trkpt>
      <trkpt lat="39.81701849028468" lon="-8.108804505318403">
        <ele>317.9</ele>
      </trkpt>
      <trkpt lat="39.8167566396296" lon="-8.108849851414561">
        <ele>315.4</ele>
      </trkpt>
      <trkpt lat="39.81662412174046" lon="-8.108870638534427">
        <ele>314.5</ele>
      </trkpt>
      <trkpt lat="39.816362941637635" lon="-8.108911206945777">
        <ele>312.8</ele>
      </trkpt>
      <trkpt lat="39.81610435992479" lon="-8.10895387083292">
        <ele>311.2</ele>
      </trkpt>
      <trkpt lat="39.81586178764701" lon="-8.109002318233252">
        <ele>310.2</ele>
      </trkpt>
      <trkpt lat="39.81564830057323" lon="-8.1090706307441">
        <ele>309.7</ele>
      </trkpt>
      <trkpt lat="39.81554972939193" lon="-8.109113210812211">
        <ele>309.4</ele>
      </trkpt>
      <trkpt lat="39.815330961719155" lon="-8.109140284359455">
        <ele>308.5</ele>
      </trkpt>
      <trkpt lat="39.81521193869412" lon="-8.109133243560791">
        <ele>307.7</ele>
      </trkpt>
      <trkpt lat="39.81509165838361" lon="-8.109132321551442">
        <ele>306.5</ele>
      </trkpt>
      <trkpt lat="39.81470977887511" lon="-8.109188061207533">
        <ele>301.5</ele>
      </trkpt>
      <trkpt lat="39.81444231234491" lon="-8.109229300171137">
        <ele>299.4</ele>
      </trkpt>
      <trkpt lat="39.81416730210185" lon="-8.109260983765125">
        <ele>298</ele>
      </trkpt>
      <trkpt lat="39.8140334431082" lon="-8.109260564669967">
        <ele>297.6</ele>
      </trkpt>
      <trkpt lat="39.81390201486647" lon="-8.109240783378482">
        <ele>298</ele>
      </trkpt>
      <trkpt lat="39.813771760091186" lon="-8.109199041500688">
        <ele>298.3</ele>
      </trkpt>
      <trkpt lat="39.81351803988218" lon="-8.109067948535085">
        <ele>296.8</ele>
      </trkpt>
      <trkpt lat="39.81339717283845" lon="-8.108983123674989">
        <ele>294.4</ele>
      </trkpt>
      <trkpt lat="39.813074972480536" lon="-8.108658324927092">
        <ele>290.5</ele>
      </trkpt>
      <trkpt lat="39.81297405436635" lon="-8.108533266931772">
        <ele>290.7</ele>
      </trkpt>
      <trkpt lat="39.81268043629825" lon="-8.10814660973847">
        <ele>290.3</ele>
      </trkpt>
      <trkpt lat="39.812580440193415" lon="-8.108020043000579">
        <ele>290.1</ele>
      </trkpt>
      <trkpt lat="39.81228321790695" lon="-8.10764143243432">
        <ele>289.7</ele>
      </trkpt>
      <trkpt lat="39.81208682991564" lon="-8.10739123262465">
        <ele>289.3</ele>
      </trkpt>
      <trkpt lat="39.81187669560313" lon="-8.107167016714811">
        <ele>287.4</ele>
      </trkpt>
      <trkpt lat="39.81175892986357" lon="-8.107078839093447">
        <ele>285.4</ele>
      </trkpt>
      <trkpt lat="39.81163378804922" lon="-8.107009353116155">
        <ele>283.1</ele>
      </trkpt>
      <trkpt lat="39.81137118302286" lon="-8.106932993978262">
        <ele>277.8</ele>
      </trkpt>
      <trkpt lat="39.81110438704491" lon="-8.106942800804973">
        <ele>276.1</ele>
      </trkpt>
      <trkpt lat="39.81074782088399" lon="-8.107107253745198">
        <ele>275.3</ele>
      </trkpt>
      <trkpt lat="39.81065444648266" lon="-8.107193084433675">
        <ele>274.8</ele>
      </trkpt>
      <trkpt lat="39.81057431548834" lon="-8.107286542654037">
        <ele>274.6</ele>
      </trkpt>
      <trkpt lat="39.81043660081923" lon="-8.107488714158535">
        <ele>273.9</ele>
      </trkpt>
      <trkpt lat="39.81036149896681" lon="-8.10758426785469">
        <ele>273.7</ele>
      </trkpt>
      <trkpt lat="39.810289749875665" lon="-8.107684180140495">
        <ele>273.7</ele>
      </trkpt>
      <trkpt lat="39.81000945903361" lon="-8.10811341740191">
        <ele>272.8</ele>
      </trkpt>
      <trkpt lat="39.80992396362126" lon="-8.108206959441304">
        <ele>272.6</ele>
      </trkpt>
      <trkpt lat="39.80963084846735" lon="-8.108419356867671">
        <ele>271.4</ele>
      </trkpt>
      <trkpt lat="39.809525487944484" lon="-8.108470402657986">
        <ele>271.1</ele>
      </trkpt>
      <trkpt lat="39.80941836722195" lon="-8.108512563630939">
        <ele>270.9</ele>
      </trkpt>
      <trkpt lat="39.80919389985502" lon="-8.108553886413574">
        <ele>269.8</ele>
      </trkpt>
      <trkpt lat="39.80896197259426" lon="-8.10853804461658">
        <ele>267.2</ele>
      </trkpt>
      <trkpt lat="39.808732476085424" lon="-8.108462188392878">
        <ele>265.1</ele>
      </trkpt>
      <trkpt lat="39.80861990712583" lon="-8.108411394059658">
        <ele>264.5</ele>
      </trkpt>
      <trkpt lat="39.80839569121599" lon="-8.108301339671016">
        <ele>263.9</ele>
      </trkpt>
      <trkpt lat="39.808176923543215" lon="-8.108192207291722">
        <ele>262.9</ele>
      </trkpt>
      <trkpt lat="39.80796067044139" lon="-8.108090283349156">
        <ele>261.1</ele>
      </trkpt>
      <trkpt lat="39.8077492788434" lon="-8.107995986938477">
        <ele>258.9</ele>
      </trkpt>
      <trkpt lat="39.8076422419399" lon="-8.10795952565968">
        <ele>257.8</ele>
      </trkpt>
      <trkpt lat="39.807530427351594" lon="-8.107940498739481">
        <ele>256.7</ele>
      </trkpt>
      <trkpt lat="39.807305708527565" lon="-8.107942678034306">
        <ele>254.9</ele>
      </trkpt>
      <trkpt lat="39.807085851207376" lon="-8.108007553964853">
        <ele>253.7</ele>
      </trkpt>
      <trkpt lat="39.806862054392695" lon="-8.108090534806252">
        <ele>252.5</ele>
      </trkpt>
      <trkpt lat="39.806523928418756" lon="-8.108210312202573">
        <ele>248.5</ele>
      </trkpt>
      <trkpt lat="39.80629736557603" lon="-8.108295137062669">
        <ele>248.1</ele>
      </trkpt>
      <trkpt lat="39.806180857121944" lon="-8.10833822004497">
        <ele>248.3</ele>
      </trkpt>
      <trkpt lat="39.80595814995468" lon="-8.108421955257654">
        <ele>249.1</ele>
      </trkpt>
      <trkpt lat="39.80572043918073" lon="-8.108481550589204">
        <ele>248.5</ele>
      </trkpt>
      <trkpt lat="39.80560108087957" lon="-8.108487082645297">
        <ele>247.2</ele>
      </trkpt>
      <trkpt lat="39.80536429211497" lon="-8.108444586396217">
        <ele>244.1</ele>
      </trkpt>
      <trkpt lat="39.80524644255638" lon="-8.108411645516753">
        <ele>242.4</ele>
      </trkpt>
      <trkpt lat="39.80512825772166" lon="-8.108379794284701">
        <ele>242.1</ele>
      </trkpt>
      <trkpt lat="39.80489398352802" lon="-8.10832355171442">
        <ele>241.7</ele>
      </trkpt>
      <trkpt lat="39.80454605072737" lon="-8.108239900320768">
        <ele>240.5</ele>
      </trkpt>
      <trkpt lat="39.80421722866595" lon="-8.108131773769855">
        <ele>239.6</ele>
      </trkpt>
      <trkpt lat="39.804049506783485" lon="-8.107953323051333">
        <ele>239.4</ele>
      </trkpt>
      <trkpt lat="39.80385320261121" lon="-8.107621483504772">
        <ele>238.4</ele>
      </trkpt>
      <trkpt lat="39.80363233946264" lon="-8.107146229594946">
        <ele>237.8</ele>
      </trkpt>
      <trkpt lat="39.80342522263527" lon="-8.106548096984625">
        <ele>237</ele>
      </trkpt>
      <trkpt lat="39.80332992039621" lon="-8.105898750945926">
        <ele>236.9</ele>
      </trkpt>
      <trkpt lat="39.803247610107064" lon="-8.105146139860153">
        <ele>235.9</ele>
      </trkpt>
      <trkpt lat="39.803177285939455" lon="-8.104679938405752">
        <ele>236</ele>
      </trkpt>
      <trkpt lat="39.80290235951543" lon="-8.104364611208439">
        <ele>232.5</ele>
      </trkpt>
      <trkpt lat="39.80282030068338" lon="-8.10429671779275">
        <ele>231.6</ele>
      </trkpt>
      <trkpt lat="39.80272960849106" lon="-8.103828001767397">
        <ele>231.6</ele>
      </trkpt>
      <trkpt lat="39.802729273214936" lon="-8.103460790589452">
        <ele>235.6</ele>
      </trkpt>
      <trkpt lat="39.80265433900058" lon="-8.103254176676273">
        <ele>236.2</ele>
      </trkpt>
      <trkpt lat="39.80262357741594" lon="-8.103156024590135">
        <ele>236.2</ele>
      </trkpt>
      <trkpt lat="39.80268945917487" lon="-8.10275461524725">
        <ele>238.5</ele>
      </trkpt>
      <trkpt lat="39.802978886291385" lon="-8.102198643609881">
        <ele>240.8</ele>
      </trkpt>
      <trkpt lat="39.80335573665798" lon="-8.101615011692047">
        <ele>235.1</ele>
      </trkpt>
      <trkpt lat="39.80367533862591" lon="-8.101028027012944">
        <ele>234.5</ele>
      </trkpt>
      <trkpt lat="39.80379092507064" lon="-8.100674897432327">
        <ele>234.4</ele>
      </trkpt>
      <trkpt lat="39.80384507216513" lon="-8.10042880475521">
        <ele>233.5</ele>
      </trkpt>
      <trkpt lat="39.8038759175688" lon="-8.100306428968906">
        <ele>233</ele>
      </trkpt>
      <trkpt lat="39.803947918117046" lon="-8.10007986612618">
        <ele>232.1</ele>
      </trkpt>
      <trkpt lat="39.80399636551738" lon="-8.099979450926185">
        <ele>231.7</ele>
      </trkpt>
      <trkpt lat="39.804053362458944" lon="-8.099901834502816">
        <ele>231.6</ele>
      </trkpt>
      <trkpt lat="39.804214211180806" lon="-8.099865624681115">
        <ele>231.7</ele>
      </trkpt>
      <trkpt lat="39.804480001330376" lon="-8.099996633827686">
        <ele>232.1</ele>
      </trkpt>
      <trkpt lat="39.80504108592868" lon="-8.100325288251042">
        <ele>232.9</ele>
      </trkpt>
      <trkpt lat="39.805336" lon="-8.099922">
        <ele>237</ele>
      </trkpt>
      <trkpt lat="39.8053" lon="-8.099885">
        <ele>237.3</ele>
      </trkpt>
      <trkpt lat="39.804254" lon="-8.099427">
        <ele>237</ele>
      </trkpt>
      <trkpt lat="39.804039" lon="-8.099346">
        <ele>236</ele>
      </trkpt>
      <trkpt lat="39.80273" lon="-8.098984">
        <ele>231.3</ele>
      </trkpt>
      <trkpt lat="39.802671" lon="-8.098968">
        <ele>231</ele>
      </trkpt>
      <trkpt lat="39.802288" lon="-8.098877">
        <ele>229.5</ele>
      </trkpt>
      <trkpt lat="39.802253" lon="-8.09886">
        <ele>229.5</ele>
      </trkpt>
      <trkpt lat="39.802209" lon="-8.098822">
        <ele>229.5</ele>
      </trkpt>
      <trkpt lat="39.802178" lon="-8.098818">
        <ele>229.5</ele>
      </trkpt>
      <trkpt lat="39.80215" lon="-8.098803">
        <ele>229.25</ele>
      </trkpt>
      <trkpt lat="39.802126" lon="-8.098778">
        <ele>229.25</ele>
      </trkpt>
      <trkpt lat="39.80211" lon="-8.098744">
        <ele>229.25</ele>
      </trkpt>
      <trkpt lat="39.802102" lon="-8.098705">
        <ele>229.25</ele>
      </trkpt>
      <trkpt lat="39.802104" lon="-8.098666">
        <ele>229.25</ele>
      </trkpt>
      <trkpt lat="39.802121" lon="-8.098615">
        <ele>229.25</ele>
      </trkpt>
      <trkpt lat="39.802125" lon="-8.098162">
        <ele>228</ele>
      </trkpt>
      <trkpt lat="39.802013" lon="-8.097345">
        <ele>224.75</ele>
      </trkpt>
      <trkpt lat="39.801973" lon="-8.097147">
        <ele>225.5</ele>
      </trkpt>
      <trkpt lat="39.801953" lon="-8.096981">
        <ele>226</ele>
      </trkpt>
      <trkpt lat="39.801811" lon="-8.096792">
        <ele>226.75</ele>
      </trkpt>
      <trkpt lat="39.801785" lon="-8.096778">
        <ele>226.75</ele>
      </trkpt>
      <trkpt lat="39.801744" lon="-8.096728">
        <ele>226.75</ele>
      </trkpt>
      <trkpt lat="39.801744" lon="-8.096728">
        <ele>226.8</ele>
      </trkpt>
      <trkpt lat="39.8016" lon="-8.096712">
        <ele>226.8</ele>
      </trkpt>
      <trkpt lat="39.801019" lon="-8.096872">
        <ele>227.3</ele>
      </trkpt>
      <trkpt lat="39.800267" lon="-8.097095">
        <ele>227.3</ele>
      </trkpt>
      <trkpt lat="39.799332" lon="-8.097372">
        <ele>225.8</ele>
      </trkpt>
      <trkpt lat="39.799226" lon="-8.097423">
        <ele>225.3</ele>
      </trkpt>
      <trkpt lat="39.799222" lon="-8.097445">
        <ele>225</ele>
      </trkpt>
      <trkpt lat="39.79922" lon="-8.097464">
        <ele>225</ele>
      </trkpt>
      <trkpt lat="39.7992" lon="-8.097506">
        <ele>224.8</ele>
      </trkpt>
      <trkpt lat="39.79915" lon="-8.097546">
        <ele>225</ele>
      </trkpt>
      <trkpt lat="39.799117" lon="-8.097551">
        <ele>225</ele>
      </trkpt>
      <trkpt lat="39.79908" lon="-8.097542">
        <ele>225.3</ele>
      </trkpt>
      <trkpt lat="39.798971" lon="-8.097551">
        <ele>226</ele>
      </trkpt>
      <trkpt lat="39.798866" lon="-8.097613">
        <ele>226.5</ele>
      </trkpt>
      <trkpt lat="39.798713" lon="-8.097785">
        <ele>227</ele>
      </trkpt>
      <trkpt lat="39.798654" lon="-8.097899">
        <ele>227.3</ele>
      </trkpt>
      <trkpt lat="39.798137" lon="-8.09891">
        <ele>227</ele>
      </trkpt>
      <trkpt lat="39.79812" lon="-8.098943">
        <ele>227.3</ele>
      </trkpt>
      <trkpt lat="39.798038" lon="-8.09906">
        <ele>227.5</ele>
      </trkpt>
      <trkpt lat="39.798006" lon="-8.099108">
        <ele>227.8</ele>
      </trkpt>
      <trkpt lat="39.797755" lon="-8.099327">
        <ele>231</ele>
      </trkpt>
      <trkpt lat="39.797654" lon="-8.099311">
        <ele>232</ele>
      </trkpt>
      <trkpt lat="39.797592" lon="-8.099263">
        <ele>232</ele>
      </trkpt>
      <trkpt lat="39.797337" lon="-8.098996">
        <ele>233.5</ele>
      </trkpt>
      <trkpt lat="39.79713" lon="-8.098793">
        <ele>234.8</ele>
      </trkpt>
      <trkpt lat="39.797001" lon="-8.098672">
        <ele>235.5</ele>
      </trkpt>
      <trkpt lat="39.796914" lon="-8.098613">
        <ele>236</ele>
      </trkpt>
      <trkpt lat="39.796875" lon="-8.098587">
        <ele>236.3</ele>
      </trkpt>
      <trkpt lat="39.796644" lon="-8.098525">
        <ele>237.8</ele>
      </trkpt>
      <trkpt lat="39.795896" lon="-8.09838">
        <ele>242</ele>
      </trkpt>
      <trkpt lat="39.795663" lon="-8.098343">
        <ele>242.3</ele>
      </trkpt>
      <trkpt lat="39.79555" lon="-8.098351">
        <ele>242.5</ele>
      </trkpt>
      <trkpt lat="39.79536" lon="-8.098412">
        <ele>243.5</ele>
      </trkpt>
      <trkpt lat="39.795206" lon="-8.098501">
        <ele>245</ele>
      </trkpt>
      <trkpt lat="39.795018" lon="-8.098672">
        <ele>247.8</ele>
      </trkpt>
      <trkpt lat="39.794792" lon="-8.098841">
        <ele>250.8</ele>
      </trkpt>
      <trkpt lat="39.794635" lon="-8.098922">
        <ele>252.3</ele>
      </trkpt>
      <trkpt lat="39.794609" lon="-8.098926">
        <ele>252.3</ele>
      </trkpt>
      <trkpt lat="39.794264" lon="-8.098986">
        <ele>253.5</ele>
      </trkpt>
      <trkpt lat="39.794109" lon="-8.09908">
        <ele>254.8</ele>
      </trkpt>
      <trkpt lat="39.793994" lon="-8.099196">
        <ele>256.8</ele>
      </trkpt>
      <trkpt lat="39.793778" lon="-8.099504">
        <ele>260</ele>
      </trkpt>
      <trkpt lat="39.793679" lon="-8.099601">
        <ele>261.3</ele>
      </trkpt>
      <trkpt lat="39.793493" lon="-8.099697">
        <ele>262.5</ele>
      </trkpt>
      <trkpt lat="39.793289" lon="-8.099847">
        <ele>264.8</ele>
      </trkpt>
      <trkpt lat="39.793265" lon="-8.099896">
        <ele>274.5</ele>
      </trkpt>
      <trkpt lat="39.792914" lon="-8.100641">
        <ele>274.5</ele>
      </trkpt>
      <trkpt lat="39.792714" lon="-8.102031">
        <ele>271.8</ele>
      </trkpt>
      <trkpt lat="39.792659" lon="-8.102232">
        <ele>272</ele>
      </trkpt>
      <trkpt lat="39.792584" lon="-8.102508">
        <ele>272.3</ele>
      </trkpt>
      <trkpt lat="39.792354" lon="-8.10287">
        <ele>269.8</ele>
      </trkpt>
      <trkpt lat="39.791832" lon="-8.103452">
        <ele>269.5</ele>
      </trkpt>
      <trkpt lat="39.791764" lon="-8.103527">
        <ele>270.8</ele>
      </trkpt>
      <trkpt lat="39.791728" lon="-8.103661">
        <ele>272</ele>
      </trkpt>
      <trkpt lat="39.791756" lon="-8.103804">
        <ele>272.3</ele>
      </trkpt>
      <trkpt lat="39.792047" lon="-8.104238">
        <ele>268.3</ele>
      </trkpt>
      <trkpt lat="39.792042" lon="-8.104408">
        <ele>267.5</ele>
      </trkpt>
      <trkpt lat="39.791995" lon="-8.10456">
        <ele>267.5</ele>
      </trkpt>
      <trkpt lat="39.791783" lon="-8.104691">
        <ele>269.8</ele>
      </trkpt>
      <trkpt lat="39.790917" lon="-8.104882">
        <ele>275.5</ele>
      </trkpt>
      <trkpt lat="39.79079" lon="-8.104842">
        <ele>277.3</ele>
      </trkpt>
      <trkpt lat="39.790699" lon="-8.104756">
        <ele>279.8</ele>
      </trkpt>
      <trkpt lat="39.790385" lon="-8.104214">
        <ele>288</ele>
      </trkpt>
      <trkpt lat="39.790242" lon="-8.104078">
        <ele>289.5</ele>
      </trkpt>
      <trkpt lat="39.79008" lon="-8.104026">
        <ele>290.5</ele>
      </trkpt>
      <trkpt lat="39.789815" lon="-8.104069">
        <ele>293.5</ele>
      </trkpt>
      <trkpt lat="39.789064" lon="-8.104375">
        <ele>306.5</ele>
      </trkpt>
      <trkpt lat="39.788885" lon="-8.104447">
        <ele>306.5</ele>
      </trkpt>
      <trkpt lat="39.788804" lon="-8.104532">
        <ele>307</ele>
      </trkpt>
      <trkpt lat="39.788745" lon="-8.104673">
        <ele>307</ele>
      </trkpt>
      <trkpt lat="39.788735" lon="-8.104836">
        <ele>306.5</ele>
      </trkpt>
      <trkpt lat="39.788786" lon="-8.104978">
        <ele>305.8</ele>
      </trkpt>
      <trkpt lat="39.788857" lon="-8.105065">
        <ele>306</ele>
      </trkpt>
      <trkpt lat="39.788978" lon="-8.105123">
        <ele>305.8</ele>
      </trkpt>
      <trkpt lat="39.789322" lon="-8.105169">
        <ele>301.8</ele>
      </trkpt>
      <trkpt lat="39.789444" lon="-8.105205">
        <ele>300</ele>
      </trkpt>
      <trkpt lat="39.789565" lon="-8.105319">
        <ele>299.3</ele>
      </trkpt>
      <trkpt lat="39.789627" lon="-8.105448">
        <ele>299.8</ele>
      </trkpt>
      <trkpt lat="39.789662" lon="-8.105619">
        <ele>301.5</ele>
      </trkpt>
      <trkpt lat="39.789644" lon="-8.105809">
        <ele>304</ele>
      </trkpt>
      <trkpt lat="39.789578" lon="-8.105963">
        <ele>304.3</ele>
      </trkpt>
      <trkpt lat="39.787694" lon="-8.107315">
        <ele>317.8</ele>
      </trkpt>
      <trkpt lat="39.787567" lon="-8.10736">
        <ele>318.3</ele>
      </trkpt>
      <trkpt lat="39.78742" lon="-8.107366">
        <ele>320</ele>
      </trkpt>
      <trkpt lat="39.787242" lon="-8.107333">
        <ele>323.5</ele>
      </trkpt>
      <trkpt lat="39.78709" lon="-8.10736">
        <ele>325.5</ele>
      </trkpt>
      <trkpt lat="39.786968" lon="-8.107459">
        <ele>326</ele>
      </trkpt>
      <trkpt lat="39.786882" lon="-8.107587">
        <ele>326.8</ele>
      </trkpt>
      <trkpt lat="39.78684" lon="-8.107738">
        <ele>327</ele>
      </trkpt>
      <trkpt lat="39.786847" lon="-8.108331">
        <ele>325.5</ele>
      </trkpt>
      <trkpt lat="39.786803" lon="-8.108479">
        <ele>325</ele>
      </trkpt>
      <trkpt lat="39.786735" lon="-8.108626">
        <ele>325.3</ele>
      </trkpt>
      <trkpt lat="39.786451" lon="-8.108892">
        <ele>329.8</ele>
      </trkpt>
      <trkpt lat="39.78637" lon="-8.109028">
        <ele>330.5</ele>
      </trkpt>
      <trkpt lat="39.78634" lon="-8.109197">
        <ele>330.3</ele>
      </trkpt>
      <trkpt lat="39.786397" lon="-8.110045">
        <ele>333.8</ele>
      </trkpt>
      <trkpt lat="39.786391" lon="-8.110281">
        <ele>334.3</ele>
      </trkpt>
      <trkpt lat="39.786321" lon="-8.11049">
        <ele>335.8</ele>
      </trkpt>
      <trkpt lat="39.786131" lon="-8.110675">
        <ele>338.3</ele>
      </trkpt>
      <trkpt lat="39.785795" lon="-8.110777">
        <ele>342.8</ele>
      </trkpt>
      <trkpt lat="39.785585" lon="-8.110909">
        <ele>346</ele>
      </trkpt>
      <trkpt lat="39.784838" lon="-8.111976">
        <ele>348.5</ele>
      </trkpt>
      <trkpt lat="39.784561" lon="-8.112185">
        <ele>348.8</ele>
      </trkpt>
      <trkpt lat="39.784219" lon="-8.112177">
        <ele>350</ele>
      </trkpt>
      <trkpt lat="39.783835" lon="-8.111909">
        <ele>351.3</ele>
      </trkpt>
      <trkpt lat="39.783606" lon="-8.111483">
        <ele>352.5</ele>
      </trkpt>
      <trkpt lat="39.783561" lon="-8.110986">
        <ele>354</ele>
      </trkpt>
      <trkpt lat="39.783551" lon="-8.107741">
        <ele>356.8</ele>
      </trkpt>
      <trkpt lat="39.783114" lon="-8.105145">
        <ele>363.3</ele>
      </trkpt>
      <trkpt lat="39.782935" lon="-8.104764">
        <ele>365.3</ele>
      </trkpt>
      <trkpt lat="39.782813" lon="-8.104646">
        <ele>365.5</ele>
      </trkpt>
      <trkpt lat="39.782155" lon="-8.104335">
        <ele>367.5</ele>
      </trkpt>
      <trkpt lat="39.781866" lon="-8.10437">
        <ele>367.5</ele>
      </trkpt>
      <trkpt lat="39.781736" lon="-8.104368">
        <ele>367.8</ele>
      </trkpt>
      <trkpt lat="39.781653" lon="-8.104365">
        <ele>368</ele>
      </trkpt>
      <trkpt lat="39.781544" lon="-8.104343">
        <ele>369</ele>
      </trkpt>
      <trkpt lat="39.781486" lon="-8.104334">
        <ele>369.5</ele>
      </trkpt>
      <trkpt lat="39.781269" lon="-8.104236">
        <ele>371.8</ele>
      </trkpt>
      <trkpt lat="39.781218" lon="-8.104227">
        <ele>372</ele>
      </trkpt>
      <trkpt lat="39.781111" lon="-8.10424">
        <ele>372.5</ele>
      </trkpt>
      <trkpt lat="39.780978" lon="-8.104338">
        <ele>372.8</ele>
      </trkpt>
      <trkpt lat="39.780834" lon="-8.10443">
        <ele>373.5</ele>
      </trkpt>
      <trkpt lat="39.780742" lon="-8.104473">
        <ele>373</ele>
      </trkpt>
      <trkpt lat="39.780385633930564" lon="-8.104581031948328">
        <ele>373.5</ele>
      </trkpt>
      <trkpt lat="39.7798415645957" lon="-8.104423703625798">
        <ele>368</ele>
      </trkpt>
      <trkpt lat="39.77951760403812" lon="-8.10421030037105">
        <ele>364.7</ele>
      </trkpt>
      <trkpt lat="39.77934619411826" lon="-8.104090690612793">
        <ele>362.1</ele>
      </trkpt>
      <trkpt lat="39.77916522882879" lon="-8.103968817740679">
        <ele>359.6</ele>
      </trkpt>
      <trkpt lat="39.778978982940316" lon="-8.103844095021486">
        <ele>358.6</ele>
      </trkpt>
      <trkpt lat="39.778786366805434" lon="-8.103716690093279">
        <ele>360.5</ele>
      </trkpt>
      <trkpt lat="39.77859031409025" lon="-8.103586016222835">
        <ele>363.5</ele>
      </trkpt>
      <trkpt lat="39.77839384227991" lon="-8.103449558839202">
        <ele>365.1</ele>
      </trkpt>
      <trkpt lat="39.7781924251467" lon="-8.103317711502314">
        <ele>364.3</ele>
      </trkpt>
      <trkpt lat="39.777988493442535" lon="-8.103182595223188">
        <ele>362.2</ele>
      </trkpt>
      <trkpt lat="39.77778154425323" lon="-8.103047311306">
        <ele>359.6</ele>
      </trkpt>
      <trkpt lat="39.777568811550736" lon="-8.102922840043902">
        <ele>356.4</ele>
      </trkpt>
      <trkpt lat="39.77734669111669" lon="-8.102823933586478">
        <ele>353</ele>
      </trkpt>
      <trkpt lat="39.7772322781384" lon="-8.102791495621204">
        <ele>351.7</ele>
      </trkpt>
      <trkpt lat="39.77711618877947" lon="-8.10277414508164">
        <ele>350.7</ele>
      </trkpt>
      <trkpt lat="39.776885183528066" lon="-8.102787220850587">
        <ele>351.6</ele>
      </trkpt>
      <trkpt lat="39.77666742168367" lon="-8.102860478684306">
        <ele>354.7</ele>
      </trkpt>
      <trkpt lat="39.776298282667994" lon="-8.10312207788229">
        <ele>356.9</ele>
      </trkpt>
      <trkpt lat="39.775854293257" lon="-8.103614179417491">
        <ele>357.5</ele>
      </trkpt>
      <trkpt lat="39.77567098103464" lon="-8.103840155526996">
        <ele>359.7</ele>
      </trkpt>
      <trkpt lat="39.77554818615317" lon="-8.103990778326988">
        <ele>359.4</ele>
      </trkpt>
      <trkpt lat="39.77522699162364" lon="-8.104396965354681">
        <ele>355.1</ele>
      </trkpt>
      <trkpt lat="39.77497134357691" lon="-8.104726625606418">
        <ele>353.9</ele>
      </trkpt>
      <trkpt lat="39.77483262307942" lon="-8.104892168194056">
        <ele>354.3</ele>
      </trkpt>
      <trkpt lat="39.774531377479434" lon="-8.105263151228428">
        <ele>357.6</ele>
      </trkpt>
      <trkpt lat="39.7742067463696" lon="-8.105819541960955">
        <ele>361.9</ele>
      </trkpt>
      <trkpt lat="39.774055033922195" lon="-8.10651607811451">
        <ele>361.1</ele>
      </trkpt>
      <trkpt lat="39.77401454932988" lon="-8.107052017003298">
        <ele>358.4</ele>
      </trkpt>
      <trkpt lat="39.77399367839098" lon="-8.107475386932492">
        <ele>358.8</ele>
      </trkpt>
      <trkpt lat="39.77394422516227" lon="-8.108191285282373">
        <ele>358.2</ele>
      </trkpt>
      <trkpt lat="39.77390726096928" lon="-8.108401503413916">
        <ele>357.7</ele>
      </trkpt>
      <trkpt lat="39.773803325369954" lon="-8.108753459528089">
        <ele>359.4</ele>
      </trkpt>
      <trkpt lat="39.77364289574325" lon="-8.109078677371144">
        <ele>361.2</ele>
      </trkpt>
      <trkpt lat="39.77325255051255" lon="-8.109620567411184">
        <ele>362.6</ele>
      </trkpt>
      <trkpt lat="39.77283286862075" lon="-8.110114261507988">
        <ele>364.4</ele>
      </trkpt>
      <trkpt lat="39.772389801219106" lon="-8.110619271174073">
        <ele>361.2</ele>
      </trkpt>
      <trkpt lat="39.77199819870293" lon="-8.110943147912621">
        <ele>357.1</ele>
      </trkpt>
      <trkpt lat="39.771943129599094" lon="-8.110970808193088">
        <ele>357.2</ele>
      </trkpt>
      <trkpt lat="39.77143962867558" lon="-8.111054711043835">
        <ele>362.3</ele>
      </trkpt>
      <trkpt lat="39.77104517631233" lon="-8.110946333035827">
        <ele>365</ele>
      </trkpt>
      <trkpt lat="39.77049808949232" lon="-8.110761595889926">
        <ele>365.8</ele>
      </trkpt>
      <trkpt lat="39.769952930510044" lon="-8.110587922856212">
        <ele>368.6</ele>
      </trkpt>
      <trkpt lat="39.769898783415556" lon="-8.110570404678583">
        <ele>368.5</ele>
      </trkpt>
      <trkpt lat="39.769342727959156" lon="-8.110380554571748">
        <ele>368.2</ele>
      </trkpt>
      <trkpt lat="39.76894659921527" lon="-8.110252479091287">
        <ele>366.7</ele>
      </trkpt>
      <trkpt lat="39.76836757734418" lon="-8.110115602612495">
        <ele>364.5</ele>
      </trkpt>
      <trkpt lat="39.76814579218626" lon="-8.1100963242352">
        <ele>362.9</ele>
      </trkpt>
      <trkpt lat="39.76785058155656" lon="-8.11010948382318">
        <ele>361.1</ele>
      </trkpt>
      <trkpt lat="39.76770540699363" lon="-8.110136976465583">
        <ele>360.6</ele>
      </trkpt>
      <trkpt lat="39.767558220773935" lon="-8.110175700858235">
        <ele>359.5</ele>
      </trkpt>
      <trkpt lat="39.76740449666977" lon="-8.110226076096296">
        <ele>358.9</ele>
      </trkpt>
      <trkpt lat="39.767245911061764" lon="-8.110290952026844">
        <ele>358.5</ele>
      </trkpt>
      <trkpt lat="39.767003590241075" lon="-8.110421793535352">
        <ele>357.4</ele>
      </trkpt>
      <trkpt lat="39.7667586710304" lon="-8.110590353608131">
        <ele>354.9</ele>
      </trkpt>
      <trkpt lat="39.76651123724878" lon="-8.110787831246853">
        <ele>351.6</ele>
      </trkpt>
      <trkpt lat="39.76634183898568" lon="-8.110926048830152">
        <ele>349.9</ele>
      </trkpt>
      <trkpt lat="39.766169590875506" lon="-8.111068876460195">
        <ele>348.8</ele>
      </trkpt>
      <trkpt lat="39.7658125218004" lon="-8.111363919451833">
        <ele>348.1</ele>
      </trkpt>
      <trkpt lat="39.76562845520675" lon="-8.111517140641809">
        <ele>347.7</ele>
      </trkpt>
      <trkpt lat="39.76515504531562" lon="-8.111907904967666">
        <ele>343.4</ele>
      </trkpt>
      <trkpt lat="39.764866288751364" lon="-8.112146705389023">
        <ele>340.2</ele>
      </trkpt>
      <trkpt lat="39.764671912416816" lon="-8.112309398129582">
        <ele>339.7</ele>
      </trkpt>
      <trkpt lat="39.764474937692285" lon="-8.112472342327237">
        <ele>339.3</ele>
      </trkpt>
      <trkpt lat="39.76427528075874" lon="-8.112636711448431">
        <ele>337.5</ele>
      </trkpt>
      <trkpt lat="39.76407344453037" lon="-8.112802170217037">
        <ele>335.8</ele>
      </trkpt>
      <trkpt lat="39.76387043483555" lon="-8.11296888627112">
        <ele>333.8</ele>
      </trkpt>
      <trkpt lat="39.76356533356011" lon="-8.113219840452075">
        <ele>331.8</ele>
      </trkpt>
      <trkpt lat="39.76325813680887" lon="-8.113471381366253">
        <ele>327.6</ele>
      </trkpt>
      <trkpt lat="39.763054037466645" lon="-8.11364321038127">
        <ele>328.3</ele>
      </trkpt>
      <trkpt lat="39.762858068570495" lon="-8.113830126821995">
        <ele>330.9</ele>
      </trkpt>
      <trkpt lat="39.76267710328102" lon="-8.11403850093484">
        <ele>331</ele>
      </trkpt>
      <trkpt lat="39.762433022260666" lon="-8.1143669039011">
        <ele>329.6</ele>
      </trkpt>
      <trkpt lat="39.76221081800759" lon="-8.114688182249665">
        <ele>326</ele>
      </trkpt>
      <trkpt lat="39.76206639781594" lon="-8.114895718172193">
        <ele>323.4</ele>
      </trkpt>
      <trkpt lat="39.76192306727171" lon="-8.115097302943468">
        <ele>321.4</ele>
      </trkpt>
      <trkpt lat="39.761493830010295" lon="-8.115667272359133">
        <ele>321.9</ele>
      </trkpt>
      <trkpt lat="39.761418644338846" lon="-8.11575067229569">
        <ele>322.4</ele>
      </trkpt>
      <trkpt lat="39.76094380952418" lon="-8.11618066392839">
        <ele>324.8</ele>
      </trkpt>
      <trkpt lat="39.760435530915856" lon="-8.11648366972804">
        <ele>324.4</ele>
      </trkpt>
      <trkpt lat="39.75990906357765" lon="-8.11668743379414">
        <ele>327.6</ele>
      </trkpt>
      <trkpt lat="39.75937681272626" lon="-8.116873512044549">
        <ele>332.3</ele>
      </trkpt>
      <trkpt lat="39.75877834483981" lon="-8.11709295026958">
        <ele>331.9</ele>
      </trkpt>
      <trkpt lat="39.75852814503014" lon="-8.117182049900293">
        <ele>328.6</ele>
      </trkpt>
      <trkpt lat="39.757918110117316" lon="-8.117385227233171">
        <ele>319.7</ele>
      </trkpt>
      <trkpt lat="39.75762918591499" lon="-8.117468878626823">
        <ele>318.1</ele>
      </trkpt>
      <trkpt lat="39.757005739957094" lon="-8.11761824414134">
        <ele>313.8</ele>
      </trkpt>
      <trkpt lat="39.756783032789826" lon="-8.117662081494927">
        <ele>312.6</ele>
      </trkpt>
      <trkpt lat="39.756670128554106" lon="-8.117684125900269">
        <ele>312.3</ele>
      </trkpt>
      <trkpt lat="39.756555799394846" lon="-8.117706421762705">
        <ele>312.3</ele>
      </trkpt>
      <trkpt lat="39.75632772780955" lon="-8.117752689868212">
        <ele>312.4</ele>
      </trkpt>
      <trkpt lat="39.75610007531941" lon="-8.11779803596437">
        <ele>311.5</ele>
      </trkpt>
      <trkpt lat="39.755986081436276" lon="-8.117818655446172">
        <ele>310.7</ele>
      </trkpt>
      <trkpt lat="39.75587175227702" lon="-8.117840196937323">
        <ele>309.1</ele>
      </trkpt>
      <trkpt lat="39.75575666874647" lon="-8.117861906066537">
        <ele>307.6</ele>
      </trkpt>
      <trkpt lat="39.755640076473355" lon="-8.117883112281561">
        <ele>306.2</ele>
      </trkpt>
      <trkpt lat="39.75552314892411" lon="-8.117904150858521">
        <ele>305</ele>
      </trkpt>
      <trkpt lat="39.75540521554649" lon="-8.117926949635148">
        <ele>303.9</ele>
      </trkpt>
      <trkpt lat="39.755286779254675" lon="-8.117949748411775">
        <ele>303</ele>
      </trkpt>
      <trkpt lat="39.75504764355719" lon="-8.11799593269825">
        <ele>301.7</ele>
      </trkpt>
      <trkpt lat="39.754804484546185" lon="-8.118041697889566">
        <ele>300.5</ele>
      </trkpt>
      <trkpt lat="39.75430676713586" lon="-8.118137838318944">
        <ele>296.5</ele>
      </trkpt>
      <trkpt lat="39.75405480712652" lon="-8.118197098374367">
        <ele>294.5</ele>
      </trkpt>
      <trkpt lat="39.75380787625909" lon="-8.11828762292862">
        <ele>293.1</ele>
      </trkpt>
      <trkpt lat="39.75369019433856" lon="-8.118353923782706">
        <ele>292.5</ele>
      </trkpt>
      <trkpt lat="39.753479892387986" lon="-8.11854268424213">
        <ele>291</ele>
      </trkpt>
      <trkpt lat="39.753387439996004" lon="-8.118659192696214">
        <ele>289.3</ele>
      </trkpt>
      <trkpt lat="39.75330571644008" lon="-8.118784921243787">
        <ele>287.6</ele>
      </trkpt>
      <trkpt lat="39.75323338061571" lon="-8.118919702246785">
        <ele>286.1</ele>
      </trkpt>
      <trkpt lat="39.75316775031388" lon="-8.119063284248114">
        <ele>284.6</ele>
      </trkpt>
      <trkpt lat="39.75310832262039" lon="-8.119211308658123">
        <ele>283.8</ele>
      </trkpt>
      <trkpt lat="39.75305166095495" lon="-8.119361847639084">
        <ele>283.5</ele>
      </trkpt>
      <trkpt lat="39.7529421094805" lon="-8.11966803856194">
        <ele>284.8</ele>
      </trkpt>
      <trkpt lat="39.75289265625179" lon="-8.119822349399328">
        <ele>285.6</ele>
      </trkpt>
      <trkpt lat="39.75285166874528" lon="-8.119979007169604">
        <ele>285.6</ele>
      </trkpt>
      <trkpt lat="39.75279291160405" lon="-8.120300117880106">
        <ele>284.9</ele>
      </trkpt>
      <trkpt lat="39.752749828621745" lon="-8.120792722329497">
        <ele>281.1</ele>
      </trkpt>
      <trkpt lat="39.75275016389787" lon="-8.120954660698771">
        <ele>279.4</ele>
      </trkpt>
      <trkpt lat="39.752768855541945" lon="-8.121275855228305">
        <ele>278.1</ele>
      </trkpt>
      <trkpt lat="39.75283247418702" lon="-8.12173635698855">
        <ele>278.4</ele>
      </trkpt>
      <trkpt lat="39.75297152996063" lon="-8.122450327500701">
        <ele>274.9</ele>
      </trkpt>
      <trkpt lat="39.75313447415829" lon="-8.12323747202754">
        <ele>271.9</ele>
      </trkpt>
      <trkpt lat="39.75318191573024" lon="-8.12348616309464">
        <ele>273.8</ele>
      </trkpt>
      <trkpt lat="39.753201780840755" lon="-8.123610215261579">
        <ele>274.7</ele>
      </trkpt>
      <trkpt lat="39.753236481919885" lon="-8.124090414494276">
        <ele>274</ele>
      </trkpt>
      <trkpt lat="39.75321318022907" lon="-8.124438934028149">
        <ele>273</ele>
      </trkpt>
      <trkpt lat="39.753193566575646" lon="-8.124554436653852">
        <ele>272.8</ele>
      </trkpt>
      <trkpt lat="39.75300556048751" lon="-8.125227000564337">
        <ele>276.4</ele>
      </trkpt>
      <trkpt lat="39.752912018448114" lon="-8.125570574775338">
        <ele>277.1</ele>
      </trkpt>
      <trkpt lat="39.75285770371556" lon="-8.12627431936562">
        <ele>274</ele>
      </trkpt>
      <trkpt lat="39.75296348333359" lon="-8.127065068110824">
        <ele>271.5</ele>
      </trkpt>
      <trkpt lat="39.75299424491823" lon="-8.127287440001965">
        <ele>269.4</ele>
      </trkpt>
      <trkpt lat="39.75296834483743" lon="-8.128058072179556">
        <ele>265.2</ele>
      </trkpt>
      <trkpt lat="39.75294613279402" lon="-8.128167036920786">
        <ele>264.7</ele>
      </trkpt>
      <trkpt lat="39.752694591879845" lon="-8.128768522292376">
        <ele>262.4</ele>
      </trkpt>
      <trkpt lat="39.75251010619104" lon="-8.129040850326419">
        <ele>263.4</ele>
      </trkpt>
      <trkpt lat="39.752174662426114" lon="-8.129515098407865">
        <ele>267</ele>
      </trkpt>
      <trkpt lat="39.75200635381043" lon="-8.129845010116696">
        <ele>267.1</ele>
      </trkpt>
      <trkpt lat="39.75188716314733" lon="-8.130223453044891">
        <ele>264.2</ele>
      </trkpt>
      <trkpt lat="39.75183092057705" lon="-8.130642380565405">
        <ele>260.7</ele>
      </trkpt>
      <trkpt lat="39.75184416398406" lon="-8.131080837920308">
        <ele>257.1</ele>
      </trkpt>
      <trkpt lat="39.75188909098506" lon="-8.131381496787071">
        <ele>254.8</ele>
      </trkpt>
      <trkpt lat="39.75194491446018" lon="-8.131683161482215">
        <ele>253.7</ele>
      </trkpt>
      <trkpt lat="39.75198598578572" lon="-8.131986670196056">
        <ele>254.1</ele>
      </trkpt>
      <trkpt lat="39.751991517841816" lon="-8.132291100919247">
        <ele>253.7</ele>
      </trkpt>
      <trkpt lat="39.751962684094906" lon="-8.132597040385008">
        <ele>252.9</ele>
      </trkpt>
      <trkpt lat="39.75192043930292" lon="-8.132905326783657">
        <ele>251.3</ele>
      </trkpt>
      <trkpt lat="39.751873752102256" lon="-8.133214954286814">
        <ele>248.5</ele>
      </trkpt>
      <trkpt lat="39.75180158391595" lon="-8.133684759959579">
        <ele>244.7</ele>
      </trkpt>
      <trkpt lat="39.75175288505852" lon="-8.133998662233353">
        <ele>244</ele>
      </trkpt>
      <trkpt lat="39.75171164609492" lon="-8.134314408525825">
        <ele>243.8</ele>
      </trkpt>
      <trkpt lat="39.751681722700596" lon="-8.134792260825634">
        <ele>244.8</ele>
      </trkpt>
      <trkpt lat="39.751684069633484" lon="-8.13510867767036">
        <ele>243</ele>
      </trkpt>
      <trkpt lat="39.751683147624135" lon="-8.135421155020595">
        <ele>241.6</ele>
      </trkpt>
      <trkpt lat="39.751654313877225" lon="-8.135727597400546">
        <ele>240.6</ele>
      </trkpt>
      <trkpt lat="39.75162480957806" lon="-8.135875705629587">
        <ele>239.3</ele>
      </trkpt>
      <trkpt lat="39.75158407352865" lon="-8.136019287630916">
        <ele>238.3</ele>
      </trkpt>
      <trkpt lat="39.75153143517673" lon="-8.13615582883358">
        <ele>236.8</ele>
      </trkpt>
      <trkpt lat="39.7513793874532" lon="-8.136395383626223">
        <ele>235.3</ele>
      </trkpt>
      <trkpt lat="39.75107504054904" lon="-8.13665815629065">
        <ele>233.5</ele>
      </trkpt>
      <trkpt lat="39.75083724595606" lon="-8.136775754392147">
        <ele>227.4</ele>
      </trkpt>
      <trkpt lat="39.75071193650365" lon="-8.136819927021861">
        <ele>226</ele>
      </trkpt>
      <trkpt lat="39.750337935984135" lon="-8.1369664426893">
        <ele>226.7</ele>
      </trkpt>
      <trkpt lat="39.750106343999505" lon="-8.13711253926158">
        <ele>227.8</ele>
      </trkpt>
      <trkpt lat="39.75000257603824" lon="-8.137212116271257">
        <ele>228.5</ele>
      </trkpt>
      <trkpt lat="39.749907525256276" lon="-8.137326529249549">
        <ele>228.7</ele>
      </trkpt>
      <trkpt lat="39.7498285677284" lon="-8.137445971369743">
        <ele>226.7</ele>
      </trkpt>
      <trkpt lat="39.749756064265966" lon="-8.137576142325997">
        <ele>224.9</ele>
      </trkpt>
      <trkpt lat="39.74969412200153" lon="-8.137716790661216">
        <ele>222.7</ele>
      </trkpt>
      <trkpt lat="39.74964031018317" lon="-8.137867329642177">
        <ele>220.9</ele>
      </trkpt>
      <trkpt lat="39.74959161132574" lon="-8.138021305203438">
        <ele>219.5</ele>
      </trkpt>
      <trkpt lat="39.74954433739185" lon="-8.138175532221794">
        <ele>218.2</ele>
      </trkpt>
      <trkpt lat="39.74949681200087" lon="-8.138330429792404">
        <ele>217.6</ele>
      </trkpt>
      <trkpt lat="39.74940142594278" lon="-8.13864299096167">
        <ele>217.3</ele>
      </trkpt>
      <trkpt lat="39.7493052855134" lon="-8.138956725597382">
        <ele>216.4</ele>
      </trkpt>
      <trkpt lat="39.74920956417918" lon="-8.139272890985012">
        <ele>214.8</ele>
      </trkpt>
      <trkpt lat="39.74911132827401" lon="-8.139599282294512">
        <ele>216.6</ele>
      </trkpt>
      <trkpt lat="39.7490151040256" lon="-8.13992416486144">
        <ele>216.7</ele>
      </trkpt>
      <trkpt lat="39.74892005324364" lon="-8.14024611376226">
        <ele>210.7</ele>
      </trkpt>
      <trkpt lat="39.748827600851655" lon="-8.14056227914989">
        <ele>200.5</ele>
      </trkpt>
      <trkpt lat="39.74873506464064" lon="-8.140874924138188">
        <ele>194.2</ele>
      </trkpt>
      <trkpt lat="39.74864118732512" lon="-8.141184551641345">
        <ele>193.5</ele>
      </trkpt>
      <trkpt lat="39.74859240464866" lon="-8.141341293230653">
        <ele>195.4</ele>
      </trkpt>
      <trkpt lat="39.748538844287395" lon="-8.141499124467373">
        <ele>197.1</ele>
      </trkpt>
      <trkpt lat="39.748481092974544" lon="-8.14165192656219">
        <ele>197.5</ele>
      </trkpt>
      <trkpt lat="39.748348323628306" lon="-8.141940431669354">
        <ele>194.4</ele>
      </trkpt>
      <trkpt lat="39.74817976355553" lon="-8.142184847965837">
        <ele>190.7</ele>
      </trkpt>
      <trkpt lat="39.74784406833351" lon="-8.142450219020247">
        <ele>188.4</ele>
      </trkpt>
      <trkpt lat="39.74772412329912" lon="-8.142530350014567">
        <ele>188.9</ele>
      </trkpt>
      <trkpt lat="39.74760241806507" lon="-8.142607966437936">
        <ele>190</ele>
      </trkpt>
      <trkpt lat="39.747358756139874" lon="-8.142768563702703">
        <ele>192.7</ele>
      </trkpt>
      <trkpt lat="39.747117357328534" lon="-8.142921114340425">
        <ele>190.9</ele>
      </trkpt>
      <trkpt lat="39.746874533593655" lon="-8.143068049103022">
        <ele>186.4</ele>
      </trkpt>
      <trkpt lat="39.74662458524108" lon="-8.143186988309026">
        <ele>180.4</ele>
      </trkpt>
      <trkpt lat="39.74649349227548" lon="-8.143223617225885">
        <ele>178.4</ele>
      </trkpt>
      <trkpt lat="39.746358543634415" lon="-8.143242560327053">
        <ele>176.4</ele>
      </trkpt>
      <trkpt lat="39.74622359499335" lon="-8.14324147067964">
        <ele>174.4</ele>
      </trkpt>
      <trkpt lat="39.746087891981006" lon="-8.143218336626887">
        <ele>173</ele>
      </trkpt>
      <trkpt lat="39.74582830443978" lon="-8.143114233389497">
        <ele>171.5</ele>
      </trkpt>
      <trkpt lat="39.74548062309623" lon="-8.14280804246664">
        <ele>170.7</ele>
      </trkpt>
      <trkpt lat="39.74530979990959" lon="-8.142520794644952">
        <ele>171.9</ele>
      </trkpt>
      <trkpt lat="39.7451935429126" lon="-8.142196498811245">
        <ele>173.6</ele>
      </trkpt>
      <trkpt lat="39.74511072970927" lon="-8.141854936257005">
        <ele>174.1</ele>
      </trkpt>
      <trkpt lat="39.745075944811106" lon="-8.141683274880052">
        <ele>173.8</ele>
      </trkpt>
      <trkpt lat="39.74500981159508" lon="-8.141347412019968">
        <ele>171.6</ele>
      </trkpt>
      <trkpt lat="39.744950300082564" lon="-8.141028564423323">
        <ele>167.9</ele>
      </trkpt>
      <trkpt lat="39.744840413331985" lon="-8.140455912798643">
        <ele>167.9</ele>
      </trkpt>
      <trkpt lat="39.74468685686588" lon="-8.139778319746256">
        <ele>175.5</ele>
      </trkpt>
      <trkpt lat="39.74463488906622" lon="-8.139603640884161">
        <ele>178.6</ele>
      </trkpt>
      <trkpt lat="39.74456439726055" lon="-8.139378670603037">
        <ele>181.6</ele>
      </trkpt>
      <trkpt lat="39.74452114664018" lon="-8.139243554323912">
        <ele>183.6</ele>
      </trkpt>
      <trkpt lat="39.74448091350496" lon="-8.139120507985353">
        <ele>185.8</ele>
      </trkpt>
      <trkpt lat="39.74444579333067" lon="-8.13900651410222">
        <ele>187.9</ele>
      </trkpt>
      <trkpt lat="39.74441402591765" lon="-8.138898722827435">
        <ele>189.6</ele>
      </trkpt>
      <trkpt lat="39.74436432123184" lon="-8.138752710074186">
        <ele>190.8</ele>
      </trkpt>
      <trkpt lat="39.74431863985956" lon="-8.13860828988254">
        <ele>192.1</ele>
      </trkpt>
      <trkpt lat="39.744276059791446" lon="-8.138478035107255">
        <ele>192.5</ele>
      </trkpt>
      <trkpt lat="39.74422878585756" lon="-8.138331854715943">
        <ele>192.7</ele>
      </trkpt>
      <trkpt lat="39.744178745895624" lon="-8.138182321563363">
        <ele>193.2</ele>
      </trkpt>
      <trkpt lat="39.744150917977095" lon="-8.138109147548676">
        <ele>193.8</ele>
      </trkpt>
      <trkpt lat="39.74410037510097" lon="-8.137932373210788">
        <ele>194.6</ele>
      </trkpt>
      <trkpt lat="39.74409442394972" lon="-8.137868670746684">
        <ele>194.4</ele>
      </trkpt>
      <trkpt lat="39.74405838176608" lon="-8.137710420414805">
        <ele>195.6</ele>
      </trkpt>
      <trkpt lat="39.74405385553837" lon="-8.137640934437513">
        <ele>195.1</ele>
      </trkpt>
      <trkpt lat="39.74402694962919" lon="-8.137465165928006">
        <ele>196.1</ele>
      </trkpt>
      <trkpt lat="39.74402912892401" lon="-8.137253858149052">
        <ele>194.7</ele>
      </trkpt>
      <trkpt lat="39.744034158065915" lon="-8.137056715786457">
        <ele>193.3</ele>
      </trkpt>
      <trkpt lat="39.74403876811266" lon="-8.136925958096981">
        <ele>192</ele>
      </trkpt>
      <trkpt lat="39.74403080530465" lon="-8.136817831546068">
        <ele>191.4</ele>
      </trkpt>
      <trkpt lat="39.744015131145716" lon="-8.136634267866611">
        <ele>191.1</ele>
      </trkpt>
      <trkpt lat="39.74402158521116" lon="-8.136520525440574">
        <ele>190.8</ele>
      </trkpt>
      <trkpt lat="39.7440177295357" lon="-8.136229924857616">
        <ele>190.5</ele>
      </trkpt>
      <trkpt lat="39.74393223412335" lon="-8.135934798046947">
        <ele>193.4</ele>
      </trkpt>
      <trkpt lat="39.7438293043524" lon="-8.135727345943451">
        <ele>197.2</ele>
      </trkpt>
      <trkpt lat="39.74369611591101" lon="-8.135561887174845">
        <ele>198.9</ele>
      </trkpt>
      <trkpt lat="39.74354088306427" lon="-8.135424591600895">
        <ele>198.3</ele>
      </trkpt>
      <trkpt lat="39.743350530043244" lon="-8.135294169187546">
        <ele>196.5</ele>
      </trkpt>
      <trkpt lat="39.74328640848398" lon="-8.13526458106935">
        <ele>196.4</ele>
      </trkpt>
      <trkpt lat="39.743233602494" lon="-8.135259468108416">
        <ele>197.1</ele>
      </trkpt>
      <trkpt lat="39.74320669658482" lon="-8.13525578007102">
        <ele>197.3</ele>
      </trkpt>
      <trkpt lat="39.74297409877181" lon="-8.135235495865345">
        <ele>200.2</ele>
      </trkpt>
      <trkpt lat="39.74279724061489" lon="-8.135293582454324">
        <ele>203.9</ele>
      </trkpt>
      <trkpt lat="39.74262373521924" lon="-8.13540824688971">
        <ele>206.7</ele>
      </trkpt>
      <trkpt lat="39.74241494201124" lon="-8.135632127523422">
        <ele>209.6</ele>
      </trkpt>
      <trkpt lat="39.74226264283061" lon="-8.135925326496363">
        <ele>211.7</ele>
      </trkpt>
      <trkpt lat="39.74213557317853" lon="-8.136254483833909">
        <ele>214</ele>
      </trkpt>
      <trkpt lat="39.742125514894724" lon="-8.136283904314041">
        <ele>214.2</ele>
      </trkpt>
      <trkpt lat="39.7420731279999" lon="-8.136460511013865">
        <ele>215.4</ele>
      </trkpt>
      <trkpt lat="39.742015125229955" lon="-8.136631920933723">
        <ele>215.8</ele>
      </trkpt>
      <trkpt lat="39.74194781854749" lon="-8.136784471571445">
        <ele>215.6</ele>
      </trkpt>
      <trkpt lat="39.74188730120659" lon="-8.136900309473276">
        <ele>215.1</ele>
      </trkpt>
      <trkpt lat="39.74175972864032" lon="-8.137048669159412">
        <ele>212.9</ele>
      </trkpt>
      <trkpt lat="39.74157608114183" lon="-8.137180265039206">
        <ele>212.3</ele>
      </trkpt>
      <trkpt lat="39.74142805673182" lon="-8.137230640277267">
        <ele>212.7</ele>
      </trkpt>
      <trkpt lat="39.741243571043015" lon="-8.137268191203475">
        <ele>214.6</ele>
      </trkpt>
      <trkpt lat="39.7411320079118" lon="-8.137267604470253">
        <ele>216.5</ele>
      </trkpt>
      <trkpt lat="39.74103578366339" lon="-8.137269197031856">
        <ele>218.2</ele>
      </trkpt>
      <trkpt lat="39.740871749818325" lon="-8.137214463204145">
        <ele>220.9</ele>
      </trkpt>
      <trkpt lat="39.740854147821665" lon="-8.137203985825181">
        <ele>221</ele>
      </trkpt>
      <trkpt lat="39.74078885279596" lon="-8.137179929763079">
        <ele>222</ele>
      </trkpt>
      <trkpt lat="39.74074593745172" lon="-8.137163165956736">
        <ele>222.9</ele>
      </trkpt>
      <trkpt lat="39.74053664132953" lon="-8.137027211487293">
        <ele>225.3</ele>
      </trkpt>
      <trkpt lat="39.740414936095476" lon="-8.136912798509002">
        <ele>224.4</ele>
      </trkpt>
      <trkpt lat="39.74027093499899" lon="-8.136720350012183">
        <ele>222</ele>
      </trkpt>
      <trkpt lat="39.74009709432721" lon="-8.136460343375802">
        <ele>220.2</ele>
      </trkpt>
      <trkpt lat="39.73994655534625" lon="-8.136231517419219">
        <ele>221.5</ele>
      </trkpt>
      <trkpt lat="39.73982845433056" lon="-8.136055748909712">
        <ele>223.4</ele>
      </trkpt>
      <trkpt lat="39.739775229245424" lon="-8.135978719219565">
        <ele>224.6</ele>
      </trkpt>
      <trkpt lat="39.73964564502239" lon="-8.135803705081344">
        <ele>228.2</ele>
      </trkpt>
      <trkpt lat="39.73951891064644" lon="-8.135650232434273">
        <ele>230.9</ele>
      </trkpt>
      <trkpt lat="39.73926971666515" lon="-8.13545803539455">
        <ele>234.4</ele>
      </trkpt>
      <trkpt lat="39.73904558457434" lon="-8.135355105623603">
        <ele>235.7</ele>
      </trkpt>
      <trkpt lat="39.73883838392794" lon="-8.135278075933456">
        <ele>236.4</ele>
      </trkpt>
      <trkpt lat="39.73851526156068" lon="-8.135158130899072">
        <ele>238.1</ele>
      </trkpt>
      <trkpt lat="39.7383691649884" lon="-8.135105073451996">
        <ele>238.9</ele>
      </trkpt>
      <trkpt lat="39.738150062039495" lon="-8.135061236098409">
        <ele>237.9</ele>
      </trkpt>
      <trkpt lat="39.73808686248958" lon="-8.135062325745821">
        <ele>237.9</ele>
      </trkpt>
      <trkpt lat="39.7379323001951" lon="-8.135088477283716">
        <ele>235.9</ele>
      </trkpt>
      <trkpt lat="39.7377541847527" lon="-8.135174727067351">
        <ele>235.8</ele>
      </trkpt>
      <trkpt lat="39.737614123150706" lon="-8.135281931608915">
        <ele>236.6</ele>
      </trkpt>
      <trkpt lat="39.737438689917326" lon="-8.135468764230609">
        <ele>240</ele>
      </trkpt>
      <trkpt lat="39.73729376681149" lon="-8.135624332353473">
        <ele>242.8</ele>
      </trkpt>
      <trkpt lat="39.73711439408362" lon="-8.135752324014902">
        <ele>242.8</ele>
      </trkpt>
      <trkpt lat="39.73688322119415" lon="-8.135829688981175">
        <ele>241.4</ele>
      </trkpt>
      <trkpt lat="39.73659354262054" lon="-8.135819379240274">
        <ele>243.8</ele>
      </trkpt>
      <trkpt lat="39.73628718405962" lon="-8.13569013029337">
        <ele>250.7</ele>
      </trkpt>
      <trkpt lat="39.73598912358284" lon="-8.135486198589206">
        <ele>252.5</ele>
      </trkpt>
      <trkpt lat="39.73568134009838" lon="-8.13539257273078">
        <ele>250</ele>
      </trkpt>
      <trkpt lat="39.73565007559955" lon="-8.135389806702733">
        <ele>249.8</ele>
      </trkpt>
      <trkpt lat="39.73548788577318" lon="-8.13539944589138">
        <ele>249.5</ele>
      </trkpt>
      <trkpt lat="39.73542435094714" lon="-8.135406486690044">
        <ele>249.5</ele>
      </trkpt>
      <trkpt lat="39.73520549945533" lon="-8.13543951138854">
        <ele>249.8</ele>
      </trkpt>
      <trkpt lat="39.734984720125794" lon="-8.1354795768857">
        <ele>250.4</ele>
      </trkpt>
      <trkpt lat="39.73472789861262" lon="-8.13554210588336">
        <ele>251.3</ele>
      </trkpt>
      <trkpt lat="39.73453260026872" lon="-8.135572196915746">
        <ele>252.3</ele>
      </trkpt>
      <trkpt lat="39.7343041934073" lon="-8.1356090772897">
        <ele>254.1</ele>
      </trkpt>
      <trkpt lat="39.73402038216591" lon="-8.135666912421584">
        <ele>258.3</ele>
      </trkpt>
      <trkpt lat="39.73385685123503" lon="-8.135697087273002">
        <ele>260.8</ele>
      </trkpt>
      <trkpt lat="39.73359910771251" lon="-8.135741343721747">
        <ele>261.9</ele>
      </trkpt>
      <trkpt lat="39.73327489569783" lon="-8.135801358148456">
        <ele>261.9</ele>
      </trkpt>
      <trkpt lat="39.73311689682305" lon="-8.135825665667653">
        <ele>261.9</ele>
      </trkpt>
      <trkpt lat="39.73289905115962" lon="-8.135848212987185">
        <ele>262.3</ele>
      </trkpt>
      <trkpt lat="39.732838198542595" lon="-8.135847374796867">
        <ele>262.6</ele>
      </trkpt>
      <trkpt lat="39.73268791101873" lon="-8.135836310684681">
        <ele>263.2</ele>
      </trkpt>
      <trkpt lat="39.732539718970656" lon="-8.135792976245284">
        <ele>264.1</ele>
      </trkpt>
      <trkpt lat="39.73236654885113" lon="-8.135709073394537">
        <ele>265.3</ele>
      </trkpt>
      <trkpt lat="39.732148703187704" lon="-8.135545123368502">
        <ele>266.9</ele>
      </trkpt>
      <trkpt lat="39.73191484808922" lon="-8.135359045118093">
        <ele>269.6</ele>
      </trkpt>
      <trkpt lat="39.73177973181009" lon="-8.135260390117764">
        <ele>271.6</ele>
      </trkpt>
      <trkpt lat="39.731548726558685" lon="-8.135103229433298">
        <ele>273.3</ele>
      </trkpt>
      <trkpt lat="39.7314303740859" lon="-8.135045059025288">
        <ele>273.2</ele>
      </trkpt>
      <trkpt lat="39.73112057894468" lon="-8.134978925809264">
        <ele>271.4</ele>
      </trkpt>
      <trkpt lat="39.73090340383351" lon="-8.134994683787227">
        <ele>270.7</ele>
      </trkpt>
      <trkpt lat="39.730638870969415" lon="-8.13508034683764">
        <ele>271.8</ele>
      </trkpt>
      <trkpt lat="39.73051255568862" lon="-8.135093757882714">
        <ele>272.6</ele>
      </trkpt>
      <trkpt lat="39.730268474668264" lon="-8.135176822543144">
        <ele>277</ele>
      </trkpt>
      <trkpt lat="39.7300835698843" lon="-8.135227784514427">
        <ele>280.2</ele>
      </trkpt>
      <trkpt lat="39.729843344539404" lon="-8.135289726778865">
        <ele>279.9</ele>
      </trkpt>
      <trkpt lat="39.729541931301355" lon="-8.135370444506407">
        <ele>276.3</ele>
      </trkpt>
      <trkpt lat="39.729345543310046" lon="-8.135421825572848">
        <ele>276.7</ele>
      </trkpt>
      <trkpt lat="39.72915234044194" lon="-8.135481337085366">
        <ele>278.6</ele>
      </trkpt>
      <trkpt lat="39.72894161939621" lon="-8.135595247149467">
        <ele>281.1</ele>
      </trkpt>
      <trkpt lat="39.72891186363995" lon="-8.135616537183523">
        <ele>281.6</ele>
      </trkpt>
      <trkpt lat="39.728768365457654" lon="-8.135736230760813">
        <ele>283.9</ele>
      </trkpt>
      <trkpt lat="39.72860651090741" lon="-8.13592180609703">
        <ele>285.8</ele>
      </trkpt>
      <trkpt lat="39.7285845503211" lon="-8.13594913110137">
        <ele>286.1</ele>
      </trkpt>
      <trkpt lat="39.728432251140475" lon="-8.136186758056283">
        <ele>287</ele>
      </trkpt>
      <trkpt lat="39.72828975878656" lon="-8.136465540155768">
        <ele>286.3</ele>
      </trkpt>
      <trkpt lat="39.72816562280059" lon="-8.136723199859262">
        <ele>285.4</ele>
      </trkpt>
      <trkpt lat="39.72803344018757" lon="-8.137007262557745">
        <ele>286.7</ele>
      </trkpt>
      <trkpt lat="39.727931348606944" lon="-8.13722644932568">
        <ele>290</ele>
      </trkpt>
      <trkpt lat="39.72782506607473" lon="-8.13744873739779">
        <ele>293</ele>
      </trkpt>
      <trkpt lat="39.727719370275736" lon="-8.137669935822487">
        <ele>295.4</ele>
      </trkpt>
      <trkpt lat="39.727629935368896" lon="-8.137848302721977">
        <ele>297</ele>
      </trkpt>
      <trkpt lat="39.72751057706773" lon="-8.138044187799096">
        <ele>297.6</ele>
      </trkpt>
      <trkpt lat="39.727365570142865" lon="-8.138223895803094">
        <ele>297.1</ele>
      </trkpt>
      <trkpt lat="39.72716264426708" lon="-8.138375943526626">
        <ele>297.9</ele>
      </trkpt>
      <trkpt lat="39.726825691759586" lon="-8.13848314806819">
        <ele>299.9</ele>
      </trkpt>
      <trkpt lat="39.726617988198996" lon="-8.138485997915268">
        <ele>299</ele>
      </trkpt>
      <trkpt lat="39.72658697515726" lon="-8.138484070077538">
        <ele>298.8</ele>
      </trkpt>
      <trkpt lat="39.726396119222045" lon="-8.138456493616104">
        <ele>297.1</ele>
      </trkpt>
      <trkpt lat="39.72604315727949" lon="-8.138402681797743">
        <ele>298.1</ele>
      </trkpt>
      <trkpt lat="39.72567695192993" lon="-8.13834392465651">
        <ele>305.1</ele>
      </trkpt>
      <trkpt lat="39.725423315539956" lon="-8.138302518054843">
        <ele>306</ele>
      </trkpt>
      <trkpt lat="39.72525794059038" lon="-8.138274606317282">
        <ele>305.2</ele>
      </trkpt>
      <trkpt lat="39.7250756341964" lon="-8.138216771185398">
        <ele>305</ele>
      </trkpt>
      <trkpt lat="39.72498318180442" lon="-8.138207299634814">
        <ele>304.7</ele>
      </trkpt>
      <trkpt lat="39.72464161925018" lon="-8.13817729242146">
        <ele>303.4</ele>
      </trkpt>
      <trkpt lat="39.72440717741847" lon="-8.138156002387404">
        <ele>302.9</ele>
      </trkpt>
      <trkpt lat="39.72417960874736" lon="-8.13816555775702">
        <ele>302.9</ele>
      </trkpt>
      <trkpt lat="39.72389906644821" lon="-8.138232612982392">
        <ele>303.3</ele>
      </trkpt>
      <trkpt lat="39.723718939349055" lon="-8.138284664601088">
        <ele>304.1</ele>
      </trkpt>
      <trkpt lat="39.723485335707664" lon="-8.138361778110266">
        <ele>307.5</ele>
      </trkpt>
      <trkpt lat="39.72335625439882" lon="-8.138407710939646">
        <ele>310.1</ele>
      </trkpt>
      <trkpt lat="39.72306137904525" lon="-8.138511730358005">
        <ele>311.4</ele>
      </trkpt>
      <trkpt lat="39.722892651334405" lon="-8.138568140566349">
        <ele>311.3</ele>
      </trkpt>
      <trkpt lat="39.72268863581121" lon="-8.13864047639072">
        <ele>311.9</ele>
      </trkpt>
      <trkpt lat="39.722347324714065" lon="-8.138758828863502">
        <ele>313.2</ele>
      </trkpt>
      <trkpt lat="39.72199084237218" lon="-8.138885060325265">
        <ele>313.3</ele>
      </trkpt>
      <trkpt lat="39.7217858210206" lon="-8.138958988711238">
        <ele>314.7</ele>
      </trkpt>
      <trkpt lat="39.72173326648772" lon="-8.138976087793708">
        <ele>315.2</ele>
      </trkpt>
      <trkpt lat="39.72165715880692" lon="-8.139004167169333">
        <ele>315.9</ele>
      </trkpt>
      <trkpt lat="39.72139866091311" lon="-8.139092847704887">
        <ele>317</ele>
      </trkpt>
      <trkpt lat="39.72120822407305" lon="-8.139168955385685">
        <ele>317.7</ele>
      </trkpt>
      <trkpt lat="39.72112365067005" lon="-8.139198794960976">
        <ele>318.1</ele>
      </trkpt>
      <trkpt lat="39.7209900431335" lon="-8.13924984075129">
        <ele>318.4</ele>
      </trkpt>
      <trkpt lat="39.72067848779261" lon="-8.139360984787345">
        <ele>319.4</ele>
      </trkpt>
      <trkpt lat="39.72050196491182" lon="-8.139422591775656">
        <ele>320.2</ele>
      </trkpt>
      <trkpt lat="39.72039534710348" lon="-8.139463411644101">
        <ele>320.6</ele>
      </trkpt>
      <trkpt lat="39.720271127298474" lon="-8.139513619244099">
        <ele>321</ele>
      </trkpt>
      <trkpt lat="39.72019258886576" lon="-8.139546643942595">
        <ele>321.2</ele>
      </trkpt>
      <trkpt lat="39.72008521668613" lon="-8.13957815989852">
        <ele>321.2</ele>
      </trkpt>
      <trkpt lat="39.71990349702537" lon="-8.139640856534243">
        <ele>320.9</ele>
      </trkpt>
      <trkpt lat="39.71975631080568" lon="-8.139683855697513">
        <ele>320.6</ele>
      </trkpt>
      <trkpt lat="39.71967173740268" lon="-8.139704558998346">
        <ele>320.7</ele>
      </trkpt>
      <trkpt lat="39.719539219513535" lon="-8.139728866517544">
        <ele>321.5</ele>
      </trkpt>
      <trkpt lat="39.719431763514876" lon="-8.13973699696362">
        <ele>322.3</ele>
      </trkpt>
      <trkpt lat="39.719320787116885" lon="-8.139739008620381">
        <ele>323.7</ele>
      </trkpt>
      <trkpt lat="39.719273429363966" lon="-8.139728950336576">
        <ele>324.3</ele>
      </trkpt>
      <trkpt lat="39.71925197169185" lon="-8.139709504321218">
        <ele>324.5</ele>
      </trkpt>
      <trkpt lat="39.719216683879495" lon="-8.139712437987328">
        <ele>324.9</ele>
      </trkpt>
      <trkpt lat="39.71913982182741" lon="-8.139715623110533">
        <ele>326.4</ele>
      </trkpt>
      <trkpt lat="39.71907276660204" lon="-8.139704391360283">
        <ele>327.6</ele>
      </trkpt>
      <trkpt lat="39.71894050016999" lon="-8.139677988365293">
        <ele>330</ele>
      </trkpt>
      <trkpt lat="39.71879264339805" lon="-8.139645969495177">
        <ele>332.7</ele>
      </trkpt>
      <trkpt lat="39.71866188570857" lon="-8.139616465196013">
        <ele>334.9</ele>
      </trkpt>
      <trkpt lat="39.718518890440464" lon="-8.139583691954613">
        <ele>337.3</ele>
      </trkpt>
      <trkpt lat="39.71838913857937" lon="-8.13955519348383">
        <ele>339.6</ele>
      </trkpt>
      <trkpt lat="39.7182993683964" lon="-8.139539435505867">
        <ele>341.1</ele>
      </trkpt>
      <trkpt lat="39.71817322075367" lon="-8.139514541253448">
        <ele>343.6</ele>
      </trkpt>
      <trkpt lat="39.718044055625796" lon="-8.13948143273592">
        <ele>346.1</ele>
      </trkpt>
      <trkpt lat="39.717901730909944" lon="-8.139440948143601">
        <ele>348.6</ele>
      </trkpt>
      <trkpt lat="39.71781120635569" lon="-8.139427285641432">
        <ele>350</ele>
      </trkpt>
      <trkpt lat="39.71768799237907" lon="-8.139407504349947">
        <ele>351.6</ele>
      </trkpt>
      <trkpt lat="39.71755187027156" lon="-8.139391327276826">
        <ele>352.7</ele>
      </trkpt>
      <trkpt lat="39.71742664463818" lon="-8.139414293691516">
        <ele>354</ele>
      </trkpt>
      <trkpt lat="39.71729462966323" lon="-8.139445474371314">
        <ele>355</ele>
      </trkpt>
      <trkpt lat="39.71716747619212" lon="-8.139500124379992">
        <ele>356.1</ele>
      </trkpt>
      <trkpt lat="39.71703177317977" lon="-8.139579501003027">
        <ele>357.2</ele>
      </trkpt>
      <trkpt lat="39.71690772101283" lon="-8.139670863747597">
        <ele>358.4</ele>
      </trkpt>
      <trkpt lat="39.716779896989465" lon="-8.139809416607022">
        <ele>359.7</ele>
      </trkpt>
      <trkpt lat="39.71668979153037" lon="-8.1399245839566">
        <ele>360.4</ele>
      </trkpt>
      <trkpt lat="39.71660806797445" lon="-8.140023490414023">
        <ele>360.8</ele>
      </trkpt>
      <trkpt lat="39.71650505438447" lon="-8.140155086293817">
        <ele>361.2</ele>
      </trkpt>
      <trkpt lat="39.716397849842906" lon="-8.140292633324862">
        <ele>361.7</ele>
      </trkpt>
      <trkpt lat="39.716270696371794" lon="-8.140430934727192">
        <ele>362</ele>
      </trkpt>
      <trkpt lat="39.71615846268833" lon="-8.14052321948111">
        <ele>362.5</ele>
      </trkpt>
      <trkpt lat="39.71607078798115" lon="-8.14058088697493">
        <ele>363</ele>
      </trkpt>
      <trkpt lat="39.715928211808205" lon="-8.140651378780603">
        <ele>363.7</ele>
      </trkpt>
      <trkpt lat="39.71576719544828" lon="-8.140697898343205">
        <ele>364.4</ele>
      </trkpt>
      <trkpt lat="39.715592516586185" lon="-8.140710555016994">
        <ele>366.1</ele>
      </trkpt>
      <trkpt lat="39.71546335145831" lon="-8.140697060152888">
        <ele>367.6</ele>
      </trkpt>
      <trkpt lat="39.71528205089271" lon="-8.1406653765589">
        <ele>370.3</ele>
      </trkpt>
      <trkpt lat="39.71511147916317" lon="-8.140624137595296">
        <ele>371.4</ele>
      </trkpt>
      <trkpt lat="39.71490243449807" lon="-8.140601674094796">
        <ele>372.8</ele>
      </trkpt>
      <trkpt lat="39.71478207036853" lon="-8.140612067654729">
        <ele>374</ele>
      </trkpt>
      <trkpt lat="39.714596159756184" lon="-8.140657832846045">
        <ele>376.2</ele>
      </trkpt>
      <trkpt lat="39.71443195827305" lon="-8.140744585543871">
        <ele>378.8</ele>
      </trkpt>
      <trkpt lat="39.714320646598935" lon="-8.140827985480428">
        <ele>380.4</ele>
      </trkpt>
      <trkpt lat="39.71423523500562" lon="-8.140903674066067">
        <ele>382.2</ele>
      </trkpt>
      <trkpt lat="39.714140854775906" lon="-8.140997802838683">
        <ele>383.7</ele>
      </trkpt>
      <trkpt lat="39.71402568742633" lon="-8.14112026244402">
        <ele>384.4</ele>
      </trkpt>
      <trkpt lat="39.713892079889774" lon="-8.14127029851079">
        <ele>385.3</ele>
      </trkpt>
      <trkpt lat="39.71381119452417" lon="-8.141377754509449">
        <ele>385.5</ele>
      </trkpt>
      <trkpt lat="39.713712288066745" lon="-8.14146970398724">
        <ele>385.1</ele>
      </trkpt>
      <trkpt lat="39.713621428236365" lon="-8.141552433371544">
        <ele>385.4</ele>
      </trkpt>
      <trkpt lat="39.71354800276458" lon="-8.141612196341157">
        <ele>385.6</ele>
      </trkpt>
      <trkpt lat="39.71339997835457" lon="-8.1417135335505">
        <ele>385.7</ele>
      </trkpt>
      <trkpt lat="39.7132102958858" lon="-8.141790060326457">
        <ele>386.2</ele>
      </trkpt>
      <trkpt lat="39.71311071887612" lon="-8.141814367845654">
        <ele>386.5</ele>
      </trkpt>
      <trkpt lat="39.712924640625715" lon="-8.1418327242136">
        <ele>386.9</ele>
      </trkpt>
      <trkpt lat="39.71268299035728" lon="-8.141803974285722">
        <ele>387.4</ele>
      </trkpt>
      <trkpt lat="39.71253580413759" lon="-8.141754437237978">
        <ele>388.3</ele>
      </trkpt>
      <trkpt lat="39.71240462735295" lon="-8.14169542863965">
        <ele>389.7</ele>
      </trkpt>
      <trkpt lat="39.71222843974829" lon="-8.141579004004598">
        <ele>391.3</ele>
      </trkpt>
      <trkpt lat="39.71210950054228" lon="-8.141490994021297">
        <ele>392.3</ele>
      </trkpt>
      <trkpt lat="39.71201562322676" lon="-8.141410443931818">
        <ele>392.9</ele>
      </trkpt>
      <trkpt lat="39.711851086467505" lon="-8.141264850273728">
        <ele>393.4</ele>
      </trkpt>
      <trkpt lat="39.711747989058495" lon="-8.141173403710127">
        <ele>394.2</ele>
      </trkpt>
      <trkpt lat="39.71157054416835" lon="-8.141021272167563">
        <ele>396.8</ele>
      </trkpt>
      <trkpt lat="39.71144741401076" lon="-8.14090970903635">
        <ele>399.8</ele>
      </trkpt>
      <trkpt lat="39.71135043539107" lon="-8.14082463271916">
        <ele>402.5</ele>
      </trkpt>
      <trkpt lat="39.71125337295234" lon="-8.14073377288878">
        <ele>404.4</ele>
      </trkpt>
      <trkpt lat="39.71112529747188" lon="-8.140624640509486">
        <ele>407.3</ele>
      </trkpt>
      <trkpt lat="39.71095095388591" lon="-8.140453901141882">
        <ele>407.8</ele>
      </trkpt>
      <trkpt lat="39.71085615456104" lon="-8.140341164544225">
        <ele>408.1</ele>
      </trkpt>
      <trkpt lat="39.710717014968395" lon="-8.140137065201998">
        <ele>409.8</ele>
      </trkpt>
      <trkpt lat="39.710594890639186" lon="-8.139944784343243">
        <ele>412.5</ele>
      </trkpt>
      <trkpt lat="39.71050478518009" lon="-8.139803884550929">
        <ele>414.6</ele>
      </trkpt>
      <trkpt lat="39.71037285402417" lon="-8.139598025009036">
        <ele>417.4</ele>
      </trkpt>
      <trkpt lat="39.7102384082973" lon="-8.139395602047443">
        <ele>419.3</ele>
      </trkpt>
      <trkpt lat="39.71006733365357" lon="-8.139126040041447">
        <ele>419.4</ele>
      </trkpt>
      <trkpt lat="39.70996574498713" lon="-8.138961335644126">
        <ele>418.4</ele>
      </trkpt>
      <trkpt lat="39.70994487404823" lon="-8.138927472755313">
        <ele>418.2</ele>
      </trkpt>
      <trkpt lat="39.709841441363096" lon="-8.138750698417425">
        <ele>417</ele>
      </trkpt>
      <trkpt lat="39.70967413857579" lon="-8.138484321534634">
        <ele>416.7</ele>
      </trkpt>
      <trkpt lat="39.70946157351136" lon="-8.138125743716955">
        <ele>415.8</ele>
      </trkpt>
      <trkpt lat="39.70919460989535" lon="-8.13769499771297">
        <ele>414.2</ele>
      </trkpt>
      <trkpt lat="39.708960922434926" lon="-8.13732124865055">
        <ele>411.6</ele>
      </trkpt>
      <trkpt lat="39.70861265435815" lon="-8.13677005469799">
        <ele>409.4</ele>
      </trkpt>
      <trkpt lat="39.70854316838086" lon="-8.136655809357762">
        <ele>409.8</ele>
      </trkpt>
      <trkpt lat="39.708428336307406" lon="-8.136474341154099">
        <ele>409.4</ele>
      </trkpt>
      <trkpt lat="39.70826187171042" lon="-8.136213915422559">
        <ele>408.1</ele>
      </trkpt>
      <trkpt lat="39.70807570964098" lon="-8.13591979444027">
        <ele>408.1</ele>
      </trkpt>
      <trkpt lat="39.707920644432306" lon="-8.135672947391868">
        <ele>410.6</ele>
      </trkpt>
      <trkpt lat="39.70775283873081" lon="-8.13540673814714">
        <ele>412.7</ele>
      </trkpt>
      <trkpt lat="39.707636162638664" lon="-8.135219234973192">
        <ele>412.6</ele>
      </trkpt>
      <trkpt lat="39.707461735233665" lon="-8.134920671582222">
        <ele>409.2</ele>
      </trkpt>
      <trkpt lat="39.707311782985926" lon="-8.134598387405276">
        <ele>404.9</ele>
      </trkpt>
      <trkpt lat="39.70727138221264" lon="-8.134480956941843">
        <ele>403.5</ele>
      </trkpt>
      <trkpt lat="39.707203824073076" lon="-8.134227823466063">
        <ele>402.2</ele>
      </trkpt>
      <trkpt lat="39.707179768010974" lon="-8.134090611711144">
        <ele>401.4</ele>
      </trkpt>
      <trkpt lat="39.70716283656657" lon="-8.133956585079432">
        <ele>400.9</ele>
      </trkpt>
      <trkpt lat="39.707143642008305" lon="-8.133675120770931">
        <ele>400.1</ele>
      </trkpt>
      <trkpt lat="39.70712427981198" lon="-8.133238507434726">
        <ele>398.8</ele>
      </trkpt>
      <trkpt lat="39.70711204223335" lon="-8.132938938215375">
        <ele>399.8</ele>
      </trkpt>
      <trkpt lat="39.707093769684434" lon="-8.132483884692192">
        <ele>402.2</ele>
      </trkpt>
      <trkpt lat="39.70708195120096" lon="-8.132182052358985">
        <ele>401.3</ele>
      </trkpt>
      <trkpt lat="39.70707004889846" lon="-8.131879046559334">
        <ele>397.4</ele>
      </trkpt>
      <trkpt lat="39.70706376247108" lon="-8.131726076826453">
        <ele>395.3</ele>
      </trkpt>
      <trkpt lat="39.70705839805305" lon="-8.131573274731636">
        <ele>393.2</ele>
      </trkpt>
      <trkpt lat="39.707053201273084" lon="-8.131420137360692">
        <ele>392.1</ele>
      </trkpt>
      <trkpt lat="39.707046914845705" lon="-8.131268760189414">
        <ele>391.1</ele>
      </trkpt>
      <trkpt lat="39.7070352640003" lon="-8.130971705541015">
        <ele>391.9</ele>
      </trkpt>
      <trkpt lat="39.707022523507476" lon="-8.130684876814485">
        <ele>391.6</ele>
      </trkpt>
      <trkpt lat="39.707015650346875" lon="-8.13054732978344">
        <ele>391.2</ele>
      </trkpt>
      <trkpt lat="39.70698899589479" lon="-8.129889015108347">
        <ele>389.4</ele>
      </trkpt>
      <trkpt lat="39.70696980133653" lon="-8.129513589665294">
        <ele>390.1</ele>
      </trkpt>
      <trkpt lat="39.70687701366842" lon="-8.128814455121756">
        <ele>385.3</ele>
      </trkpt>
      <trkpt lat="39.7067672945559" lon="-8.128391085192561">
        <ele>384.5</ele>
      </trkpt>
      <trkpt lat="39.706631088629365" lon="-8.127993112429976">
        <ele>387</ele>
      </trkpt>
      <trkpt lat="39.7064995765686" lon="-8.127610059455037">
        <ele>389.3</ele>
      </trkpt>
      <trkpt lat="39.70640804618597" lon="-8.12733706086874">
        <ele>390.8</ele>
      </trkpt>
      <trkpt lat="39.70626982860267" lon="-8.126921569928527">
        <ele>390</ele>
      </trkpt>
      <trkpt lat="39.70608006231487" lon="-8.126391163095832">
        <ele>387.5</ele>
      </trkpt>
      <trkpt lat="39.705875627696514" lon="-8.125889003276825">
        <ele>389.1</ele>
      </trkpt>
      <trkpt lat="39.70560128800571" lon="-8.125403691083193">
        <ele>392.6</ele>
      </trkpt>
      <trkpt lat="39.70516056753695" lon="-8.12496330589056">
        <ele>393.8</ele>
      </trkpt>
      <trkpt lat="39.705018159002066" lon="-8.124871272593737">
        <ele>394.6</ele>
      </trkpt>
      <trkpt lat="39.70467492006719" lon="-8.124732049182057">
        <ele>397.5</ele>
      </trkpt>
      <trkpt lat="39.70451893284917" lon="-8.124723918735981">
        <ele>397.7</ele>
      </trkpt>
      <trkpt lat="39.70446763560176" lon="-8.124711345881224">
        <ele>397.7</ele>
      </trkpt>
      <trkpt lat="39.70398827455938" lon="-8.12462467700243">
        <ele>396.9</ele>
      </trkpt>
      <trkpt lat="39.70374804921448" lon="-8.124595591798425">
        <ele>398.2</ele>
      </trkpt>
      <trkpt lat="39.70355643890798" lon="-8.124608332291245">
        <ele>399.5</ele>
      </trkpt>
      <trkpt lat="39.70343724824488" lon="-8.124638590961695">
        <ele>400.5</ele>
      </trkpt>
      <trkpt lat="39.70329249277711" lon="-8.124705227091908">
        <ele>401.6</ele>
      </trkpt>
      <trkpt lat="39.70324236899614" lon="-8.12474093399942">
        <ele>401.9</ele>
      </trkpt>
      <trkpt lat="39.70308872871101" lon="-8.12489340081811">
        <ele>402.2</ele>
      </trkpt>
      <trkpt lat="39.70299636013806" lon="-8.125038156285882">
        <ele>402</ele>
      </trkpt>
      <trkpt lat="39.70298269763589" lon="-8.125062715262175">
        <ele>402</ele>
      </trkpt>
      <trkpt lat="39.70292787998915" lon="-8.125189952552319">
        <ele>401.3</ele>
      </trkpt>
      <trkpt lat="39.70288446173072" lon="-8.125305538997054">
        <ele>401.4</ele>
      </trkpt>
      <trkpt lat="39.702862333506346" lon="-8.125376868993044">
        <ele>401.5</ele>
      </trkpt>
      <trkpt lat="39.70281564630568" lon="-8.125516176223755">
        <ele>402</ele>
      </trkpt>
      <trkpt lat="39.70278471708298" lon="-8.125659925863147">
        <ele>402.6</ele>
      </trkpt>
      <trkpt lat="39.702767031267285" lon="-8.125771237537265">
        <ele>403</ele>
      </trkpt>
      <trkpt lat="39.70274934545159" lon="-8.125903503969312">
        <ele>403.4</ele>
      </trkpt>
      <trkpt lat="39.70274490304291" lon="-8.12593812122941">
        <ele>403.6</ele>
      </trkpt>
      <trkpt lat="39.702728390693665" lon="-8.126057144254446">
        <ele>404.1</ele>
      </trkpt>
      <trkpt lat="39.70272218808532" lon="-8.126095868647099">
        <ele>404.4</ele>
      </trkpt>
      <trkpt lat="39.70271011814475" lon="-8.126296028494835">
        <ele>406.1</ele>
      </trkpt>
      <trkpt lat="39.702682960778475" lon="-8.126475987955928">
        <ele>408.5</ele>
      </trkpt>
      <trkpt lat="39.702653624117374" lon="-8.12665150500834">
        <ele>411.4</ele>
      </trkpt>
      <trkpt lat="39.70259997993708" lon="-8.126960713416338">
        <ele>415.1</ele>
      </trkpt>
      <trkpt lat="39.7025762591511" lon="-8.127176128327847">
        <ele>416</ele>
      </trkpt>
      <trkpt lat="39.70254390500486" lon="-8.127458011731505">
        <ele>415.6</ele>
      </trkpt>
      <trkpt lat="39.7025331761688" lon="-8.127520037814975">
        <ele>415.6</ele>
      </trkpt>
      <trkpt lat="39.70249813981354" lon="-8.127776104956865">
        <ele>415.4</ele>
      </trkpt>
      <trkpt lat="39.702494367957115" lon="-8.127805860713124">
        <ele>415.6</ele>
      </trkpt>
      <trkpt lat="39.70245933160186" lon="-8.1280299089849">
        <ele>417.4</ele>
      </trkpt>
      <trkpt lat="39.70242756418884" lon="-8.1282439827919">
        <ele>419.9</ele>
      </trkpt>
      <trkpt lat="39.702419098466635" lon="-8.12836560420692">
        <ele>421</ele>
      </trkpt>
      <trkpt lat="39.702393198385835" lon="-8.128536259755492">
        <ele>420.8</ele>
      </trkpt>
      <trkpt lat="39.702368807047606" lon="-8.128698952496052">
        <ele>420.5</ele>
      </trkpt>
      <trkpt lat="39.70231583341956" lon="-8.128865920007229">
        <ele>420.7</ele>
      </trkpt>
      <trkpt lat="39.702273923903704" lon="-8.128967005759478">
        <ele>421.2</ele>
      </trkpt>
      <trkpt lat="39.70220695249736" lon="-8.12907655723393">
        <ele>422.5</ele>
      </trkpt>
      <trkpt lat="39.70219697803259" lon="-8.129096422344446">
        <ele>422.7</ele>
      </trkpt>
      <trkpt lat="39.70212263055146" lon="-8.129243357107043">
        <ele>424</ele>
      </trkpt>
      <trkpt lat="39.70204258337617" lon="-8.129346119239926">
        <ele>425.8</ele>
      </trkpt>
      <trkpt lat="39.702032105997205" lon="-8.129365900531411">
        <ele>425.9</ele>
      </trkpt>
      <trkpt lat="39.70187712460756" lon="-8.129519121721387">
        <ele>427.8</ele>
      </trkpt>
      <trkpt lat="39.701712084934115" lon="-8.129642168059945">
        <ele>429.3</ele>
      </trkpt>
      <trkpt lat="39.701581075787544" lon="-8.1297049485147">
        <ele>430.8</ele>
      </trkpt>
      <trkpt lat="39.70131712965667" lon="-8.12981877475977">
        <ele>435.1</ele>
      </trkpt>
      <trkpt lat="39.70108193345368" lon="-8.129881639033556">
        <ele>438.6</ele>
      </trkpt>
      <trkpt lat="39.7009202465415" lon="-8.129917178303003">
        <ele>441.2</ele>
      </trkpt>
      <trkpt lat="39.70076107420027" lon="-8.129962189123034">
        <ele>444.2</ele>
      </trkpt>
      <trkpt lat="39.70061380416155" lon="-8.130014576017857">
        <ele>445.9</ele>
      </trkpt>
      <trkpt lat="39.700450440868735" lon="-8.130087414756417">
        <ele>447.4</ele>
      </trkpt>
      <trkpt lat="39.70033577643335" lon="-8.130155308172107">
        <ele>448.9</ele>
      </trkpt>
      <trkpt lat="39.700207114219666" lon="-8.13031230121851">
        <ele>449.2</ele>
      </trkpt>
      <trkpt lat="39.70011692494154" lon="-8.13047356903553">
        <ele>450</ele>
      </trkpt>
      <trkpt lat="39.7000568266958" lon="-8.130716225132346">
        <ele>450</ele>
      </trkpt>
      <trkpt lat="39.70006009563804" lon="-8.130935160443187">
        <ele>449.7</ele>
      </trkpt>
      <trkpt lat="39.70011600293219" lon="-8.131191227585077">
        <ele>449.5</ele>
      </trkpt>
      <trkpt lat="39.700191020965576" lon="-8.131438409909606">
        <ele>448.4</ele>
      </trkpt>
      <trkpt lat="39.70024600625038" lon="-8.131649801507592">
        <ele>446.9</ele>
      </trkpt>
      <trkpt lat="39.70031725242734" lon="-8.131870329380035">
        <ele>444</ele>
      </trkpt>
      <trkpt lat="39.700325801968575" lon="-8.132113153114915">
        <ele>447</ele>
      </trkpt>
      <trkpt lat="39.70031624659896" lon="-8.132391851395369">
        <ele>449.9</ele>
      </trkpt>
      <trkpt lat="39.70030317083001" lon="-8.132501738145947">
        <ele>451.2</ele>
      </trkpt>
      <trkpt lat="39.700245754793286" lon="-8.132718997076154">
        <ele>452.3</ele>
      </trkpt>
      <trkpt lat="39.70015606842935" lon="-8.13294698484242">
        <ele>453.6</ele>
      </trkpt>
      <trkpt lat="39.69999396242201" lon="-8.133162232115865">
        <ele>456.8</ele>
      </trkpt>
      <trkpt lat="39.69982925802469" lon="-8.133304389193654">
        <ele>459.6</ele>
      </trkpt>
      <trkpt lat="39.69962054863572" lon="-8.133408827707171">
        <ele>461.3</ele>
      </trkpt>
      <trkpt lat="39.69951577484608" lon="-8.133436990901828">
        <ele>461.9</ele>
      </trkpt>
      <trkpt lat="39.69933623448014" lon="-8.1334747094661">
        <ele>462.8</ele>
      </trkpt>
      <trkpt lat="39.699198603630066" lon="-8.133497508242726">
        <ele>463.7</ele>
      </trkpt>
      <trkpt lat="39.699049489572644" lon="-8.133530113846064">
        <ele>464.4</ele>
      </trkpt>
      <trkpt lat="39.69878696836531" lon="-8.13360270112753">
        <ele>464.9</ele>
      </trkpt>
      <trkpt lat="39.69869459979236" lon="-8.133632792159915">
        <ele>464.5</ele>
      </trkpt>
      <trkpt lat="39.69849083572626" lon="-8.133681239560246">
        <ele>464.4</ele>
      </trkpt>
      <trkpt lat="39.698349349200726" lon="-8.133714431896806">
        <ele>464.9</ele>
      </trkpt>
      <trkpt lat="39.69813443720341" lon="-8.133732955902815">
        <ele>470.5</ele>
      </trkpt>
      <trkpt lat="39.69805279746652" lon="-8.133746115490794">
        <ele>472.3</ele>
      </trkpt>
      <trkpt lat="39.6980189345777" lon="-8.1337752006948">
        <ele>472.3</ele>
      </trkpt>
      <trkpt lat="39.69785783439875" lon="-8.13383680768311">
        <ele>474.4</ele>
      </trkpt>
      <trkpt lat="39.69775482080877" lon="-8.133871424943209">
        <ele>474.5</ele>
      </trkpt>
      <trkpt lat="39.69759698957205" lon="-8.133897492662072">
        <ele>475.5</ele>
      </trkpt>
      <trkpt lat="39.69745181500912" lon="-8.133938312530518">
        <ele>474.8</ele>
      </trkpt>
      <trkpt lat="39.697399428114295" lon="-8.133950969204307">
        <ele>474.7</ele>
      </trkpt>
      <trkpt lat="39.69714688137174" lon="-8.134030932560563">
        <ele>473.9</ele>
      </trkpt>
      <trkpt lat="39.69693121500313" lon="-8.134080050513148">
        <ele>475</ele>
      </trkpt>
      <trkpt lat="39.69675905071199" lon="-8.134169150143862">
        <ele>475.9</ele>
      </trkpt>
      <trkpt lat="39.69662326388061" lon="-8.134267637506127">
        <ele>477.2</ele>
      </trkpt>
      <trkpt lat="39.69650046899915" lon="-8.13442219980061">
        <ele>478.5</ele>
      </trkpt>
      <trkpt lat="39.696419751271605" lon="-8.13458246178925">
        <ele>480.4</ele>
      </trkpt>
      <trkpt lat="39.6963769197464" lon="-8.134679859504104">
        <ele>481.9</ele>
      </trkpt>
      <trkpt lat="39.696316150948405" lon="-8.134847916662693">
        <ele>484.1</ele>
      </trkpt>
      <trkpt lat="39.696249011904" lon="-8.13504220917821">
        <ele>486.4</ele>
      </trkpt>
      <trkpt lat="39.69619184732437" lon="-8.135211523622274">
        <ele>486.9</ele>
      </trkpt>
      <trkpt lat="39.69611850567162" lon="-8.135408079251647">
        <ele>487</ele>
      </trkpt>
      <trkpt lat="39.696044912561774" lon="-8.135601533576846">
        <ele>486.2</ele>
      </trkpt>
      <trkpt lat="39.69597232528031" lon="-8.135821977630258">
        <ele>485.2</ele>
      </trkpt>
      <trkpt lat="39.69587333500385" lon="-8.13612012192607">
        <ele>484.6</ele>
      </trkpt>
      <trkpt lat="39.69582094810903" lon="-8.13628482632339">
        <ele>484.9</ele>
      </trkpt>
      <trkpt lat="39.69572665169835" lon="-8.136584144085646">
        <ele>487.2</ele>
      </trkpt>
      <trkpt lat="39.69557921402156" lon="-8.13699871301651">
        <ele>491</ele>
      </trkpt>
      <trkpt lat="39.695505537092686" lon="-8.137199878692627">
        <ele>491.5</ele>
      </trkpt>
      <trkpt lat="39.69535248354077" lon="-8.137543788179755">
        <ele>492.1</ele>
      </trkpt>
      <trkpt lat="39.695303700864315" lon="-8.1376329716295">
        <ele>491.8</ele>
      </trkpt>
      <trkpt lat="39.69503506086767" lon="-8.137992806732655">
        <ele>489.5</ele>
      </trkpt>
      <trkpt lat="39.69500890932977" lon="-8.138020215556026">
        <ele>489.3</ele>
      </trkpt>
      <trkpt lat="39.694765163585544" lon="-8.138235211372375">
        <ele>489.2</ele>
      </trkpt>
      <trkpt lat="39.69458528794348" lon="-8.138385331258178">
        <ele>489.4</ele>
      </trkpt>
      <trkpt lat="39.69414850696921" lon="-8.138770395889878">
        <ele>491.7</ele>
      </trkpt>
      <trkpt lat="39.694002410396934" lon="-8.138894028961658">
        <ele>493.4</ele>
      </trkpt>
      <trkpt lat="39.6938540507108" lon="-8.1390231102705">
        <ele>493.7</ele>
      </trkpt>
      <trkpt lat="39.693746007978916" lon="-8.139103157445788">
        <ele>493.8</ele>
      </trkpt>
      <trkpt lat="39.69371281564236" lon="-8.139137187972665">
        <ele>493.7</ele>
      </trkpt>
      <trkpt lat="39.693389190360904" lon="-8.139431225135922">
        <ele>489.7</ele>
      </trkpt>
      <trkpt lat="39.69310135580599" lon="-8.139685532078147">
        <ele>487.8</ele>
      </trkpt>
      <trkpt lat="39.69303237274289" lon="-8.13974822871387">
        <ele>487.6</ele>
      </trkpt>
      <trkpt lat="39.69288962893188" lon="-8.139874627813697">
        <ele>488</ele>
      </trkpt>
      <trkpt lat="39.69269282184541" lon="-8.14004142768681">
        <ele>489.9</ele>
      </trkpt>
      <trkpt lat="39.69230415299535" lon="-8.140323730185628">
        <ele>492.9</ele>
      </trkpt>
      <trkpt lat="39.69204003922641" lon="-8.140459433197975">
        <ele>490.4</ele>
      </trkpt>
      <trkpt lat="39.6919853053987" lon="-8.14048558473587">
        <ele>489.7</ele>
      </trkpt>
      <trkpt lat="39.691749857738614" lon="-8.140575187280774">
        <ele>486.4</ele>
      </trkpt>
      <trkpt lat="39.691185001283884" lon="-8.140673423185945">
        <ele>480.9</ele>
      </trkpt>
      <trkpt lat="39.69093413092196" lon="-8.14070736989379">
        <ele>480.1</ele>
      </trkpt>
      <trkpt lat="39.69067219644785" lon="-8.14074064604938">
        <ele>480.8</ele>
      </trkpt>
      <trkpt lat="39.6904950030148" lon="-8.140760930255055">
        <ele>482</ele>
      </trkpt>
      <trkpt lat="39.69031512737274" lon="-8.140783729031682">
        <ele>482.6</ele>
      </trkpt>
      <trkpt lat="39.69013189896941" lon="-8.140805521979928">
        <ele>480.9</ele>
      </trkpt>
      <trkpt lat="39.690039195120335" lon="-8.140814071521163">
        <ele>479.4</ele>
      </trkpt>
      <trkpt lat="39.68985236249864" lon="-8.140836451202631">
        <ele>477.1</ele>
      </trkpt>
      <trkpt lat="39.689661506563425" lon="-8.140851203352213">
        <ele>476</ele>
      </trkpt>
      <trkpt lat="39.68946713022888" lon="-8.140872409567237">
        <ele>476</ele>
      </trkpt>
      <trkpt lat="39.689269065856934" lon="-8.140894956886768">
        <ele>476.1</ele>
      </trkpt>
      <trkpt lat="39.688974022865295" lon="-8.14092974178493">
        <ele>473.9</ele>
      </trkpt>
      <trkpt lat="39.68868141062558" lon="-8.140952875837684">
        <ele>468.9</ele>
      </trkpt>
      <trkpt lat="39.688481921330094" lon="-8.140982296317816">
        <ele>465.9</ele>
      </trkpt>
      <trkpt lat="39.688277151435614" lon="-8.141008280217648">
        <ele>463.5</ele>
      </trkpt>
      <trkpt lat="39.68796475790441" lon="-8.141046753153205">
        <ele>460.4</ele>
      </trkpt>
      <trkpt lat="39.687424544245005" lon="-8.141111712902784">
        <ele>458</ele>
      </trkpt>
      <trkpt lat="39.68719965778291" lon="-8.141141049563885">
        <ele>457.7</ele>
      </trkpt>
      <trkpt lat="39.68696898780763" lon="-8.141173487529159">
        <ele>456.5</ele>
      </trkpt>
      <trkpt lat="39.686734126880765" lon="-8.141205506399274">
        <ele>454.1</ele>
      </trkpt>
      <trkpt lat="39.68649297952652" lon="-8.141237189993262">
        <ele>451.5</ele>
      </trkpt>
      <trkpt lat="39.686247976496816" lon="-8.141264766454697">
        <ele>449.5</ele>
      </trkpt>
      <trkpt lat="39.686001716181636" lon="-8.14129720441997">
        <ele>447.9</ele>
      </trkpt>
      <trkpt lat="39.685754869133234" lon="-8.141335509717464">
        <ele>447.1</ele>
      </trkpt>
      <trkpt lat="39.685630816966295" lon="-8.1413509324193">
        <ele>446.8</ele>
      </trkpt>
      <trkpt lat="39.68538128770888" lon="-8.14138219691813">
        <ele>445.4</ele>
      </trkpt>
      <trkpt lat="39.68525815755129" lon="-8.141398541629314">
        <ele>444.4</ele>
      </trkpt>
      <trkpt lat="39.68513720668852" lon="-8.141412287950516">
        <ele>443.4</ele>
      </trkpt>
      <trkpt lat="39.68490092083812" lon="-8.14144229516387">
        <ele>441.9</ele>
      </trkpt>
      <trkpt lat="39.684665724635124" lon="-8.141470709815621">
        <ele>441.6</ele>
      </trkpt>
      <trkpt lat="39.684547958895564" lon="-8.141486551612616">
        <ele>441.7</ele>
      </trkpt>
      <trkpt lat="39.68443002551794" lon="-8.141502728685737">
        <ele>442</ele>
      </trkpt>
      <trkpt lat="39.68431259505451" lon="-8.141519073396921">
        <ele>441.9</ele>
      </trkpt>
      <trkpt lat="39.68419533222914" lon="-8.141535418108106">
        <ele>441.4</ele>
      </trkpt>
      <trkpt lat="39.68396239914" lon="-8.14156198874116">
        <ele>439.4</ele>
      </trkpt>
      <trkpt lat="39.68349728733301" lon="-8.141618985682726">
        <ele>435.1</ele>
      </trkpt>
      <trkpt lat="39.68326594680548" lon="-8.141651088371873">
        <ele>434</ele>
      </trkpt>
      <trkpt lat="39.682923378422856" lon="-8.141693333163857">
        <ele>432.9</ele>
      </trkpt>
      <trkpt lat="39.682701509445906" lon="-8.141722083091736">
        <ele>432.1</ele>
      </trkpt>
      <trkpt lat="39.68238157220185" lon="-8.141762400045991">
        <ele>430.2</ele>
      </trkpt>
      <trkpt lat="39.68217981979251" lon="-8.14178871922195">
        <ele>429.3</ele>
      </trkpt>
      <trkpt lat="39.68172065913677" lon="-8.141856109723449">
        <ele>427</ele>
      </trkpt>
      <trkpt lat="39.68113794922829" lon="-8.141935234889388">
        <ele>425.2</ele>
      </trkpt>
      <trkpt lat="39.68084944412112" lon="-8.142064567655325">
        <ele>423</ele>
      </trkpt>
      <trkpt lat="39.680504612624645" lon="-8.142273696139455">
        <ele>420.6</ele>
      </trkpt>
      <trkpt lat="39.68035960569978" lon="-8.142255172133446">
        <ele>419.8</ele>
      </trkpt>
      <trkpt lat="39.68021443113685" lon="-8.142179483547807">
        <ele>419.1</ele>
      </trkpt>
      <trkpt lat="39.680139664560556" lon="-8.142143273726106">
        <ele>419.3</ele>
      </trkpt>
      <trkpt lat="39.67997948639095" lon="-8.14210052601993">
        <ele>420</ele>
      </trkpt>
      <trkpt lat="39.67989843338728" lon="-8.142096251249313">
        <ele>420.9</ele>
      </trkpt>
      <trkpt lat="39.67973071150482" lon="-8.14211217686534">
        <ele>423.6</ele>
      </trkpt>
      <trkpt lat="39.67947372235358" lon="-8.142146291211247">
        <ele>427.8</ele>
      </trkpt>
      <trkpt lat="39.679231233894825" lon="-8.14217227511108">
        <ele>430.5</ele>
      </trkpt>
      <trkpt lat="39.679156048223376" lon="-8.142172610387206">
        <ele>431</ele>
      </trkpt>
      <trkpt lat="39.67901204712689" lon="-8.14217277802527">
        <ele>432</ele>
      </trkpt>
      <trkpt lat="39.678880870342255" lon="-8.14219138585031">
        <ele>432.5</ele>
      </trkpt>
      <trkpt lat="39.67871809378266" lon="-8.142233463004231">
        <ele>432.9</ele>
      </trkpt>
      <trkpt lat="39.67867107130587" lon="-8.14224662259221">
        <ele>433</ele>
      </trkpt>
      <trkpt lat="39.67853" lon="-8.142264">
        <ele>432.8</ele>
      </trkpt>
      <trkpt lat="39.678422" lon="-8.142277">
        <ele>433.3</ele>
      </trkpt>
      <trkpt lat="39.677469" lon="-8.142404">
        <ele>435</ele>
      </trkpt>
      <trkpt lat="39.677444" lon="-8.142409">
        <ele>434.5</ele>
      </trkpt>
      <trkpt lat="39.67723868787289" lon="-8.142512077465653">
        <ele>435.5</ele>
      </trkpt>
      <trkpt lat="39.67718722298741" lon="-8.142538061365485">
        <ele>435.6</ele>
      </trkpt>
      <trkpt lat="39.677034839987755" lon="-8.142635123804212">
        <ele>436</ele>
      </trkpt>
      <trkpt lat="39.676785226911306" lon="-8.142603104934096">
        <ele>435.2</ele>
      </trkpt>
      <trkpt lat="39.67664114199579" lon="-8.142578797414899">
        <ele>434.7</ele>
      </trkpt>
      <trkpt lat="39.67632648535073" lon="-8.142603607848287">
        <ele>433.8</ele>
      </trkpt>
      <trkpt lat="39.676158260554075" lon="-8.14262573607266">
        <ele>432.7</ele>
      </trkpt>
      <trkpt lat="39.676071340218186" lon="-8.142636800184846">
        <ele>431.8</ele>
      </trkpt>
      <trkpt lat="39.675505477935076" lon="-8.142709387466311">
        <ele>428.6</ele>
      </trkpt>
      <trkpt lat="39.6754059009254" lon="-8.14272154122591">
        <ele>427.8</ele>
      </trkpt>
      <trkpt lat="39.67520406469703" lon="-8.142749033868313">
        <ele>426.5</ele>
      </trkpt>
      <trkpt lat="39.67489921487868" lon="-8.142782896757126">
        <ele>425.3</ele>
      </trkpt>
      <trkpt lat="39.67469343915582" lon="-8.142807707190514">
        <ele>424.5</ele>
      </trkpt>
      <trkpt lat="39.6744803711772" lon="-8.142836121842265">
        <ele>423.5</ele>
      </trkpt>
      <trkpt lat="39.67425833456218" lon="-8.142862524837255">
        <ele>422.2</ele>
      </trkpt>
      <trkpt lat="39.67403202317655" lon="-8.142891861498356">
        <ele>420.6</ele>
      </trkpt>
      <trkpt lat="39.67380462214351" lon="-8.142924383282661">
        <ele>418.5</ele>
      </trkpt>
      <trkpt lat="39.67357856221497" lon="-8.142956988885999">
        <ele>416.2</ele>
      </trkpt>
      <trkpt lat="39.67335711233318" lon="-8.142979787662625">
        <ele>416.3</ele>
      </trkpt>
      <trkpt lat="39.673139" lon="-8.14295">
        <ele>418.8</ele>
      </trkpt>
      <trkpt lat="39.673129" lon="-8.142952">
        <ele>419</ele>
      </trkpt>
      <trkpt lat="39.673064" lon="-8.142994">
        <ele>419.3</ele>
      </trkpt>
      <trkpt lat="39.673029" lon="-8.143037">
        <ele>419.5</ele>
      </trkpt>
      <trkpt lat="39.672983" lon="-8.143066">
        <ele>419.8</ele>
      </trkpt>
      <trkpt lat="39.672932" lon="-8.143075">
        <ele>420</ele>
      </trkpt>
      <trkpt lat="39.672932" lon="-8.143075">
        <ele>428.37</ele>
      </trkpt>
      <trkpt lat="39.672881" lon="-8.143063">
        <ele>428.84</ele>
      </trkpt>
      <trkpt lat="39.672846" lon="-8.143039">
        <ele>429.17</ele>
      </trkpt>
      <trkpt lat="39.672816" lon="-8.143005">
        <ele>429.21</ele>
      </trkpt>
      <trkpt lat="39.672793" lon="-8.142962">
        <ele>428.91</ele>
      </trkpt>
      <trkpt lat="39.672684" lon="-8.14291">
        <ele>429.28</ele>
      </trkpt>
      <trkpt lat="39.672575" lon="-8.142871">
        <ele>429.8</ele>
      </trkpt>
      <trkpt lat="39.672251" lon="-8.142783">
        <ele>430.36</ele>
      </trkpt>
      <trkpt lat="39.67194" lon="-8.142645">
        <ele>429.49</ele>
      </trkpt>
      <trkpt lat="39.671711" lon="-8.142507">
        <ele>428.49</ele>
      </trkpt>
      <trkpt lat="39.671426" lon="-8.142307">
        <ele>426.41</ele>
      </trkpt>
      <trkpt lat="39.67089" lon="-8.141929">
        <ele>422.5</ele>
      </trkpt>
      <trkpt lat="39.670066" lon="-8.141148">
        <ele>408.55</ele>
      </trkpt>
      <trkpt lat="39.670063" lon="-8.141157">
        <ele>408.58</ele>
      </trkpt>
      <trkpt lat="39.670063" lon="-8.141157">
        <ele>408.58</ele>
      </trkpt>
      <trkpt lat="39.670066" lon="-8.141148">
        <ele>408.55</ele>
      </trkpt>
      <trkpt lat="39.66955" lon="-8.140605">
        <ele>400.88</ele>
      </trkpt>
      <trkpt lat="39.669132" lon="-8.140123">
        <ele>394.77</ele>
      </trkpt>
      <trkpt lat="39.668795" lon="-8.13958">
        <ele>391.99</ele>
      </trkpt>
      <trkpt lat="39.668573" lon="-8.138914">
        <ele>391.99</ele>
      </trkpt>
      <trkpt lat="39.668533" lon="-8.138745">
        <ele>392.46</ele>
      </trkpt>
      <trkpt lat="39.668459" lon="-8.138213">
        <ele>395.01</ele>
      </trkpt>
      <trkpt lat="39.66845" lon="-8.137688">
        <ele>399.28</ele>
      </trkpt>
      <trkpt lat="39.668465" lon="-8.137449">
        <ele>401.58</ele>
      </trkpt>
      <trkpt lat="39.668697" lon="-8.134927">
        <ele>425.24</ele>
      </trkpt>
      <trkpt lat="39.668623" lon="-8.134025">
        <ele>429.67</ele>
      </trkpt>
      <trkpt lat="39.668623" lon="-8.134025">
        <ele>429.67</ele>
      </trkpt>
      <trkpt lat="39.668611" lon="-8.133879">
        <ele>430.39</ele>
      </trkpt>
      <trkpt lat="39.668358" lon="-8.132895">
        <ele>424.77</ele>
      </trkpt>
      <trkpt lat="39.668063" lon="-8.132338">
        <ele>419.4</ele>
      </trkpt>
      <trkpt lat="39.667827" lon="-8.131974">
        <ele>416.11</ele>
      </trkpt>
      <trkpt lat="39.667412" lon="-8.131519">
        <ele>412.06</ele>
      </trkpt>
      <trkpt lat="39.667076" lon="-8.131252">
        <ele>408.07</ele>
      </trkpt>
      <trkpt lat="39.666256" lon="-8.130867">
        <ele>404.39</ele>
      </trkpt>
      <trkpt lat="39.66299" lon="-8.130337">
        <ele>405.99</ele>
      </trkpt>
      <trkpt lat="39.662125" lon="-8.130049">
        <ele>399.38</ele>
      </trkpt>
      <trkpt lat="39.661828" lon="-8.129914">
        <ele>394.78</ele>
      </trkpt>
      <trkpt lat="39.661535" lon="-8.129726">
        <ele>388.93</ele>
      </trkpt>
      <trkpt lat="39.66132" lon="-8.129539">
        <ele>387.4</ele>
      </trkpt>
      <trkpt lat="39.660793" lon="-8.129033">
        <ele>384.87</ele>
      </trkpt>
      <trkpt lat="39.660486" lon="-8.128704">
        <ele>384.54</ele>
      </trkpt>
      <trkpt lat="39.660113" lon="-8.12811">
        <ele>386.68</ele>
      </trkpt>
      <trkpt lat="39.660034" lon="-8.127949">
        <ele>387.45</ele>
      </trkpt>
      <trkpt lat="39.659929" lon="-8.127728">
        <ele>388.8</ele>
      </trkpt>
      <trkpt lat="39.659876" lon="-8.127586">
        <ele>389.79</ele>
      </trkpt>
      <trkpt lat="39.659876" lon="-8.127586">
        <ele>389.79</ele>
      </trkpt>
      <trkpt lat="39.659876" lon="-8.127586">
        <ele>389.79</ele>
      </trkpt>
      <trkpt lat="39.659694" lon="-8.127106">
        <ele>393.14</ele>
      </trkpt>
      <trkpt lat="39.659452" lon="-8.126148">
        <ele>400.29</ele>
      </trkpt>
      <trkpt lat="39.659282" lon="-8.12522">
        <ele>400.33</ele>
      </trkpt>
      <trkpt lat="39.658503" lon="-8.120296">
        <ele>385.98</ele>
      </trkpt>
      <trkpt lat="39.658278" lon="-8.119216">
        <ele>372.94</ele>
      </trkpt>
      <trkpt lat="39.65804" lon="-8.118385">
        <ele>369.01</ele>
      </trkpt>
      <trkpt lat="39.657815" lon="-8.11779">
        <ele>372.18</ele>
      </trkpt>
      <trkpt lat="39.657713" lon="-8.11757">
        <ele>373.86</ele>
      </trkpt>
      <trkpt lat="39.6576" lon="-8.117353">
        <ele>375.18</ele>
      </trkpt>
      <trkpt lat="39.657473" lon="-8.11715">
        <ele>376.07</ele>
      </trkpt>
      <trkpt lat="39.657179" lon="-8.116732">
        <ele>381.42</ele>
      </trkpt>
      <trkpt lat="39.656597" lon="-8.116171">
        <ele>389.8</ele>
      </trkpt>
      <trkpt lat="39.65621" lon="-8.11592">
        <ele>393.31</ele>
      </trkpt>
      <trkpt lat="39.655421" lon="-8.115615">
        <ele>397.92</ele>
      </trkpt>
      <trkpt lat="39.654828" lon="-8.115534">
        <ele>397.62</ele>
      </trkpt>
      <trkpt lat="39.654015" lon="-8.115605">
        <ele>396.44</ele>
      </trkpt>
      <trkpt lat="39.65324" lon="-8.115975">
        <ele>396.22</ele>
      </trkpt>
      <trkpt lat="39.653015" lon="-8.116155">
        <ele>395.54</ele>
      </trkpt>
      <trkpt lat="39.652878" lon="-8.116265">
        <ele>395.13</ele>
      </trkpt>
      <trkpt lat="39.652378" lon="-8.11681">
        <ele>395.32</ele>
      </trkpt>
      <trkpt lat="39.65207" lon="-8.117244">
        <ele>392.88</ele>
      </trkpt>
      <trkpt lat="39.65153" lon="-8.11822">
        <ele>392.48</ele>
      </trkpt>
      <trkpt lat="39.65107" lon="-8.119224">
        <ele>390.23</ele>
      </trkpt>
      <trkpt lat="39.64818" lon="-8.125829">
        <ele>372.31</ele>
      </trkpt>
      <trkpt lat="39.647778" lon="-8.126507">
        <ele>368.28</ele>
      </trkpt>
      <trkpt lat="39.647324" lon="-8.127097">
        <ele>365.53</ele>
      </trkpt>
      <trkpt lat="39.646503" lon="-8.127867">
        <ele>362.63</ele>
      </trkpt>
      <trkpt lat="39.642147" lon="-8.131164">
        <ele>348.3</ele>
      </trkpt>
      <trkpt lat="39.641575" lon="-8.131496">
        <ele>347.72</ele>
      </trkpt>
      <trkpt lat="39.640938" lon="-8.131748">
        <ele>341.63</ele>
      </trkpt>
      <trkpt lat="39.63924" lon="-8.132082">
        <ele>331.63</ele>
      </trkpt>
      <trkpt lat="39.636403" lon="-8.132526">
        <ele>313.61</ele>
      </trkpt>
      <trkpt lat="39.636403" lon="-8.132526">
        <ele>313.61</ele>
      </trkpt>
      <trkpt lat="39.636403" lon="-8.132526">
        <ele>313.61</ele>
      </trkpt>
      <trkpt lat="39.63616" lon="-8.132564">
        <ele>312.07</ele>
      </trkpt>
      <trkpt lat="39.635574" lon="-8.132773">
        <ele>309.07</ele>
      </trkpt>
      <trkpt lat="39.635197" lon="-8.132974">
        <ele>306.41</ele>
      </trkpt>
      <trkpt lat="39.63434" lon="-8.133708">
        <ele>297.97</ele>
      </trkpt>
      <trkpt lat="39.633044" lon="-8.135057">
        <ele>284.4</ele>
      </trkpt>
      <trkpt lat="39.63284" lon="-8.135292">
        <ele>280.79</ele>
      </trkpt>
      <trkpt lat="39.632489" lon="-8.13563">
        <ele>276.95</ele>
      </trkpt>
      <trkpt lat="39.632062" lon="-8.13592">
        <ele>280.62</ele>
      </trkpt>
      <trkpt lat="39.631737" lon="-8.136088">
        <ele>283.77</ele>
      </trkpt>
      <trkpt lat="39.631367" lon="-8.136212">
        <ele>286.7</ele>
      </trkpt>
      <trkpt lat="39.629091" lon="-8.136629">
        <ele>291.37</ele>
      </trkpt>
      <trkpt lat="39.629091" lon="-8.136628">
        <ele>291.37</ele>
      </trkpt>
      <trkpt lat="39.628791" lon="-8.136683">
        <ele>291.98</ele>
      </trkpt>
      <trkpt lat="39.628433" lon="-8.136723">
        <ele>291.63</ele>
      </trkpt>
      <trkpt lat="39.628441" lon="-8.136759">
        <ele>292.11</ele>
      </trkpt>
      <trkpt lat="39.628433" lon="-8.136723">
        <ele>291.63</ele>
      </trkpt>
      <trkpt lat="39.628014" lon="-8.136739">
        <ele>290.72</ele>
      </trkpt>
      <trkpt lat="39.627707" lon="-8.136773">
        <ele>290.32</ele>
      </trkpt>
      <trkpt lat="39.627319" lon="-8.136717">
        <ele>289.01</ele>
      </trkpt>
      <trkpt lat="39.627319" lon="-8.136717">
        <ele>289.01</ele>
      </trkpt>
      <trkpt lat="39.626447" lon="-8.136589">
        <ele>286.08</ele>
      </trkpt>
      <trkpt lat="39.624286" lon="-8.135961">
        <ele>265.63</ele>
      </trkpt>
      <trkpt lat="39.623666" lon="-8.135843">
        <ele>260.24</ele>
      </trkpt>
      <trkpt lat="39.623269" lon="-8.135793">
        <ele>257.25</ele>
      </trkpt>
      <trkpt lat="39.623017" lon="-8.135794">
        <ele>254.33</ele>
      </trkpt>
      <trkpt lat="39.623017" lon="-8.135794">
        <ele>254.34</ele>
      </trkpt>
      <trkpt lat="39.62284" lon="-8.135794">
        <ele>252.28</ele>
      </trkpt>
      <trkpt lat="39.622074" lon="-8.136">
        <ele>248.96</ele>
      </trkpt>
      <trkpt lat="39.621513" lon="-8.136296">
        <ele>248.44</ele>
      </trkpt>
      <trkpt lat="39.621155" lon="-8.136565">
        <ele>245.96</ele>
      </trkpt>
      <trkpt lat="39.620342" lon="-8.137473">
        <ele>229.88</ele>
      </trkpt>
      <trkpt lat="39.619946" lon="-8.138103">
        <ele>217.41</ele>
      </trkpt>
      <trkpt lat="39.61823" lon="-8.141276">
        <ele>197.16</ele>
      </trkpt>
      <trkpt lat="39.617615" lon="-8.142014">
        <ele>202.21</ele>
      </trkpt>
      <trkpt lat="39.61725" lon="-8.142257">
        <ele>200.08</ele>
      </trkpt>
      <trkpt lat="39.616653" lon="-8.142471">
        <ele>190.47</ele>
      </trkpt>
      <trkpt lat="39.61584" lon="-8.14252">
        <ele>180.62</ele>
      </trkpt>
      <trkpt lat="39.614858" lon="-8.142501">
        <ele>159.51</ele>
      </trkpt>
      <trkpt lat="39.613111" lon="-8.14235">
        <ele>173.34</ele>
      </trkpt>
      <trkpt lat="39.612674" lon="-8.142365">
        <ele>176.78</ele>
      </trkpt>
      <trkpt lat="39.612326" lon="-8.142429">
        <ele>179.57</ele>
      </trkpt>
      <trkpt lat="39.612105" lon="-8.142489">
        <ele>179.4</ele>
      </trkpt>
      <trkpt lat="39.611939" lon="-8.142556">
        <ele>179.03</ele>
      </trkpt>
      <trkpt lat="39.611747" lon="-8.142597">
        <ele>179.38</ele>
      </trkpt>
      <trkpt lat="39.611575" lon="-8.142621">
        <ele>179.76</ele>
      </trkpt>
      <trkpt lat="39.611384" lon="-8.142619">
        <ele>179.47</ele>
      </trkpt>
      <trkpt lat="39.611038" lon="-8.142574">
        <ele>179.22</ele>
      </trkpt>
      <trkpt lat="39.610675" lon="-8.142473">
        <ele>178.98</ele>
      </trkpt>
      <trkpt lat="39.610333" lon="-8.142406">
        <ele>179.22</ele>
      </trkpt>
      <trkpt lat="39.60986" lon="-8.142384">
        <ele>180.84</ele>
      </trkpt>
      <trkpt lat="39.609406" lon="-8.142425">
        <ele>189.45</ele>
      </trkpt>
      <trkpt lat="39.609" lon="-8.142495">
        <ele>195.74</ele>
      </trkpt>
      <trkpt lat="39.608294" lon="-8.142749">
        <ele>202.09</ele>
      </trkpt>
      <trkpt lat="39.607881" lon="-8.142889">
        <ele>201.62</ele>
      </trkpt>
      <trkpt lat="39.607565" lon="-8.14297">
        <ele>201.71</ele>
      </trkpt>
      <trkpt lat="39.607089" lon="-8.143042">
        <ele>206.54</ele>
      </trkpt>
      <trkpt lat="39.606634" lon="-8.143054">
        <ele>213.91</ele>
      </trkpt>
      <trkpt lat="39.606114" lon="-8.142975">
        <ele>218.64</ele>
      </trkpt>
      <trkpt lat="39.60569" lon="-8.142846">
        <ele>223.88</ele>
      </trkpt>
      <trkpt lat="39.604838" lon="-8.142385">
        <ele>235.32</ele>
      </trkpt>
      <trkpt lat="39.60178" lon="-8.140328">
        <ele>274.95</ele>
      </trkpt>
      <trkpt lat="39.601173" lon="-8.140115">
        <ele>282.6</ele>
      </trkpt>
      <trkpt lat="39.596396" lon="-8.138791">
        <ele>287.85</ele>
      </trkpt>
      <trkpt lat="39.596502" lon="-8.138665">
        <ele>286.4</ele>
      </trkpt>
      <trkpt lat="39.596046" lon="-8.138576">
        <ele>286.64</ele>
      </trkpt>
      <trkpt lat="39.595048" lon="-8.13826">
        <ele>285.51</ele>
      </trkpt>
      <trkpt lat="39.594616" lon="-8.138165">
        <ele>286.67</ele>
      </trkpt>
      <trkpt lat="39.59407" lon="-8.138142">
        <ele>289.31</ele>
      </trkpt>
      <trkpt lat="39.593786" lon="-8.138164">
        <ele>289.59</ele>
      </trkpt>
      <trkpt lat="39.593172" lon="-8.138252">
        <ele>290.13</ele>
      </trkpt>
      <trkpt lat="39.592553" lon="-8.138376">
        <ele>290.62</ele>
      </trkpt>
      <trkpt lat="39.592161" lon="-8.138512">
        <ele>289.84</ele>
      </trkpt>
      <trkpt lat="39.592102" lon="-8.138489">
        <ele>289.8</ele>
      </trkpt>
      <trkpt lat="39.59202" lon="-8.138575">
        <ele>289.51</ele>
      </trkpt>
      <trkpt lat="39.591906" lon="-8.138612">
        <ele>289.32</ele>
      </trkpt>
      <trkpt lat="39.591801" lon="-8.138603">
        <ele>289.22</ele>
      </trkpt>
      <trkpt lat="39.591587" lon="-8.13852">
        <ele>289</ele>
      </trkpt>
      <trkpt lat="39.59144" lon="-8.138485">
        <ele>289.02</ele>
      </trkpt>
      <trkpt lat="39.591281" lon="-8.138411">
        <ele>288.97</ele>
      </trkpt>
      <trkpt lat="39.591105" lon="-8.138355">
        <ele>288.88</ele>
      </trkpt>
      <trkpt lat="39.591087" lon="-8.138851">
        <ele>289.61</ele>
      </trkpt>
      <trkpt lat="39.591113" lon="-8.139026">
        <ele>289.92</ele>
      </trkpt>
      <trkpt lat="39.591251" lon="-8.139535">
        <ele>291.31</ele>
      </trkpt>
      <trkpt lat="39.591241" lon="-8.139627">
        <ele>291.54</ele>
      </trkpt>
      <trkpt lat="39.59122" lon="-8.139717">
        <ele>291.87</ele>
      </trkpt>
      <trkpt lat="39.591181" lon="-8.139534">
        <ele>291.13</ele>
      </trkpt>
      <trkpt lat="39.59117" lon="-8.139481">
        <ele>290.98</ele>
      </trkpt>
      <trkpt lat="39.59116685204208" lon="-8.139481851831079">
        <ele>289.8</ele>
      </trkpt>
      <trkpt lat="39.59096644073725" lon="-8.13958796672523">
        <ele>289.8</ele>
      </trkpt>
      <trkpt lat="39.59050384350121" lon="-8.139998512342572">
        <ele>289.9</ele>
      </trkpt>
      <trkpt lat="39.59040158428252" lon="-8.140099430456758">
        <ele>290.4</ele>
      </trkpt>
      <trkpt lat="39.59033318795264" lon="-8.140164222568274">
        <ele>290.7</ele>
      </trkpt>
      <trkpt lat="39.590300749987364" lon="-8.14019875600934">
        <ele>291</ele>
      </trkpt>
      <trkpt lat="39.5899517275393" lon="-8.140552304685116">
        <ele>291.8</ele>
      </trkpt>
      <trkpt lat="39.589834129437804" lon="-8.140679961070418">
        <ele>290.7</ele>
      </trkpt>
      <trkpt lat="39.58942056633532" lon="-8.141150688752532">
        <ele>290.4</ele>
      </trkpt>
      <trkpt lat="39.5890296343714" lon="-8.141586547717452">
        <ele>291.7</ele>
      </trkpt>
      <trkpt lat="39.58869536407292" lon="-8.141941856592894">
        <ele>291.8</ele>
      </trkpt>
      <trkpt lat="39.58826403133571" lon="-8.142433958128095">
        <ele>291.1</ele>
      </trkpt>
      <trkpt lat="39.58808608353138" lon="-8.142630932852626">
        <ele>289.8</ele>
      </trkpt>
      <trkpt lat="39.587647039443254" lon="-8.143107276409864">
        <ele>287.3</ele>
      </trkpt>
      <trkpt lat="39.587425254285336" lon="-8.143331911414862">
        <ele>288.6</ele>
      </trkpt>
      <trkpt lat="39.58695058710873" lon="-8.143722508102655">
        <ele>293.2</ele>
      </trkpt>
      <trkpt lat="39.586786050349474" lon="-8.14383608289063">
        <ele>292.9</ele>
      </trkpt>
      <trkpt lat="39.58640903234482" lon="-8.144047893583775">
        <ele>291</ele>
      </trkpt>
      <trkpt lat="39.5858849119395" lon="-8.144283005967736">
        <ele>291.2</ele>
      </trkpt>
      <trkpt lat="39.58570738323033" lon="-8.144349390640855">
        <ele>293.3</ele>
      </trkpt>
      <trkpt lat="39.58539926446974" lon="-8.144464222714305">
        <ele>296.5</ele>
      </trkpt>
      <trkpt lat="39.584925435483456" lon="-8.144633453339338">
        <ele>296.3</ele>
      </trkpt>
      <trkpt lat="39.58488461561501" lon="-8.144644014537334">
        <ele>296.2</ele>
      </trkpt>
      <trkpt lat="39.58458404056728" lon="-8.144754655659199">
        <ele>297.1</ele>
      </trkpt>
      <trkpt lat="39.58414985798299" lon="-8.144910810515285">
        <ele>303.4</ele>
      </trkpt>
      <trkpt lat="39.58362213335931" lon="-8.145101247355342">
        <ele>303.2</ele>
      </trkpt>
      <trkpt lat="39.58350813947618" lon="-8.145145839080215">
        <ele>303.2</ele>
      </trkpt>
      <trkpt lat="39.58296080119908" lon="-8.145341724157333">
        <ele>304.5</ele>
      </trkpt>
      <trkpt lat="39.58288561552763" lon="-8.145373743027449">
        <ele>305.2</ele>
      </trkpt>
      <trkpt lat="39.582396196201444" lon="-8.145563760772347">
        <ele>307.9</ele>
      </trkpt>
      <trkpt lat="39.58220358006656" lon="-8.145635174587369">
        <ele>309.1</ele>
      </trkpt>
      <trkpt lat="39.58187039941549" lon="-8.145767105743289">
        <ele>309.9</ele>
      </trkpt>
      <trkpt lat="39.58151123486459" lon="-8.145896773785353">
        <ele>309.6</ele>
      </trkpt>
      <trkpt lat="39.58111938089132" lon="-8.146067429333925">
        <ele>308.5</ele>
      </trkpt>
      <trkpt lat="39.58096808753908" lon="-8.14615267328918">
        <ele>308.7</ele>
      </trkpt>
      <trkpt lat="39.58048151805997" lon="-8.1464918050915">
        <ele>312.4</ele>
      </trkpt>
      <trkpt lat="39.580312790349126" lon="-8.146603787317872">
        <ele>312.9</ele>
      </trkpt>
      <trkpt lat="39.57997189834714" lon="-8.146812748163939">
        <ele>312.6</ele>
      </trkpt>
      <trkpt lat="39.579428331926465" lon="-8.147059343755245">
        <ele>310.4</ele>
      </trkpt>
      <trkpt lat="39.57938943989575" lon="-8.147070240229368">
        <ele>310.1</ele>
      </trkpt>
      <trkpt lat="39.57882022485137" lon="-8.147216672077775">
        <ele>305.2</ele>
      </trkpt>
      <trkpt lat="39.578613359481096" lon="-8.147244164720178">
        <ele>305.6</ele>
      </trkpt>
      <trkpt lat="39.5782470703125" lon="-8.147267131134868">
        <ele>310.7</ele>
      </trkpt>
      <trkpt lat="39.57770551554859" lon="-8.147300239652395">
        <ele>316.8</ele>
      </trkpt>
      <trkpt lat="39.577498314902186" lon="-8.147310297936201">
        <ele>316.6</ele>
      </trkpt>
      <trkpt lat="39.57695106044412" lon="-8.147383807227015">
        <ele>317.9</ele>
      </trkpt>
      <trkpt lat="39.576906049624085" lon="-8.147391099482775">
        <ele>317.8</ele>
      </trkpt>
      <trkpt lat="39.57647278904915" lon="-8.147503584623337">
        <ele>317.5</ele>
      </trkpt>
      <trkpt lat="39.57593550905585" lon="-8.147694524377584">
        <ele>317.4</ele>
      </trkpt>
      <trkpt lat="39.575809529051185" lon="-8.147749593481421">
        <ele>316.8</ele>
      </trkpt>
      <trkpt lat="39.57548229955137" lon="-8.147914549335837">
        <ele>316.1</ele>
      </trkpt>
      <trkpt lat="39.57496723160148" lon="-8.14824404194951">
        <ele>317.6</ele>
      </trkpt>
      <trkpt lat="39.57478232681751" lon="-8.148380247876048">
        <ele>319.2</ele>
      </trkpt>
      <trkpt lat="39.574342612177134" lon="-8.148734383285046">
        <ele>325</ele>
      </trkpt>
      <trkpt lat="39.57403792999685" lon="-8.148987516760826">
        <ele>325.1</ele>
      </trkpt>
      <trkpt lat="39.57380407489836" lon="-8.149176947772503">
        <ele>323.4</ele>
      </trkpt>
      <trkpt lat="39.57328154705465" lon="-8.149496298283339">
        <ele>318</ele>
      </trkpt>
      <trkpt lat="39.57294400781393" lon="-8.149612387642264">
        <ele>315</ele>
      </trkpt>
      <trkpt lat="39.57288382574916" lon="-8.149625966325402">
        <ele>314.6</ele>
      </trkpt>
      <trkpt lat="39.572438495233655" lon="-8.149654045701027">
        <ele>315.1</ele>
      </trkpt>
      <trkpt lat="39.57222911529243" lon="-8.14963267184794">
        <ele>314.6</ele>
      </trkpt>
      <trkpt lat="39.57200598903" lon="-8.149585230275989">
        <ele>312.7</ele>
      </trkpt>
      <trkpt lat="39.57192946225405" lon="-8.149557569995522">
        <ele>312</ele>
      </trkpt>
      <trkpt lat="39.5716885663569" lon="-8.149452796205878">
        <ele>310.6</ele>
      </trkpt>
      <trkpt lat="39.57144549116492" lon="-8.149323463439941">
        <ele>310.1</ele>
      </trkpt>
      <trkpt lat="39.57127684727311" lon="-8.149216594174504">
        <ele>309.7</ele>
      </trkpt>
      <trkpt lat="39.57110560499132" lon="-8.14910402521491">
        <ele>309.1</ele>
      </trkpt>
      <trkpt lat="39.57092656753957" lon="-8.148991540074348">
        <ele>307.5</ele>
      </trkpt>
      <trkpt lat="39.57064795307815" lon="-8.14883572049439">
        <ele>303.5</ele>
      </trkpt>
      <trkpt lat="39.57045240327716" lon="-8.14874041825533">
        <ele>300.7</ele>
      </trkpt>
      <trkpt lat="39.57024880684912" lon="-8.14868526533246">
        <ele>297.4</ele>
      </trkpt>
      <trkpt lat="39.57003582268953" lon="-8.148633548989892">
        <ele>294.8</ele>
      </trkpt>
      <trkpt lat="39.56981529481709" lon="-8.148611672222614">
        <ele>292.9</ele>
      </trkpt>
      <trkpt lat="39.56959183327854" lon="-8.148614102974534">
        <ele>292.4</ele>
      </trkpt>
      <trkpt lat="39.5693692099303" lon="-8.148645283654332">
        <ele>293.2</ele>
      </trkpt>
      <trkpt lat="39.56915060989559" lon="-8.148700101301074">
        <ele>293.6</ele>
      </trkpt>
      <trkpt lat="39.56893678754568" lon="-8.148773107677698">
        <ele>293.8</ele>
      </trkpt>
      <trkpt lat="39.56872531212866" lon="-8.148858938366175">
        <ele>293.8</ele>
      </trkpt>
      <trkpt lat="39.56851459108293" lon="-8.148942170664668">
        <ele>294</ele>
      </trkpt>
      <trkpt lat="39.56830286420882" lon="-8.149024983868003">
        <ele>294.4</ele>
      </trkpt>
      <trkpt lat="39.56798443570733" lon="-8.149128081277013">
        <ele>294.5</ele>
      </trkpt>
      <trkpt lat="39.56776876933873" lon="-8.149176109582186">
        <ele>292.6</ele>
      </trkpt>
      <trkpt lat="39.56755352206528" lon="-8.149209385737777">
        <ele>290</ele>
      </trkpt>
      <trkpt lat="39.56733752042055" lon="-8.149227742105722">
        <ele>288.2</ele>
      </trkpt>
      <trkpt lat="39.56712034530938" lon="-8.149235201999545">
        <ele>286.9</ele>
      </trkpt>
      <trkpt lat="39.56701012328267" lon="-8.149232100695372">
        <ele>286.3</ele>
      </trkpt>
      <trkpt lat="39.56678724847734" lon="-8.149216761812568">
        <ele>285</ele>
      </trkpt>
      <trkpt lat="39.56656060181558" lon="-8.149200584739447">
        <ele>284.6</ele>
      </trkpt>
      <trkpt lat="39.56621157936752" lon="-8.149177953600883">
        <ele>284.7</ele>
      </trkpt>
      <trkpt lat="39.5659760478884" lon="-8.149161441251636">
        <ele>283.5</ele>
      </trkpt>
      <trkpt lat="39.56573867239058" lon="-8.149145180359483">
        <ele>280.6</ele>
      </trkpt>
      <trkpt lat="39.565499285236" lon="-8.149124225601554">
        <ele>276.6</ele>
      </trkpt>
      <trkpt lat="39.56525872461498" lon="-8.149112658575177">
        <ele>274.3</ele>
      </trkpt>
      <trkpt lat="39.56501975655556" lon="-8.14909321255982">
        <ele>272.8</ele>
      </trkpt>
      <trkpt lat="39.56466184929013" lon="-8.149075610563159">
        <ele>268.4</ele>
      </trkpt>
      <trkpt lat="39.56442313268781" lon="-8.149060104042292">
        <ele>266.3</ele>
      </trkpt>
      <trkpt lat="39.56430352292955" lon="-8.149052141234279">
        <ele>265.5</ele>
      </trkpt>
      <trkpt lat="39.564064387232065" lon="-8.149038646370173">
        <ele>263.4</ele>
      </trkpt>
      <trkpt lat="39.56382332369685" lon="-8.149022972211242">
        <ele>260.9</ele>
      </trkpt>
      <trkpt lat="39.56358125433326" lon="-8.149007633328438">
        <ele>258.6</ele>
      </trkpt>
      <trkpt lat="39.563339687883854" lon="-8.148991540074348">
        <ele>257.2</ele>
      </trkpt>
      <trkpt lat="39.563097450882196" lon="-8.148976368829608">
        <ele>256.3</ele>
      </trkpt>
      <trkpt lat="39.562854040414095" lon="-8.148960275575519">
        <ele>254.7</ele>
      </trkpt>
      <trkpt lat="39.56261054612696" lon="-8.148942170664668">
        <ele>253.2</ele>
      </trkpt>
      <trkpt lat="39.562367387115955" lon="-8.148923562839627">
        <ele>252.2</ele>
      </trkpt>
      <trkpt lat="39.562124563381076" lon="-8.148898165673018">
        <ele>251</ele>
      </trkpt>
      <trkpt lat="39.56188081763685" lon="-8.148872600868344">
        <ele>249.3</ele>
      </trkpt>
      <trkpt lat="39.56163581460714" lon="-8.148857010528445">
        <ele>247.7</ele>
      </trkpt>
      <trkpt lat="39.56139240413904" lon="-8.148832703009248">
        <ele>246.7</ele>
      </trkpt>
      <trkpt lat="39.56103156320751" lon="-8.148815352469683">
        <ele>244.5</ele>
      </trkpt>
      <trkpt lat="39.56079653464258" lon="-8.148798421025276">
        <ele>243</ele>
      </trkpt>
      <trkpt lat="39.56045304425061" lon="-8.148792888969183">
        <ele>243.4</ele>
      </trkpt>
      <trkpt lat="39.56012757495046" lon="-8.148825243115425">
        <ele>244.6</ele>
      </trkpt>
      <trkpt lat="39.55972088500857" lon="-8.14890562556684">
        <ele>244.3</ele>
      </trkpt>
      <trkpt lat="39.55925275571644" lon="-8.14908105880022">
        <ele>242.5</ele>
      </trkpt>
      <trkpt lat="39.558740286156535" lon="-8.149357661604881">
        <ele>243.9</ele>
      </trkpt>
      <trkpt lat="39.55849134363234" lon="-8.149503255262971">
        <ele>243.9</ele>
      </trkpt>
      <trkpt lat="39.55808565951884" lon="-8.149747755378485">
        <ele>244.6</ele>
      </trkpt>
      <trkpt lat="39.55753698013723" lon="-8.150068446993828">
        <ele>244.6</ele>
      </trkpt>
      <trkpt lat="39.55702115781605" lon="-8.150344463065267">
        <ele>239.7</ele>
      </trkpt>
      <trkpt lat="39.55687975510955" lon="-8.150411937385798">
        <ele>237.6</ele>
      </trkpt>
      <trkpt lat="39.55639603547752" lon="-8.15062165260315">
        <ele>235.4</ele>
      </trkpt>
      <trkpt lat="39.55583805218339" lon="-8.150828601792455">
        <ele>238.8</ele>
      </trkpt>
      <trkpt lat="39.555309657007456" lon="-8.150980565696955">
        <ele>240.9</ele>
      </trkpt>
      <trkpt lat="39.55507731065154" lon="-8.151038065552711">
        <ele>240.2</ele>
      </trkpt>
      <trkpt lat="39.55499810166657" lon="-8.151055667549372">
        <ele>239.6</ele>
      </trkpt>
      <trkpt lat="39.554835660383105" lon="-8.151088692247868">
        <ele>238.2</ele>
      </trkpt>
      <trkpt lat="39.554585460573435" lon="-8.151133116334677">
        <ele>235.4</ele>
      </trkpt>
      <trkpt lat="39.55423258244991" lon="-8.151182318106294">
        <ele>229.5</ele>
      </trkpt>
      <trkpt lat="39.55395195633173" lon="-8.15120897255838">
        <ele>224.2</ele>
      </trkpt>
      <trkpt lat="39.55365775153041" lon="-8.151230765506625">
        <ele>219.4</ele>
      </trkpt>
      <trkpt lat="39.5535564981401" lon="-8.151235627010465">
        <ele>218.3</ele>
      </trkpt>
      <trkpt lat="39.5533508900553" lon="-8.151242500171065">
        <ele>216.4</ele>
      </trkpt>
      <trkpt lat="39.55314117483795" lon="-8.151248954236507">
        <ele>215.6</ele>
      </trkpt>
      <trkpt lat="39.55292743630707" lon="-8.151254234835505">
        <ele>215.4</ele>
      </trkpt>
      <trkpt lat="39.55270984210074" lon="-8.151259180158377">
        <ele>215.7</ele>
      </trkpt>
      <trkpt lat="39.552490739151835" lon="-8.15125985071063">
        <ele>215</ele>
      </trkpt>
      <trkpt lat="39.55227398313582" lon="-8.151270831003785">
        <ele>215.2</ele>
      </trkpt>
      <trkpt lat="39.55206284299493" lon="-8.15127988345921">
        <ele>215.5</ele>
      </trkpt>
      <trkpt lat="39.551861342042685" lon="-8.151292959228158">
        <ele>215.4</ele>
      </trkpt>
      <trkpt lat="39.551672246307135" lon="-8.151307124644518">
        <ele>215.4</ele>
      </trkpt>
      <trkpt lat="39.5511285122484" lon="-8.151324642822146">
        <ele>216</ele>
      </trkpt>
      <trkpt lat="39.5510645583272" lon="-8.151321206241846">
        <ele>215.8</ele>
      </trkpt>
      <trkpt lat="39.5510315336287" lon="-8.151321290060878">
        <ele>215.8</ele>
      </trkpt>
      <trkpt lat="39.5510315336287" lon="-8.151321290060878">
        <ele>215.8</ele>
      </trkpt>
      <trkpt lat="39.5510315336287" lon="-8.151321290060878">
        <ele>215.8</ele>
      </trkpt>
      <trkpt lat="39.551026253029704" lon="-8.151322463527322">
        <ele>215.8</ele>
      </trkpt>
      <trkpt lat="39.55098551698029" lon="-8.151327911764383">
        <ele>215.6</ele>
      </trkpt>
      <trkpt lat="39.55071561969817" lon="-8.151331599801779">
        <ele>213.9</ele>
      </trkpt>
      <trkpt lat="39.55067505128682" lon="-8.151325397193432">
        <ele>213.6</ele>
      </trkpt>
      <trkpt lat="39.55054563470185" lon="-8.151314333081245">
        <ele>212.9</ele>
      </trkpt>
      <trkpt lat="39.55027707852423" lon="-8.151326654478908">
        <ele>212.7</ele>
      </trkpt>
      <trkpt lat="39.55001883208752" lon="-8.151323469355702">
        <ele>212</ele>
      </trkpt>
      <trkpt lat="39.54971498809755" lon="-8.151319865137339">
        <ele>212</ele>
      </trkpt>
      <trkpt lat="39.5493755210191" lon="-8.151315171271563">
        <ele>212.2</ele>
      </trkpt>
      <trkpt lat="39.54921031370759" lon="-8.151317182928324">
        <ele>212.4</ele>
      </trkpt>
      <trkpt lat="39.54912632703781" lon="-8.151319781318307">
        <ele>212.5</ele>
      </trkpt>
      <trkpt lat="39.54886590130627" lon="-8.151323134079576">
        <ele>212.2</ele>
      </trkpt>
      <trkpt lat="39.54850514419377" lon="-8.151326654478908">
        <ele>210</ele>
      </trkpt>
      <trkpt lat="39.548322753980756" lon="-8.151331264525652">
        <ele>208.8</ele>
      </trkpt>
      <trkpt lat="39.54795436933637" lon="-8.15133797004819">
        <ele>209</ele>
      </trkpt>
      <trkpt lat="39.547579027712345" lon="-8.151346938684583">
        <ele>209.3</ele>
      </trkpt>
      <trkpt lat="39.54729404300451" lon="-8.1513512134552">
        <ele>208.4</ele>
      </trkpt>
      <trkpt lat="39.5468161907047" lon="-8.151359762996435">
        <ele>206.2</ele>
      </trkpt>
      <trkpt lat="39.546527937054634" lon="-8.15136537887156">
        <ele>203.8</ele>
      </trkpt>
      <trkpt lat="39.54613482579589" lon="-8.151375269517303">
        <ele>199.9</ele>
      </trkpt>
      <trkpt lat="39.545734925195575" lon="-8.15139178186655">
        <ele>197.4</ele>
      </trkpt>
      <trkpt lat="39.54513008706272" lon="-8.151404103264213">
        <ele>194.1</ele>
      </trkpt>
      <trkpt lat="39.54492908902466" lon="-8.151407958939672">
        <ele>194.7</ele>
      </trkpt>
      <trkpt lat="39.54452742822468" lon="-8.151418520137668">
        <ele>196.6</ele>
      </trkpt>
      <trkpt lat="39.544130293652415" lon="-8.151413323357701">
        <ele>196.1</ele>
      </trkpt>
      <trkpt lat="39.54356560483575" lon="-8.151424303650856">
        <ele>198.4</ele>
      </trkpt>
      <trkpt lat="39.54295716248453" lon="-8.15142011269927">
        <ele>200.5</ele>
      </trkpt>
      <trkpt lat="39.542407393455505" lon="-8.151334533467889">
        <ele>204.6</ele>
      </trkpt>
      <trkpt lat="39.54225668683648" lon="-8.151294384151697">
        <ele>205.6</ele>
      </trkpt>
      <trkpt lat="39.54196818172932" lon="-8.151198830455542">
        <ele>207.3</ele>
      </trkpt>
      <trkpt lat="39.54143769107759" lon="-8.150950474664569">
        <ele>205.7</ele>
      </trkpt>
      <trkpt lat="39.54131690785289" lon="-8.150881994515657">
        <ele>205.2</ele>
      </trkpt>
      <trkpt lat="39.54114926978946" lon="-8.150780154392123">
        <ele>204.9</ele>
      </trkpt>
      <trkpt lat="39.54084106720984" lon="-8.150581335648894">
        <ele>204.9</ele>
      </trkpt>
      <trkpt lat="39.540650714188814" lon="-8.15045795403421">
        <ele>205.1</ele>
      </trkpt>
      <trkpt lat="39.54046371392906" lon="-8.150335829705">
        <ele>205.9</ele>
      </trkpt>
      <trkpt lat="39.54019222408533" lon="-8.150160228833556">
        <ele>207</ele>
      </trkpt>
      <trkpt lat="39.5397259388119" lon="-8.149856636300683">
        <ele>210</ele>
      </trkpt>
      <trkpt lat="39.53925202600658" lon="-8.149547427892685">
        <ele>208.4</ele>
      </trkpt>
      <trkpt lat="39.5392076857388" lon="-8.149514067918062">
        <ele>208.2</ele>
      </trkpt>
      <trkpt lat="39.53912747092545" lon="-8.149464195594192">
        <ele>207.8</ele>
      </trkpt>
      <trkpt lat="39.53903996385634" lon="-8.14940988086164">
        <ele>207.4</ele>
      </trkpt>
      <trkpt lat="39.53891876153648" lon="-8.149326900020242">
        <ele>207.2</ele>
      </trkpt>
      <trkpt lat="39.538509054109454" lon="-8.149069072678685">
        <ele>205.5</ele>
      </trkpt>
      <trkpt lat="39.53806338831782" lon="-8.14877662807703">
        <ele>206.1</ele>
      </trkpt>
      <trkpt lat="39.53756919130683" lon="-8.148459875956178">
        <ele>207.7</ele>
      </trkpt>
      <trkpt lat="39.53748478554189" lon="-8.148406147956848">
        <ele>207.6</ele>
      </trkpt>
      <trkpt lat="39.53714330680668" lon="-8.148191152140498">
        <ele>208.2</ele>
      </trkpt>
      <trkpt lat="39.53664273954928" lon="-8.14787657931447">
        <ele>212.5</ele>
      </trkpt>
      <trkpt lat="39.536559507250786" lon="-8.147829975932837">
        <ele>213.1</ele>
      </trkpt>
      <trkpt lat="39.5361596904695" lon="-8.147617913782597">
        <ele>214</ele>
      </trkpt>
      <trkpt lat="39.53602943569422" lon="-8.147569131106138">
        <ele>214.1</ele>
      </trkpt>
      <trkpt lat="39.535700026899576" lon="-8.147433260455728">
        <ele>215.4</ele>
      </trkpt>
      <trkpt lat="39.53564948402345" lon="-8.147414484992623">
        <ele>215.4</ele>
      </trkpt>
      <trkpt lat="39.53548519872129" lon="-8.147378526628017">
        <ele>215.7</ele>
      </trkpt>
      <trkpt lat="39.535431219264865" lon="-8.14737718552351">
        <ele>215.4</ele>
      </trkpt>
      <trkpt lat="39.535189904272556" lon="-8.147341143339872">
        <ele>214.5</ele>
      </trkpt>
      <trkpt lat="39.53476091846824" lon="-8.147325217723846">
        <ele>214</ele>
      </trkpt>
      <trkpt lat="39.53417276032269" lon="-8.147403923794627">
        <ele>213</ele>
      </trkpt>
      <trkpt lat="39.533642772585154" lon="-8.147550439462066">
        <ele>212.2</ele>
      </trkpt>
      <trkpt lat="39.53326785005629" lon="-8.147696116939187">
        <ele>211.7</ele>
      </trkpt>
      <trkpt lat="39.53294539824128" lon="-8.147838022559881">
        <ele>211.2</ele>
      </trkpt>
      <trkpt lat="39.53242069110274" lon="-8.148075817152858">
        <ele>212.2</ele>
      </trkpt>
      <trkpt lat="39.53214744105935" lon="-8.14819316379726">
        <ele>213</ele>
      </trkpt>
      <trkpt lat="39.53161418437958" lon="-8.148424588143826">
        <ele>216.6</ele>
      </trkpt>
      <trkpt lat="39.531315034255385" lon="-8.148557189852">
        <ele>220.2</ele>
      </trkpt>
      <trkpt lat="39.53077808953822" lon="-8.148791883140802">
        <ele>219.4</ele>
      </trkpt>
      <trkpt lat="39.530258076265454" lon="-8.149021966382861">
        <ele>217.1</ele>
      </trkpt>
      <trkpt lat="39.52972951345146" lon="-8.149252887815237">
        <ele>216.1</ele>
      </trkpt>
      <trkpt lat="39.529300862923265" lon="-8.14945531077683">
        <ele>215.6</ele>
      </trkpt>
      <trkpt lat="39.528742879629135" lon="-8.149749599397182">
        <ele>216.1</ele>
      </trkpt>
      <trkpt lat="39.52823309227824" lon="-8.15011890605092">
        <ele>216.3</ele>
      </trkpt>
      <trkpt lat="39.52780284918845" lon="-8.15054353326559">
        <ele>215.9</ele>
      </trkpt>
      <trkpt lat="39.52750001102686" lon="-8.150926502421498">
        <ele>212.4</ele>
      </trkpt>
      <trkpt lat="39.52732122503221" lon="-8.151190197095275">
        <ele>208.9</ele>
      </trkpt>
      <trkpt lat="39.52720681205392" lon="-8.151382394134998">
        <ele>207</ele>
      </trkpt>
      <trkpt lat="39.52709508128464" lon="-8.151587415486574">
        <ele>206.2</ele>
      </trkpt>
      <trkpt lat="39.52693339437246" lon="-8.151923781260848">
        <ele>206.7</ele>
      </trkpt>
      <trkpt lat="39.52677916735411" lon="-8.152285292744637">
        <ele>205.4</ele>
      </trkpt>
      <trkpt lat="39.526624185964465" lon="-8.152666836977005">
        <ele>201.5</ele>
      </trkpt>
      <trkpt lat="39.5265222620219" lon="-8.15293195657432">
        <ele>198.5</ele>
      </trkpt>
      <trkpt lat="39.526471300050616" lon="-8.15306673757732">
        <ele>197.5</ele>
      </trkpt>
      <trkpt lat="39.52636552043259" lon="-8.15333797596395">
        <ele>195.8</ele>
      </trkpt>
      <trkpt lat="39.526266027241945" lon="-8.15361307002604">
        <ele>194.2</ele>
      </trkpt>
      <trkpt lat="39.52617357484996" lon="-8.15389009192586">
        <ele>192.7</ele>
      </trkpt>
      <trkpt lat="39.52607424929738" lon="-8.154158480465412">
        <ele>191.8</ele>
      </trkpt>
      <trkpt lat="39.525959584861994" lon="-8.154414128512144">
        <ele>190.7</ele>
      </trkpt>
      <trkpt lat="39.52589730732143" lon="-8.154534408822656">
        <ele>190.3</ele>
      </trkpt>
      <trkpt lat="39.52583192847669" lon="-8.154647313058376">
        <ele>189.5</ele>
      </trkpt>
      <trkpt lat="39.52569488435984" lon="-8.154857279732823">
        <ele>188.4</ele>
      </trkpt>
      <trkpt lat="39.525474440306425" lon="-8.15514536574483">
        <ele>185.4</ele>
      </trkpt>
      <trkpt lat="39.52526254579425" lon="-8.155369497835636">
        <ele>182.6</ele>
      </trkpt>
      <trkpt lat="39.52510924078524" lon="-8.155504865571856">
        <ele>181.3</ele>
      </trkpt>
      <trkpt lat="39.524948140606284" lon="-8.155639311298728">
        <ele>180.7</ele>
      </trkpt>
      <trkpt lat="39.52469131909311" lon="-8.155840896070004">
        <ele>179.9</ele>
      </trkpt>
      <trkpt lat="39.52450733631849" lon="-8.15597802400589">
        <ele>179.5</ele>
      </trkpt>
      <trkpt lat="39.52431187033653" lon="-8.156115738674998">
        <ele>178.1</ele>
      </trkpt>
      <trkpt lat="39.52410886064172" lon="-8.15625068731606">
        <ele>175.2</ele>
      </trkpt>
      <trkpt lat="39.52379973605275" lon="-8.156465766951442">
        <ele>169.9</ele>
      </trkpt>
      <trkpt lat="39.52359437942505" lon="-8.156621167436242">
        <ele>167.4</ele>
      </trkpt>
      <trkpt lat="39.52339019626379" lon="-8.156780591234565">
        <ele>165.1</ele>
      </trkpt>
      <trkpt lat="39.523079730570316" lon="-8.15702324733138">
        <ele>161.6</ele>
      </trkpt>
      <trkpt lat="39.52287118881941" lon="-8.157185018062592">
        <ele>159.7</ele>
      </trkpt>
      <trkpt lat="39.522662311792374" lon="-8.157343436032534">
        <ele>159.1</ele>
      </trkpt>
      <trkpt lat="39.52235754579306" lon="-8.157587349414825">
        <ele>159.7</ele>
      </trkpt>
      <trkpt lat="39.5221567992121" lon="-8.157743588089943">
        <ele>160.3</ele>
      </trkpt>
      <trkpt lat="39.52185731381178" lon="-8.157981131225824">
        <ele>161.5</ele>
      </trkpt>
      <trkpt lat="39.521558498963714" lon="-8.158215740695596">
        <ele>163.5</ele>
      </trkpt>
      <trkpt lat="39.52126546762884" lon="-8.158448254689574">
        <ele>165.7</ele>
      </trkpt>
      <trkpt lat="39.521071426570415" lon="-8.15860248170793">
        <ele>165.4</ele>
      </trkpt>
      <trkpt lat="39.52077713795006" lon="-8.158833486959338">
        <ele>163</ele>
      </trkpt>
      <trkpt lat="39.52057999558747" lon="-8.158988803625107">
        <ele>160.5</ele>
      </trkpt>
      <trkpt lat="39.520283695310354" lon="-8.159224167466164">
        <ele>155.4</ele>
      </trkpt>
      <trkpt lat="39.52008889988065" lon="-8.159386441111565">
        <ele>152.5</ele>
      </trkpt>
      <trkpt lat="39.51970500871539" lon="-8.159716771915555">
        <ele>149.5</ele>
      </trkpt>
      <trkpt lat="39.51951155439019" lon="-8.1598767824471">
        <ele>149.9</ele>
      </trkpt>
      <trkpt lat="39.5193178486079" lon="-8.160032602027059">
        <ele>150.2</ele>
      </trkpt>
      <trkpt lat="39.518927335739136" lon="-8.160328064113855">
        <ele>148.1</ele>
      </trkpt>
      <trkpt lat="39.51882876455784" lon="-8.160398807376623">
        <ele>147.3</ele>
      </trkpt>
      <trkpt lat="39.5184351503849" lon="-8.160683875903487">
        <ele>143.9</ele>
      </trkpt>
      <trkpt lat="39.51804857701063" lon="-8.160981936380267">
        <ele>140.9</ele>
      </trkpt>
      <trkpt lat="39.51776216737926" lon="-8.16120590083301">
        <ele>142.9</ele>
      </trkpt>
      <trkpt lat="39.51748548075557" lon="-8.16144092939794">
        <ele>145.8</ele>
      </trkpt>
      <trkpt lat="39.517219690606" lon="-8.161679226905107">
        <ele>145.2</ele>
      </trkpt>
      <trkpt lat="39.51696680858731" lon="-8.161923391744494">
        <ele>142.9</ele>
      </trkpt>
      <trkpt lat="39.516723146662116" lon="-8.162169232964516">
        <ele>140</ele>
      </trkpt>
      <trkpt lat="39.516258370131254" lon="-8.16267860122025">
        <ele>136.9</ele>
      </trkpt>
      <trkpt lat="39.5158192422241" lon="-8.163217976689339">
        <ele>143.9</ele>
      </trkpt>
      <trkpt lat="39.51538656838238" lon="-8.163777468726039">
        <ele>147.3</ele>
      </trkpt>
      <trkpt lat="39.51497074216604" lon="-8.164324639365077">
        <ele>146.1</ele>
      </trkpt>
      <trkpt lat="39.51455826871097" lon="-8.164866110309958">
        <ele>143.5</ele>
      </trkpt>
      <trkpt lat="39.51413640752435" lon="-8.165402133017778">
        <ele>141.8</ele>
      </trkpt>
      <trkpt lat="39.51372762210667" lon="-8.165889121592045">
        <ele>140.8</ele>
      </trkpt>
      <trkpt lat="39.51359015889466" lon="-8.166032116860151">
        <ele>140</ele>
      </trkpt>
      <trkpt lat="39.51329184696078" lon="-8.166290195658803">
        <ele>138</ele>
      </trkpt>
      <trkpt lat="39.51289110817015" lon="-8.166563278064132">
        <ele>136.2</ele>
      </trkpt>
      <trkpt lat="39.51236631721258" lon="-8.16680652089417">
        <ele>132.3</ele>
      </trkpt>
      <trkpt lat="39.511823169887066" lon="-8.166978601366282">
        <ele>132.1</ele>
      </trkpt>
      <trkpt lat="39.5112775079906" lon="-8.167125787585974">
        <ele>136.4</ele>
      </trkpt>
      <trkpt lat="39.51100249774754" lon="-8.167200721800327">
        <ele>136.8</ele>
      </trkpt>
      <trkpt lat="39.51045365072787" lon="-8.167350757867098">
        <ele>137.8</ele>
      </trkpt>
      <trkpt lat="39.509915532544255" lon="-8.167490819469094">
        <ele>137.8</ele>
      </trkpt>
      <trkpt lat="39.509826097637415" lon="-8.167514624074101">
        <ele>137.4</ele>
      </trkpt>
      <trkpt lat="39.50929317623377" lon="-8.167660050094128">
        <ele>135.8</ele>
      </trkpt>
      <trkpt lat="39.50876268558204" lon="-8.167804218828678">
        <ele>134.6</ele>
      </trkpt>
      <trkpt lat="39.50823529623449" lon="-8.167945621535182">
        <ele>135.4</ele>
      </trkpt>
      <trkpt lat="39.507618220523" lon="-8.168112337589264">
        <ele>137.9</ele>
      </trkpt>
      <trkpt lat="39.507015561684966" lon="-8.168278550729156">
        <ele>141.4</ele>
      </trkpt>
      <trkpt lat="39.50684574432671" lon="-8.168326579034328">
        <ele>141.8</ele>
      </trkpt>
      <trkpt lat="39.506240990012884" lon="-8.168489271774888">
        <ele>139.8</ele>
      </trkpt>
      <trkpt lat="39.505706895142794" lon="-8.168630842119455">
        <ele>132.7</ele>
      </trkpt>
      <trkpt lat="39.505430879071355" lon="-8.168706363067031">
        <ele>129.6</ele>
      </trkpt>
      <trkpt lat="39.504847414791584" lon="-8.168866876512766">
        <ele>126.3</ele>
      </trkpt>
      <trkpt lat="39.50443519279361" lon="-8.168991096317768">
        <ele>122</ele>
      </trkpt>
      <trkpt lat="39.50401458889246" lon="-8.169135181233287">
        <ele>118.9</ele>
      </trkpt>
      <trkpt lat="39.50379716232419" lon="-8.169210031628609">
        <ele>118.9</ele>
      </trkpt>
      <trkpt lat="39.50357579626143" lon="-8.1692916713655">
        <ele>118.3</ele>
      </trkpt>
      <trkpt lat="39.50334965251386" lon="-8.16938110627234">
        <ele>118.5</ele>
      </trkpt>
      <trkpt lat="39.50288588181138" lon="-8.169575314968824">
        <ele>119.5</ele>
      </trkpt>
      <trkpt lat="39.50253635644913" lon="-8.169737923890352">
        <ele>118.3</ele>
      </trkpt>
      <trkpt lat="39.502302249893546" lon="-8.169851750135422">
        <ele>114.8</ele>
      </trkpt>
      <trkpt lat="39.50206579640508" lon="-8.169973120093346">
        <ele>110.2</ele>
      </trkpt>
      <trkpt lat="39.501945935189724" lon="-8.170035481452942">
        <ele>108.7</ele>
      </trkpt>
      <trkpt lat="39.50182464905083" lon="-8.17010035738349">
        <ele>107.2</ele>
      </trkpt>
      <trkpt lat="39.50170235708356" lon="-8.170166155323386">
        <ele>107.2</ele>
      </trkpt>
      <trkpt lat="39.501456851139665" lon="-8.170299846678972">
        <ele>109.2</ele>
      </trkpt>
      <trkpt lat="39.501211093738675" lon="-8.170441165566444">
        <ele>110.7</ele>
      </trkpt>
      <trkpt lat="39.50084690004587" lon="-8.170666303485632">
        <ele>108</ele>
      </trkpt>
      <trkpt lat="39.50060751289129" lon="-8.170822625979781">
        <ele>106.3</ele>
      </trkpt>
      <trkpt lat="39.50037298724055" lon="-8.170985486358404">
        <ele>106.2</ele>
      </trkpt>
      <trkpt lat="39.50014508329332" lon="-8.171163937076926">
        <ele>104.8</ele>
      </trkpt>
      <trkpt lat="39.49992178939283" lon="-8.171351775527">
        <ele>102.8</ele>
      </trkpt>
      <trkpt lat="39.499810226261616" lon="-8.171443808823824">
        <ele>101.8</ele>
      </trkpt>
      <trkpt lat="39.499586848542094" lon="-8.171624187380075">
        <ele>100.6</ele>
      </trkpt>
      <trkpt lat="39.49924847111106" lon="-8.171891067177057">
        <ele>95.7</ele>
      </trkpt>
      <trkpt lat="39.499019561335444" lon="-8.172067338600755">
        <ele>91.7</ele>
      </trkpt>
      <trkpt lat="39.498789478093386" lon="-8.172245118767023">
        <ele>91.2</ele>
      </trkpt>
      <trkpt lat="39.498555455356836" lon="-8.172424240037799">
        <ele>93.2</ele>
      </trkpt>
      <trkpt lat="39.498320342972875" lon="-8.17261191084981">
        <ele>94.7</ele>
      </trkpt>
      <trkpt lat="39.49808103963733" lon="-8.172797737643123">
        <ele>94.8</ele>
      </trkpt>
      <trkpt lat="39.49783938936889" lon="-8.172981888055801">
        <ele>93.4</ele>
      </trkpt>
      <trkpt lat="39.497465807944536" lon="-8.173241391777992">
        <ele>87.7</ele>
      </trkpt>
      <trkpt lat="39.497212171554565" lon="-8.173398971557617">
        <ele>84.3</ele>
      </trkpt>
      <trkpt lat="39.49697135947645" lon="-8.173578679561615">
        <ele>82.2</ele>
      </trkpt>
      <trkpt lat="39.49673507362604" lon="-8.173760399222374">
        <ele>80.7</ele>
      </trkpt>
      <trkpt lat="39.49650281108916" lon="-8.173939436674118">
        <ele>79.6</ele>
      </trkpt>
      <trkpt lat="39.49627314694226" lon="-8.17411688156426">
        <ele>78.7</ele>
      </trkpt>
      <trkpt lat="39.4961585663259" lon="-8.174203634262085">
        <ele>78</ele>
      </trkpt>
      <trkpt lat="39.49604415334761" lon="-8.174289297312498">
        <ele>78</ele>
      </trkpt>
      <trkpt lat="39.49581247754395" lon="-8.174447966739535">
        <ele>78.5</ele>
      </trkpt>
      <trkpt lat="39.49545683339238" lon="-8.174644857645035">
        <ele>77.8</ele>
      </trkpt>
      <trkpt lat="39.49521451257169" lon="-8.174741584807634">
        <ele>76.1</ele>
      </trkpt>
      <trkpt lat="39.4949724432081" lon="-8.174815429374576">
        <ele>72.4</ele>
      </trkpt>
      <trkpt lat="39.494605315849185" lon="-8.174886927008629">
        <ele>67.3</ele>
      </trkpt>
      <trkpt lat="39.49436123482883" lon="-8.174931854009628">
        <ele>65.5</ele>
      </trkpt>
      <trkpt lat="39.494242211803794" lon="-8.174957418814301">
        <ele>64.6</ele>
      </trkpt>
      <trkpt lat="39.49400693178177" lon="-8.17501743324101">
        <ele>63.9</ele>
      </trkpt>
      <trkpt lat="39.49354852549732" lon="-8.175194039940834">
        <ele>63.1</ele>
      </trkpt>
      <trkpt lat="39.493236131966114" lon="-8.17539369687438">
        <ele>60.8</ele>
      </trkpt>
      <trkpt lat="39.49294812977314" lon="-8.175629563629627">
        <ele>60.1</ele>
      </trkpt>
      <trkpt lat="39.49276397936046" lon="-8.17579091526568">
        <ele>59.5</ele>
      </trkpt>
      <trkpt lat="39.49225704185665" lon="-8.176278825849295">
        <ele>56.8</ele>
      </trkpt>
      <trkpt lat="39.492186633870006" lon="-8.176371194422245">
        <ele>57.7</ele>
      </trkpt>
      <trkpt lat="39.4919159822166" lon="-8.176706219092011">
        <ele>59.6</ele>
      </trkpt>
      <trkpt lat="39.491751780733466" lon="-8.176761791110039">
        <ele>59</ele>
      </trkpt>
      <trkpt lat="39.49167483486235" lon="-8.176792049780488">
        <ele>58.5</ele>
      </trkpt>
      <trkpt lat="39.49135422706604" lon="-8.177060270681977">
        <ele>57.1</ele>
      </trkpt>
      <trkpt lat="39.491177536547184" lon="-8.177194884046912">
        <ele>57.3</ele>
      </trkpt>
      <trkpt lat="39.49106832034886" lon="-8.177278451621532">
        <ele>57.6</ele>
      </trkpt>
      <trkpt lat="39.4904531724751" lon="-8.177707605063915">
        <ele>62.7</ele>
      </trkpt>
      <trkpt lat="39.490272710099816" lon="-8.17781531251967">
        <ele>66.1</ele>
      </trkpt>
      <trkpt lat="39.49008763767779" lon="-8.177931904792786">
        <ele>70.1</ele>
      </trkpt>
      <trkpt lat="39.48986283503473" lon="-8.17806693725288">
        <ele>72.7</ele>
      </trkpt>
      <trkpt lat="39.489727886393666" lon="-8.178147403523326">
        <ele>72.3</ele>
      </trkpt>
      <trkpt lat="39.48951113037765" lon="-8.17827028222382">
        <ele>70.9</ele>
      </trkpt>
      <trkpt lat="39.489256823435426" lon="-8.178414450958371">
        <ele>71.2</ele>
      </trkpt>
      <trkpt lat="39.489127239212394" lon="-8.178491313010454">
        <ele>71.4</ele>
      </trkpt>
      <trkpt lat="39.48886664584279" lon="-8.178637074306607">
        <ele>71.1</ele>
      </trkpt>
      <trkpt lat="39.48850069195032" lon="-8.178848968818784">
        <ele>71</ele>
      </trkpt>
      <trkpt lat="39.488187627866864" lon="-8.179032281041145">
        <ele>73.5</ele>
      </trkpt>
      <trkpt lat="39.4881147891283" lon="-8.179079806432128">
        <ele>74</ele>
      </trkpt>
      <trkpt lat="39.487928207963705" lon="-8.179201427847147">
        <ele>75.1</ele>
      </trkpt>
      <trkpt lat="39.48778219521046" lon="-8.179290862753987">
        <ele>74.9</ele>
      </trkpt>
      <trkpt lat="39.48759385384619" lon="-8.1794214528054">
        <ele>75.8</ele>
      </trkpt>
      <trkpt lat="39.4874257966876" lon="-8.179532932117581">
        <ele>77.3</ele>
      </trkpt>
      <trkpt lat="39.48712958022952" lon="-8.17973124794662">
        <ele>79.2</ele>
      </trkpt>
      <trkpt lat="39.48685063049197" lon="-8.179938783869147">
        <ele>79.9</ele>
      </trkpt>
      <trkpt lat="39.486368922516704" lon="-8.180295769125223">
        <ele>79.6</ele>
      </trkpt>
      <trkpt lat="39.48611872270703" lon="-8.18053255788982">
        <ele>79</ele>
      </trkpt>
      <trkpt lat="39.48577766306698" lon="-8.180985851213336">
        <ele>79.7</ele>
      </trkpt>
      <trkpt lat="39.48563416488469" lon="-8.18126798607409">
        <ele>78.4</ele>
      </trkpt>
      <trkpt lat="39.48560197837651" lon="-8.181345351040363">
        <ele>77.8</ele>
      </trkpt>
      <trkpt lat="39.485491421073675" lon="-8.181669563055038">
        <ele>76</ele>
      </trkpt>
      <trkpt lat="39.48546686209738" lon="-8.181751621887088">
        <ele>75.8</ele>
      </trkpt>
      <trkpt lat="39.48533861897886" lon="-8.182246573269367">
        <ele>75.1</ele>
      </trkpt>
      <trkpt lat="39.48519252240658" lon="-8.182934056967497">
        <ele>74</ele>
      </trkpt>
      <trkpt lat="39.48504810221493" lon="-8.183612320572138">
        <ele>73.5</ele>
      </trkpt>
      <trkpt lat="39.48502882383764" lon="-8.183696139603853">
        <ele>73.5</ele>
      </trkpt>
      <trkpt lat="39.48482229374349" lon="-8.184259738773108">
        <ele>73</ele>
      </trkpt>
      <trkpt lat="39.48441828601062" lon="-8.184815794229507">
        <ele>74</ele>
      </trkpt>
      <trkpt lat="39.48402148671448" lon="-8.185257352888584">
        <ele>74.1</ele>
      </trkpt>
      <trkpt lat="39.483962059020996" lon="-8.18531434983015">
        <ele>74</ele>
      </trkpt>
      <trkpt lat="39.483467023819685" lon="-8.185764290392399">
        <ele>74.3</ele>
      </trkpt>
      <trkpt lat="39.48299277573824" lon="-8.186187408864498">
        <ele>74.2</ele>
      </trkpt>
      <trkpt lat="39.4825198687613" lon="-8.186605079099536">
        <ele>74.8</ele>
      </trkpt>
      <trkpt lat="39.48206841945648" lon="-8.187018726021051">
        <ele>75.2</ele>
      </trkpt>
      <trkpt lat="39.48159283027053" lon="-8.187491884455085">
        <ele>75.4</ele>
      </trkpt>
      <trkpt lat="39.48116149753332" lon="-8.187922798097134">
        <ele>75.2</ele>
      </trkpt>
      <trkpt lat="39.48068046011031" lon="-8.188396040350199">
        <ele>75.4</ele>
      </trkpt>
      <trkpt lat="39.4802560005337" lon="-8.188813123852015">
        <ele>76.8</ele>
      </trkpt>
      <trkpt lat="39.47981762699783" lon="-8.189231967553496">
        <ele>79.1</ele>
      </trkpt>
      <trkpt lat="39.479576060548425" lon="-8.189463559538126">
        <ele>79.7</ele>
      </trkpt>
      <trkpt lat="39.47918982245028" lon="-8.189684841781855">
        <ele>77.8</ele>
      </trkpt>
      <trkpt lat="39.478827556595206" lon="-8.18976329639554">
        <ele>74.9</ele>
      </trkpt>
      <trkpt lat="39.47854575701058" lon="-8.189811240881681">
        <ele>73.3</ele>
      </trkpt>
      <trkpt lat="39.47835909202695" lon="-8.189843678846955">
        <ele>72.8</ele>
      </trkpt>
      <trkpt lat="39.47817016392946" lon="-8.189874440431595">
        <ele>72.7</ele>
      </trkpt>
      <trkpt lat="39.477878138422966" lon="-8.189922720193863">
        <ele>71.7</ele>
      </trkpt>
      <trkpt lat="39.47749374434352" lon="-8.190015088766813">
        <ele>68.2</ele>
      </trkpt>
      <trkpt lat="39.477221332490444" lon="-8.190091447904706">
        <ele>65.7</ele>
      </trkpt>
      <trkpt lat="39.477048832923174" lon="-8.190168309956789">
        <ele>64.3</ele>
      </trkpt>
      <trkpt lat="39.47688018903136" lon="-8.190265959128737">
        <ele>62.8</ele>
      </trkpt>
      <trkpt lat="39.47651515714824" lon="-8.190430076792836">
        <ele>60</ele>
      </trkpt>
      <trkpt lat="39.476153729483485" lon="-8.190570222213864">
        <ele>59.1</ele>
      </trkpt>
      <trkpt lat="39.47570990771055" lon="-8.190724113956094">
        <ele>58.6</ele>
      </trkpt>
      <trkpt lat="39.47537261992693" lon="-8.190844897180796">
        <ele>56.8</ele>
      </trkpt>
      <trkpt lat="39.475173465907574" lon="-8.190921004861593">
        <ele>56</ele>
      </trkpt>
      <trkpt lat="39.4746452383697" lon="-8.191194841638207">
        <ele>53.9</ele>
      </trkpt>
      <trkpt lat="39.47431029751897" lon="-8.191602118313313">
        <ele>52.4</ele>
      </trkpt>
      <trkpt lat="39.47409924119711" lon="-8.191981818526983">
        <ele>52.2</ele>
      </trkpt>
      <trkpt lat="39.47374636307359" lon="-8.192563354969025">
        <ele>52.4</ele>
      </trkpt>
      <trkpt lat="39.473066590726376" lon="-8.193779904395342">
        <ele>47.5</ele>
      </trkpt>
      <trkpt lat="39.47281722910702" lon="-8.194233952090144">
        <ele>48.7</ele>
      </trkpt>
      <trkpt lat="39.472760232165456" lon="-8.194431765004992">
        <ele>48.9</ele>
      </trkpt>
      <trkpt lat="39.47273910976946" lon="-8.194494796916842">
        <ele>49</ele>
      </trkpt>
      <trkpt lat="39.47265428490937" lon="-8.194588841870427">
        <ele>49.1</ele>
      </trkpt>
      <trkpt lat="39.47244440205395" lon="-8.194426484405994">
        <ele>48.9</ele>
      </trkpt>
      <trkpt lat="39.47239385917783" lon="-8.194312155246735">
        <ele>48.7</ele>
      </trkpt>
      <trkpt lat="39.47217986918986" lon="-8.194168321788311">
        <ele>48.9</ele>
      </trkpt>
      <trkpt lat="39.471558183431625" lon="-8.19382717832923">
        <ele>49.5</ele>
      </trkpt>
      <trkpt lat="39.46575463749468" lon="-8.191341692581773">
        <ele>50.6</ele>
      </trkpt>
      <trkpt lat="39.46569453924894" lon="-8.191307410597801">
        <ele>50.9</ele>
      </trkpt>
      <trkpt lat="39.46547635830939" lon="-8.191195260733366">
        <ele>54.3</ele>
      </trkpt>
      <trkpt lat="39.46501459926367" lon="-8.19103374145925">
        <ele>57.6</ele>
      </trkpt>
      <trkpt lat="39.46488912217319" lon="-8.190990490838885">
        <ele>57</ele>
      </trkpt>
      <trkpt lat="39.464773032814264" lon="-8.190942713990808">
        <ele>56.4</ele>
      </trkpt>
      <trkpt lat="39.46465518325567" lon="-8.19090373814106">
        <ele>56.1</ele>
      </trkpt>
      <trkpt lat="39.464495088905096" lon="-8.190841292962432">
        <ele>57.7</ele>
      </trkpt>
      <trkpt lat="39.46432812139392" lon="-8.190776836127043">
        <ele>59.6</ele>
      </trkpt>
      <trkpt lat="39.46415822021663" lon="-8.190710535272956">
        <ele>62.1</ele>
      </trkpt>
      <trkpt lat="39.464071886613965" lon="-8.190682204440236">
        <ele>63.4</ele>
      </trkpt>
      <trkpt lat="39.46394163183868" lon="-8.19063015282154">
        <ele>64.6</ele>
      </trkpt>
      <trkpt lat="39.46385362185538" lon="-8.190594278275967">
        <ele>64.5</ele>
      </trkpt>
      <trkpt lat="39.46352354250848" lon="-8.190446924418211">
        <ele>61.9</ele>
      </trkpt>
      <trkpt lat="39.46299380622804" lon="-8.190228324383497">
        <ele>63</ele>
      </trkpt>
      <trkpt lat="39.4627854321152" lon="-8.190126735717058">
        <ele>63.4</ele>
      </trkpt>
      <trkpt lat="39.46252324618399" lon="-8.189940741285682">
        <ele>60.8</ele>
      </trkpt>
      <trkpt lat="39.4623554404825" lon="-8.189778048545122">
        <ele>58.1</ele>
      </trkpt>
      <trkpt lat="39.462235076352954" lon="-8.189652152359486">
        <ele>55.9</ele>
      </trkpt>
      <trkpt lat="39.46211311966181" lon="-8.189528519287705">
        <ele>53.6</ele>
      </trkpt>
      <trkpt lat="39.46186258457601" lon="-8.189298938959837">
        <ele>50.4</ele>
      </trkpt>
      <trkpt lat="39.46166418492794" lon="-8.189170276746154">
        <ele>51.1</ele>
      </trkpt>
      <trkpt lat="39.46159780025482" lon="-8.189140940085053">
        <ele>51.7</ele>
      </trkpt>
      <trkpt lat="39.461469892412424" lon="-8.189091486856341">
        <ele>52.8</ele>
      </trkpt>
      <trkpt lat="39.46093236096203" lon="-8.189014960080385">
        <ele>54.9</ele>
      </trkpt>
      <trkpt lat="39.459660071879625" lon="-8.188853189349174">
        <ele>57.7</ele>
      </trkpt>
      <trkpt lat="39.4593539647758" lon="-8.188882106915116">
        <ele>58.3</ele>
      </trkpt>
      <trkpt lat="39.45887016132474" lon="-8.189078914001584">
        <ele>60</ele>
      </trkpt>
      <trkpt lat="39.458598252385855" lon="-8.189276559278369">
        <ele>60.6</ele>
      </trkpt>
      <trkpt lat="39.45825853385031" lon="-8.189516868442297">
        <ele>61</ele>
      </trkpt>
      <trkpt lat="39.45814738981426" lon="-8.189603118225932">
        <ele>60.9</ele>
      </trkpt>
      <trkpt lat="39.457865841686726" lon="-8.189814928919077">
        <ele>61.9</ele>
      </trkpt>
      <trkpt lat="39.45739201270044" lon="-8.190162191167474">
        <ele>62.1</ele>
      </trkpt>
      <trkpt lat="39.45732604712248" lon="-8.190208962187171">
        <ele>61.8</ele>
      </trkpt>
      <trkpt lat="39.456809386610985" lon="-8.19058321416378">
        <ele>57.8</ele>
      </trkpt>
      <trkpt lat="39.45657955482602" lon="-8.19075571373105">
        <ele>55.5</ele>
      </trkpt>
      <trkpt lat="39.456435134634376" lon="-8.190880101174116">
        <ele>53.9</ele>
      </trkpt>
      <trkpt lat="39.45637042634189" lon="-8.190954364836216">
        <ele>52.9</ele>
      </trkpt>
      <trkpt lat="39.45631233975291" lon="-8.191040782257915">
        <ele>52.2</ele>
      </trkpt>
      <trkpt lat="39.456189880147576" lon="-8.191204899922013">
        <ele>51.2</ele>
      </trkpt>
      <trkpt lat="39.45602190680802" lon="-8.191263908520341">
        <ele>49.3</ele>
      </trkpt>
      <trkpt lat="39.45584798231721" lon="-8.191311936825514">
        <ele>49.1</ele>
      </trkpt>
      <trkpt lat="39.45561412721872" lon="-8.191459625959396">
        <ele>47.9</ele>
      </trkpt>
      <trkpt lat="39.455392342060804" lon="-8.19161175750196">
        <ele>45.2</ele>
      </trkpt>
      <trkpt lat="39.45524658076465" lon="-8.19171485491097">
        <ele>43.9</ele>
      </trkpt>
      <trkpt lat="39.45510199293494" lon="-8.191818706691265">
        <ele>43.3</ele>
      </trkpt>
      <trkpt lat="39.45488255470991" lon="-8.191978884860873">
        <ele>42.9</ele>
      </trkpt>
      <trkpt lat="39.454575944691896" lon="-8.192201424390078">
        <ele>42.6</ele>
      </trkpt>
      <trkpt lat="39.454344268888235" lon="-8.192390268668532">
        <ele>41.3</ele>
      </trkpt>
      <trkpt lat="39.45427427999675" lon="-8.192464867606759">
        <ele>40.9</ele>
      </trkpt>
      <trkpt lat="39.4541525747627" lon="-8.192628901451826">
        <ele>40.6</ele>
      </trkpt>
      <trkpt lat="39.45405685342848" lon="-8.192796958610415">
        <ele>40.6</ele>
      </trkpt>
      <trkpt lat="39.45393883623183" lon="-8.193116141483188">
        <ele>42</ele>
      </trkpt>
      <trkpt lat="39.453880582004786" lon="-8.19333516061306">
        <ele>43.3</ele>
      </trkpt>
      <trkpt lat="39.45379282347858" lon="-8.193675046786666">
        <ele>44.4</ele>
      </trkpt>
      <trkpt lat="39.45377723313868" lon="-8.19374025799334">
        <ele>44.6</ele>
      </trkpt>
      <trkpt lat="39.45371059700847" lon="-8.194004874676466">
        <ele>45</ele>
      </trkpt>
      <trkpt lat="39.45351823233068" lon="-8.194737620651722">
        <ele>45</ele>
      </trkpt>
      <trkpt lat="39.453310277312994" lon="-8.195425355806947">
        <ele>39.6</ele>
      </trkpt>
      <trkpt lat="39.453242467716336" lon="-8.195561645552516">
        <ele>39.1</ele>
      </trkpt>
      <trkpt lat="39.45316929370165" lon="-8.195690643042326">
        <ele>38.8</ele>
      </trkpt>
      <trkpt lat="39.45300215855241" lon="-8.1959112547338">
        <ele>38.7</ele>
      </trkpt>
      <trkpt lat="39.45280593819916" lon="-8.196103619411588">
        <ele>39.3</ele>
      </trkpt>
      <trkpt lat="39.452420957386494" lon="-8.196347784250975">
        <ele>38.5</ele>
      </trkpt>
      <trkpt lat="39.45214175619185" lon="-8.19640712812543">
        <ele>35.8</ele>
      </trkpt>
      <trkpt lat="39.451833134517074" lon="-8.196396064013243">
        <ele>33.8</ele>
      </trkpt>
      <trkpt lat="39.45168536156416" lon="-8.19636957719922">
        <ele>32.8</ele>
      </trkpt>
      <trkpt lat="39.451540522277355" lon="-8.19632951170206">
        <ele>31</ele>
      </trkpt>
      <trkpt lat="39.45140456780791" lon="-8.196268659085035">
        <ele>28.2</ele>
      </trkpt>
      <trkpt lat="39.45108228363097" lon="-8.196103787049651">
        <ele>22.7</ele>
      </trkpt>
      <trkpt lat="39.45054793730378" lon="-8.19585450924933">
        <ele>22.2</ele>
      </trkpt>
      <trkpt lat="39.45000596344471" lon="-8.195605147629976">
        <ele>22.9</ele>
      </trkpt>
      <trkpt lat="39.449448734521866" lon="-8.195350840687752">
        <ele>23.8</ele>
      </trkpt>
      <trkpt lat="39.44899116642773" lon="-8.195128804072738">
        <ele>23.1</ele>
      </trkpt>
      <trkpt lat="39.448797376826406" lon="-8.195033585652709">
        <ele>23.6</ele>
      </trkpt>
      <trkpt lat="39.44833721034229" lon="-8.194834599271417">
        <ele>29.4</ele>
      </trkpt>
      <trkpt lat="39.44775843992829" lon="-8.19460074417293">
        <ele>35.9</ele>
      </trkpt>
      <trkpt lat="39.4474835973233" lon="-8.194768466055393">
        <ele>35</ele>
      </trkpt>
      <trkpt lat="39.44729668088257" lon="-8.19471406750381">
        <ele>35.8</ele>
      </trkpt>
      <trkpt lat="39.44721546024084" lon="-8.194476189091802">
        <ele>37.3</ele>
      </trkpt>
      <trkpt lat="39.4471883866936" lon="-8.194406954571605">
        <ele>37.8</ele>
      </trkpt>
      <trkpt lat="39.447012366726995" lon="-8.194241914898157">
        <ele>39.9</ele>
      </trkpt>
      <trkpt lat="39.44664632901549" lon="-8.194109313189983">
        <ele>40.6</ele>
      </trkpt>
      <trkpt lat="39.44644985720515" lon="-8.194050136953592">
        <ele>39.1</ele>
      </trkpt>
      <trkpt lat="39.44618213921785" lon="-8.193968748673797">
        <ele>36.5</ele>
      </trkpt>
      <trkpt lat="39.445651564747095" lon="-8.193815611302853">
        <ele>34.5</ele>
      </trkpt>
      <trkpt lat="39.445114117115736" lon="-8.193671694025397">
        <ele>34</ele>
      </trkpt>
      <trkpt lat="39.4447704590857" lon="-8.193541020154953">
        <ele>33.4</ele>
      </trkpt>
      <trkpt lat="39.44449603557587" lon="-8.193483939394355">
        <ele>34.5</ele>
      </trkpt>
      <trkpt lat="39.444085070863366" lon="-8.193424846976995">
        <ele>35.2</ele>
      </trkpt>
      <trkpt lat="39.44392832927406" lon="-8.193395091220737">
        <ele>35.6</ele>
      </trkpt>
      <trkpt lat="39.44359615445137" lon="-8.193329628556967">
        <ele>36.3</ele>
      </trkpt>
      <trkpt lat="39.44324956275523" lon="-8.193266093730927">
        <ele>35.7</ele>
      </trkpt>
      <trkpt lat="39.44269300438464" lon="-8.193175066262484">
        <ele>34.6</ele>
      </trkpt>
      <trkpt lat="39.44235018454492" lon="-8.193060318008065">
        <ele>35.4</ele>
      </trkpt>
      <trkpt lat="39.44178348407149" lon="-8.192849680781364">
        <ele>37.6</ele>
      </trkpt>
      <trkpt lat="39.44145835004747" lon="-8.192697633057833">
        <ele>37.1</ele>
      </trkpt>
      <trkpt lat="39.44123212248087" lon="-8.192683551460505">
        <ele>36.5</ele>
      </trkpt>
      <trkpt lat="39.44083096459508" lon="-8.192622531205416">
        <ele>35.9</ele>
      </trkpt>
      <trkpt lat="39.44044631905854" lon="-8.192651616409421">
        <ele>35.9</ele>
      </trkpt>
      <trkpt lat="39.44014389999211" lon="-8.192661423236132">
        <ele>36.4</ele>
      </trkpt>
      <trkpt lat="39.43961030803621" lon="-8.19255287759006">
        <ele>36.3</ele>
      </trkpt>
      <trkpt lat="39.43906028755009" lon="-8.192368391901255">
        <ele>34.7</ele>
      </trkpt>
      <trkpt lat="39.438720401376486" lon="-8.192246183753014">
        <ele>34.8</ele>
      </trkpt>
      <trkpt lat="39.43854966200888" lon="-8.192106205970049">
        <ele>35</ele>
      </trkpt>
      <trkpt lat="39.43836769089103" lon="-8.191869501024485">
        <ele>35</ele>
      </trkpt>
      <trkpt lat="39.43790266290307" lon="-8.191708233207464">
        <ele>35.1</ele>
      </trkpt>
      <trkpt lat="39.43775254301727" lon="-8.191805882379413">
        <ele>34.9</ele>
      </trkpt>
      <trkpt lat="39.437559926882386" lon="-8.191842008382082">
        <ele>34.5</ele>
      </trkpt>
      <trkpt lat="39.43717955611646" lon="-8.191730948165059">
        <ele>34</ele>
      </trkpt>
      <trkpt lat="39.43666750565171" lon="-8.191507151350379">
        <ele>34.8</ele>
      </trkpt>
      <trkpt lat="39.43630683235824" lon="-8.19136155769229">
        <ele>34.6</ele>
      </trkpt>
      <trkpt lat="39.43606534972787" lon="-8.191322414204478">
        <ele>34.4</ele>
      </trkpt>
      <trkpt lat="39.43552647717297" lon="-8.191219232976437">
        <ele>33.9</ele>
      </trkpt>
      <trkpt lat="39.4351848307997" lon="-8.191097443923354">
        <ele>33.1</ele>
      </trkpt>
      <trkpt lat="39.43468937650323" lon="-8.190924189984798">
        <ele>32.8</ele>
      </trkpt>
      <trkpt lat="39.43416123278439" lon="-8.190695866942406">
        <ele>32.5</ele>
      </trkpt>
      <trkpt lat="39.43368874490261" lon="-8.190488079562783">
        <ele>33</ele>
      </trkpt>
      <trkpt lat="39.4334838911891" lon="-8.190441895276308">
        <ele>32.8</ele>
      </trkpt>
      <trkpt lat="39.433382553979754" lon="-8.190408535301685">
        <ele>32.6</ele>
      </trkpt>
      <trkpt lat="39.43285365588963" lon="-8.190205693244934">
        <ele>31.8</ele>
      </trkpt>
      <trkpt lat="39.43232408724725" lon="-8.189990697428584">
        <ele>34.4</ele>
      </trkpt>
      <trkpt lat="39.431838020682335" lon="-8.189745610579848">
        <ele>34.2</ele>
      </trkpt>
      <trkpt lat="39.43130602128804" lon="-8.18947495892644">
        <ele>34.6</ele>
      </trkpt>
      <trkpt lat="39.43078625947237" lon="-8.189218807965517">
        <ele>34.3</ele>
      </trkpt>
      <trkpt lat="39.43057260476053" lon="-8.189144795760512">
        <ele>34</ele>
      </trkpt>
      <trkpt lat="39.43018167279661" lon="-8.188946144655347">
        <ele>34.5</ele>
      </trkpt>
      <trkpt lat="39.42992149852216" lon="-8.18866484798491">
        <ele>35.3</ele>
      </trkpt>
      <trkpt lat="39.42967414855957" lon="-8.1884322501719">
        <ele>35.3</ele>
      </trkpt>
      <trkpt lat="39.429599130526185" lon="-8.188346922397614">
        <ele>35.4</ele>
      </trkpt>
      <trkpt lat="39.42929989658296" lon="-8.18790695630014">
        <ele>38.2</ele>
      </trkpt>
      <trkpt lat="39.42918841727078" lon="-8.187708053737879">
        <ele>39.1</ele>
      </trkpt>
      <trkpt lat="39.42909453995526" lon="-8.18756497465074">
        <ele>38.9</ele>
      </trkpt>
      <trkpt lat="39.42863680422306" lon="-8.187182173132896">
        <ele>37.3</ele>
      </trkpt>
      <trkpt lat="39.428126346319914" lon="-8.186910515651107">
        <ele>36.7</ele>
      </trkpt>
      <trkpt lat="39.42759904079139" lon="-8.186657717451453">
        <ele>36</ele>
      </trkpt>
      <trkpt lat="39.42749971523881" lon="-8.186617651954293">
        <ele>36</ele>
      </trkpt>
      <trkpt lat="39.42694106139243" lon="-8.18642788566649">
        <ele>37.6</ele>
      </trkpt>
      <trkpt lat="39.42636597901583" lon="-8.186259996145964">
        <ele>36.2</ele>
      </trkpt>
      <trkpt lat="39.42587312310934" lon="-8.186102164909244">
        <ele>36.6</ele>
      </trkpt>
      <trkpt lat="39.42550431936979" lon="-8.185921451076865">
        <ele>36.5</ele>
      </trkpt>
      <trkpt lat="39.425267865881324" lon="-8.185799829661846">
        <ele>37.1</ele>
      </trkpt>
      <trkpt lat="39.42501179873943" lon="-8.185663875192404">
        <ele>37.4</ele>
      </trkpt>
      <trkpt lat="39.42486746236682" lon="-8.185605118051171">
        <ele>37.2</ele>
      </trkpt>
      <trkpt lat="39.42463637329638" lon="-8.185543427243829">
        <ele>36.9</ele>
      </trkpt>
      <trkpt lat="39.42440268583596" lon="-8.185506463050842">
        <ele>37.3</ele>
      </trkpt>
      <trkpt lat="39.424174362793565" lon="-8.185498164966702">
        <ele>38.2</ele>
      </trkpt>
      <trkpt lat="39.42395727150142" lon="-8.185469163581729">
        <ele>39.4</ele>
      </trkpt>
      <trkpt lat="39.42388786934316" lon="-8.18544921465218">
        <ele>39.7</ele>
      </trkpt>
      <trkpt lat="39.42356969229877" lon="-8.185308733955026">
        <ele>40.3</ele>
      </trkpt>
      <trkpt lat="39.42308949306607" lon="-8.185079405084252">
        <ele>39.1</ele>
      </trkpt>
      <trkpt lat="39.42255447618663" lon="-8.1848731264472">
        <ele>40.3</ele>
      </trkpt>
      <trkpt lat="39.42249513231218" lon="-8.184846136718988">
        <ele>40.4</ele>
      </trkpt>
      <trkpt lat="39.42237694747746" lon="-8.184796096757054">
        <ele>40.5</ele>
      </trkpt>
      <trkpt lat="39.42181712016463" lon="-8.18460482172668">
        <ele>40.6</ele>
      </trkpt>
      <trkpt lat="39.42168745212257" lon="-8.18455402739346">
        <ele>40.8</ele>
      </trkpt>
      <trkpt lat="39.42116475664079" lon="-8.184367613866925">
        <ele>42.5</ele>
      </trkpt>
      <trkpt lat="39.42056645639241" lon="-8.184249931946397">
        <ele>44.3</ele>
      </trkpt>
      <trkpt lat="39.419985422864556" lon="-8.184302151203156">
        <ele>44.2</ele>
      </trkpt>
      <trkpt lat="39.41967671737075" lon="-8.184323608875275">
        <ele>43.7</ele>
      </trkpt>
      <trkpt lat="39.41928327083588" lon="-8.184312880039215">
        <ele>44.2</ele>
      </trkpt>
      <trkpt lat="39.41895210184157" lon="-8.184293182566762">
        <ele>44.9</ele>
      </trkpt>
      <trkpt lat="39.41875462420285" lon="-8.184278849512339">
        <ele>44.3</ele>
      </trkpt>
      <trkpt lat="39.418413396924734" lon="-8.18430282175541">
        <ele>43.2</ele>
      </trkpt>
      <trkpt lat="39.418071331456304" lon="-8.184377253055573">
        <ele>44.4</ele>
      </trkpt>
      <trkpt lat="39.41772239282727" lon="-8.184428969398141">
        <ele>45.6</ele>
      </trkpt>
      <trkpt lat="39.417367754504085" lon="-8.184364764019847">
        <ele>45.2</ele>
      </trkpt>
      <trkpt lat="39.41686467267573" lon="-8.184068128466606">
        <ele>45.8</ele>
      </trkpt>
      <trkpt lat="39.41645571961999" lon="-8.1834917049855">
        <ele>46.3</ele>
      </trkpt>
      <trkpt lat="39.41599194891751" lon="-8.18300019018352">
        <ele>46.2</ele>
      </trkpt>
      <trkpt lat="39.41548618488014" lon="-8.182576401159167">
        <ele>45.8</ele>
      </trkpt>
      <trkpt lat="39.41511201672256" lon="-8.182341288775206">
        <ele>46.5</ele>
      </trkpt>
      <trkpt lat="39.41454724408686" lon="-8.18230977281928">
        <ele>44.9</ele>
      </trkpt>
      <trkpt lat="39.414407182484865" lon="-8.18234346807003">
        <ele>44.7</ele>
      </trkpt>
      <trkpt lat="39.41414885222912" lon="-8.182508843019605">
        <ele>43.1</ele>
      </trkpt>
      <trkpt lat="39.41402253694832" lon="-8.182615963742137">
        <ele>43.2</ele>
      </trkpt>
      <trkpt lat="39.4136421661824" lon="-8.182926261797547">
        <ele>44.8</ele>
      </trkpt>
      <trkpt lat="39.413186106830835" lon="-8.183314511552453">
        <ele>47.1</ele>
      </trkpt>
      <trkpt lat="39.41292794421315" lon="-8.183512492105365">
        <ele>47.9</ele>
      </trkpt>
      <trkpt lat="39.412885531783104" lon="-8.183557586744428">
        <ele>47.9</ele>
      </trkpt>
      <trkpt lat="39.412741865962744" lon="-8.18367158062756">
        <ele>47.8</ele>
      </trkpt>
      <trkpt lat="39.41262745298445" lon="-8.183707287535071">
        <ele>47.4</ele>
      </trkpt>
      <trkpt lat="39.41228622570634" lon="-8.18359044380486">
        <ele>46.2</ele>
      </trkpt>
      <trkpt lat="39.41218958236277" lon="-8.183504529297352">
        <ele>45.8</ele>
      </trkpt>
      <trkpt lat="39.41200450994074" lon="-8.183321803808212">
        <ele>45.3</ele>
      </trkpt>
      <trkpt lat="39.411830082535744" lon="-8.183132708072662">
        <ele>44.6</ele>
      </trkpt>
      <trkpt lat="39.411685578525066" lon="-8.18302315659821">
        <ele>43.9</ele>
      </trkpt>
      <trkpt lat="39.41155197098851" lon="-8.182894997298717">
        <ele>43.7</ele>
      </trkpt>
      <trkpt lat="39.41137595102191" lon="-8.182739345356822">
        <ele>43.6</ele>
      </trkpt>
      <trkpt lat="39.41108375787735" lon="-8.182468106970191">
        <ele>43.9</ele>
      </trkpt>
      <trkpt lat="39.41100019030273" lon="-8.182390993461013">
        <ele>44.2</ele>
      </trkpt>
      <trkpt lat="39.410905726253986" lon="-8.182315975427628">
        <ele>44.5</ele>
      </trkpt>
      <trkpt lat="39.41086138598621" lon="-8.182274149730802">
        <ele>44.6</ele>
      </trkpt>
      <trkpt lat="39.4106665905565" lon="-8.182058651000261">
        <ele>44.3</ele>
      </trkpt>
      <trkpt lat="39.41036207601428" lon="-8.181644165888429">
        <ele>43.4</ele>
      </trkpt>
      <trkpt lat="39.41019837744534" lon="-8.181403772905469">
        <ele>43.5</ele>
      </trkpt>
      <trkpt lat="39.40980987623334" lon="-8.1808824185282">
        <ele>45.6</ele>
      </trkpt>
      <trkpt lat="39.40971801057458" lon="-8.180760210379958">
        <ele>45.8</ele>
      </trkpt>
      <trkpt lat="39.40966243855655" lon="-8.180682007223368">
        <ele>46</ele>
      </trkpt>
      <trkpt lat="39.409289695322514" lon="-8.180153360590339">
        <ele>47.6</ele>
      </trkpt>
      <trkpt lat="39.40894058905542" lon="-8.179701827466488">
        <ele>46.4</ele>
      </trkpt>
      <trkpt lat="39.40868519246578" lon="-8.179439222440124">
        <ele>46.1</ele>
      </trkpt>
      <trkpt lat="39.40822921693325" lon="-8.17903052084148">
        <ele>47.1</ele>
      </trkpt>
      <trkpt lat="39.408142883330584" lon="-8.178961370140314">
        <ele>46.9</ele>
      </trkpt>
      <trkpt lat="39.40778195858002" lon="-8.178645288571715">
        <ele>46</ele>
      </trkpt>
      <trkpt lat="39.4075858220458" lon="-8.178432304412127">
        <ele>46</ele>
      </trkpt>
      <trkpt lat="39.40741474740207" lon="-8.178224265575409">
        <ele>46.1</ele>
      </trkpt>
      <trkpt lat="39.407339645549655" lon="-8.178141200914979">
        <ele>46.4</ele>
      </trkpt>
      <trkpt lat="39.407038148492575" lon="-8.177673993632197">
        <ele>46.5</ele>
      </trkpt>
      <trkpt lat="39.40693790093064" lon="-8.177514988929033">
        <ele>46.9</ele>
      </trkpt>
      <trkpt lat="39.406728353351355" lon="-8.177169235423207">
        <ele>47.1</ele>
      </trkpt>
      <trkpt lat="39.40669038332999" lon="-8.177113328129053">
        <ele>47.1</ele>
      </trkpt>
      <trkpt lat="39.406367260962725" lon="-8.17664754576981">
        <ele>48.9</ele>
      </trkpt>
      <trkpt lat="39.40626793541014" lon="-8.17652927711606">
        <ele>49.9</ele>
      </trkpt>
      <trkpt lat="39.406165508553386" lon="-8.17642131820321">
        <ele>50.9</ele>
      </trkpt>
      <trkpt lat="39.405752616003156" lon="-8.175986548885703">
        <ele>53.4</ele>
      </trkpt>
      <trkpt lat="39.40543971955776" lon="-8.175658313557506">
        <ele>52.2</ele>
      </trkpt>
      <trkpt lat="39.40499782562256" lon="-8.17517383955419">
        <ele>51</ele>
      </trkpt>
      <trkpt lat="39.404646288603544" lon="-8.174654832109809">
        <ele>51</ele>
      </trkpt>
      <trkpt lat="39.40458199940622" lon="-8.174560535699129">
        <ele>51</ele>
      </trkpt>
      <trkpt lat="39.404122503474355" lon="-8.17419852130115">
        <ele>54.1</ele>
      </trkpt>
      <trkpt lat="39.403775576502085" lon="-8.173851259052753">
        <ele>54.5</ele>
      </trkpt>
      <trkpt lat="39.403742887079716" lon="-8.173807840794325">
        <ele>54.6</ele>
      </trkpt>
      <trkpt lat="39.40339076332748" lon="-8.173260753974319">
        <ele>55.2</ele>
      </trkpt>
      <trkpt lat="39.403048530220985" lon="-8.172771586105227">
        <ele>54</ele>
      </trkpt>
      <trkpt lat="39.40282355993986" lon="-8.17253228276968">
        <ele>53.6</ele>
      </trkpt>
      <trkpt lat="39.40235543064773" lon="-8.172125509008765">
        <ele>57.2</ele>
      </trkpt>
      <trkpt lat="39.40223967656493" lon="-8.172025345265865">
        <ele>57.7</ele>
      </trkpt>
      <trkpt lat="39.401783030480146" lon="-8.171657044440508">
        <ele>58.4</ele>
      </trkpt>
      <trkpt lat="39.40143769606948" lon="-8.171387482434511">
        <ele>58.5</ele>
      </trkpt>
      <trkpt lat="39.40096948295832" lon="-8.171027144417167">
        <ele>57.5</ele>
      </trkpt>
      <trkpt lat="39.4007249828428" lon="-8.17083964124322">
        <ele>57.5</ele>
      </trkpt>
      <trkpt lat="39.400640577077866" lon="-8.170770825818181">
        <ele>57.5</ele>
      </trkpt>
      <trkpt lat="39.400486685335636" lon="-8.170627830550075">
        <ele>58</ele>
      </trkpt>
      <trkpt lat="39.4004091527313" lon="-8.170552896335721">
        <ele>58.2</ele>
      </trkpt>
      <trkpt lat="39.400216452777386" lon="-8.170238910242915">
        <ele>58.7</ele>
      </trkpt>
      <trkpt lat="39.39998310059309" lon="-8.169805146753788">
        <ele>57.7</ele>
      </trkpt>
      <trkpt lat="39.399590492248535" lon="-8.169294185936451">
        <ele>58.1</ele>
      </trkpt>
      <trkpt lat="39.399130158126354" lon="-8.1688426528126">
        <ele>59.2</ele>
      </trkpt>
      <trkpt lat="39.398620622232556" lon="-8.168490193784237">
        <ele>60.7</ele>
      </trkpt>
      <trkpt lat="39.398335637524724" lon="-8.168336302042007">
        <ele>61.4</ele>
      </trkpt>
      <trkpt lat="39.398151403293014" lon="-8.168234713375568">
        <ele>62.2</ele>
      </trkpt>
      <trkpt lat="39.39780229702592" lon="-8.168046791106462">
        <ele>63.5</ele>
      </trkpt>
      <trkpt lat="39.397760219872" lon="-8.168022986501455">
        <ele>63.7</ele>
      </trkpt>
      <trkpt lat="39.39747045747936" lon="-8.167861634865403">
        <ele>65.1</ele>
      </trkpt>
      <trkpt lat="39.39727448858321" lon="-8.167751664295793">
        <ele>66.1</ele>
      </trkpt>
      <trkpt lat="39.39711523242295" lon="-8.167651668190956">
        <ele>66.9</ele>
      </trkpt>
      <trkpt lat="39.3968516215682" lon="-8.167474558576941">
        <ele>69.5</ele>
      </trkpt>
      <trkpt lat="39.3967792019248" lon="-8.167409934103489">
        <ele>70.2</ele>
      </trkpt>
      <trkpt lat="39.396555153653026" lon="-8.167154369875789">
        <ele>71.8</ele>
      </trkpt>
      <trkpt lat="39.396227756515145" lon="-8.166647935286164">
        <ele>67.8</ele>
      </trkpt>
      <trkpt lat="39.39603648148477" lon="-8.166352640837431">
        <ele>65.4</ele>
      </trkpt>
      <trkpt lat="39.39595500938594" lon="-8.166231270879507">
        <ele>65.1</ele>
      </trkpt>
      <trkpt lat="39.39574093557894" lon="-8.165896916761994">
        <ele>65</ele>
      </trkpt>
      <trkpt lat="39.39551755785942" lon="-8.165536327287555">
        <ele>65.9</ele>
      </trkpt>
      <trkpt lat="39.3952579703182" lon="-8.165128044784069">
        <ele>67.5</ele>
      </trkpt>
      <trkpt lat="39.39517540857196" lon="-8.164998712018132">
        <ele>68</ele>
      </trkpt>
      <trkpt lat="39.39490190707147" lon="-8.164567044004798">
        <ele>67.7</ele>
      </trkpt>
      <trkpt lat="39.39464231953025" lon="-8.164173848927021">
        <ele>67.1</ele>
      </trkpt>
      <trkpt lat="39.39433889463544" lon="-8.163763973861933">
        <ele>67.6</ele>
      </trkpt>
      <trkpt lat="39.39426597207785" lon="-8.163669258356094">
        <ele>68</ele>
      </trkpt>
      <trkpt lat="39.393939916044474" lon="-8.163246139883995">
        <ele>69.9</ele>
      </trkpt>
      <trkpt lat="39.39353163354099" lon="-8.162780944257975">
        <ele>71.2</ele>
      </trkpt>
      <trkpt lat="39.39341998659074" lon="-8.16265806555748">
        <ele>71.2</ele>
      </trkpt>
      <trkpt lat="39.39323960803449" lon="-8.162446590140462">
        <ele>71.1</ele>
      </trkpt>
      <trkpt lat="39.39280182123184" lon="-8.161961864680052">
        <ele>68.8</ele>
      </trkpt>
      <trkpt lat="39.392571402713656" lon="-8.161709485575557">
        <ele>69.4</ele>
      </trkpt>
      <trkpt lat="39.39248406328261" lon="-8.161609154194593">
        <ele>69.6</ele>
      </trkpt>
      <trkpt lat="39.392048958688974" lon="-8.16113549284637">
        <ele>69.1</ele>
      </trkpt>
      <trkpt lat="39.39162215217948" lon="-8.160663843154907">
        <ele>69.4</ele>
      </trkpt>
      <trkpt lat="39.3913224991411" lon="-8.160347007215023">
        <ele>70.2</ele>
      </trkpt>
      <trkpt lat="39.39118101261556" lon="-8.160203425213695">
        <ele>70.8</ele>
      </trkpt>
      <trkpt lat="39.39114538952708" lon="-8.160169394686818">
        <ele>71</ele>
      </trkpt>
      <trkpt lat="39.39103692770004" lon="-8.160067051649094">
        <ele>71.7</ele>
      </trkpt>
      <trkpt lat="39.3909268733114" lon="-8.159966301172972">
        <ele>72.2</ele>
      </trkpt>
      <trkpt lat="39.39070005901158" lon="-8.15975809469819">
        <ele>73.8</ele>
      </trkpt>
      <trkpt lat="39.390342738479376" lon="-8.15942533314228">
        <ele>75</ele>
      </trkpt>
      <trkpt lat="39.38991182483733" lon="-8.158975392580032">
        <ele>74.5</ele>
      </trkpt>
      <trkpt lat="39.389723567292094" lon="-8.158747740089893">
        <ele>74.8</ele>
      </trkpt>
      <trkpt lat="39.38952701166272" lon="-8.158502988517284">
        <ele>75.4</ele>
      </trkpt>
      <trkpt lat="39.38940631225705" lon="-8.158353371545672">
        <ele>75.9</ele>
      </trkpt>
      <trkpt lat="39.38904572278261" lon="-8.157905526459217">
        <ele>77.3</ele>
      </trkpt>
      <trkpt lat="39.38888529315591" lon="-8.15770871937275">
        <ele>78.2</ele>
      </trkpt>
      <trkpt lat="39.38864045776427" lon="-8.157434212043881">
        <ele>78.7</ele>
      </trkpt>
      <trkpt lat="39.388501569628716" lon="-8.15732709132135">
        <ele>78.5</ele>
      </trkpt>
      <trkpt lat="39.38828833401203" lon="-8.157132547348738">
        <ele>77.9</ele>
      </trkpt>
      <trkpt lat="39.38788658939302" lon="-8.156642625108361">
        <ele>79.5</ele>
      </trkpt>
      <trkpt lat="39.3878307659179" lon="-8.15653458237648">
        <ele>79.7</ele>
      </trkpt>
      <trkpt lat="39.38757687807083" lon="-8.15598925575614">
        <ele>79.8</ele>
      </trkpt>
      <trkpt lat="39.38730949535966" lon="-8.155388943850994">
        <ele>78.4</ele>
      </trkpt>
      <trkpt lat="39.38703649677336" lon="-8.154714703559875">
        <ele>76</ele>
      </trkpt>
      <trkpt lat="39.38675017096102" lon="-8.154084468260407">
        <ele>75.7</ele>
      </trkpt>
      <trkpt lat="39.3866216763854" lon="-8.153792778030038">
        <ele>75.7</ele>
      </trkpt>
      <trkpt lat="39.38651564531028" lon="-8.153565041720867">
        <ele>75</ele>
      </trkpt>
      <trkpt lat="39.386307606473565" lon="-8.153196992352605">
        <ele>73.4</ele>
      </trkpt>
      <trkpt lat="39.38625899143517" lon="-8.15312691964209">
        <ele>72.8</ele>
      </trkpt>
      <trkpt lat="39.38609973527491" lon="-8.152926173061132">
        <ele>70.9</ele>
      </trkpt>
      <trkpt lat="39.3860434088856" lon="-8.152868757024407">
        <ele>70.6</ele>
      </trkpt>
      <trkpt lat="39.38592287711799" lon="-8.152756774798036">
        <ele>70.3</ele>
      </trkpt>
      <trkpt lat="39.3857360444963" lon="-8.152594417333603">
        <ele>70.6</ele>
      </trkpt>
      <trkpt lat="39.38538132235408" lon="-8.152295099571347">
        <ele>71.6</ele>
      </trkpt>
      <trkpt lat="39.38532675616443" lon="-8.152250172570348">
        <ele>71.6</ele>
      </trkpt>
      <trkpt lat="39.384847059845924" lon="-8.151915231719613">
        <ele>72.2</ele>
      </trkpt>
      <trkpt lat="39.38429511152208" lon="-8.151726555079222">
        <ele>72.4</ele>
      </trkpt>
      <trkpt lat="39.38391792587936" lon="-8.151725716888905">
        <ele>74.6</ele>
      </trkpt>
      <trkpt lat="39.38374207355082" lon="-8.151817079633474">
        <ele>75.4</ele>
      </trkpt>
      <trkpt lat="39.38366479240358" lon="-8.151866449043155">
        <ele>75.2</ele>
      </trkpt>
      <trkpt lat="39.38355641439557" lon="-8.151930151507258">
        <ele>74.9</ele>
      </trkpt>
      <trkpt lat="39.38352548517287" lon="-8.151950854808092">
        <ele>74.7</ele>
      </trkpt>
      <trkpt lat="39.38342532142997" lon="-8.15201866440475">
        <ele>74.3</ele>
      </trkpt>
      <trkpt lat="39.383333288133144" lon="-8.152088988572359">
        <ele>74.4</ele>
      </trkpt>
      <trkpt lat="39.383216612041" lon="-8.15216425806284">
        <ele>75.1</ele>
      </trkpt>
      <trkpt lat="39.38311426900327" lon="-8.152221087366343">
        <ele>75.8</ele>
      </trkpt>
      <trkpt lat="39.38284143805504" lon="-8.152319071814418">
        <ele>77.2</ele>
      </trkpt>
      <trkpt lat="39.38250683248043" lon="-8.152322005480528">
        <ele>77.4</ele>
      </trkpt>
      <trkpt lat="39.382272055372596" lon="-8.152198372408748">
        <ele>78.3</ele>
      </trkpt>
      <trkpt lat="39.38199796713889" lon="-8.151981867849827">
        <ele>80.7</ele>
      </trkpt>
      <trkpt lat="39.381864946335554" lon="-8.151871645823121">
        <ele>82</ele>
      </trkpt>
      <trkpt lat="39.38176025636494" lon="-8.151796879246831">
        <ele>83.6</ele>
      </trkpt>
      <trkpt lat="39.38160032965243" lon="-8.151672659441829">
        <ele>85.1</ele>
      </trkpt>
      <trkpt lat="39.38140360638499" lon="-8.151513151824474">
        <ele>85.6</ele>
      </trkpt>
      <trkpt lat="39.381331438198686" lon="-8.15144207328558">
        <ele>85.7</ele>
      </trkpt>
      <trkpt lat="39.38116908073425" lon="-8.151306034997106">
        <ele>85.5</ele>
      </trkpt>
      <trkpt lat="39.38107763417065" lon="-8.151244511827826">
        <ele>85.7</ele>
      </trkpt>
      <trkpt lat="39.38074772246182" lon="-8.151014596223831">
        <ele>85.7</ele>
      </trkpt>
      <trkpt lat="39.3806728720665" lon="-8.15095592290163">
        <ele>85.6</ele>
      </trkpt>
      <trkpt lat="39.38023868948221" lon="-8.150624670088291">
        <ele>86.5</ele>
      </trkpt>
      <trkpt lat="39.3797452468425" lon="-8.150249915197492">
        <ele>84.8</ele>
      </trkpt>
      <trkpt lat="39.379260102286935" lon="-8.149886559695005">
        <ele>84.8</ele>
      </trkpt>
      <trkpt lat="39.37886296771467" lon="-8.149607693776488">
        <ele>84.5</ele>
      </trkpt>
      <trkpt lat="39.378659119829535" lon="-8.149492358788848">
        <ele>83.7</ele>
      </trkpt>
      <trkpt lat="39.3785126041621" lon="-8.149399738758802">
        <ele>83</ele>
      </trkpt>
      <trkpt lat="39.37832468189299" lon="-8.149278201162815">
        <ele>83.3</ele>
      </trkpt>
      <trkpt lat="39.37827866524458" lon="-8.149246014654636">
        <ele>83.4</ele>
      </trkpt>
      <trkpt lat="39.37823407351971" lon="-8.14921349287033">
        <ele>83.4</ele>
      </trkpt>
      <trkpt lat="39.37814690172672" lon="-8.149157669395208">
        <ele>83.5</ele>
      </trkpt>
      <trkpt lat="39.37805403023958" lon="-8.149098325520754">
        <ele>83.6</ele>
      </trkpt>
      <trkpt lat="39.377964260056615" lon="-8.14902976155281">
        <ele>83.6</ele>
      </trkpt>
      <trkpt lat="39.37787205912173" lon="-8.14897695556283">
        <ele>83.7</ele>
      </trkpt>
      <trkpt lat="39.37773727811873" lon="-8.148890789598227">
        <ele>83.7</ele>
      </trkpt>
      <trkpt lat="39.37756377272308" lon="-8.148769671097398">
        <ele>83.5</ele>
      </trkpt>
      <trkpt lat="39.37705415301025" lon="-8.148433724418283">
        <ele>84.5</ele>
      </trkpt>
      <trkpt lat="39.376970920711756" lon="-8.14838477410376">
        <ele>84.8</ele>
      </trkpt>
      <trkpt lat="39.376879977062345" lon="-8.14834512770176">
        <ele>85</ele>
      </trkpt>
      <trkpt lat="39.37656213529408" lon="-8.14814136363566">
        <ele>84.9</ele>
      </trkpt>
      <trkpt lat="39.376231050118804" lon="-8.1479303073138">
        <ele>85</ele>
      </trkpt>
      <trkpt lat="39.3761329818517" lon="-8.147869035601616">
        <ele>85.3</ele>
      </trkpt>
      <trkpt lat="39.37592695467174" lon="-8.147763591259718">
        <ele>86.1</ele>
      </trkpt>
      <trkpt lat="39.37563467770815" lon="-8.147618249058723">
        <ele>87.1</ele>
      </trkpt>
      <trkpt lat="39.375535352155566" lon="-8.14758631400764">
        <ele>87.2</ele>
      </trkpt>
      <trkpt lat="39.375059427693486" lon="-8.147406103089452">
        <ele>87.1</ele>
      </trkpt>
      <trkpt lat="39.37451007775962" lon="-8.147182473912835">
        <ele>88.5</ele>
      </trkpt>
      <trkpt lat="39.37415703199804" lon="-8.147039143368602">
        <ele>88</ele>
      </trkpt>
      <trkpt lat="39.37405292876065" lon="-8.146996730938554">
        <ele>88</ele>
      </trkpt>
      <trkpt lat="39.37379845418036" lon="-8.1468993332237">
        <ele>88</ele>
      </trkpt>
      <trkpt lat="39.37325329519808" lon="-8.146716356277466">
        <ele>88.2</ele>
      </trkpt>
      <trkpt lat="39.372683661058545" lon="-8.146534217521548">
        <ele>89.3</ele>
      </trkpt>
      <trkpt lat="39.372326508164406" lon="-8.146417373791337">
        <ele>89.9</ele>
      </trkpt>
      <trkpt lat="39.37193767167628" lon="-8.146294495090842">
        <ele>89.5</ele>
      </trkpt>
      <trkpt lat="39.37188897281885" lon="-8.146279994398355">
        <ele>89.5</ele>
      </trkpt>
      <trkpt lat="39.37136669643223" lon="-8.146117217838764">
        <ele>89.7</ele>
      </trkpt>
      <trkpt lat="39.37125136144459" lon="-8.146087126806378">
        <ele>90</ele>
      </trkpt>
      <trkpt lat="39.37070217914879" lon="-8.145924182608724">
        <ele>91.4</ele>
      </trkpt>
      <trkpt lat="39.37051040120423" lon="-8.145862659439445">
        <ele>90.9</ele>
      </trkpt>
      <trkpt lat="39.37018887139857" lon="-8.14577884040773">
        <ele>90.3</ele>
      </trkpt>
      <trkpt lat="39.36996968463063" lon="-8.145718825981021">
        <ele>90.7</ele>
      </trkpt>
      <trkpt lat="39.36976273544133" lon="-8.145645903423429">
        <ele>91</ele>
      </trkpt>
      <trkpt lat="39.369563246145844" lon="-8.145581195130944">
        <ele>91.1</ele>
      </trkpt>
      <trkpt lat="39.369516894221306" lon="-8.145571053028107">
        <ele>91.2</ele>
      </trkpt>
      <trkpt lat="39.36934472993016" lon="-8.145540039986372">
        <ele>91.4</ele>
      </trkpt>
      <trkpt lat="39.36905957758427" lon="-8.145491341128945">
        <ele>91.9</ele>
      </trkpt>
      <trkpt lat="39.36895773746073" lon="-8.145466530695558">
        <ele>92.1</ele>
      </trkpt>
      <trkpt lat="39.36839330010116" lon="-8.14539478160441">
        <ele>93.2</ele>
      </trkpt>
      <trkpt lat="39.36814997345209" lon="-8.145361924543977">
        <ele>93.4</ele>
      </trkpt>
      <trkpt lat="39.36769215390086" lon="-8.145293025299907">
        <ele>93.5</ele>
      </trkpt>
      <trkpt lat="39.3671288061887" lon="-8.14517148770392">
        <ele>94.2</ele>
      </trkpt>
      <trkpt lat="39.366907104849815" lon="-8.145117508247495">
        <ele>93.7</ele>
      </trkpt>
      <trkpt lat="39.366370998322964" lon="-8.144977111369371">
        <ele>93.9</ele>
      </trkpt>
      <trkpt lat="39.36632297001779" lon="-8.14496579580009">
        <ele>93.9</ele>
      </trkpt>
      <trkpt lat="39.36595684848726" lon="-8.144873259589076">
        <ele>94</ele>
      </trkpt>
      <trkpt lat="39.36570622958243" lon="-8.14481726847589">
        <ele>94.4</ele>
      </trkpt>
      <trkpt lat="39.36527565121651" lon="-8.144714254885912">
        <ele>94.9</ele>
      </trkpt>
      <trkpt lat="39.36501329764724" lon="-8.144650887697935">
        <ele>95.9</ele>
      </trkpt>
      <trkpt lat="39.36479612253606" lon="-8.144598919898272">
        <ele>97.2</ele>
      </trkpt>
      <trkpt lat="39.36459571123123" lon="-8.144553070887923">
        <ele>98.1</ele>
      </trkpt>
      <trkpt lat="39.364449279382825" lon="-8.144520046189427">
        <ele>98.2</ele>
      </trkpt>
      <trkpt lat="39.36435028910637" lon="-8.144488027319312">
        <ele>97.8</ele>
      </trkpt>
      <trkpt lat="39.36429748311639" lon="-8.144477885216475">
        <ele>97.5</ele>
      </trkpt>
      <trkpt lat="39.36373430304229" lon="-8.144330196082592">
        <ele>96.4</ele>
      </trkpt>
      <trkpt lat="39.36327187344432" lon="-8.144206646829844">
        <ele>96.4</ele>
      </trkpt>
      <trkpt lat="39.36269796453416" lon="-8.144039008766413">
        <ele>95.8</ele>
      </trkpt>
      <trkpt lat="39.362351121380925" lon="-8.143940856680274">
        <ele>96.6</ele>
      </trkpt>
      <trkpt lat="39.36212757602334" lon="-8.143874807283282">
        <ele>97</ele>
      </trkpt>
      <trkpt lat="39.36157898046076" lon="-8.143771290779114">
        <ele>97.2</ele>
      </trkpt>
      <trkpt lat="39.36102636158466" lon="-8.14368026331067">
        <ele>95.3</ele>
      </trkpt>
      <trkpt lat="39.36077314428985" lon="-8.143639611080289">
        <ele>95.4</ele>
      </trkpt>
      <trkpt lat="39.36026209965348" lon="-8.143557636067271">
        <ele>95.7</ele>
      </trkpt>
      <trkpt lat="39.36006546020508" lon="-8.143521174788475">
        <ele>95.7</ele>
      </trkpt>
      <trkpt lat="39.35956137254834" lon="-8.143439451232553">
        <ele>96.4</ele>
      </trkpt>
      <trkpt lat="39.359500519931316" lon="-8.14343098551035">
        <ele>96.2</ele>
      </trkpt>
      <trkpt lat="39.358962988480926" lon="-8.143345825374126">
        <ele>96.7</ele>
      </trkpt>
      <trkpt lat="39.35873659327626" lon="-8.14330835826695">
        <ele>98.5</ele>
      </trkpt>
      <trkpt lat="39.35858462937176" lon="-8.143278937786818">
        <ele>99.5</ele>
      </trkpt>
      <trkpt lat="39.3584462441504" lon="-8.143254714086652">
        <ele>100.1</ele>
      </trkpt>
      <trkpt lat="39.358399640768766" lon="-8.143246248364449">
        <ele>100.1</ele>
      </trkpt>
      <trkpt lat="39.35825572349131" lon="-8.143219007179141">
        <ele>100.2</ele>
      </trkpt>
      <trkpt lat="39.358102502301335" lon="-8.143182964995503">
        <ele>99.4</ele>
      </trkpt>
      <trkpt lat="39.3578936252743" lon="-8.143125297501683">
        <ele>98.1</ele>
      </trkpt>
      <trkpt lat="39.35783981345594" lon="-8.143109623342752">
        <ele>97.7</ele>
      </trkpt>
      <trkpt lat="39.35739758424461" lon="-8.1430190987885">
        <ele>96.3</ele>
      </trkpt>
      <trkpt lat="39.35721016488969" lon="-8.142978195101023">
        <ele>96.6</ele>
      </trkpt>
      <trkpt lat="39.356971783563495" lon="-8.142935195937753">
        <ele>96.4</ele>
      </trkpt>
      <trkpt lat="39.35641983523965" lon="-8.142810892313719">
        <ele>95.6</ele>
      </trkpt>
      <trkpt lat="39.356041979044676" lon="-8.14273126423359">
        <ele>96.1</ele>
      </trkpt>
      <trkpt lat="39.35593066737056" lon="-8.14270150847733">
        <ele>96.3</ele>
      </trkpt>
      <trkpt lat="39.355435548350215" lon="-8.142478046938777">
        <ele>94</ele>
      </trkpt>
      <trkpt lat="39.35525265522301" lon="-8.142366483807564">
        <ele>92.4</ele>
      </trkpt>
      <trkpt lat="39.35500958003104" lon="-8.142178812995553">
        <ele>91.3</ele>
      </trkpt>
      <trkpt lat="39.354952834546566" lon="-8.142111841589212">
        <ele>91.3</ele>
      </trkpt>
      <trkpt lat="39.354852167889476" lon="-8.141956273466349">
        <ele>91.4</ele>
      </trkpt>
      <trkpt lat="39.35477270744741" lon="-8.141777319833636">
        <ele>91.2</ele>
      </trkpt>
      <trkpt lat="39.354732474312186" lon="-8.141688890755177">
        <ele>91</ele>
      </trkpt>
      <trkpt lat="39.35465309768915" lon="-8.14151362515986">
        <ele>90.4</ele>
      </trkpt>
      <trkpt lat="39.35457673855126" lon="-8.141333917155862">
        <ele>89.8</ele>
      </trkpt>
      <trkpt lat="39.35446777381003" lon="-8.141060080379248">
        <ele>88.5</ele>
      </trkpt>
      <trkpt lat="39.35421329922974" lon="-8.140448788180947">
        <ele>87.1</ele>
      </trkpt>
      <trkpt lat="39.35411707498133" lon="-8.1402129214257">
        <ele>88.1</ele>
      </trkpt>
      <trkpt lat="39.35403602197766" lon="-8.140010330826044">
        <ele>88.5</ele>
      </trkpt>
      <trkpt lat="39.35398950241506" lon="-8.139887284487486">
        <ele>88.6</ele>
      </trkpt>
      <trkpt lat="39.353833850473166" lon="-8.139610178768635">
        <ele>89.2</ele>
      </trkpt>
      <trkpt lat="39.353555738925934" lon="-8.139416640624404">
        <ele>89.6</ele>
      </trkpt>
      <trkpt lat="39.35344752855599" lon="-8.139400631189346">
        <ele>89.8</ele>
      </trkpt>
      <trkpt lat="39.353110659867525" lon="-8.139397446066141">
        <ele>90.2</ele>
      </trkpt>
      <trkpt lat="39.35290966182947" lon="-8.139397697523236">
        <ele>90.5</ele>
      </trkpt>
      <trkpt lat="39.35275535099208" lon="-8.139391830191016">
        <ele>90.9</ele>
      </trkpt>
      <trkpt lat="39.35260514728725" lon="-8.139383532106876">
        <ele>90.9</ele>
      </trkpt>
      <trkpt lat="39.35240339487791" lon="-8.139380179345608">
        <ele>91</ele>
      </trkpt>
      <trkpt lat="39.35234908014536" lon="-8.13938177190721">
        <ele>91</ele>
      </trkpt>
      <trkpt lat="39.35179176740348" lon="-8.13932511024177">
        <ele>91.1</ele>
      </trkpt>
      <trkpt lat="39.35135683044791" lon="-8.139258809387684">
        <ele>91</ele>
      </trkpt>
      <trkpt lat="39.351250967010856" lon="-8.139236345887184">
        <ele>91</ele>
      </trkpt>
      <trkpt lat="39.350798008963466" lon="-8.139220420271158">
        <ele>92</ele>
      </trkpt>
      <trkpt lat="39.35064512304962" lon="-8.139243302866817">
        <ele>92.6</ele>
      </trkpt>
      <trkpt lat="39.35045896098018" lon="-8.139162249863148">
        <ele>92.4</ele>
      </trkpt>
      <trkpt lat="39.350000973790884" lon="-8.138738125562668">
        <ele>91.5</ele>
      </trkpt>
      <trkpt lat="39.34994758106768" lon="-8.138696802780032">
        <ele>91.4</ele>
      </trkpt>
      <trkpt lat="39.349415665492415" lon="-8.138487674295902">
        <ele>91.5</ele>
      </trkpt>
      <trkpt lat="39.34914803132415" lon="-8.13848708756268">
        <ele>91.5</ele>
      </trkpt>
      <trkpt lat="39.34903428889811" lon="-8.138501085340977">
        <ele>91.8</ele>
      </trkpt>
      <trkpt lat="39.3489295989275" lon="-8.138512736186385">
        <ele>92.2</ele>
      </trkpt>
      <trkpt lat="39.34882516041398" lon="-8.138524554669857">
        <ele>92.8</ele>
      </trkpt>
      <trkpt lat="39.34879724867642" lon="-8.138525895774364">
        <ele>93.1</ele>
      </trkpt>
      <trkpt lat="39.34871074743569" lon="-8.138531846925616">
        <ele>94</ele>
      </trkpt>
      <trkpt lat="39.34868082404137" lon="-8.138533774763346">
        <ele>94.4</ele>
      </trkpt>
      <trkpt lat="39.34858376160264" lon="-8.138541989028454">
        <ele>95.5</ele>
      </trkpt>
      <trkpt lat="39.34851980768144" lon="-8.138556741178036">
        <ele>96.3</ele>
      </trkpt>
      <trkpt lat="39.348490722477436" lon="-8.138560932129622">
        <ele>96.7</ele>
      </trkpt>
      <trkpt lat="39.34841235168278" lon="-8.138559255748987">
        <ele>97.7</ele>
      </trkpt>
      <trkpt lat="39.34833398088813" lon="-8.138566296547651">
        <ele>98.6</ele>
      </trkpt>
      <trkpt lat="39.34828176163137" lon="-8.138568392023444">
        <ele>99.1</ele>
      </trkpt>
      <trkpt lat="39.34820858761668" lon="-8.138567553833127">
        <ele>99.7</ele>
      </trkpt>
      <trkpt lat="39.34806324541569" lon="-8.13854911364615">
        <ele>101.4</ele>
      </trkpt>
      <trkpt lat="39.3479692004621" lon="-8.1385344453156">
        <ele>102.7</ele>
      </trkpt>
      <trkpt lat="39.347821762785316" lon="-8.138513155281544">
        <ele>105.3</ele>
      </trkpt>
      <trkpt lat="39.34761766344309" lon="-8.138482393696904">
        <ele>109.6</ele>
      </trkpt>
      <trkpt lat="39.34747165068984" lon="-8.138457164168358">
        <ele>113.1</ele>
      </trkpt>
      <trkpt lat="39.34737584553659" lon="-8.138441909104586">
        <ele>115.3</ele>
      </trkpt>
      <trkpt lat="39.347259337082505" lon="-8.13839958049357">
        <ele>117.2</ele>
      </trkpt>
      <trkpt lat="39.347132770344615" lon="-8.138335878029466">
        <ele>118.8</ele>
      </trkpt>
      <trkpt lat="39.347028080374" lon="-8.138281228020787">
        <ele>119.6</ele>
      </trkpt>
      <trkpt lat="39.34689614921808" lon="-8.138182824477553">
        <ele>120.2</ele>
      </trkpt>
      <trkpt lat="39.34679238125682" lon="-8.138088192790747">
        <ele>120.4</ele>
      </trkpt>
      <trkpt lat="39.34665282256901" lon="-8.13795492053032">
        <ele>120</ele>
      </trkpt>
      <trkpt lat="39.34657939709723" lon="-8.137878058478236">
        <ele>120.3</ele>
      </trkpt>
      <trkpt lat="39.34646783396602" lon="-8.137744702398777">
        <ele>120.2</ele>
      </trkpt>
      <trkpt lat="39.34635082259774" lon="-8.137566167861223">
        <ele>120</ele>
      </trkpt>
      <trkpt lat="39.346335651353" lon="-8.13754060305655">
        <ele>120.1</ele>
      </trkpt>
      <trkpt lat="39.346285946667194" lon="-8.137465249747038">
        <ele>120.7</ele>
      </trkpt>
      <trkpt lat="39.34619047679007" lon="-8.137318901717663">
        <ele>121.6</ele>
      </trkpt>
      <trkpt lat="39.34615560807288" lon="-8.137278836220503">
        <ele>122.1</ele>
      </trkpt>
      <trkpt lat="39.346052343025804" lon="-8.137187892571092">
        <ele>123.3</ele>
      </trkpt>
      <trkpt lat="39.34593994170427" lon="-8.137146234512329">
        <ele>124.3</ele>
      </trkpt>
      <trkpt lat="39.345821253955364" lon="-8.137147407978773">
        <ele>124.8</ele>
      </trkpt>
      <trkpt lat="39.34570860117674" lon="-8.137183785438538">
        <ele>125.4</ele>
      </trkpt>
      <trkpt lat="39.34568043798208" lon="-8.137195520102978">
        <ele>125.6</ele>
      </trkpt>
      <trkpt lat="39.345554038882256" lon="-8.137262240052223">
        <ele>126.1</ele>
      </trkpt>
      <trkpt lat="39.34541582129896" lon="-8.137365840375423">
        <ele>127.8</ele>
      </trkpt>
      <trkpt lat="39.345301911234856" lon="-8.137445468455553">
        <ele>129.2</ele>
      </trkpt>
      <trkpt lat="39.345194874331355" lon="-8.137513613328338">
        <ele>130.5</ele>
      </trkpt>
      <trkpt lat="39.344971999526024" lon="-8.137655686587095">
        <ele>132</ele>
      </trkpt>
      <trkpt lat="39.34494987130165" lon="-8.137667840346694">
        <ele>132.1</ele>
      </trkpt>
      <trkpt lat="39.34482900425792" lon="-8.13777320086956">
        <ele>133</ele>
      </trkpt>
      <trkpt lat="39.344742000103" lon="-8.137884847819805">
        <ele>133.9</ele>
      </trkpt>
      <trkpt lat="39.34464938007295" lon="-8.138063047081232">
        <ele>136.7</ele>
      </trkpt>
      <trkpt lat="39.344581151381135" lon="-8.138182237744331">
        <ele>138.9</ele>
      </trkpt>
      <trkpt lat="39.34448719024658" lon="-8.138270499184728">
        <ele>140.1</ele>
      </trkpt>
      <trkpt lat="39.34439180418849" lon="-8.138308301568031">
        <ele>140.3</ele>
      </trkpt>
      <trkpt lat="39.34417982585728" lon="-8.138307547196746">
        <ele>140.7</ele>
      </trkpt>
      <trkpt lat="39.34413783252239" lon="-8.138294303789735">
        <ele>141.5</ele>
      </trkpt>
      <trkpt lat="39.34407454915345" lon="-8.13822716474533">
        <ele>142.1</ele>
      </trkpt>
      <trkpt lat="39.34400171041489" lon="-8.138164719566703">
        <ele>142.9</ele>
      </trkpt>
      <trkpt lat="39.343822756782174" lon="-8.138033039867878">
        <ele>144.7</ele>
      </trkpt>
      <trkpt lat="39.34362058527768" lon="-8.137949807569385">
        <ele>147.8</ele>
      </trkpt>
      <trkpt lat="39.343492425978184" lon="-8.137904880568385">
        <ele>149.9</ele>
      </trkpt>
      <trkpt lat="39.34333593584597" lon="-8.13784008845687">
        <ele>152</ele>
      </trkpt>
      <trkpt lat="39.34316921979189" lon="-8.137793904170394">
        <ele>154.1</ele>
      </trkpt>
      <trkpt lat="39.34298456646502" lon="-8.137757861986756">
        <ele>156.7</ele>
      </trkpt>
      <trkpt lat="39.34287300333381" lon="-8.137735147029161">
        <ele>158.1</ele>
      </trkpt>
      <trkpt lat="39.342778120189905" lon="-8.137714276090264">
        <ele>159.3</ele>
      </trkpt>
      <trkpt lat="39.34268558397889" lon="-8.137693237513304">
        <ele>160.4</ele>
      </trkpt>
      <trkpt lat="39.34266890399158" lon="-8.137686783447862">
        <ele>160.5</ele>
      </trkpt>
      <trkpt lat="39.34257083572447" lon="-8.137605311349034">
        <ele>160.5</ele>
      </trkpt>
      <trkpt lat="39.34248022735119" lon="-8.137398529797792">
        <ele>159.6</ele>
      </trkpt>
      <trkpt lat="39.34240797534585" lon="-8.137165429070592">
        <ele>160.3</ele>
      </trkpt>
      <trkpt lat="39.342378890141845" lon="-8.13702897168696">
        <ele>161</ele>
      </trkpt>
      <trkpt lat="39.342334968969226" lon="-8.136898800730705">
        <ele>162</ele>
      </trkpt>
      <trkpt lat="39.342276295647025" lon="-8.136781537905335">
        <ele>162.8</ele>
      </trkpt>
      <trkpt lat="39.34224033728242" lon="-8.136730156838894">
        <ele>163</ele>
      </trkpt>
      <trkpt lat="39.34216448105872" lon="-8.136637955904007">
        <ele>163.6</ele>
      </trkpt>
      <trkpt lat="39.34201159514487" lon="-8.136522118002176">
        <ele>164.6</ele>
      </trkpt>
      <trkpt lat="39.34191931039095" lon="-8.136466294527054">
        <ele>164.7</ele>
      </trkpt>
      <trkpt lat="39.34179584495723" lon="-8.136418014764786">
        <ele>164.9</ele>
      </trkpt>
      <trkpt lat="39.34167413972318" lon="-8.136390019208193">
        <ele>165.2</ele>
      </trkpt>
      <trkpt lat="39.34150390326977" lon="-8.136398987844586">
        <ele>165.7</ele>
      </trkpt>
      <trkpt lat="39.34138873592019" lon="-8.136431844905019">
        <ele>165.9</ele>
      </trkpt>
      <trkpt lat="39.34127742424607" lon="-8.136486830189824">
        <ele>166.1</ele>
      </trkpt>
      <trkpt lat="39.34114088304341" lon="-8.136584563180804">
        <ele>166.1</ele>
      </trkpt>
      <trkpt lat="39.34100233018398" lon="-8.13670551404357">
        <ele>166.2</ele>
      </trkpt>
      <trkpt lat="39.34078188613057" lon="-8.136919671669602">
        <ele>167</ele>
      </trkpt>
      <trkpt lat="39.340569572523236" lon="-8.13710818067193">
        <ele>168.7</ele>
      </trkpt>
      <trkpt lat="39.34045013040304" lon="-8.1371995434165">
        <ele>169.4</ele>
      </trkpt>
      <trkpt lat="39.34035767801106" lon="-8.137253187596798">
        <ele>169.7</ele>
      </trkpt>
      <trkpt lat="39.340259777382016" lon="-8.13730658032">
        <ele>169.9</ele>
      </trkpt>
      <trkpt lat="39.34015919454396" lon="-8.137356033548713">
        <ele>169.5</ele>
      </trkpt>
      <trkpt lat="39.34005483984947" lon="-8.137388806790113">
        <ele>169.1</ele>
      </trkpt>
      <trkpt lat="39.33998350985348" lon="-8.137408755719662">
        <ele>168.8</ele>
      </trkpt>
      <trkpt lat="39.33983774855733" lon="-8.137437338009477">
        <ele>168.2</ele>
      </trkpt>
      <trkpt lat="39.3397634010762" lon="-8.137445636093616">
        <ele>168</ele>
      </trkpt>
      <trkpt lat="39.33965862728655" lon="-8.137456197291613">
        <ele>167.8</ele>
      </trkpt>
      <trkpt lat="39.33926886878908" lon="-8.137415880337358">
        <ele>167</ele>
      </trkpt>
      <trkpt lat="39.33917390182614" lon="-8.137388555333018">
        <ele>166.4</ele>
      </trkpt>
      <trkpt lat="39.3386444170028" lon="-8.137201722711325">
        <ele>164.6</ele>
      </trkpt>
      <trkpt lat="39.33832825161517" lon="-8.137081107124686">
        <ele>165.3</ele>
      </trkpt>
      <trkpt lat="39.33810018002987" lon="-8.136978764086962">
        <ele>165.1</ele>
      </trkpt>
      <trkpt lat="39.337703213095665" lon="-8.136787572875619">
        <ele>165.3</ele>
      </trkpt>
      <trkpt lat="39.33750154450536" lon="-8.136647092178464">
        <ele>165.7</ele>
      </trkpt>
      <trkpt lat="39.33741319924593" lon="-8.136583641171455">
        <ele>164.8</ele>
      </trkpt>
      <trkpt lat="39.33733264915645" lon="-8.136516083031893">
        <ele>164.4</ele>
      </trkpt>
      <trkpt lat="39.33725436218083" lon="-8.136446848511696">
        <ele>164.2</ele>
      </trkpt>
      <trkpt lat="39.3371763266623" lon="-8.136365124955773">
        <ele>164</ele>
      </trkpt>
      <trkpt lat="39.3370227701962" lon="-8.13621299341321">
        <ele>163.2</ele>
      </trkpt>
      <trkpt lat="39.336953116580844" lon="-8.136133616790175">
        <ele>163.4</ele>
      </trkpt>
      <trkpt lat="39.33682378381491" lon="-8.135977378115058">
        <ele>164.1</ele>
      </trkpt>
      <trkpt lat="39.33651868253946" lon="-8.135510422289371">
        <ele>165.8</ele>
      </trkpt>
      <trkpt lat="39.3364252243191" lon="-8.135330295190215">
        <ele>166.3</ele>
      </trkpt>
      <trkpt lat="39.33625658042729" lon="-8.134995102882385">
        <ele>167.1</ele>
      </trkpt>
      <trkpt lat="39.3359484616667" lon="-8.134381296113133">
        <ele>167.5</ele>
      </trkpt>
      <trkpt lat="39.33589247055352" lon="-8.134277109056711">
        <ele>167.5</ele>
      </trkpt>
      <trkpt lat="39.33555266819894" lon="-8.133688364177942">
        <ele>166</ele>
      </trkpt>
      <trkpt lat="39.33518252335489" lon="-8.13317907974124">
        <ele>165.9</ele>
      </trkpt>
      <trkpt lat="39.33497155085206" lon="-8.13290256075561">
        <ele>166.3</ele>
      </trkpt>
      <trkpt lat="39.334546253085136" lon="-8.13238120637834">
        <ele>168</ele>
      </trkpt>
      <trkpt lat="39.33435472659767" lon="-8.132140478119254">
        <ele>170.5</ele>
      </trkpt>
      <trkpt lat="39.334100587293506" lon="-8.131809392943978">
        <ele>171.3</ele>
      </trkpt>
      <trkpt lat="39.33388626202941" lon="-8.131528263911605">
        <ele>169.1</ele>
      </trkpt>
      <trkpt lat="39.333667159080505" lon="-8.131251828745008">
        <ele>167.4</ele>
      </trkpt>
      <trkpt lat="39.333385694772005" lon="-8.130918480455875">
        <ele>168.4</ele>
      </trkpt>
      <trkpt lat="39.3331856187433" lon="-8.130709268152714">
        <ele>168.9</ele>
      </trkpt>
      <trkpt lat="39.332833997905254" lon="-8.130389582365751">
        <ele>168.5</ele>
      </trkpt>
      <trkpt lat="39.33230602182448" lon="-8.130028992891312">
        <ele>169</ele>
      </trkpt>
      <trkpt lat="39.33198650367558" lon="-8.129858672618866">
        <ele>167.7</ele>
      </trkpt>
      <trkpt lat="39.33141334913671" lon="-8.129590954631567">
        <ele>165.8</ele>
      </trkpt>
      <trkpt lat="39.33092275634408" lon="-8.129369504749775">
        <ele>163.8</ele>
      </trkpt>
      <trkpt lat="39.330504247918725" lon="-8.129228856414557">
        <ele>161.1</ele>
      </trkpt>
      <trkpt lat="39.32990997098386" lon="-8.12917429022491">
        <ele>158.5</ele>
      </trkpt>
      <trkpt lat="39.329356011003256" lon="-8.129057614132762">
        <ele>158.9</ele>
      </trkpt>
      <trkpt lat="39.328840440139174" lon="-8.128698114305735">
        <ele>166.8</ele>
      </trkpt>
      <trkpt lat="39.328752513974905" lon="-8.128591245040298">
        <ele>167.9</ele>
      </trkpt>
      <trkpt lat="39.32863416150212" lon="-8.128414889797568">
        <ele>169.5</ele>
      </trkpt>
      <trkpt lat="39.32848881930113" lon="-8.128168545663357">
        <ele>171.1</ele>
      </trkpt>
      <trkpt lat="39.32834766805172" lon="-8.12792044132948">
        <ele>172.3</ele>
      </trkpt>
      <trkpt lat="39.32820827700198" lon="-8.127677449956536">
        <ele>172.7</ele>
      </trkpt>
      <trkpt lat="39.32802278548479" lon="-8.127351393923163">
        <ele>172.6</ele>
      </trkpt>
      <trkpt lat="39.32794072665274" lon="-8.127202615141869">
        <ele>172.7</ele>
      </trkpt>
      <trkpt lat="39.32788264006376" lon="-8.12709465622902">
        <ele>173</ele>
      </trkpt>
      <trkpt lat="39.32780351489782" lon="-8.126945374533534">
        <ele>173.5</ele>
      </trkpt>
      <trkpt lat="39.32774660177529" lon="-8.12684747390449">
        <ele>173.9</ele>
      </trkpt>
      <trkpt lat="39.327409816905856" lon="-8.12628940679133">
        <ele>175.8</ele>
      </trkpt>
      <trkpt lat="39.32716967537999" lon="-8.125910544767976">
        <ele>175.8</ele>
      </trkpt>
      <trkpt lat="39.32702005840838" lon="-8.125741146504879">
        <ele>175.7</ele>
      </trkpt>
      <trkpt lat="39.32658922858536" lon="-8.125461861491203">
        <ele>176.2</ele>
      </trkpt>
      <trkpt lat="39.32603535242379" lon="-8.125336803495884">
        <ele>174.7</ele>
      </trkpt>
      <trkpt lat="39.325487008318305" lon="-8.125256588682532">
        <ele>176.1</ele>
      </trkpt>
      <trkpt lat="39.32536555454135" lon="-8.125242926180363">
        <ele>176</ele>
      </trkpt>
      <trkpt lat="39.324933383613825" lon="-8.12520713545382">
        <ele>173.9</ele>
      </trkpt>
      <trkpt lat="39.324564412236214" lon="-8.125196741893888">
        <ele>173.8</ele>
      </trkpt>
      <trkpt lat="39.32444547303021" lon="-8.12519682571292">
        <ele>174.1</ele>
      </trkpt>
      <trkpt lat="39.32426861487329" lon="-8.125199172645807">
        <ele>174.6</ele>
      </trkpt>
      <trkpt lat="39.32397357188165" lon="-8.125204453244805">
        <ele>176.3</ele>
      </trkpt>
      <trkpt lat="39.32362656109035" lon="-8.12518366612494">
        <ele>177.7</ele>
      </trkpt>
      <trkpt lat="39.3234097212553" lon="-8.125127172097564">
        <ele>177.6</ele>
      </trkpt>
      <trkpt lat="39.32310210540891" lon="-8.124972190707922">
        <ele>176.5</ele>
      </trkpt>
      <trkpt lat="39.32285944931209" lon="-8.12477856874466">
        <ele>176.6</ele>
      </trkpt>
      <trkpt lat="39.32237564586103" lon="-8.12433642335236">
        <ele>177.8</ele>
      </trkpt>
      <trkpt lat="39.32189083658159" lon="-8.123949514701962">
        <ele>177</ele>
      </trkpt>
      <trkpt lat="39.32137543335557" lon="-8.123735105618834">
        <ele>177.4</ele>
      </trkpt>
      <trkpt lat="39.32099707424641" lon="-8.12366645783186">
        <ele>177.5</ele>
      </trkpt>
      <trkpt lat="39.320417214185" lon="-8.12372756190598">
        <ele>176.4</ele>
      </trkpt>
      <trkpt lat="39.320094007998705" lon="-8.123842729255557">
        <ele>176.3</ele>
      </trkpt>
      <trkpt lat="39.31969653815031" lon="-8.1240011472255">
        <ele>174.9</ele>
      </trkpt>
      <trkpt lat="39.31914182379842" lon="-8.12422594986856">
        <ele>174.3</ele>
      </trkpt>
      <trkpt lat="39.31857353076339" lon="-8.124454021453857">
        <ele>175.9</ele>
      </trkpt>
      <trkpt lat="39.31823649443686" lon="-8.124589556828141">
        <ele>176.7</ele>
      </trkpt>
      <trkpt lat="39.31807807646692" lon="-8.124654851853848">
        <ele>177.1</ele>
      </trkpt>
      <trkpt lat="39.31786986999214" lon="-8.124736491590738">
        <ele>178.4</ele>
      </trkpt>
      <trkpt lat="39.31781874038279" lon="-8.124756524339318">
        <ele>178.7</ele>
      </trkpt>
      <trkpt lat="39.317620089277625" lon="-8.124839086085558">
        <ele>180.4</ele>
      </trkpt>
      <trkpt lat="39.317380199208856" lon="-8.124935226514935">
        <ele>182.3</ele>
      </trkpt>
      <trkpt lat="39.31715036742389" lon="-8.125044107437134">
        <ele>183.7</ele>
      </trkpt>
      <trkpt lat="39.317105021327734" lon="-8.125067073851824">
        <ele>184</ele>
      </trkpt>
      <trkpt lat="39.31690335273743" lon="-8.125181989744306">
        <ele>185.8</ele>
      </trkpt>
      <trkpt lat="39.31678047403693" lon="-8.125259270891547">
        <ele>187.5</ele>
      </trkpt>
      <trkpt lat="39.31666446849704" lon="-8.125343089923263">
        <ele>189.4</ele>
      </trkpt>
      <trkpt lat="39.31655500084162" lon="-8.125409223139286">
        <ele>190.9</ele>
      </trkpt>
      <trkpt lat="39.31636506691575" lon="-8.125532604753971">
        <ele>193.2</ele>
      </trkpt>
      <trkpt lat="39.31623933836818" lon="-8.12560728751123">
        <ele>193.9</ele>
      </trkpt>
      <trkpt lat="39.31608561426401" lon="-8.125720443204045">
        <ele>194.4</ele>
      </trkpt>
      <trkpt lat="39.315934740006924" lon="-8.125812476500869">
        <ele>194.2</ele>
      </trkpt>
      <trkpt lat="39.31579031981528" lon="-8.125915741547942">
        <ele>194.2</ele>
      </trkpt>
      <trkpt lat="39.31561840698123" lon="-8.126030573621392">
        <ele>194.6</ele>
      </trkpt>
      <trkpt lat="39.315443728119135" lon="-8.126148926094174">
        <ele>196.4</ele>
      </trkpt>
      <trkpt lat="39.31528631597757" lon="-8.126253113150597">
        <ele>198.3</ele>
      </trkpt>
      <trkpt lat="39.3151243776083" lon="-8.126360569149256">
        <ele>200</ele>
      </trkpt>
      <trkpt lat="39.31493000127375" lon="-8.1264981161803">
        <ele>201.3</ele>
      </trkpt>
      <trkpt lat="39.31455893442035" lon="-8.12674437649548">
        <ele>202</ele>
      </trkpt>
      <trkpt lat="39.31445843540132" lon="-8.126810677349567">
        <ele>202</ele>
      </trkpt>
      <trkpt lat="39.31419105269015" lon="-8.127004466950893">
        <ele>201.8</ele>
      </trkpt>
      <trkpt lat="39.314017463475466" lon="-8.12712600454688">
        <ele>201.4</ele>
      </trkpt>
      <trkpt lat="39.313536593690515" lon="-8.127454491332173">
        <ele>200</ele>
      </trkpt>
      <trkpt lat="39.31304985657334" lon="-8.127779709175229">
        <ele>199.9</ele>
      </trkpt>
      <trkpt lat="39.312746431678534" lon="-8.127966541796923">
        <ele>200.5</ele>
      </trkpt>
      <trkpt lat="39.312670743092895" lon="-8.128022784367204">
        <ele>200.5</ele>
      </trkpt>
      <trkpt lat="39.31218878366053" lon="-8.128368873149157">
        <ele>200.2</ele>
      </trkpt>
      <trkpt lat="39.3116706982255" lon="-8.128717308863997">
        <ele>200.1</ele>
      </trkpt>
      <trkpt lat="39.311178429052234" lon="-8.129045460373163">
        <ele>200</ele>
      </trkpt>
      <trkpt lat="39.31068087927997" lon="-8.129379730671644">
        <ele>200</ele>
      </trkpt>
      <trkpt lat="39.31032464839518" lon="-8.129598330706358">
        <ele>199.8</ele>
      </trkpt>
      <trkpt lat="39.310138234868646" lon="-8.129731016233563">
        <ele>199.2</ele>
      </trkpt>
      <trkpt lat="39.30961998179555" lon="-8.130090767517686">
        <ele>198.5</ele>
      </trkpt>
      <trkpt lat="39.309188313782215" lon="-8.130376758053899">
        <ele>199.9</ele>
      </trkpt>
      <trkpt lat="39.308695290237665" lon="-8.130708932876587">
        <ele>199.4</ele>
      </trkpt>
      <trkpt lat="39.3086071126163" lon="-8.130761068314314">
        <ele>199.4</ele>
      </trkpt>
      <trkpt lat="39.308412317186594" lon="-8.13086592592299">
        <ele>199.1</ele>
      </trkpt>
      <trkpt lat="39.3082410749048" lon="-8.13093289732933">
        <ele>199</ele>
      </trkpt>
      <trkpt lat="39.307891968637705" lon="-8.131031217053533">
        <ele>199.1</ele>
      </trkpt>
      <trkpt lat="39.30729936808348" lon="-8.131064409390092">
        <ele>199</ele>
      </trkpt>
      <trkpt lat="39.307060316205025" lon="-8.131056781858206">
        <ele>199</ele>
      </trkpt>
      <trkpt lat="39.30647341534495" lon="-8.131036832928658">
        <ele>197.7</ele>
      </trkpt>
      <trkpt lat="39.30591660551727" lon="-8.131019230931997">
        <ele>199.5</ele>
      </trkpt>
      <trkpt lat="39.30536951869726" lon="-8.131003472954035">
        <ele>200.1</ele>
      </trkpt>
      <trkpt lat="39.30478110909462" lon="-8.130985787138343">
        <ele>199</ele>
      </trkpt>
      <trkpt lat="39.30419077165425" lon="-8.130968688055873">
        <ele>199.6</ele>
      </trkpt>
      <trkpt lat="39.303608648478985" lon="-8.13095142133534">
        <ele>198.8</ele>
      </trkpt>
      <trkpt lat="39.3031882122159" lon="-8.130941279232502">
        <ele>198.7</ele>
      </trkpt>
      <trkpt lat="39.302814211696386" lon="-8.13092845492065">
        <ele>200</ele>
      </trkpt>
      <trkpt lat="39.302598712965846" lon="-8.130925353616476">
        <ele>200.7</ele>
      </trkpt>
      <trkpt lat="39.30243426002562" lon="-8.130921581760049">
        <ele>201.1</ele>
      </trkpt>
      <trkpt lat="39.30215975269675" lon="-8.130915546789765">
        <ele>201.9</ele>
      </trkpt>
      <trkpt lat="39.30168810300529" lon="-8.130901800468564">
        <ele>203.8</ele>
      </trkpt>
      <trkpt lat="39.30147620849311" lon="-8.130900459364057">
        <ele>204.1</ele>
      </trkpt>
      <trkpt lat="39.30131477303803" lon="-8.1308981962502">
        <ele>203.7</ele>
      </trkpt>
      <trkpt lat="39.300885032862425" lon="-8.130885707214475">
        <ele>202.2</ele>
      </trkpt>
      <trkpt lat="39.30041195824742" lon="-8.130873218178749">
        <ele>201.4</ele>
      </trkpt>
      <trkpt lat="39.299824135378" lon="-8.130854945629835">
        <ele>202.6</ele>
      </trkpt>
      <trkpt lat="39.29968021810055" lon="-8.130851006135345">
        <ele>203.1</ele>
      </trkpt>
      <trkpt lat="39.29910429753363" lon="-8.130832985043526">
        <ele>203.6</ele>
      </trkpt>
      <trkpt lat="39.29905677214265" lon="-8.130831979215145">
        <ele>203.6</ele>
      </trkpt>
      <trkpt lat="39.29858143441379" lon="-8.13081756234169">
        <ele>205.1</ele>
      </trkpt>
      <trkpt lat="39.29829368367791" lon="-8.13080926425755">
        <ele>205</ele>
      </trkpt>
      <trkpt lat="39.29800911806524" lon="-8.130801636725664">
        <ele>205.8</ele>
      </trkpt>
      <trkpt lat="39.297489020973444" lon="-8.130780514329672">
        <ele>206.7</ele>
      </trkpt>
      <trkpt lat="39.297345858067274" lon="-8.130785878747702">
        <ele>206.7</ele>
      </trkpt>
      <trkpt lat="39.29686834104359" lon="-8.13077456317842">
        <ele>206.4</ele>
      </trkpt>
      <trkpt lat="39.296302730217576" lon="-8.130755200982094">
        <ele>207.2</ele>
      </trkpt>
      <trkpt lat="39.29592026397586" lon="-8.130745897069573">
        <ele>208.2</ele>
      </trkpt>
      <trkpt lat="39.29534375667572" lon="-8.130729971453547">
        <ele>209.4</ele>
      </trkpt>
      <trkpt lat="39.29477144032717" lon="-8.130715386942029">
        <ele>208.4</ele>
      </trkpt>
      <trkpt lat="39.294393584132195" lon="-8.130703568458557">
        <ele>206.9</ele>
      </trkpt>
      <trkpt lat="39.29383208043873" lon="-8.130709854885936">
        <ele>206.1</ele>
      </trkpt>
      <trkpt lat="39.29335506632924" lon="-8.13078579492867">
        <ele>208</ele>
      </trkpt>
      <trkpt lat="39.293013252317905" lon="-8.130895430222154">
        <ele>207.3</ele>
      </trkpt>
      <trkpt lat="39.29248879663646" lon="-8.131092404946685">
        <ele>205.7</ele>
      </trkpt>
      <trkpt lat="39.29192377254367" lon="-8.13127689063549">
        <ele>207.5</ele>
      </trkpt>
      <trkpt lat="39.291876247152686" lon="-8.131287451833487">
        <ele>207.8</ele>
      </trkpt>
      <trkpt lat="39.29130527190864" lon="-8.131353249773383">
        <ele>209.4</ele>
      </trkpt>
      <trkpt lat="39.29072231054306" lon="-8.131276555359364">
        <ele>207.8</ele>
      </trkpt>
      <trkpt lat="39.29019559174776" lon="-8.13109416514635">
        <ele>209.3</ele>
      </trkpt>
      <trkpt lat="39.289675829932094" lon="-8.130817729979753">
        <ele>210</ele>
      </trkpt>
      <trkpt lat="39.289173586294055" lon="-8.130408525466919">
        <ele>209.3</ele>
      </trkpt>
      <trkpt lat="39.288743175566196" lon="-8.129970822483301">
        <ele>209.3</ele>
      </trkpt>
      <trkpt lat="39.28850043565035" lon="-8.129716012626886">
        <ele>208.7</ele>
      </trkpt>
      <trkpt lat="39.28813741542399" lon="-8.129321141168475">
        <ele>209.5</ele>
      </trkpt>
      <trkpt lat="39.287941195070744" lon="-8.129077227786183">
        <ele>209.4</ele>
      </trkpt>
      <trkpt lat="39.287709686905146" lon="-8.128735916689038">
        <ele>208.8</ele>
      </trkpt>
      <trkpt lat="39.28760482929647" lon="-8.128552604466677">
        <ele>208.8</ele>
      </trkpt>
      <trkpt lat="39.287500558421016" lon="-8.128381446003914">
        <ele>208.8</ele>
      </trkpt>
      <trkpt lat="39.28740785457194" lon="-8.128200313076377">
        <ele>207.9</ele>
      </trkpt>
      <trkpt lat="39.28727340884507" lon="-8.127882806584239">
        <ele>206.7</ele>
      </trkpt>
      <trkpt lat="39.28722554817796" lon="-8.127761604264379">
        <ele>206.7</ele>
      </trkpt>
      <trkpt lat="39.28707090206444" lon="-8.127269418910146">
        <ele>204.8</ele>
      </trkpt>
      <trkpt lat="39.28699655458331" lon="-8.126909080892801">
        <ele>203.4</ele>
      </trkpt>
      <trkpt lat="39.286895049735904" lon="-8.12622151337564">
        <ele>204.1</ele>
      </trkpt>
      <trkpt lat="39.28688029758632" lon="-8.125956729054451">
        <ele>204.8</ele>
      </trkpt>
      <trkpt lat="39.28689622320235" lon="-8.125226832926273">
        <ele>204.9</ele>
      </trkpt>
      <trkpt lat="39.286913238465786" lon="-8.12486163340509">
        <ele>204.9</ele>
      </trkpt>
      <trkpt lat="39.286940228194" lon="-8.12441504560411">
        <ele>205.4</ele>
      </trkpt>
      <trkpt lat="39.286946933716536" lon="-8.124240534380078">
        <ele>205.8</ele>
      </trkpt>
      <trkpt lat="39.2869505379349" lon="-8.124155374243855">
        <ele>206.2</ele>
      </trkpt>
      <trkpt lat="39.28698423318565" lon="-8.123411983251572">
        <ele>206.7</ele>
      </trkpt>
      <trkpt lat="39.28700661286712" lon="-8.122882330790162">
        <ele>204.9</ele>
      </trkpt>
      <trkpt lat="39.28702832199633" lon="-8.122439263388515">
        <ele>204.4</ele>
      </trkpt>
      <trkpt lat="39.28704257123172" lon="-8.12213365919888">
        <ele>205.5</ele>
      </trkpt>
      <trkpt lat="39.28707073442638" lon="-8.121599899604917">
        <ele>207.4</ele>
      </trkpt>
      <trkpt lat="39.2870853189379" lon="-8.121281554922462">
        <ele>207</ele>
      </trkpt>
      <trkpt lat="39.28710199892521" lon="-8.120886934921145">
        <ele>207.5</ele>
      </trkpt>
      <trkpt lat="39.28713200613856" lon="-8.120137676596642">
        <ele>208.5</ele>
      </trkpt>
      <trkpt lat="39.287140388041735" lon="-8.119995100423694">
        <ele>208.6</ele>
      </trkpt>
      <trkpt lat="39.287177603691816" lon="-8.119346173480153">
        <ele>209.9</ele>
      </trkpt>
      <trkpt lat="39.287201911211014" lon="-8.119043502956629">
        <ele>212.4</ele>
      </trkpt>
      <trkpt lat="39.28721875883639" lon="-8.118597166612744">
        <ele>213.1</ele>
      </trkpt>
      <trkpt lat="39.28724130615592" lon="-8.118245964869857">
        <ele>213.3</ele>
      </trkpt>
      <trkpt lat="39.28726854734123" lon="-8.117684125900269">
        <ele>214</ele>
      </trkpt>
      <trkpt lat="39.28728480823338" lon="-8.117453707382083">
        <ele>213.2</ele>
      </trkpt>
      <trkpt lat="39.28733317181468" lon="-8.116683326661587">
        <ele>210.8</ele>
      </trkpt>
      <trkpt lat="39.28733468055725" lon="-8.116483250632882">
        <ele>210.6</ele>
      </trkpt>
      <trkpt lat="39.28731808438897" lon="-8.116283006966114">
        <ele>210</ele>
      </trkpt>
      <trkpt lat="39.28731271997094" lon="-8.115732064470649">
        <ele>208.2</ele>
      </trkpt>
      <trkpt lat="39.28724323399365" lon="-8.115089507773519">
        <ele>207.8</ele>
      </trkpt>
      <trkpt lat="39.28720752708614" lon="-8.11487845145166">
        <ele>207</ele>
      </trkpt>
      <trkpt lat="39.287054892629385" lon="-8.114138580858707">
        <ele>206.3</ele>
      </trkpt>
      <trkpt lat="39.286956237629056" lon="-8.113721664994955">
        <ele>207.1</ele>
      </trkpt>
      <trkpt lat="39.28678499534726" lon="-8.112993445247412">
        <ele>204</ele>
      </trkpt>
      <trkpt lat="39.28675934672356" lon="-8.112889593467116">
        <ele>204</ele>
      </trkpt>
      <trkpt lat="39.28666119463742" lon="-8.112474018707871">
        <ele>203.1</ele>
      </trkpt>
      <trkpt lat="39.28654007613659" lon="-8.111957190558314">
        <ele>202.8</ele>
      </trkpt>
      <trkpt lat="39.28651509806514" lon="-8.111854763701558">
        <ele>202.8</ele>
      </trkpt>
      <trkpt lat="39.286464639008045" lon="-8.111647060140967">
        <ele>202.5</ele>
      </trkpt>
      <trkpt lat="39.28631636314094" lon="-8.111027553677559">
        <ele>201</ele>
      </trkpt>
      <trkpt lat="39.286195328459144" lon="-8.110505025833845">
        <ele>200.4</ele>
      </trkpt>
      <trkpt lat="39.286144534125924" lon="-8.110296064987779">
        <ele>199.4</ele>
      </trkpt>
      <trkpt lat="39.286092231050134" lon="-8.110087187960744">
        <ele>198.8</ele>
      </trkpt>
      <trkpt lat="39.28601964376867" lon="-8.109772950410843">
        <ele>197.5</ele>
      </trkpt>
      <trkpt lat="39.285944206640124" lon="-8.109454605728388">
        <ele>195.4</ele>
      </trkpt>
      <trkpt lat="39.28581663407385" lon="-8.10893090441823">
        <ele>193.1</ele>
      </trkpt>
      <trkpt lat="39.2857107706368" lon="-8.10850191861391">
        <ele>192.3</ele>
      </trkpt>
      <trkpt lat="39.28563550114632" lon="-8.108182987198234">
        <ele>191.8</ele>
      </trkpt>
      <trkpt lat="39.285556711256504" lon="-8.107860032469034">
        <ele>191.2</ele>
      </trkpt>
      <trkpt lat="39.28545445203781" lon="-8.107424257323146">
        <ele>190.7</ele>
      </trkpt>
      <trkpt lat="39.285377003252506" lon="-8.107107253745198">
        <ele>190.7</ele>
      </trkpt>
      <trkpt lat="39.2853272985667" lon="-8.106892425566912">
        <ele>190.4</ele>
      </trkpt>
      <trkpt lat="39.285247502848506" lon="-8.106577517464757">
        <ele>189.7</ele>
      </trkpt>
      <trkpt lat="39.28517206571996" lon="-8.106246767565608">
        <ele>189.1</ele>
      </trkpt>
      <trkpt lat="39.28511909209192" lon="-8.10602799989283">
        <ele>188.4</ele>
      </trkpt>
      <trkpt lat="39.28504155948758" lon="-8.105705380439758">
        <ele>186.1</ele>
      </trkpt>
      <trkpt lat="39.28493888117373" lon="-8.105270527303219">
        <ele>182.1</ele>
      </trkpt>
      <trkpt lat="39.28481147624552" lon="-8.104729391634464">
        <ele>177.5</ele>
      </trkpt>
      <trkpt lat="39.28476143628359" lon="-8.104515569284558">
        <ele>175.6</ele>
      </trkpt>
      <trkpt lat="39.28470527753234" lon="-8.104301579296589">
        <ele>173.7</ele>
      </trkpt>
      <trkpt lat="39.284631349146366" lon="-8.103978037834167">
        <ele>172.5</ele>
      </trkpt>
      <trkpt lat="39.28458072245121" lon="-8.10376312583685">
        <ele>172.9</ele>
      </trkpt>
      <trkpt lat="39.284528670832515" lon="-8.103549974039197">
        <ele>173.7</ele>
      </trkpt>
      <trkpt lat="39.284433368593454" lon="-8.10312652029097">
        <ele>173.9</ele>
      </trkpt>
      <trkpt lat="39.284258019179106" lon="-8.102407939732075">
        <ele>175.9</ele>
      </trkpt>
      <trkpt lat="39.28423170000315" lon="-8.102304255589843">
        <ele>176.1</ele>
      </trkpt>
      <trkpt lat="39.28412885405123" lon="-8.101887423545122">
        <ele>178.5</ele>
      </trkpt>
      <trkpt lat="39.28400714881718" lon="-8.101359028369188">
        <ele>178.6</ele>
      </trkpt>
      <trkpt lat="39.28383741527796" lon="-8.100631646811962">
        <ele>176</ele>
      </trkpt>
      <trkpt lat="39.28366248495877" lon="-8.099910132586956">
        <ele>178.7</ele>
      </trkpt>
      <trkpt lat="39.28351898677647" lon="-8.099296074360609">
        <ele>182.3</ele>
      </trkpt>
      <trkpt lat="39.28337347693741" lon="-8.098672963678837">
        <ele>182.5</ele>
      </trkpt>
      <trkpt lat="39.283205000683665" lon="-8.097945833578706">
        <ele>180.2</ele>
      </trkpt>
      <trkpt lat="39.28302160464227" lon="-8.097213422879577">
        <ele>177</ele>
      </trkpt>
      <trkpt lat="39.28284122608602" lon="-8.096491070464253">
        <ele>176.9</ele>
      </trkpt>
      <trkpt lat="39.28266763687134" lon="-8.095783134922385">
        <ele>179</ele>
      </trkpt>
      <trkpt lat="39.282504273578525" lon="-8.095048377290368">
        <ele>179.9</ele>
      </trkpt>
      <trkpt lat="39.28232414647937" lon="-8.09430473484099">
        <ele>178.9</ele>
      </trkpt>
      <trkpt lat="39.282271256670356" lon="-8.094099629670382">
        <ele>178.9</ele>
      </trkpt>
      <trkpt lat="39.28209406323731" lon="-8.093364872038364">
        <ele>178.1</ele>
      </trkpt>
      <trkpt lat="39.28192743100226" lon="-8.09265073388815">
        <ele>178.7</ele>
      </trkpt>
      <trkpt lat="39.28176230750978" lon="-8.091939277946949">
        <ele>179.9</ele>
      </trkpt>
      <trkpt lat="39.281738586723804" lon="-8.091836348176003">
        <ele>180.2</ele>
      </trkpt>
      <trkpt lat="39.28159408271313" lon="-8.09121617116034">
        <ele>180.7</ele>
      </trkpt>
      <trkpt lat="39.281417140737176" lon="-8.090480156242847">
        <ele>183.3</ele>
      </trkpt>
      <trkpt lat="39.281339356675744" lon="-8.090165248140693">
        <ele>183</ele>
      </trkpt>
      <trkpt lat="39.28117683157325" lon="-8.08946787379682">
        <ele>183.4</ele>
      </trkpt>
      <trkpt lat="39.281012546271086" lon="-8.088802602142096">
        <ele>185.8</ele>
      </trkpt>
      <trkpt lat="39.28098572418094" lon="-8.08869824744761">
        <ele>186.4</ele>
      </trkpt>
      <trkpt lat="39.280877597630024" lon="-8.088248390704393">
        <ele>189.2</ele>
      </trkpt>
      <trkpt lat="39.28080132231116" lon="-8.087894339114428">
        <ele>190.6</ele>
      </trkpt>
      <trkpt lat="39.2807009909302" lon="-8.087438447400928">
        <ele>192.9</ele>
      </trkpt>
      <trkpt lat="39.28067450411618" lon="-8.08732663281262">
        <ele>193.5</ele>
      </trkpt>
      <trkpt lat="39.28059252910316" lon="-8.087009210139513">
        <ele>194.3</ele>
      </trkpt>
      <trkpt lat="39.28054450079799" lon="-8.086801171302795">
        <ele>194.7</ele>
      </trkpt>
      <trkpt lat="39.280520025640726" lon="-8.086697151884437">
        <ele>195.1</ele>
      </trkpt>
      <trkpt lat="39.280467135831714" lon="-8.086492717266083">
        <ele>196.6</ele>
      </trkpt>
      <trkpt lat="39.28039697930217" lon="-8.086174707859755">
        <ele>199.2</ele>
      </trkpt>
      <trkpt lat="39.280296145007014" lon="-8.08576206676662">
        <ele>201.2</ele>
      </trkpt>
      <trkpt lat="39.28021442145109" lon="-8.085446152836084">
        <ele>201.4</ele>
      </trkpt>
      <trkpt lat="39.28014091216028" lon="-8.085128394886851">
        <ele>200.8</ele>
      </trkpt>
      <trkpt lat="39.28001794964075" lon="-8.084604358300567">
        <ele>202.8</ele>
      </trkpt>
      <trkpt lat="39.27993882447481" lon="-8.084287522360682">
        <ele>207.4</ele>
      </trkpt>
      <trkpt lat="39.27986497990787" lon="-8.083967585116625">
        <ele>210.8</ele>
      </trkpt>
      <trkpt lat="39.27976716309786" lon="-8.083544550463557">
        <ele>212.2</ele>
      </trkpt>
      <trkpt lat="39.27969113923609" lon="-8.0832280497998">
        <ele>212.5</ele>
      </trkpt>
      <trkpt lat="39.27951847203076" lon="-8.082486502826214">
        <ele>215</ele>
      </trkpt>
      <trkpt lat="39.279337925836444" lon="-8.081743363291025">
        <ele>215.2</ele>
      </trkpt>
      <trkpt lat="39.279159642755985" lon="-8.081006007269025">
        <ele>217.5</ele>
      </trkpt>
      <trkpt lat="39.279060484841466" lon="-8.08058314025402">
        <ele>218.8</ele>
      </trkpt>
      <trkpt lat="39.27890818566084" lon="-8.07994645088911">
        <ele>221.9</ele>
      </trkpt>
      <trkpt lat="39.278754126280546" lon="-8.079312862828374">
        <ele>223.1</ele>
      </trkpt>
      <trkpt lat="39.27862965501845" lon="-8.078780779615045">
        <ele>221.9</ele>
      </trkpt>
      <trkpt lat="39.27857953123748" lon="-8.078567292541265">
        <ele>220.8</ele>
      </trkpt>
      <trkpt lat="39.27845514379442" lon="-8.078044764697552">
        <ele>219.6</ele>
      </trkpt>
      <trkpt lat="39.27827510051429" lon="-8.077311683446169">
        <ele>215.1</ele>
      </trkpt>
      <trkpt lat="39.27809136919677" lon="-8.07657340541482">
        <ele>214.5</ele>
      </trkpt>
      <trkpt lat="39.27796530537307" lon="-8.076048949733377">
        <ele>214.5</ele>
      </trkpt>
      <trkpt lat="39.27780697122216" lon="-8.07541536167264">
        <ele>218.2</ele>
      </trkpt>
      <trkpt lat="39.27772440947592" lon="-8.075090562924743">
        <ele>217.4</ele>
      </trkpt>
      <trkpt lat="39.277676632627845" lon="-8.074873806908727">
        <ele>217.7</ele>
      </trkpt>
      <trkpt lat="39.2776305321604" lon="-8.074659314006567">
        <ele>217.9</ele>
      </trkpt>
      <trkpt lat="39.27753137424588" lon="-8.074240554124117">
        <ele>217.1</ele>
      </trkpt>
      <trkpt lat="39.27734890021384" lon="-8.073481991887093">
        <ele>213.7</ele>
      </trkpt>
      <trkpt lat="39.27726969122887" lon="-8.073166161775589">
        <ele>212.4</ele>
      </trkpt>
      <trkpt lat="39.27708713337779" lon="-8.072431236505508">
        <ele>211.5</ele>
      </trkpt>
      <trkpt lat="39.27703491412103" lon="-8.0722192581743">
        <ele>210.8</ele>
      </trkpt>
      <trkpt lat="39.27698554471135" lon="-8.072009962052107">
        <ele>210.1</ele>
      </trkpt>
      <trkpt lat="39.27693508565426" lon="-8.071801168844104">
        <ele>209.9</ele>
      </trkpt>
      <trkpt lat="39.27688437514007" lon="-8.071593381464481">
        <ele>210</ele>
      </trkpt>
      <trkpt lat="39.276832239702344" lon="-8.071385929360986">
        <ele>210.6</ele>
      </trkpt>
      <trkpt lat="39.276715479791164" lon="-8.070969516411424">
        <ele>210.9</ele>
      </trkpt>
      <trkpt lat="39.27665999159217" lon="-8.070752173662186">
        <ele>211.2</ele>
      </trkpt>
      <trkpt lat="39.27663015201688" lon="-8.070644047111273">
        <ele>211.4</ele>
      </trkpt>
      <trkpt lat="39.27659813314676" lon="-8.07053784839809">
        <ele>211.4</ele>
      </trkpt>
      <trkpt lat="39.27641465328634" lon="-8.070020852610469">
        <ele>211.5</ele>
      </trkpt>
      <trkpt lat="39.276098906993866" lon="-8.069344935938716">
        <ele>210.2</ele>
      </trkpt>
      <trkpt lat="39.27589396946132" lon="-8.06898795068264">
        <ele>210.1</ele>
      </trkpt>
      <trkpt lat="39.27571610547602" lon="-8.06874462403357">
        <ele>209.3</ele>
      </trkpt>
      <trkpt lat="39.27554000169039" lon="-8.068499034270644">
        <ele>207.8</ele>
      </trkpt>
      <trkpt lat="39.27548116073012" lon="-8.06841865181923">
        <ele>207.7</ele>
      </trkpt>
      <trkpt lat="39.27530564367771" lon="-8.068185886368155">
        <ele>208.8</ele>
      </trkpt>
      <trkpt lat="39.275134820491076" lon="-8.067952953279018">
        <ele>208.9</ele>
      </trkpt>
      <trkpt lat="39.27500414662063" lon="-8.067804677411914">
        <ele>208.2</ele>
      </trkpt>
      <trkpt lat="39.27481848746538" lon="-8.067555902525783">
        <ele>205.7</ele>
      </trkpt>
      <trkpt lat="39.27456594072282" lon="-8.067227834835649">
        <ele>205.4</ele>
      </trkpt>
      <trkpt lat="39.274445828050375" lon="-8.067063884809613">
        <ele>206.3</ele>
      </trkpt>
      <trkpt lat="39.27420769818127" lon="-8.066745959222317">
        <ele>207.9</ele>
      </trkpt>
      <trkpt lat="39.27385297603905" lon="-8.066266933456063">
        <ele>204.9</ele>
      </trkpt>
      <trkpt lat="39.273496912792325" lon="-8.065785812214017">
        <ele>204.2</ele>
      </trkpt>
      <trkpt lat="39.27320186980069" lon="-8.065395131707191">
        <ele>204</ele>
      </trkpt>
      <trkpt lat="39.27279341965914" lon="-8.06484142318368">
        <ele>203.9</ele>
      </trkpt>
      <trkpt lat="39.27260993979871" lon="-8.064606310799718">
        <ele>203.2</ele>
      </trkpt>
      <trkpt lat="39.27219729870558" lon="-8.06404933333397">
        <ele>202.2</ele>
      </trkpt>
      <trkpt lat="39.272021278738976" lon="-8.063805419951677">
        <ele>202.2</ele>
      </trkpt>
      <trkpt lat="39.27160503342748" lon="-8.063264787197113">
        <ele>201.1</ele>
      </trkpt>
      <trkpt lat="39.271428007632494" lon="-8.063027746975422">
        <ele>200.1</ele>
      </trkpt>
      <trkpt lat="39.2710165400058" lon="-8.062487868592143">
        <ele>200</ele>
      </trkpt>
      <trkpt lat="39.27095962688327" lon="-8.062409330159426">
        <ele>200</ele>
      </trkpt>
      <trkpt lat="39.270665841177106" lon="-8.062023427337408">
        <ele>199.2</ele>
      </trkpt>
      <trkpt lat="39.27049158141017" lon="-8.061794517561793">
        <ele>199</ele>
      </trkpt>
      <trkpt lat="39.27014674991369" lon="-8.061339799314737">
        <ele>197.4</ele>
      </trkpt>
      <trkpt lat="39.26979320123792" lon="-8.060870915651321">
        <ele>194.4</ele>
      </trkpt>
      <trkpt lat="39.26945423707366" lon="-8.060409910976887">
        <ele>192.8</ele>
      </trkpt>
      <trkpt lat="39.26928408443928" lon="-8.06017505005002">
        <ele>192.1</ele>
      </trkpt>
      <trkpt lat="39.26893883384764" lon="-8.059709854424">
        <ele>191.8</ele>
      </trkpt>
      <trkpt lat="39.26854647696018" lon="-8.059171233326197">
        <ele>193.6</ele>
      </trkpt>
      <trkpt lat="39.268208434805274" lon="-8.058717604726553">
        <ele>191.3</ele>
      </trkpt>
      <trkpt lat="39.26786460913718" lon="-8.058254420757294">
        <ele>190.9</ele>
      </trkpt>
      <trkpt lat="39.26762295886874" lon="-8.057935237884521">
        <ele>188.8</ele>
      </trkpt>
      <trkpt lat="39.26721576601267" lon="-8.057390749454498">
        <ele>183.6</ele>
      </trkpt>
      <trkpt lat="39.26692985929549" lon="-8.057010630145669">
        <ele>184.6</ele>
      </trkpt>
      <trkpt lat="39.26670731976628" lon="-8.056685328483582">
        <ele>184.6</ele>
      </trkpt>
      <trkpt lat="39.266644371673465" lon="-8.056606454774737">
        <ele>184.5</ele>
      </trkpt>
      <trkpt lat="39.26639785990119" lon="-8.056292971596122">
        <ele>182.3</ele>
      </trkpt>
      <trkpt lat="39.26610994152725" lon="-8.055902794003487">
        <ele>180.3</ele>
      </trkpt>
      <trkpt lat="39.26569084636867" lon="-8.055350426584482">
        <ele>182.6</ele>
      </trkpt>
      <trkpt lat="39.265468809753656" lon="-8.055043062195182">
        <ele>181.7</ele>
      </trkpt>
      <trkpt lat="39.265176532790065" lon="-8.05464768782258">
        <ele>178.1</ele>
      </trkpt>
      <trkpt lat="39.26505507901311" lon="-8.05448935367167">
        <ele>177.1</ele>
      </trkpt>
      <trkpt lat="39.26499456167221" lon="-8.054408384487033">
        <ele>176.8</ele>
      </trkpt>
      <trkpt lat="39.264693735167384" lon="-8.054004460573196">
        <ele>177.1</ele>
      </trkpt>
      <trkpt lat="39.264636654406786" lon="-8.053929526358843">
        <ele>177.4</ele>
      </trkpt>
      <trkpt lat="39.26427346654236" lon="-8.053471203893423">
        <ele>178.3</ele>
      </trkpt>
      <trkpt lat="39.26404564641416" lon="-8.053148500621319">
        <ele>176.9</ele>
      </trkpt>
      <trkpt lat="39.26392846740782" lon="-8.052989579737186">
        <ele>175.9</ele>
      </trkpt>
      <trkpt lat="39.26386669278145" lon="-8.052914729341865">
        <ele>175.5</ele>
      </trkpt>
      <trkpt lat="39.263460421934724" lon="-8.052362613379955">
        <ele>176.1</ele>
      </trkpt>
      <trkpt lat="39.26334600895643" lon="-8.052202770486474">
        <ele>176.2</ele>
      </trkpt>
      <trkpt lat="39.26293931901455" lon="-8.0516592040658">
        <ele>173</ele>
      </trkpt>
      <trkpt lat="39.26263388246298" lon="-8.051273804157972">
        <ele>173.5</ele>
      </trkpt>
      <trkpt lat="39.26241176202893" lon="-8.050959147512913">
        <ele>174.3</ele>
      </trkpt>
      <trkpt lat="39.26229634322226" lon="-8.050803579390049">
        <ele>174</ele>
      </trkpt>
      <trkpt lat="39.261884121224284" lon="-8.050268730148673">
        <ele>171.8</ele>
      </trkpt>
      <trkpt lat="39.26161120645702" lon="-8.049887856468558">
        <ele>171</ele>
      </trkpt>
      <trkpt lat="39.26134533248842" lon="-8.049486866220832">
        <ele>170.5</ele>
      </trkpt>
      <trkpt lat="39.261138467118144" lon="-8.049141447991133">
        <ele>169.5</ele>
      </trkpt>
      <trkpt lat="39.260871252045035" lon="-8.048572987318039">
        <ele>168.5</ele>
      </trkpt>
      <trkpt lat="39.260763712227345" lon="-8.048276519402862">
        <ele>167.7</ele>
      </trkpt>
      <trkpt lat="39.260548297315836" lon="-8.047554669901729">
        <ele>166.7</ele>
      </trkpt>
      <trkpt lat="39.260461293160915" lon="-8.047135574743152">
        <ele>166.2</ele>
      </trkpt>
      <trkpt lat="39.260425167158246" lon="-8.046919656917453">
        <ele>165.8</ele>
      </trkpt>
      <trkpt lat="39.26031477749348" lon="-8.04615723900497">
        <ele>164.9</ele>
      </trkpt>
      <trkpt lat="39.26030019298196" lon="-8.046051459386945">
        <ele>164.8</ele>
      </trkpt>
      <trkpt lat="39.26024059765041" lon="-8.04561442695558">
        <ele>165</ele>
      </trkpt>
      <trkpt lat="39.26022509112954" lon="-8.045505546033382">
        <ele>165.1</ele>
      </trkpt>
      <trkpt lat="39.26021000370383" lon="-8.045397251844406">
        <ele>165</ele>
      </trkpt>
      <trkpt lat="39.260183768346906" lon="-8.045182758942246">
        <ele>164.7</ele>
      </trkpt>
      <trkpt lat="39.26011218689382" lon="-8.04475050419569">
        <ele>162.1</ele>
      </trkpt>
      <trkpt lat="39.260014202445745" lon="-8.044208697974682">
        <ele>157.9</ele>
      </trkpt>
      <trkpt lat="39.25988386385143" lon="-8.04378834553063">
        <ele>155.5</ele>
      </trkpt>
      <trkpt lat="39.25977841950953" lon="-8.043482573702931">
        <ele>155.5</ele>
      </trkpt>
      <trkpt lat="39.259742042049766" lon="-8.043381236493587">
        <ele>155.8</ele>
      </trkpt>
      <trkpt lat="39.259619330987334" lon="-8.043088372796774">
        <ele>156.3</ele>
      </trkpt>
      <trkpt lat="39.25948329269886" lon="-8.042803555727005">
        <ele>155.9</ele>
      </trkpt>
      <trkpt lat="39.25938690081239" lon="-8.042616304010153">
        <ele>155.2</ele>
      </trkpt>
      <trkpt lat="39.259075094014406" lon="-8.042076174169779">
        <ele>153.6</ele>
      </trkpt>
      <trkpt lat="39.25886479206383" lon="-8.041722793132067">
        <ele>152.3</ele>
      </trkpt>
      <trkpt lat="39.25866345874965" lon="-8.041367484256625">
        <ele>151.2</ele>
      </trkpt>
      <trkpt lat="39.25845768302679" lon="-8.040999351069331">
        <ele>150.1</ele>
      </trkpt>
      <trkpt lat="39.25839984789491" lon="-8.0409094132483">
        <ele>150</ele>
      </trkpt>
      <trkpt lat="39.2581981793046" lon="-8.040564078837633">
        <ele>149.6</ele>
      </trkpt>
      <trkpt lat="39.25788654014468" lon="-8.04003476165235">
        <ele>148.2</ele>
      </trkpt>
      <trkpt lat="39.257659977301955" lon="-8.03970007225871">
        <ele>147.1</ele>
      </trkpt>
      <trkpt lat="39.257601387798786" lon="-8.039621533825994">
        <ele>146.7</ele>
      </trkpt>
      <trkpt lat="39.257140550762415" lon="-8.039112836122513">
        <ele>143.3</ele>
      </trkpt>
      <trkpt lat="39.25692815333605" lon="-8.038917453959584">
        <ele>143.9</ele>
      </trkpt>
      <trkpt lat="39.25671231932938" lon="-8.038740176707506">
        <ele>144.5</ele>
      </trkpt>
      <trkpt lat="39.25648651085794" lon="-8.038577819243073">
        <ele>144.2</ele>
      </trkpt>
      <trkpt lat="39.25619247369468" lon="-8.038379503414035">
        <ele>142.4</ele>
      </trkpt>
      <trkpt lat="39.25590422004461" lon="-8.03818185813725">
        <ele>139.4</ele>
      </trkpt>
      <trkpt lat="39.25575611181557" lon="-8.038080101832747">
        <ele>137.3</ele>
      </trkpt>
      <trkpt lat="39.255519742146134" lon="-8.037921180948615">
        <ele>134.2</ele>
      </trkpt>
      <trkpt lat="39.25513735972345" lon="-8.037671986967325">
        <ele>131.2</ele>
      </trkpt>
      <trkpt lat="39.254842568188906" lon="-8.03747233003378">
        <ele>129.3</ele>
      </trkpt>
      <trkpt lat="39.25469848327339" lon="-8.037375016137958">
        <ele>128.7</ele>
      </trkpt>
      <trkpt lat="39.25447535701096" lon="-8.037221292033792">
        <ele>127.8</ele>
      </trkpt>
      <trkpt lat="39.254240244627" lon="-8.037063963711262">
        <ele>127.3</ele>
      </trkpt>
      <trkpt lat="39.25408652052283" lon="-8.036960614845157">
        <ele>127.1</ele>
      </trkpt>
      <trkpt lat="39.253776306286454" lon="-8.036751989275217">
        <ele>126.8</ele>
      </trkpt>
      <trkpt lat="39.25355150364339" lon="-8.036596504971385">
        <ele>126.5</ele>
      </trkpt>
      <trkpt lat="39.253346817567945" lon="-8.036458035930991">
        <ele>126.5</ele>
      </trkpt>
      <trkpt lat="39.25308915786445" lon="-8.036284279078245">
        <ele>126.9</ele>
      </trkpt>
      <trkpt lat="39.25273736938834" lon="-8.03603290580213">
        <ele>125.4</ele>
      </trkpt>
      <trkpt lat="39.25221433863044" lon="-8.035692013800144">
        <ele>124.9</ele>
      </trkpt>
      <trkpt lat="39.251727517694235" lon="-8.035369645804167">
        <ele>125.8</ele>
      </trkpt>
      <trkpt lat="39.25152844749391" lon="-8.035225393250585">
        <ele>125.5</ele>
      </trkpt>
      <trkpt lat="39.25143809057772" lon="-8.035144926980138">
        <ele>125.2</ele>
      </trkpt>
      <trkpt lat="39.2509263753891" lon="-8.034799257293344">
        <ele>125.9</ele>
      </trkpt>
      <trkpt lat="39.25074599683285" lon="-8.034692136570811">
        <ele>126.9</ele>
      </trkpt>
      <trkpt lat="39.25026537850499" lon="-8.034372450783849">
        <ele>125.6</ele>
      </trkpt>
      <trkpt lat="39.249754417687654" lon="-8.034019907936454">
        <ele>126.3</ele>
      </trkpt>
      <trkpt lat="39.24925250932574" lon="-8.033692426979542">
        <ele>123.8</ele>
      </trkpt>
      <trkpt lat="39.24874632619321" lon="-8.033336363732815">
        <ele>123.4</ele>
      </trkpt>
      <trkpt lat="39.248667787760496" lon="-8.033277187496424">
        <ele>123.1</ele>
      </trkpt>
      <trkpt lat="39.248300241306424" lon="-8.033031765371561">
        <ele>122.6</ele>
      </trkpt>
      <trkpt lat="39.247828759253025" lon="-8.03271559998393">
        <ele>122.1</ele>
      </trkpt>
      <trkpt lat="39.24731285311282" lon="-8.032362135127187">
        <ele>121.4</ele>
      </trkpt>
      <trkpt lat="39.24715720117092" lon="-8.032256187871099">
        <ele>121</ele>
      </trkpt>
      <trkpt lat="39.24692644737661" lon="-8.032099613919854">
        <ele>120.9</ele>
      </trkpt>
      <trkpt lat="39.24681656062603" lon="-8.032012609764934">
        <ele>121</ele>
      </trkpt>
      <trkpt lat="39.246680522337556" lon="-8.031892580911517">
        <ele>121.2</ele>
      </trkpt>
      <trkpt lat="39.246182050555944" lon="-8.031586725264788">
        <ele>120.5</ele>
      </trkpt>
      <trkpt lat="39.2460807133466" lon="-8.03152184933424">
        <ele>120.3</ele>
      </trkpt>
      <trkpt lat="39.245606046169996" lon="-8.031187914311886">
        <ele>119.8</ele>
      </trkpt>
      <trkpt lat="39.24546170979738" lon="-8.031124044209719">
        <ele>119.4</ele>
      </trkpt>
      <trkpt lat="39.245305052027106" lon="-8.0311543866992">
        <ele>118.3</ele>
      </trkpt>
      <trkpt lat="39.24518996849656" lon="-8.03137918934226">
        <ele>117.6</ele>
      </trkpt>
      <trkpt lat="39.24517865292728" lon="-8.031491255387664">
        <ele>117.6</ele>
      </trkpt>
      <trkpt lat="39.245159374549985" lon="-8.031653026118875">
        <ele>117.5</ele>
      </trkpt>
      <trkpt lat="39.24513121135533" lon="-8.031909428536892">
        <ele>117.3</ele>
      </trkpt>
      <trkpt lat="39.24506826326251" lon="-8.032281585037708">
        <ele>116.9</ele>
      </trkpt>
      <trkpt lat="39.24498477950692" lon="-8.032653573900461">
        <ele>117</ele>
      </trkpt>
      <trkpt lat="39.244905821979046" lon="-8.032869659364223">
        <ele>118</ele>
      </trkpt>
      <trkpt lat="39.244725946336985" lon="-8.033282300457358">
        <ele>120.7</ele>
      </trkpt>
      <trkpt lat="39.24464992247522" lon="-8.033419009298086">
        <ele>121.7</ele>
      </trkpt>
      <trkpt lat="39.24438723362982" lon="-8.033757554367185">
        <ele>123.4</ele>
      </trkpt>
      <trkpt lat="39.24391373991966" lon="-8.034113617613912">
        <ele>122.8</ele>
      </trkpt>
      <trkpt lat="39.24363965168595" lon="-8.034257451072335">
        <ele>122.3</ele>
      </trkpt>
      <trkpt lat="39.24329247325659" lon="-8.03442726843059">
        <ele>121.4</ele>
      </trkpt>
      <trkpt lat="39.24310069531202" lon="-8.034520223736763">
        <ele>121.7</ele>
      </trkpt>
      <trkpt lat="39.242577496916056" lon="-8.034773608669639">
        <ele>121.3</ele>
      </trkpt>
      <trkpt lat="39.24205186776817" lon="-8.035037387162447">
        <ele>122.8</ele>
      </trkpt>
      <trkpt lat="39.24153487198055" lon="-8.035294376313686">
        <ele>123.4</ele>
      </trkpt>
      <trkpt lat="39.24101787619293" lon="-8.03554373793304">
        <ele>118.8</ele>
      </trkpt>
      <trkpt lat="39.240499790757895" lon="-8.035799050703645">
        <ele>120.5</ele>
      </trkpt>
      <trkpt lat="39.23995471559465" lon="-8.036062242463231">
        <ele>121.8</ele>
      </trkpt>
      <trkpt lat="39.23960988409817" lon="-8.036225605756044">
        <ele>120.5</ele>
      </trkpt>
      <trkpt lat="39.23952489160001" lon="-8.036262234672904">
        <ele>120.2</ele>
      </trkpt>
      <trkpt lat="39.23900630325079" lon="-8.036523163318634">
        <ele>120.6</ele>
      </trkpt>
      <trkpt lat="39.238547226414084" lon="-8.036731956526637">
        <ele>118.6</ele>
      </trkpt>
      <trkpt lat="39.23844345845282" lon="-8.036788702011108">
        <ele>118.2</ele>
      </trkpt>
      <trkpt lat="39.23802168108523" lon="-8.036997327581048">
        <ele>117.8</ele>
      </trkpt>
      <trkpt lat="39.23762295395136" lon="-8.037189105525613">
        <ele>118.2</ele>
      </trkpt>
      <trkpt lat="39.2370976600796" lon="-8.037443161010742">
        <ele>119.1</ele>
      </trkpt>
      <trkpt lat="39.236572785303" lon="-8.037696713581681">
        <ele>117.9</ele>
      </trkpt>
      <trkpt lat="39.23630816861987" lon="-8.037827555090189">
        <ele>116.8</ele>
      </trkpt>
      <trkpt lat="39.23608026467264" lon="-8.037935430184007">
        <ele>116.7</ele>
      </trkpt>
      <trkpt lat="39.23600164242089" lon="-8.037976752966642">
        <ele>116.9</ele>
      </trkpt>
      <trkpt lat="39.23554055392742" lon="-8.038192000240088">
        <ele>117.5</ele>
      </trkpt>
      <trkpt lat="39.235416585579515" lon="-8.038230473175645">
        <ele>117.5</ele>
      </trkpt>
      <trkpt lat="39.23530443571508" lon="-8.038298450410366">
        <ele>117.2</ele>
      </trkpt>
      <trkpt lat="39.23507242463529" lon="-8.038410851731896">
        <ele>116</ele>
      </trkpt>
      <trkpt lat="39.23454847186804" lon="-8.038679491728544">
        <ele>115.8</ele>
      </trkpt>
      <trkpt lat="39.23446783795953" lon="-8.038724586367607">
        <ele>116.1</ele>
      </trkpt>
      <trkpt lat="39.23423616215587" lon="-8.038831539452076">
        <ele>117.6</ele>
      </trkpt>
      <trkpt lat="39.23404321074486" lon="-8.038925919681787">
        <ele>118.5</ele>
      </trkpt>
      <trkpt lat="39.233750849962234" lon="-8.039076374843717">
        <ele>118.6</ele>
      </trkpt>
      <trkpt lat="39.23350668512285" lon="-8.039196403697133">
        <ele>118.9</ele>
      </trkpt>
      <trkpt lat="39.23297778703272" lon="-8.039453560486436">
        <ele>118.8</ele>
      </trkpt>
      <trkpt lat="39.23244193196297" lon="-8.039715830236673">
        <ele>117.7</ele>
      </trkpt>
      <trkpt lat="39.23206667415798" lon="-8.039905093610287">
        <ele>117.1</ele>
      </trkpt>
      <trkpt lat="39.23198293894529" lon="-8.039936861023307">
        <ele>117.2</ele>
      </trkpt>
      <trkpt lat="39.23147306777537" lon="-8.040189575403929">
        <ele>117.4</ele>
      </trkpt>
      <trkpt lat="39.23134616576135" lon="-8.040247997269034">
        <ele>117.4</ele>
      </trkpt>
      <trkpt lat="39.231017930433154" lon="-8.04041588678956">
        <ele>118.2</ele>
      </trkpt>
      <trkpt lat="39.23051635734737" lon="-8.040690226480365">
        <ele>118.7</ele>
      </trkpt>
      <trkpt lat="39.23003297299147" lon="-8.040991220623255">
        <ele>117.9</ele>
      </trkpt>
      <trkpt lat="39.229954266920686" lon="-8.041049055755138">
        <ele>118</ele>
      </trkpt>
      <trkpt lat="39.2296598944813" lon="-8.041300931945443">
        <ele>117.8</ele>
      </trkpt>
      <trkpt lat="39.22949971631169" lon="-8.041428420692682">
        <ele>117.4</ele>
      </trkpt>
      <trkpt lat="39.2293559666723" lon="-8.041565380990505">
        <ele>117.2</ele>
      </trkpt>
      <trkpt lat="39.229248594492674" lon="-8.041665963828564">
        <ele>116.5</ele>
      </trkpt>
      <trkpt lat="39.2291350197047" lon="-8.041773587465286">
        <ele>115.5</ele>
      </trkpt>
      <trkpt lat="39.22895916737616" lon="-8.041938627138734">
        <ele>114.3</ele>
      </trkpt>
      <trkpt lat="39.228847939521074" lon="-8.042045999318361">
        <ele>114.1</ele>
      </trkpt>
      <trkpt lat="39.22873528674245" lon="-8.04214951582253">
        <ele>114</ele>
      </trkpt>
      <trkpt lat="39.2286791279912" lon="-8.042202070355415">
        <ele>114</ele>
      </trkpt>
      <trkpt lat="39.22862355597317" lon="-8.042254624888301">
        <ele>114</ele>
      </trkpt>
      <trkpt lat="39.2285684030503" lon="-8.042306089773774">
        <ele>114</ele>
      </trkpt>
      <trkpt lat="39.228199599310756" lon="-8.042654693126678">
        <ele>114.2</ele>
      </trkpt>
      <trkpt lat="39.228150732815266" lon="-8.04269878193736">
        <ele>114.3</ele>
      </trkpt>
      <trkpt lat="39.22810463234782" lon="-8.04274220019579">
        <ele>114.5</ele>
      </trkpt>
      <trkpt lat="39.227730967104435" lon="-8.043100610375404">
        <ele>115.7</ele>
      </trkpt>
      <trkpt lat="39.227436259388924" lon="-8.04338090121746">
        <ele>116.8</ele>
      </trkpt>
      <trkpt lat="39.22697986476123" lon="-8.043808126822114">
        <ele>115.4</ele>
      </trkpt>
      <trkpt lat="39.22670317813754" lon="-8.044066289439797">
        <ele>115.4</ele>
      </trkpt>
      <trkpt lat="39.22633621841669" lon="-8.044413216412067">
        <ele>115.9</ele>
      </trkpt>
      <trkpt lat="39.226098423823714" lon="-8.044642880558968">
        <ele>115</ele>
      </trkpt>
      <trkpt lat="39.22576105222106" lon="-8.044966086745262">
        <ele>114.4</ele>
      </trkpt>
      <trkpt lat="39.225464165210724" lon="-8.04522885940969">
        <ele>114.9</ele>
      </trkpt>
      <trkpt lat="39.22499427571893" lon="-8.045641081407666">
        <ele>116.9</ele>
      </trkpt>
      <trkpt lat="39.22451952472329" lon="-8.045991947874427">
        <ele>117</ele>
      </trkpt>
      <trkpt lat="39.22398501075804" lon="-8.046323535963893">
        <ele>115.7</ele>
      </trkpt>
      <trkpt lat="39.22365618869662" lon="-8.046516822651029">
        <ele>115.4</ele>
      </trkpt>
      <trkpt lat="39.22316199168563" lon="-8.04680809378624">
        <ele>116.1</ele>
      </trkpt>
      <trkpt lat="39.22264298424125" lon="-8.047106405720115">
        <ele>114.8</ele>
      </trkpt>
      <trkpt lat="39.22210377641022" lon="-8.047412261366844">
        <ele>114.7</ele>
      </trkpt>
      <trkpt lat="39.22185969538987" lon="-8.047549473121762">
        <ele>114.9</ele>
      </trkpt>
      <trkpt lat="39.22137413173914" lon="-8.047830685973167">
        <ele>116.2</ele>
      </trkpt>
      <trkpt lat="39.22095579095185" lon="-8.048070576041937">
        <ele>117.6</ele>
      </trkpt>
      <trkpt lat="39.22077893279493" lon="-8.04817191325128">
        <ele>117.6</ele>
      </trkpt>
      <trkpt lat="39.220240814611316" lon="-8.04848455823958">
        <ele>116.9</ele>
      </trkpt>
      <trkpt lat="39.219752652570605" lon="-8.048763256520033">
        <ele>115.1</ele>
      </trkpt>
      <trkpt lat="39.21933121047914" lon="-8.049011528491974">
        <ele>114.7</ele>
      </trkpt>
      <trkpt lat="39.21879652887583" lon="-8.049318976700306">
        <ele>115.6</ele>
      </trkpt>
      <trkpt lat="39.218317084014416" lon="-8.049595663323998">
        <ele>114.8</ele>
      </trkpt>
      <trkpt lat="39.21777636744082" lon="-8.049903279170394">
        <ele>115.5</ele>
      </trkpt>
      <trkpt lat="39.21724101528525" lon="-8.050212152302265">
        <ele>116.8</ele>
      </trkpt>
      <trkpt lat="39.21669862233102" lon="-8.050523707643151">
        <ele>114.3</ele>
      </trkpt>
      <trkpt lat="39.21616293489933" lon="-8.050828892737627">
        <ele>113.7</ele>
      </trkpt>
      <trkpt lat="39.21564702875912" lon="-8.051129886880517">
        <ele>112.4</ele>
      </trkpt>
      <trkpt lat="39.21512450091541" lon="-8.051427947357297">
        <ele>114.5</ele>
      </trkpt>
      <trkpt lat="39.21459476463497" lon="-8.051732378080487">
        <ele>113.7</ele>
      </trkpt>
      <trkpt lat="39.214068464934826" lon="-8.05203840136528">
        <ele>115.2</ele>
      </trkpt>
      <trkpt lat="39.21353906393051" lon="-8.052342915907502">
        <ele>116.4</ele>
      </trkpt>
      <trkpt lat="39.21300974674523" lon="-8.052643574774265">
        <ele>116.6</ele>
      </trkpt>
      <trkpt lat="39.21248009428382" lon="-8.052948424592614">
        <ele>113.7</ele>
      </trkpt>
      <trkpt lat="39.21195052564144" lon="-8.05324874818325">
        <ele>113.3</ele>
      </trkpt>
      <trkpt lat="39.21143461950123" lon="-8.053542952984571">
        <ele>113.8</ele>
      </trkpt>
      <trkpt lat="39.21091795898974" lon="-8.053841097280383">
        <ele>114.7</ele>
      </trkpt>
      <trkpt lat="39.210402304306626" lon="-8.054134296253324">
        <ele>113.4</ele>
      </trkpt>
      <trkpt lat="39.209880447015166" lon="-8.054432943463326">
        <ele>112.8</ele>
      </trkpt>
      <trkpt lat="39.209352722391486" lon="-8.054744331166148">
        <ele>113.3</ele>
      </trkpt>
      <trkpt lat="39.208815107122064" lon="-8.055051025003195">
        <ele>114.7</ele>
      </trkpt>
      <trkpt lat="39.20829559676349" lon="-8.055355120450258">
        <ele>113.5</ele>
      </trkpt>
      <trkpt lat="39.20775949023664" lon="-8.055659215897322">
        <ele>112.8</ele>
      </trkpt>
      <trkpt lat="39.2072384711355" lon="-8.055956270545721">
        <ele>112.8</ele>
      </trkpt>
      <trkpt lat="39.207181138917804" lon="-8.055988876149058">
        <ele>112.8</ele>
      </trkpt>
      <trkpt lat="39.206721810624" lon="-8.056250642985106">
        <ele>112.6</ele>
      </trkpt>
      <trkpt lat="39.206375889480114" lon="-8.056448623538017">
        <ele>113.7</ele>
      </trkpt>
      <trkpt lat="39.20585663057864" lon="-8.056748444214463">
        <ele>113.2</ele>
      </trkpt>
      <trkpt lat="39.20579946599901" lon="-8.056782223284245">
        <ele>113.1</ele>
      </trkpt>
      <trkpt lat="39.2052748426795" lon="-8.05708548054099">
        <ele>113.4</ele>
      </trkpt>
      <trkpt lat="39.20474066399038" lon="-8.05738932453096">
        <ele>112.7</ele>
      </trkpt>
      <trkpt lat="39.204203467816114" lon="-8.057695180177689">
        <ele>113.3</ele>
      </trkpt>
      <trkpt lat="39.20367465354502" lon="-8.057996928691864">
        <ele>114.3</ele>
      </trkpt>
      <trkpt lat="39.203158747404814" lon="-8.05829239077866">
        <ele>113.5</ele>
      </trkpt>
      <trkpt lat="39.20264644548297" lon="-8.058590115979314">
        <ele>113.4</ele>
      </trkpt>
      <trkpt lat="39.20214160345495" lon="-8.058878369629383">
        <ele>113.6</ele>
      </trkpt>
      <trkpt lat="39.20160423964262" lon="-8.059183973819017">
        <ele>113</ele>
      </trkpt>
      <trkpt lat="39.20129695907235" lon="-8.059359826147556">
        <ele>113.7</ele>
      </trkpt>
      <trkpt lat="39.20080401934683" lon="-8.059641038998961">
        <ele>111.8</ele>
      </trkpt>
      <trkpt lat="39.20049246400595" lon="-8.059820076450706">
        <ele>110.2</ele>
      </trkpt>
      <trkpt lat="39.19995518401265" lon="-8.060120064765215">
        <ele>111</ele>
      </trkpt>
      <trkpt lat="39.19944447465241" lon="-8.060417287051678">
        <ele>110.4</ele>
      </trkpt>
      <trkpt lat="39.19890568591654" lon="-8.060729345306754">
        <ele>111.4</ele>
      </trkpt>
      <trkpt lat="39.19837636873126" lon="-8.06103352457285">
        <ele>110.4</ele>
      </trkpt>
      <trkpt lat="39.19821845367551" lon="-8.06112103164196">
        <ele>109.7</ele>
      </trkpt>
      <trkpt lat="39.19770162552595" lon="-8.061420014128089">
        <ele>108.4</ele>
      </trkpt>
      <trkpt lat="39.19718789868057" lon="-8.06170986033976">
        <ele>109.2</ele>
      </trkpt>
      <trkpt lat="39.19665053486824" lon="-8.062017476186156">
        <ele>110.2</ele>
      </trkpt>
      <trkpt lat="39.19612708501518" lon="-8.062325092032552">
        <ele>112.7</ele>
      </trkpt>
      <trkpt lat="39.195597767829895" lon="-8.06263136677444">
        <ele>112.4</ele>
      </trkpt>
      <trkpt lat="39.19505529105663" lon="-8.06293722242117">
        <ele>112.2</ele>
      </trkpt>
      <trkpt lat="39.19450686313212" lon="-8.06325045414269">
        <ele>111.2</ele>
      </trkpt>
      <trkpt lat="39.19428214430809" lon="-8.063377356156707">
        <ele>111.3</ele>
      </trkpt>
      <trkpt lat="39.19376120902598" lon="-8.063677931204438">
        <ele>112</ele>
      </trkpt>
      <trkpt lat="39.1932525113225" lon="-8.063975656405091">
        <ele>110.6</ele>
      </trkpt>
      <trkpt lat="39.19273258186877" lon="-8.06427313014865">
        <ele>110.4</ele>
      </trkpt>
      <trkpt lat="39.19219672679901" lon="-8.064572112634778">
        <ele>109.5</ele>
      </trkpt>
      <trkpt lat="39.191740080714226" lon="-8.064850978553295">
        <ele>110.3</ele>
      </trkpt>
      <trkpt lat="39.19124253094196" lon="-8.065132275223732">
        <ele>111.2</ele>
      </trkpt>
      <trkpt lat="39.19107866473496" lon="-8.06522497907281">
        <ele>111.8</ele>
      </trkpt>
      <trkpt lat="39.19053048826754" lon="-8.06551281362772">
        <ele>112.6</ele>
      </trkpt>
      <trkpt lat="39.190415404736996" lon="-8.065576013177633">
        <ele>112.4</ele>
      </trkpt>
      <trkpt lat="39.18988147750497" lon="-8.065891424193978">
        <ele>112.6</ele>
      </trkpt>
      <trkpt lat="39.18934905901551" lon="-8.0661993753165">
        <ele>111.1</ele>
      </trkpt>
      <trkpt lat="39.18900263495743" lon="-8.066396852955222">
        <ele>109.4</ele>
      </trkpt>
      <trkpt lat="39.18865067884326" lon="-8.066595755517483">
        <ele>109</ele>
      </trkpt>
      <trkpt lat="39.18841967359185" lon="-8.066729446873069">
        <ele>109.5</ele>
      </trkpt>
      <trkpt lat="39.188140304759145" lon="-8.066901443526149">
        <ele>110.8</ele>
      </trkpt>
      <trkpt lat="39.1877955570817" lon="-8.067093472927809">
        <ele>110.6</ele>
      </trkpt>
      <trkpt lat="39.18727847747505" lon="-8.067388515919447">
        <ele>108.9</ele>
      </trkpt>
      <trkpt lat="39.18699516914785" lon="-8.067546598613262">
        <ele>109.5</ele>
      </trkpt>
      <trkpt lat="39.18666743673384" lon="-8.067731084302068">
        <ele>110.8</ele>
      </trkpt>
      <trkpt lat="39.18636057525873" lon="-8.067899560555816">
        <ele>110.9</ele>
      </trkpt>
      <trkpt lat="39.18626426719129" lon="-8.067958820611238">
        <ele>110.9</ele>
      </trkpt>
      <trkpt lat="39.185856487601995" lon="-8.068196950480342">
        <ele>110.5</ele>
      </trkpt>
      <trkpt lat="39.185361536219716" lon="-8.068495765328407">
        <ele>109.5</ele>
      </trkpt>
      <trkpt lat="39.184974543750286" lon="-8.068708246573806">
        <ele>109.9</ele>
      </trkpt>
      <trkpt lat="39.18446308001876" lon="-8.069002199918032">
        <ele>110.4</ele>
      </trkpt>
      <trkpt lat="39.18393786996603" lon="-8.069307301193476">
        <ele>109.5</ele>
      </trkpt>
      <trkpt lat="39.18360183946788" lon="-8.069506958127022">
        <ele>108.8</ele>
      </trkpt>
      <trkpt lat="39.18343311175704" lon="-8.069612653926015">
        <ele>108</ele>
      </trkpt>
      <trkpt lat="39.18293380178511" lon="-8.06989043019712">
        <ele>107.2</ele>
      </trkpt>
      <trkpt lat="39.18270749039948" lon="-8.070027055218816">
        <ele>108.1</ele>
      </trkpt>
      <trkpt lat="39.18215394951403" lon="-8.070348836481571">
        <ele>108.5</ele>
      </trkpt>
      <trkpt lat="39.18165790848434" lon="-8.070628205314279">
        <ele>106.8</ele>
      </trkpt>
      <trkpt lat="39.18127686716616" lon="-8.07084378786385">
        <ele>106.3</ele>
      </trkpt>
      <trkpt lat="39.180785017088056" lon="-8.071120642125607">
        <ele>107.8</ele>
      </trkpt>
      <trkpt lat="39.180289562791586" lon="-8.071401100605726">
        <ele>107.2</ele>
      </trkpt>
      <trkpt lat="39.179787738248706" lon="-8.071722211316228">
        <ele>105</ele>
      </trkpt>
      <trkpt lat="39.17929052375257" lon="-8.072098391130567">
        <ele>103</ele>
      </trkpt>
      <trkpt lat="39.17886438779533" lon="-8.072475912049413">
        <ele>104.4</ele>
      </trkpt>
      <trkpt lat="39.17837304063141" lon="-8.072924511507154">
        <ele>105.7</ele>
      </trkpt>
      <trkpt lat="39.17797020636499" lon="-8.073291471228004">
        <ele>106.7</ele>
      </trkpt>
      <trkpt lat="39.17785411700606" lon="-8.073399178683758">
        <ele>106.1</ele>
      </trkpt>
      <trkpt lat="39.177561923861504" lon="-8.07366513647139">
        <ele>104.8</ele>
      </trkpt>
      <trkpt lat="39.17711382731795" lon="-8.074069814756513">
        <ele>103.8</ele>
      </trkpt>
      <trkpt lat="39.17690587230027" lon="-8.074266202747822">
        <ele>104</ele>
      </trkpt>
      <trkpt lat="39.17645107023418" lon="-8.074681023135781">
        <ele>105.1</ele>
      </trkpt>
      <trkpt lat="39.17600146494806" lon="-8.075081929564476">
        <ele>107.3</ele>
      </trkpt>
      <trkpt lat="39.175552278757095" lon="-8.075492223724723">
        <ele>105.2</ele>
      </trkpt>
      <trkpt lat="39.175096387043595" lon="-8.075899751856923">
        <ele>104.6</ele>
      </trkpt>
      <trkpt lat="39.174637058749795" lon="-8.076326390728354">
        <ele>105.2</ele>
      </trkpt>
      <trkpt lat="39.17415644042194" lon="-8.076763171702623">
        <ele>103.8</ele>
      </trkpt>
      <trkpt lat="39.17366844601929" lon="-8.077205400913954">
        <ele>103.4</ele>
      </trkpt>
      <trkpt lat="39.17344213463366" lon="-8.07742073200643">
        <ele>101.8</ele>
      </trkpt>
      <trkpt lat="39.173267455771565" lon="-8.077579149976373">
        <ele>101.6</ele>
      </trkpt>
      <trkpt lat="39.172969814389944" lon="-8.07785659097135">
        <ele>100.6</ele>
      </trkpt>
      <trkpt lat="39.172509144991636" lon="-8.07827384211123">
        <ele>98.4</ele>
      </trkpt>
      <trkpt lat="39.17244225740433" lon="-8.078336203470826">
        <ele>98.2</ele>
      </trkpt>
      <trkpt lat="39.17194730602205" lon="-8.07878639549017">
        <ele>98.5</ele>
      </trkpt>
      <trkpt lat="39.17165955528617" lon="-8.079048581421375">
        <ele>97</ele>
      </trkpt>
      <trkpt lat="39.171368200331926" lon="-8.079309426248074">
        <ele>96</ele>
      </trkpt>
      <trkpt lat="39.17114909738302" lon="-8.079508999362588">
        <ele>96.1</ele>
      </trkpt>
      <trkpt lat="39.17071181349456" lon="-8.079903703182936">
        <ele>96.8</ele>
      </trkpt>
      <trkpt lat="39.17034963145852" lon="-8.080234369263053">
        <ele>95</ele>
      </trkpt>
      <trkpt lat="39.17006213217974" lon="-8.080494878813624">
        <ele>94</ele>
      </trkpt>
      <trkpt lat="39.169775135815144" lon="-8.080756394192576">
        <ele>93.6</ele>
      </trkpt>
      <trkpt lat="39.16941571980715" lon="-8.081086305901408">
        <ele>93</ele>
      </trkpt>
      <trkpt lat="39.168908447027206" lon="-8.081547981128097">
        <ele>89.2</ele>
      </trkpt>
      <trkpt lat="39.16883820667863" lon="-8.081613192334771">
        <ele>88.7</ele>
      </trkpt>
      <trkpt lat="39.16862807236612" lon="-8.081801030784845">
        <ele>87.9</ele>
      </trkpt>
      <trkpt lat="39.168352810665965" lon="-8.082051146775484">
        <ele>88.3</ele>
      </trkpt>
      <trkpt lat="39.16790219955146" lon="-8.082462530583143">
        <ele>88.4</ele>
      </trkpt>
      <trkpt lat="39.16784226894379" lon="-8.082520365715027">
        <ele>88</ele>
      </trkpt>
      <trkpt lat="39.16766742244363" lon="-8.082683561369777">
        <ele>86.8</ele>
      </trkpt>
      <trkpt lat="39.16749995201826" lon="-8.08283225633204">
        <ele>86.1</ele>
      </trkpt>
      <trkpt lat="39.1670542024076" lon="-8.083246992900968">
        <ele>86.8</ele>
      </trkpt>
      <trkpt lat="39.1665808763355" lon="-8.083672542124987">
        <ele>86.8</ele>
      </trkpt>
      <trkpt lat="39.16611861437559" lon="-8.084106892347336">
        <ele>85.7</ele>
      </trkpt>
      <trkpt lat="39.16565341874957" lon="-8.084536548703909">
        <ele>86.1</ele>
      </trkpt>
      <trkpt lat="39.1651838645339" lon="-8.084969725459814">
        <ele>87.8</ele>
      </trkpt>
      <trkpt lat="39.16490298695862" lon="-8.085227804258466">
        <ele>86.7</ele>
      </trkpt>
      <trkpt lat="39.164424296468496" lon="-8.085665255784988">
        <ele>84.6</ele>
      </trkpt>
      <trkpt lat="39.164227321743965" lon="-8.085845047608018">
        <ele>84</ele>
      </trkpt>
      <trkpt lat="39.163746451959014" lon="-8.086260119453073">
        <ele>82.4</ele>
      </trkpt>
      <trkpt lat="39.163267090916634" lon="-8.086689356714487">
        <ele>80.5</ele>
      </trkpt>
      <trkpt lat="39.16278949007392" lon="-8.087123455479741">
        <ele>83.2</ele>
      </trkpt>
      <trkpt lat="39.16230954229832" lon="-8.087570294737816">
        <ele>82</ele>
      </trkpt>
      <trkpt lat="39.16183311492205" lon="-8.08800196275115">
        <ele>82</ele>
      </trkpt>
      <trkpt lat="39.16143170557916" lon="-8.088373532518744">
        <ele>83.5</ele>
      </trkpt>
      <trkpt lat="39.161379151046276" lon="-8.088419381529093">
        <ele>83.4</ele>
      </trkpt>
      <trkpt lat="39.16089719161391" lon="-8.088853731751442">
        <ele>82.8</ele>
      </trkpt>
      <trkpt lat="39.160440377891064" lon="-8.089267127215862">
        <ele>82.3</ele>
      </trkpt>
      <trkpt lat="39.16039100848138" lon="-8.08931297622621">
        <ele>82</ele>
      </trkpt>
      <trkpt lat="39.1599980648607" lon="-8.08967356570065">
        <ele>81.7</ele>
      </trkpt>
      <trkpt lat="39.15954359807074" lon="-8.090088050812483">
        <ele>85.8</ele>
      </trkpt>
      <trkpt lat="39.15907823480666" lon="-8.090517623350024">
        <ele>83.9</ele>
      </trkpt>
      <trkpt lat="39.158613458275795" lon="-8.09093864634633">
        <ele>83.4</ele>
      </trkpt>
      <trkpt lat="39.15814206004143" lon="-8.091368302702904">
        <ele>84.4</ele>
      </trkpt>
      <trkpt lat="39.15766521357" lon="-8.091802066192031">
        <ele>85.7</ele>
      </trkpt>
      <trkpt lat="39.15719314478338" lon="-8.09223054908216">
        <ele>82.5</ele>
      </trkpt>
      <trkpt lat="39.15689080953598" lon="-8.092510588467121">
        <ele>81.7</ele>
      </trkpt>
      <trkpt lat="39.15640449151397" lon="-8.092950973659754">
        <ele>83.4</ele>
      </trkpt>
      <trkpt lat="39.1559243761003" lon="-8.093391861766577">
        <ele>83.1</ele>
      </trkpt>
      <trkpt lat="39.15545909665525" lon="-8.093823697417974">
        <ele>82.2</ele>
      </trkpt>
      <trkpt lat="39.155106050893664" lon="-8.094152435660362">
        <ele>81.8</ele>
      </trkpt>
      <trkpt lat="39.15469248779118" lon="-8.094537165015936">
        <ele>81.7</ele>
      </trkpt>
      <trkpt lat="39.15433835238218" lon="-8.09485743753612">
        <ele>82.4</ele>
      </trkpt>
      <trkpt lat="39.15384943597019" lon="-8.0953005887568">
        <ele>81.5</ele>
      </trkpt>
      <trkpt lat="39.15340485982597" lon="-8.09570618905127">
        <ele>80.3</ele>
      </trkpt>
      <trkpt lat="39.15296950377524" lon="-8.096104245632887">
        <ele>82.8</ele>
      </trkpt>
      <trkpt lat="39.15249785408378" lon="-8.096531806513667">
        <ele>83.9</ele>
      </trkpt>
      <trkpt lat="39.15205478668213" lon="-8.096933886408806">
        <ele>84.3</ele>
      </trkpt>
      <trkpt lat="39.151818165555596" lon="-8.09713488444686">
        <ele>85.2</ele>
      </trkpt>
      <trkpt lat="39.151723282411695" lon="-8.097207136452198">
        <ele>85.4</ele>
      </trkpt>
      <trkpt lat="39.15123788639903" lon="-8.097580298781395">
        <ele>85.3</ele>
      </trkpt>
      <trkpt lat="39.15080672129989" lon="-8.097880790010095">
        <ele>84.1</ele>
      </trkpt>
      <trkpt lat="39.150478821247816" lon="-8.098100563511252">
        <ele>84.3</ele>
      </trkpt>
      <trkpt lat="39.15027095004916" lon="-8.09824456460774">
        <ele>84.6</ele>
      </trkpt>
      <trkpt lat="39.14977356791496" lon="-8.098583947867155">
        <ele>84</ele>
      </trkpt>
      <trkpt lat="39.14927710779011" lon="-8.09892819263041">
        <ele>84.3</ele>
      </trkpt>
      <trkpt lat="39.14894853718579" lon="-8.099148971959949">
        <ele>84.9</ele>
      </trkpt>
      <trkpt lat="39.148449562489986" lon="-8.099490869790316">
        <ele>84.2</ele>
      </trkpt>
      <trkpt lat="39.14812778122723" lon="-8.099733861163259">
        <ele>84.4</ele>
      </trkpt>
      <trkpt lat="39.147649593651295" lon="-8.100144574418664">
        <ele>83.2</ele>
      </trkpt>
      <trkpt lat="39.14721633307636" lon="-8.100580349564552">
        <ele>78.8</ele>
      </trkpt>
      <trkpt lat="39.146797405555844" lon="-8.101090472191572">
        <ele>79.5</ele>
      </trkpt>
      <trkpt lat="39.146604873239994" lon="-8.101369002833962">
        <ele>82.8</ele>
      </trkpt>
      <trkpt lat="39.146233135834336" lon="-8.101967889815569">
        <ele>83.5</ele>
      </trkpt>
      <trkpt lat="39.146093744784594" lon="-8.10222253203392">
        <ele>83.2</ele>
      </trkpt>
      <trkpt lat="39.14580884389579" lon="-8.102855700999498">
        <ele>82.6</ele>
      </trkpt>
      <trkpt lat="39.14554028771818" lon="-8.10350127518177">
        <ele>83.6</ele>
      </trkpt>
      <trkpt lat="39.14527709595859" lon="-8.104126313701272">
        <ele>82.9</ele>
      </trkpt>
      <trkpt lat="39.145011976361275" lon="-8.104755459353328">
        <ele>83.9</ele>
      </trkpt>
      <trkpt lat="39.14474241435528" lon="-8.105387203395367">
        <ele>86.7</ele>
      </trkpt>
      <trkpt lat="39.14465708658099" lon="-8.105587949976325">
        <ele>86.8</ele>
      </trkpt>
      <trkpt lat="39.144519958645105" lon="-8.105909898877144">
        <ele>86.1</ele>
      </trkpt>
      <trkpt lat="39.1442543361336" lon="-8.106551449745893">
        <ele>84.8</ele>
      </trkpt>
      <trkpt lat="39.14399483241141" lon="-8.107178499922156">
        <ele>83.6</ele>
      </trkpt>
      <trkpt lat="39.14381621405482" lon="-8.107592314481735">
        <ele>85.1</ele>
      </trkpt>
      <trkpt lat="39.143581269308925" lon="-8.108109645545483">
        <ele>85.2</ele>
      </trkpt>
      <trkpt lat="39.14328354410827" lon="-8.108664359897375">
        <ele>83.7</ele>
      </trkpt>
      <trkpt lat="39.14290518499911" lon="-8.109248410910368">
        <ele>83.4</ele>
      </trkpt>
      <trkpt lat="39.14266110397875" lon="-8.109578993171453">
        <ele>83.7</ele>
      </trkpt>
      <trkpt lat="39.14225550368428" lon="-8.110051564872265">
        <ele>83.4</ele>
      </trkpt>
      <trkpt lat="39.141800785437226" lon="-8.110482562333345">
        <ele>82.3</ele>
      </trkpt>
      <trkpt lat="39.14131966419518" lon="-8.110908614471555">
        <ele>83.4</ele>
      </trkpt>
      <trkpt lat="39.14095714688301" lon="-8.111231317743659">
        <ele>83.7</ele>
      </trkpt>
      <trkpt lat="39.140711557120085" lon="-8.111450504511595">
        <ele>84.3</ele>
      </trkpt>
      <trkpt lat="39.14024912752211" lon="-8.111859206110239">
        <ele>84.1</ele>
      </trkpt>
      <trkpt lat="39.13976498879492" lon="-8.1122912093997">
        <ele>83</ele>
      </trkpt>
      <trkpt lat="39.13931840099394" lon="-8.11269429512322">
        <ele>81.5</ele>
      </trkpt>
      <trkpt lat="39.139168532565236" lon="-8.112824549898505">
        <ele>81.1</ele>
      </trkpt>
      <trkpt lat="39.13867752067745" lon="-8.113259319216013">
        <ele>80.3</ele>
      </trkpt>
      <trkpt lat="39.13820176385343" lon="-8.113679587841034">
        <ele>81.1</ele>
      </trkpt>
      <trkpt lat="39.137708907946944" lon="-8.114121230319142">
        <ele>83.1</ele>
      </trkpt>
      <trkpt lat="39.13721714168787" lon="-8.114553736522794">
        <ele>82.7</ele>
      </trkpt>
      <trkpt lat="39.136728560552" lon="-8.114982889965177">
        <ele>83.5</ele>
      </trkpt>
      <trkpt lat="39.136542649939656" lon="-8.1151457503438">
        <ele>86</ele>
      </trkpt>
      <trkpt lat="39.13609656505287" lon="-8.115547159686685">
        <ele>89</ele>
      </trkpt>
      <trkpt lat="39.13579171523452" lon="-8.115819320082664">
        <ele>88.5</ele>
      </trkpt>
      <trkpt lat="39.13531579077244" lon="-8.116240845993161">
        <ele>86</ele>
      </trkpt>
      <trkpt lat="39.135269774124026" lon="-8.116279989480972">
        <ele>85.9</ele>
      </trkpt>
      <trkpt lat="39.1348082665354" lon="-8.11669179238379">
        <ele>87.7</ele>
      </trkpt>
      <trkpt lat="39.13433611392975" lon="-8.117113402113318">
        <ele>89.5</ele>
      </trkpt>
      <trkpt lat="39.13414651528001" lon="-8.117280704900622">
        <ele>89.7</ele>
      </trkpt>
      <trkpt lat="39.13366631604731" lon="-8.117711199447513">
        <ele>88.9</ele>
      </trkpt>
      <trkpt lat="39.13318452425301" lon="-8.118139933794737">
        <ele>83.9</ele>
      </trkpt>
      <trkpt lat="39.132834831252694" lon="-8.118439251556993">
        <ele>82.4</ele>
      </trkpt>
      <trkpt lat="39.13278286345303" lon="-8.118484849110246">
        <ele>82.5</ele>
      </trkpt>
      <trkpt lat="39.132477175444365" lon="-8.118774862959981">
        <ele>83.2</ele>
      </trkpt>
      <trkpt lat="39.13211734034121" lon="-8.119072169065475">
        <ele>84.4</ele>
      </trkpt>
      <trkpt lat="39.131625574082136" lon="-8.119507944211364">
        <ele>86.5</ele>
      </trkpt>
      <trkpt lat="39.1311991866678" lon="-8.11993969604373">
        <ele>86.1</ele>
      </trkpt>
      <trkpt lat="39.13090783171356" lon="-8.120229709893465">
        <ele>87.9</ele>
      </trkpt>
      <trkpt lat="39.13075167685747" lon="-8.120408495888114">
        <ele>89</ele>
      </trkpt>
      <trkpt lat="39.13071253336966" lon="-8.120454009622335">
        <ele>89.2</ele>
      </trkpt>
      <trkpt lat="39.13063055835664" lon="-8.120547216385603">
        <ele>89.5</ele>
      </trkpt>
      <trkpt lat="39.13059082813561" lon="-8.1205974239856">
        <ele>89.6</ele>
      </trkpt>
      <trkpt lat="39.13021858781576" lon="-8.121083825826645">
        <ele>87.1</ele>
      </trkpt>
      <trkpt lat="39.130086824297905" lon="-8.121246518567204">
        <ele>86.9</ele>
      </trkpt>
      <trkpt lat="39.129956318065524" lon="-8.1214021705091">
        <ele>87.4</ele>
      </trkpt>
      <trkpt lat="39.12983394227922" lon="-8.121556481346488">
        <ele>87.7</ele>
      </trkpt>
      <trkpt lat="39.1297900211066" lon="-8.121604258194566">
        <ele>87.7</ele>
      </trkpt>
      <trkpt lat="39.12959891371429" lon="-8.121853033080697">
        <ele>87.7</ele>
      </trkpt>
      <trkpt lat="39.12956127896905" lon="-8.121903240680695">
        <ele>87.7</ele>
      </trkpt>
      <trkpt lat="39.129314348101616" lon="-8.122207503765821">
        <ele>87.3</ele>
      </trkpt>
      <trkpt lat="39.12898812443018" lon="-8.122609499841928">
        <ele>87.1</ele>
      </trkpt>
      <trkpt lat="39.128873124718666" lon="-8.12275274656713">
        <ele>87.2</ele>
      </trkpt>
      <trkpt lat="39.128477834165096" lon="-8.123245183378458">
        <ele>86.6</ele>
      </trkpt>
      <trkpt lat="39.1282910015434" lon="-8.123486582189798">
        <ele>87</ele>
      </trkpt>
      <trkpt lat="39.12787123583257" lon="-8.124017743393779">
        <ele>88.7</ele>
      </trkpt>
      <trkpt lat="39.1274500451982" lon="-8.124548234045506">
        <ele>90.1</ele>
      </trkpt>
      <trkpt lat="39.127155002206564" lon="-8.124932460486889">
        <ele>90.2</ele>
      </trkpt>
      <trkpt lat="39.12672911770642" lon="-8.1254689861089">
        <ele>88.6</ele>
      </trkpt>
      <trkpt lat="39.126313626766205" lon="-8.125980449840426">
        <ele>87.1</ele>
      </trkpt>
      <trkpt lat="39.125894363969564" lon="-8.126511359587312">
        <ele>86.2</ele>
      </trkpt>
      <trkpt lat="39.12546755746007" lon="-8.12697445973754">
        <ele>88.6</ele>
      </trkpt>
      <trkpt lat="39.12499817088246" lon="-8.127434877678752">
        <ele>87.6</ele>
      </trkpt>
      <trkpt lat="39.124544793739915" lon="-8.127819607034326">
        <ele>85.8</ele>
      </trkpt>
      <trkpt lat="39.12425268441439" lon="-8.128042062744498">
        <ele>84.3</ele>
      </trkpt>
      <trkpt lat="39.12383459508419" lon="-8.128325706347823">
        <ele>83.2</ele>
      </trkpt>
      <trkpt lat="39.12333285436034" lon="-8.128631142899394">
        <ele>83.8</ele>
      </trkpt>
      <trkpt lat="39.12282994017005" lon="-8.12892216257751">
        <ele>87.5</ele>
      </trkpt>
      <trkpt lat="39.12229349836707" lon="-8.129235059022903">
        <ele>89.3</ele>
      </trkpt>
      <trkpt lat="39.12175755947828" lon="-8.129558516666293">
        <ele>87.7</ele>
      </trkpt>
      <trkpt lat="39.12133460864425" lon="-8.129814499989152">
        <ele>88.8</ele>
      </trkpt>
      <trkpt lat="39.12079347297549" lon="-8.130139131098986">
        <ele>89.9</ele>
      </trkpt>
      <trkpt lat="39.12025493569672" lon="-8.130466444417834">
        <ele>88.6</ele>
      </trkpt>
      <trkpt lat="39.12000942975283" lon="-8.130609691143036">
        <ele>86.1</ele>
      </trkpt>
      <trkpt lat="39.11976903676987" lon="-8.130752267315984">
        <ele>83.8</ele>
      </trkpt>
      <trkpt lat="39.11929562687874" lon="-8.131060469895601">
        <ele>85.4</ele>
      </trkpt>
      <trkpt lat="39.119237372651696" lon="-8.131104307249188">
        <ele>86.1</ele>
      </trkpt>
      <trkpt lat="39.11884040571749" lon="-8.131441343575716">
        <ele>85.9</ele>
      </trkpt>
      <trkpt lat="39.118386190384626" lon="-8.13190863467753">
        <ele>83.7</ele>
      </trkpt>
      <trkpt lat="39.118216121569276" lon="-8.132101921364665">
        <ele>84.9</ele>
      </trkpt>
      <trkpt lat="39.11785293370485" lon="-8.132521603256464">
        <ele>87.1</ele>
      </trkpt>
      <trkpt lat="39.11766316741705" lon="-8.132741963490844">
        <ele>87.5</ele>
      </trkpt>
      <trkpt lat="39.11748387850821" lon="-8.132954528555274">
        <ele>87.6</ele>
      </trkpt>
      <trkpt lat="39.11735035479069" lon="-8.133113030344248">
        <ele>88.2</ele>
      </trkpt>
      <trkpt lat="39.11728296428919" lon="-8.133182097226381">
        <ele>88.4</ele>
      </trkpt>
      <trkpt lat="39.11717785522342" lon="-8.133299527689815">
        <ele>88.6</ele>
      </trkpt>
      <trkpt lat="39.117146506905556" lon="-8.133339425548911">
        <ele>88.8</ele>
      </trkpt>
      <trkpt lat="39.117111302912235" lon="-8.133376725018024">
        <ele>88.9</ele>
      </trkpt>
      <trkpt lat="39.1170041821897" lon="-8.133491976186633">
        <ele>89.3</ele>
      </trkpt>
      <trkpt lat="39.116900246590376" lon="-8.133618542924523">
        <ele>89</ele>
      </trkpt>
      <trkpt lat="39.116752138361335" lon="-8.13378349877894">
        <ele>88.7</ele>
      </trkpt>
      <trkpt lat="39.11664795130491" lon="-8.13390671275556">
        <ele>89</ele>
      </trkpt>
      <trkpt lat="39.11643731407821" lon="-8.134148614481091">
        <ele>90.5</ele>
      </trkpt>
      <trkpt lat="39.11612240597606" lon="-8.134503001347184">
        <ele>92.4</ele>
      </trkpt>
      <trkpt lat="39.11568528972566" lon="-8.134925700724125">
        <ele>93.7</ele>
      </trkpt>
      <trkpt lat="39.11552435718477" lon="-8.135072803124785">
        <ele>94.9</ele>
      </trkpt>
      <trkpt lat="39.115275582298636" lon="-8.135261898860335">
        <ele>94.6</ele>
      </trkpt>
      <trkpt lat="39.115236941725016" lon="-8.135295007377863">
        <ele>94.8</ele>
      </trkpt>
      <trkpt lat="39.115120097994804" lon="-8.135387040674686">
        <ele>94.9</ele>
      </trkpt>
      <trkpt lat="39.114949107170105" lon="-8.135507656261325">
        <ele>94.2</ele>
      </trkpt>
      <trkpt lat="39.11481876857579" lon="-8.135597258806229">
        <ele>94</ele>
      </trkpt>
      <trkpt lat="39.114684825763106" lon="-8.135688034817576">
        <ele>93.8</ele>
      </trkpt>
      <trkpt lat="39.11427712999284" lon="-8.135967906564474">
        <ele>92.7</ele>
      </trkpt>
      <trkpt lat="39.11397588439286" lon="-8.13613973557949">
        <ele>92</ele>
      </trkpt>
      <trkpt lat="39.113849233835936" lon="-8.136207377538085">
        <ele>91.4</ele>
      </trkpt>
      <trkpt lat="39.11364513449371" lon="-8.136312486603856">
        <ele>90.4</ele>
      </trkpt>
      <trkpt lat="39.11343650892377" lon="-8.13641575165093">
        <ele>89.6</ele>
      </trkpt>
      <trkpt lat="39.11301330663264" lon="-8.13663024455309">
        <ele>89.6</ele>
      </trkpt>
      <trkpt lat="39.11257987841964" lon="-8.136853370815516">
        <ele>88.9</ele>
      </trkpt>
      <trkpt lat="39.112039832398295" lon="-8.137124693021178">
        <ele>88.5</ele>
      </trkpt>
      <trkpt lat="39.11152836866677" lon="-8.137378161773086">
        <ele>91.2</ele>
      </trkpt>
      <trkpt lat="39.1110516898334" lon="-8.137617968022823">
        <ele>89.4</ele>
      </trkpt>
      <trkpt lat="39.11080433987081" lon="-8.137739673256874">
        <ele>89.3</ele>
      </trkpt>
      <trkpt lat="39.1102503798902" lon="-8.138006385415792">
        <ele>89.3</ele>
      </trkpt>
      <trkpt lat="39.11013521254063" lon="-8.138067070394754">
        <ele>89.2</ele>
      </trkpt>
      <trkpt lat="39.10963506437838" lon="-8.138311570510268">
        <ele>89.2</ele>
      </trkpt>
      <trkpt lat="39.10912787541747" lon="-8.138565793633461">
        <ele>89.9</ele>
      </trkpt>
      <trkpt lat="39.108580285683274" lon="-8.138852454721928">
        <ele>91.7</ele>
      </trkpt>
      <trkpt lat="39.10828893072903" lon="-8.138994444161654">
        <ele>91.9</ele>
      </trkpt>
      <trkpt lat="39.107784340158105" lon="-8.13926056958735">
        <ele>91</ele>
      </trkpt>
      <trkpt lat="39.107318138703704" lon="-8.139503058046103">
        <ele>89.7</ele>
      </trkpt>
      <trkpt lat="39.10680097527802" lon="-8.139756694436073">
        <ele>89.1</ele>
      </trkpt>
      <trkpt lat="39.10626704804599" lon="-8.14002776518464">
        <ele>89.1</ele>
      </trkpt>
      <trkpt lat="39.10614442080259" lon="-8.140089036896825">
        <ele>89.1</ele>
      </trkpt>
      <trkpt lat="39.105595741420984" lon="-8.14036538824439">
        <ele>90</ele>
      </trkpt>
      <trkpt lat="39.10530472174287" lon="-8.140521375462413">
        <ele>89.3</ele>
      </trkpt>
      <trkpt lat="39.104790575802326" lon="-8.140845922753215">
        <ele>88.9</ele>
      </trkpt>
      <trkpt lat="39.104455802589655" lon="-8.141086399555206">
        <ele>88</ele>
      </trkpt>
      <trkpt lat="39.10423368215561" lon="-8.141260240226984">
        <ele>86.1</ele>
      </trkpt>
      <trkpt lat="39.10374325700104" lon="-8.141697440296412">
        <ele>81.1</ele>
      </trkpt>
      <trkpt lat="39.10328912548721" lon="-8.14215031452477">
        <ele>85.1</ele>
      </trkpt>
      <trkpt lat="39.10286399535835" lon="-8.142589777708054">
        <ele>86.2</ele>
      </trkpt>
      <trkpt lat="39.102421682327986" lon="-8.143037371337414">
        <ele>88</ele>
      </trkpt>
      <trkpt lat="39.101986829191446" lon="-8.143484462052584">
        <ele>86.5</ele>
      </trkpt>
      <trkpt lat="39.1019476018846" lon="-8.143524779006839">
        <ele>86.3</ele>
      </trkpt>
      <trkpt lat="39.10156287252903" lon="-8.143925350159407">
        <ele>86.2</ele>
      </trkpt>
      <trkpt lat="39.10152372904122" lon="-8.143965667113662">
        <ele>86.3</ele>
      </trkpt>
      <trkpt lat="39.10108929499984" lon="-8.144408902153373">
        <ele>88.8</ele>
      </trkpt>
      <trkpt lat="39.10088703967631" lon="-8.144614091143012">
        <ele>89.5</ele>
      </trkpt>
      <trkpt lat="39.100454952567816" lon="-8.145053470507264">
        <ele>90.2</ele>
      </trkpt>
      <trkpt lat="39.09998615272343" lon="-8.145522018894553">
        <ele>88.9</ele>
      </trkpt>
      <trkpt lat="39.09952439367771" lon="-8.14599928446114">
        <ele>88.5</ele>
      </trkpt>
      <trkpt lat="39.099071100354195" lon="-8.14646540209651">
        <ele>88.4</ele>
      </trkpt>
      <trkpt lat="39.09887605346739" lon="-8.146667825058103">
        <ele>89</ele>
      </trkpt>
      <trkpt lat="39.09843751229346" lon="-8.147122543305159">
        <ele>90.5</ele>
      </trkpt>
      <trkpt lat="39.0979967918247" lon="-8.147570053115487">
        <ele>90.2</ele>
      </trkpt>
      <trkpt lat="39.0979603305459" lon="-8.147609112784266">
        <ele>90</ele>
      </trkpt>
      <trkpt lat="39.09770518541336" lon="-8.147871969267726">
        <ele>88.7</ele>
      </trkpt>
      <trkpt lat="39.09751592203975" lon="-8.148064836859703">
        <ele>88.8</ele>
      </trkpt>
      <trkpt lat="39.0972300991416" lon="-8.148362142965198">
        <ele>89.6</ele>
      </trkpt>
      <trkpt lat="39.097031112760305" lon="-8.148570014163852">
        <ele>90.3</ele>
      </trkpt>
      <trkpt lat="39.09686800092459" lon="-8.148748045787215">
        <ele>90.6</ele>
      </trkpt>
      <trkpt lat="39.09649919718504" lon="-8.149114837870002">
        <ele>87.5</ele>
      </trkpt>
      <trkpt lat="39.096280597150326" lon="-8.149334862828255">
        <ele>86.8</ele>
      </trkpt>
      <trkpt lat="39.095839373767376" lon="-8.149786228314042">
        <ele>87</ele>
      </trkpt>
      <trkpt lat="39.09556704573333" lon="-8.150070207193494">
        <ele>87.5</ele>
      </trkpt>
      <trkpt lat="39.09524719230831" lon="-8.150389892980456">
        <ele>86.2</ele>
      </trkpt>
      <trkpt lat="39.09494435414672" lon="-8.150695329532027">
        <ele>84.8</ele>
      </trkpt>
      <trkpt lat="39.09450765699148" lon="-8.151162033900619">
        <ele>86.1</ele>
      </trkpt>
      <trkpt lat="39.094115886837244" lon="-8.151714401319623">
        <ele>86.8</ele>
      </trkpt>
      <trkpt lat="39.09397071227431" lon="-8.151953034102917">
        <ele>86.9</ele>
      </trkpt>
      <trkpt lat="39.09366485662758" lon="-8.152573378756642">
        <ele>88.1</ele>
      </trkpt>
      <trkpt lat="39.09342270344496" lon="-8.153243092820048">
        <ele>87.8</ele>
      </trkpt>
      <trkpt lat="39.09324492327869" lon="-8.153933174908161">
        <ele>90.8</ele>
      </trkpt>
      <trkpt lat="39.09314190968871" lon="-8.15435134805739">
        <ele>89.9</ele>
      </trkpt>
      <trkpt lat="39.093000926077366" lon="-8.154922239482403">
        <ele>87.5</ele>
      </trkpt>
      <trkpt lat="39.09291576594114" lon="-8.155275536701083">
        <ele>87.8</ele>
      </trkpt>
      <trkpt lat="39.09274963662028" lon="-8.1559619307518">
        <ele>90.3</ele>
      </trkpt>
      <trkpt lat="39.09264578483999" lon="-8.156373733654618">
        <ele>91</ele>
      </trkpt>
      <trkpt lat="39.0925260912627" lon="-8.15685410052538">
        <ele>92</ele>
      </trkpt>
      <trkpt lat="39.092437494546175" lon="-8.157199351117015">
        <ele>92.8</ele>
      </trkpt>
      <trkpt lat="39.09240195527673" lon="-8.157337233424187">
        <ele>93.2</ele>
      </trkpt>
      <trkpt lat="39.09222618676722" lon="-8.158018682152033">
        <ele>93.9</ele>
      </trkpt>
      <trkpt lat="39.09217690117657" lon="-8.158220015466213">
        <ele>94.2</ele>
      </trkpt>
      <trkpt lat="39.09201202914119" lon="-8.158889226615429">
        <ele>95.1</ele>
      </trkpt>
      <trkpt lat="39.091905914247036" lon="-8.159310584887862">
        <ele>94.9</ele>
      </trkpt>
      <trkpt lat="39.091731403023005" lon="-8.1600097194314">
        <ele>95.8</ele>
      </trkpt>
      <trkpt lat="39.09160810522735" lon="-8.160497210919857">
        <ele>94.8</ele>
      </trkpt>
      <trkpt lat="39.09146351739764" lon="-8.161007752642035">
        <ele>95</ele>
      </trkpt>
      <trkpt lat="39.091435270383954" lon="-8.16108956001699">
        <ele>95.1</ele>
      </trkpt>
      <trkpt lat="39.09134172834456" lon="-8.161332635208964">
        <ele>94.7</ele>
      </trkpt>
      <trkpt lat="39.091204684227705" lon="-8.16165785305202">
        <ele>93.6</ele>
      </trkpt>
      <trkpt lat="39.0910807158798" lon="-8.161892713978887">
        <ele>92.3</ele>
      </trkpt>
      <trkpt lat="39.09094207920134" lon="-8.16212254576385">
        <ele>90</ele>
      </trkpt>
      <trkpt lat="39.090742925181985" lon="-8.162409793585539">
        <ele>86.8</ele>
      </trkpt>
      <trkpt lat="39.090427765622735" lon="-8.162785973399878">
        <ele>83.9</ele>
      </trkpt>
      <trkpt lat="39.0899839438498" lon="-8.163183024153113">
        <ele>81.6</ele>
      </trkpt>
      <trkpt lat="39.089451944455504" lon="-8.163513522595167">
        <ele>83.4</ele>
      </trkpt>
      <trkpt lat="39.08891810104251" lon="-8.163725836202502">
        <ele>85.6</ele>
      </trkpt>
      <trkpt lat="39.0886939689517" lon="-8.16378140822053">
        <ele>86.3</ele>
      </trkpt>
      <trkpt lat="39.08864292316139" lon="-8.163793059065938">
        <ele>86.5</ele>
      </trkpt>
      <trkpt lat="39.08829415217042" lon="-8.163824072107673">
        <ele>88.1</ele>
      </trkpt>
      <trkpt lat="39.08789928071201" lon="-8.16383614204824">
        <ele>90.1</ele>
      </trkpt>
      <trkpt lat="39.08769006840885" lon="-8.163837566971779">
        <ele>90.3</ele>
      </trkpt>
      <trkpt lat="39.08767615444958" lon="-8.163849553093314">
        <ele>90.3</ele>
      </trkpt>
      <trkpt lat="39.08763449639082" lon="-8.163867574185133">
        <ele>90.4</ele>
      </trkpt>
      <trkpt lat="39.08757196739316" lon="-8.163880817592144">
        <ele>90.5</ele>
      </trkpt>
      <trkpt lat="39.08750801347196" lon="-8.16388987004757">
        <ele>90.4</ele>
      </trkpt>
      <trkpt lat="39.087438276037574" lon="-8.16390361636877">
        <ele>90.4</ele>
      </trkpt>
      <trkpt lat="39.08731497824192" lon="-8.163918536156416">
        <ele>90.4</ele>
      </trkpt>
      <trkpt lat="39.0868947096169" lon="-8.16396807320416">
        <ele>91.5</ele>
      </trkpt>
      <trkpt lat="39.086751798167825" lon="-8.163989866152406">
        <ele>92.6</ele>
      </trkpt>
      <trkpt lat="39.086628165096045" lon="-8.1640057079494">
        <ele>93.9</ele>
      </trkpt>
      <trkpt lat="39.086502101272345" lon="-8.164018616080284">
        <ele>95.2</ele>
      </trkpt>
      <trkpt lat="39.08631669357419" lon="-8.164040744304657">
        <ele>97.3</ele>
      </trkpt>
      <trkpt lat="39.086053082719445" lon="-8.164077624678612">
        <ele>100.3</ele>
      </trkpt>
      <trkpt lat="39.085597693920135" lon="-8.164135040715337">
        <ele>103.6</ele>
      </trkpt>
      <trkpt lat="39.08540574833751" lon="-8.164158342406154">
        <ele>104.5</ele>
      </trkpt>
      <trkpt lat="39.085293263196945" lon="-8.16417284309864">
        <ele>105</ele>
      </trkpt>
      <trkpt lat="39.0848206076771" lon="-8.16423344425857">
        <ele>107.2</ele>
      </trkpt>
      <trkpt lat="39.084582729265094" lon="-8.164264289662242">
        <ele>107.3</ele>
      </trkpt>
      <trkpt lat="39.08426388166845" lon="-8.164299074560404">
        <ele>103.8</ele>
      </trkpt>
      <trkpt lat="39.083943106234074" lon="-8.164327656850219">
        <ele>99.9</ele>
      </trkpt>
      <trkpt lat="39.08378711901605" lon="-8.164347689598799">
        <ele>98.8</ele>
      </trkpt>
      <trkpt lat="39.0836342331022" lon="-8.164362357929349">
        <ele>98.9</ele>
      </trkpt>
      <trkpt lat="39.08333843573928" lon="-8.164390521124005">
        <ele>101.1</ele>
      </trkpt>
      <trkpt lat="39.08316065557301" lon="-8.164397729560733">
        <ele>103.3</ele>
      </trkpt>
      <trkpt lat="39.08312528394163" lon="-8.16439999267459">
        <ele>103.8</ele>
      </trkpt>
      <trkpt lat="39.08275807276368" lon="-8.164370991289616">
        <ele>106.1</ele>
      </trkpt>
      <trkpt lat="39.082577442750335" lon="-8.164340984076262">
        <ele>106.8</ele>
      </trkpt>
      <trkpt lat="39.08220637589693" lon="-8.164239479228854">
        <ele>110</ele>
      </trkpt>
      <trkpt lat="39.08198249526322" lon="-8.164147194474936">
        <ele>112.2</ele>
      </trkpt>
      <trkpt lat="39.0817556809634" lon="-8.164045605808496">
        <ele>114.4</ele>
      </trkpt>
      <trkpt lat="39.081565998494625" lon="-8.163952734321356">
        <ele>116.4</ele>
      </trkpt>
      <trkpt lat="39.081300711259246" lon="-8.163806470111012">
        <ele>118.7</ele>
      </trkpt>
      <trkpt lat="39.08079067245126" lon="-8.163511594757438">
        <ele>117.9</ele>
      </trkpt>
      <trkpt lat="39.0803586691618" lon="-8.163262065500021">
        <ele>117.8</ele>
      </trkpt>
      <trkpt lat="39.07984091900289" lon="-8.162988563999534">
        <ele>116</ele>
      </trkpt>
      <trkpt lat="39.07930699177086" lon="-8.162831235677004">
        <ele>114.6</ele>
      </trkpt>
      <trkpt lat="39.07874188385904" lon="-8.162820423021913">
        <ele>115.3</ele>
      </trkpt>
      <trkpt lat="39.07857432961464" lon="-8.162850681692362">
        <ele>115.9</ele>
      </trkpt>
      <trkpt lat="39.07802967354655" lon="-8.163058888167143">
        <ele>121.4</ele>
      </trkpt>
      <trkpt lat="39.077502619475126" lon="-8.163421489298344">
        <ele>124</ele>
      </trkpt>
      <trkpt lat="39.07702686265111" lon="-8.163834046572447">
        <ele>119.5</ele>
      </trkpt>
      <trkpt lat="39.07653132453561" lon="-8.164260433986783">
        <ele>114.8</ele>
      </trkpt>
      <trkpt lat="39.07641800120473" lon="-8.164357328787446">
        <ele>115</ele>
      </trkpt>
      <trkpt lat="39.07636092044413" lon="-8.16440736874938">
        <ele>115.4</ele>
      </trkpt>
      <trkpt lat="39.07624885439873" lon="-8.164508370682597">
        <ele>116.7</ele>
      </trkpt>
      <trkpt lat="39.07591123133898" lon="-8.16480165347457">
        <ele>117.3</ele>
      </trkpt>
      <trkpt lat="39.07545257359743" lon="-8.165201721712947">
        <ele>112.3</ele>
      </trkpt>
      <trkpt lat="39.074940690770745" lon="-8.165638167411089">
        <ele>111.3</ele>
      </trkpt>
      <trkpt lat="39.07480984926224" lon="-8.165749562904239">
        <ele>110.7</ele>
      </trkpt>
      <trkpt lat="39.07434733584523" lon="-8.166148122400045">
        <ele>111.3</ele>
      </trkpt>
      <trkpt lat="39.0740832220763" lon="-8.166376780718565">
        <ele>114.3</ele>
      </trkpt>
      <trkpt lat="39.073922613783594" lon="-8.16651396291255">
        <ele>114.8</ele>
      </trkpt>
    </trkseg>
  </trk>
</gpx>
