<?xml version="1.0" encoding="UTF-8"?>
<gpx schemaLocation="http://www.topografix.com/GPX/1/1 http://www.topografix.com/GPX/1/1/gpx.xsd http://www.garmin.com/xmlschemas/GpxExtensions/v3 http://www.garmin.com/xmlschemas/GpxExtensionsv3.xsd http://www.garmin.com/xmlschemas/TrackPointExtension/v1 http://www.garmin.com/xmlschemas/TrackPointExtensionv1.xsd http://www.garmin.com/xmlschemas/PowerExtension/v1 http://www.garmin.com/xmlschemas/PowerExtensionv1.xsd http://www.topografix.com/GPX/gpx_style/0/2 http://www.topografix.com/GPX/gpx_style/0/2/gpx_style.xsd" version="1.1" creator="Garmin Desktop App" xmlns="http://www.topografix.com/GPX/1/1" xmlns:xsi="http://www.w3.org/2001/XMLSchema-instance" xsi:schemaLocation="http://www.topografix.com/GPX/1/1 http://www.topografix.com/GPX/1/1/gpx.xsd http://www.garmin.com/xmlschemas/GpxExtensions/v3 http://www.garmin.com/xmlschemas/GpxExtensionsv3.xsd http://www.garmin.com/xmlschemas/TrackPointExtension/v1 http://www.garmin.com/xmlschemas/TrackPointExtensionv1.xsd http://www.garmin.com/xmlschemas/PowerExtension/v1 http://www.garmin.com/xmlschemas/PowerExtensionv1.xsd http://www.topografix.com/GPX/gpx_style/0/2 http://www.topografix.com/GPX/gpx_style/0/2/gpx_style.xsd" xmlns:gpxtpx="http://www.garmin.com/xmlschemas/TrackPointExtension/v1" xmlns:gpxx="http://www.garmin.com/xmlschemas/GpxExtensions/v3" xmlns:gpxpx="http://www.garmin.com/xmlschemas/PowerExtension/v1" xmlns:gpx_style="http://www.topografix.com/GPX/gpx_style/0/2">
  <metadata>
    <name>Day5-2026</name>
    <author>
      <name>gpx.studio</name>
      <link href="https://gpx.studio"/>
    </author>
  </metadata>
  <wpt lat="38.65277434259093" lon="-8.208304341292177">
    <ele>254.37654686748476</ele>
    <name>Café Rotunda</name>
    <desc>https://maps.app.goo.gl/xymWeYCytvvt6cEt9</desc>
    <sym>Bar</sym>
  </wpt>
  <wpt lat="37.964113" lon="-8.085168">
    <ele>168.7929248073922</ele>
    <name>Café Imperial</name>
    <cmt>amenity: cafe</cmt>
    <desc>amenity: cafe</desc>
    <sym>Restaurant</sym>
  </wpt>
  <wpt lat="38.294809" lon="-8.224366">
    <ele>111.93969157161229</ele>
    <name>Pastelarioa Mimosa</name>
    <sym>Picnic Area</sym>
  </wpt>
  <wpt lat="38.94328772565697" lon="-8.161180441690732">
    <ele>106.03008153548046</ele>
    <name>Pinic Area</name>
    <sym>Picnic Area</sym>
  </wpt>
  <wpt lat="37.966821" lon="-8.082525">
    <ele>156.35527213559305</ele>
    <name>Store Bikes</name>
    <sym>Bike Trail</sym>
  </wpt>
  <trk>
    <name>Day5-2026</name>
    <type>Cycling</type>
    <trkseg>
      <trkpt lat="39.073922613783594" lon="-8.16651396291255">
        <ele>114.8</ele>
      </trkpt>
      <trkpt lat="39.07382061704993" lon="-8.16660325974226">
        <ele>115.2</ele>
      </trkpt>
      <trkpt lat="39.07350369729102" lon="-8.166875587776303">
        <ele>113.7</ele>
      </trkpt>
      <trkpt lat="39.07313053496182" lon="-8.167206505313516">
        <ele>112.4</ele>
      </trkpt>
      <trkpt lat="39.072618652135134" lon="-8.167641861364245">
        <ele>111.3</ele>
      </trkpt>
      <trkpt lat="39.07249292358756" lon="-8.167746383696795">
        <ele>110.6</ele>
      </trkpt>
      <trkpt lat="39.07204105518758" lon="-8.16813069395721">
        <ele>106.6</ele>
      </trkpt>
      <trkpt lat="39.071570662781596" lon="-8.168542832136154">
        <ele>102.9</ele>
      </trkpt>
      <trkpt lat="39.07132314518094" lon="-8.168766209855676">
        <ele>103.1</ele>
      </trkpt>
      <trkpt lat="39.0708436165005" lon="-8.169184131547809">
        <ele>103.9</ele>
      </trkpt>
      <trkpt lat="39.07077379524708" lon="-8.16924481652677">
        <ele>104.1</ele>
      </trkpt>
      <trkpt lat="39.070277754217386" lon="-8.16967086866498">
        <ele>106</ele>
      </trkpt>
      <trkpt lat="39.07020625658333" lon="-8.169728871434927">
        <ele>105.5</ele>
      </trkpt>
      <trkpt lat="39.06976738013327" lon="-8.170050317421556">
        <ele>100.7</ele>
      </trkpt>
      <trkpt lat="39.06924208626151" lon="-8.170349635183811">
        <ele>99.8</ele>
      </trkpt>
      <trkpt lat="39.06901812180877" lon="-8.170456672087312">
        <ele>100.7</ele>
      </trkpt>
      <trkpt lat="39.068498527631164" lon="-8.170695891603827">
        <ele>99.3</ele>
      </trkpt>
      <trkpt lat="39.06793140806258" lon="-8.170960592105985">
        <ele>95.8</ele>
      </trkpt>
      <trkpt lat="39.06758758239448" lon="-8.171122027561069">
        <ele>100</ele>
      </trkpt>
      <trkpt lat="39.067452382296324" lon="-8.17118656821549">
        <ele>101.2</ele>
      </trkpt>
      <trkpt lat="39.066913006827235" lon="-8.17143919877708">
        <ele>101</ele>
      </trkpt>
      <trkpt lat="39.066369608044624" lon="-8.171696607023478">
        <ele>100.7</ele>
      </trkpt>
      <trkpt lat="39.06582503579557" lon="-8.171956613659859">
        <ele>102.4</ele>
      </trkpt>
      <trkpt lat="39.065283481031656" lon="-8.172206729650497">
        <ele>97.5</ele>
      </trkpt>
      <trkpt lat="39.06507762148976" lon="-8.172297086566687">
        <ele>95.6</ele>
      </trkpt>
      <trkpt lat="39.06450874172151" lon="-8.172482075169683">
        <ele>96.9</ele>
      </trkpt>
      <trkpt lat="39.064219146966934" lon="-8.17253622226417">
        <ele>99.2</ele>
      </trkpt>
      <trkpt lat="39.0636217687279" lon="-8.172619119286537">
        <ele>104.1</ele>
      </trkpt>
      <trkpt lat="39.06302480958402" lon="-8.172683324664831">
        <ele>103.9</ele>
      </trkpt>
      <trkpt lat="39.06243153847754" lon="-8.172745518386364">
        <ele>98.4</ele>
      </trkpt>
      <trkpt lat="39.06205276027322" lon="-8.172780638560653">
        <ele>95.5</ele>
      </trkpt>
      <trkpt lat="39.06148354522884" lon="-8.172840988263488">
        <ele>93.4</ele>
      </trkpt>
      <trkpt lat="39.06090511009097" lon="-8.172904271632433">
        <ele>94.9</ele>
      </trkpt>
      <trkpt lat="39.06032994389534" lon="-8.173051374033093">
        <ele>96.2</ele>
      </trkpt>
      <trkpt lat="39.05980255454779" lon="-8.173383884131908">
        <ele>98.9</ele>
      </trkpt>
      <trkpt lat="39.059364683926105" lon="-8.173886043950915">
        <ele>95.2</ele>
      </trkpt>
      <trkpt lat="39.05900727957487" lon="-8.174502784386277">
        <ele>88.9</ele>
      </trkpt>
      <trkpt lat="39.05892312526703" lon="-8.174664806574583">
        <ele>88.8</ele>
      </trkpt>
      <trkpt lat="39.05857586301863" lon="-8.175303088501096">
        <ele>93.3</ele>
      </trkpt>
      <trkpt lat="39.05822969041765" lon="-8.175949836149812">
        <ele>97.3</ele>
      </trkpt>
      <trkpt lat="39.05787605792284" lon="-8.176596080884337">
        <ele>94.6</ele>
      </trkpt>
      <trkpt lat="39.057556288316846" lon="-8.17718356847763">
        <ele>92.9</ele>
      </trkpt>
      <trkpt lat="39.05727926641703" lon="-8.177690086886287">
        <ele>96.1</ele>
      </trkpt>
      <trkpt lat="39.05718673020601" lon="-8.177860993891954">
        <ele>97</ele>
      </trkpt>
      <trkpt lat="39.05709377489984" lon="-8.178032906726003">
        <ele>97.3</ele>
      </trkpt>
      <trkpt lat="39.05674642883241" lon="-8.178629782050848">
        <ele>97.2</ele>
      </trkpt>
      <trkpt lat="39.056552052497864" lon="-8.1788429338485">
        <ele>96.8</ele>
      </trkpt>
      <trkpt lat="39.056479297578335" lon="-8.178897919133306">
        <ele>96.6</ele>
      </trkpt>
      <trkpt lat="39.05589465983212" lon="-8.179026916623116">
        <ele>91.8</ele>
      </trkpt>
      <trkpt lat="39.05572257936001" lon="-8.178985342383385">
        <ele>90.1</ele>
      </trkpt>
      <trkpt lat="39.05540741980076" lon="-8.178794486448169">
        <ele>87.2</ele>
      </trkpt>
      <trkpt lat="39.05521798878908" lon="-8.17855711095035">
        <ele>85.5</ele>
      </trkpt>
      <trkpt lat="39.05500324442983" lon="-8.178201131522655">
        <ele>82.8</ele>
      </trkpt>
      <trkpt lat="39.05464391224086" lon="-8.177595287561417">
        <ele>77.5</ele>
      </trkpt>
      <trkpt lat="39.054301427677274" lon="-8.177008805796504">
        <ele>75.9</ele>
      </trkpt>
      <trkpt lat="39.053969252854586" lon="-8.176445458084345">
        <ele>74.4</ele>
      </trkpt>
      <trkpt lat="39.05363632366061" lon="-8.175881188362837">
        <ele>73.8</ele>
      </trkpt>
      <trkpt lat="39.05330440029502" lon="-8.175321193411946">
        <ele>76.7</ele>
      </trkpt>
      <trkpt lat="39.05293324962258" lon="-8.174698418006301">
        <ele>85.4</ele>
      </trkpt>
      <trkpt lat="39.0525767672807" lon="-8.174101710319519">
        <ele>94.6</ele>
      </trkpt>
      <trkpt lat="39.05234810896218" lon="-8.173696277663112">
        <ele>97.2</ele>
      </trkpt>
      <trkpt lat="39.05226428993046" lon="-8.173569543287158">
        <ele>97.7</ele>
      </trkpt>
      <trkpt lat="39.05211165547371" lon="-8.173349015414715">
        <ele>97.9</ele>
      </trkpt>
      <trkpt lat="39.05205365270376" lon="-8.173249689862132">
        <ele>97.5</ele>
      </trkpt>
      <trkpt lat="39.05197586864233" lon="-8.173126140609384">
        <ele>96.8</ele>
      </trkpt>
      <trkpt lat="39.05186397023499" lon="-8.172945594415069">
        <ele>95.8</ele>
      </trkpt>
      <trkpt lat="39.0517839230597" lon="-8.172808131203055">
        <ele>95.4</ele>
      </trkpt>
      <trkpt lat="39.05171703547239" lon="-8.172660358250141">
        <ele>95</ele>
      </trkpt>
      <trkpt lat="39.05170563608408" lon="-8.172632027417421">
        <ele>94.8</ele>
      </trkpt>
      <trkpt lat="39.05164788477123" lon="-8.172537898644805">
        <ele>94.5</ele>
      </trkpt>
      <trkpt lat="39.051617877557874" lon="-8.172486685216427">
        <ele>94.2</ele>
      </trkpt>
      <trkpt lat="39.05158636160195" lon="-8.172446032986045">
        <ele>94.1</ele>
      </trkpt>
      <trkpt lat="39.05144479125738" lon="-8.172209914773703">
        <ele>93.5</ele>
      </trkpt>
      <trkpt lat="39.05129416845739" lon="-8.171958792954683">
        <ele>92.4</ele>
      </trkpt>
      <trkpt lat="39.05102795921266" lon="-8.171513210982084">
        <ele>92.2</ele>
      </trkpt>
      <trkpt lat="39.0507928468287" lon="-8.171140467748046">
        <ele>93.1</ele>
      </trkpt>
      <trkpt lat="39.05069754458964" lon="-8.170996131375432">
        <ele>93.5</ele>
      </trkpt>
      <trkpt lat="39.05055698007345" lon="-8.17076537758112">
        <ele>93.6</ele>
      </trkpt>
      <trkpt lat="39.050406608730555" lon="-8.170528588816524">
        <ele>94.3</ele>
      </trkpt>
      <trkpt lat="39.050182895734906" lon="-8.17014243453741">
        <ele>95.1</ele>
      </trkpt>
      <trkpt lat="39.050142243504524" lon="-8.17007303237915">
        <ele>95.3</ele>
      </trkpt>
      <trkpt lat="39.04996018856764" lon="-8.169793663546443">
        <ele>96.8</ele>
      </trkpt>
      <trkpt lat="39.04978576116264" lon="-8.169507589191198">
        <ele>98.6</ele>
      </trkpt>
      <trkpt lat="39.0495892893523" lon="-8.169215898960829">
        <ele>99.3</ele>
      </trkpt>
      <trkpt lat="39.04924403876066" lon="-8.168669901788235">
        <ele>98.4</ele>
      </trkpt>
      <trkpt lat="39.04914513230324" lon="-8.16850301809609">
        <ele>97.5</ele>
      </trkpt>
      <trkpt lat="39.04881605878472" lon="-8.167948555201292">
        <ele>98.1</ele>
      </trkpt>
      <trkpt lat="39.048638278618455" lon="-8.167653428390622">
        <ele>100.2</ele>
      </trkpt>
      <trkpt lat="39.04829436913133" lon="-8.167067281901836">
        <ele>98.1</ele>
      </trkpt>
      <trkpt lat="39.0482113044709" lon="-8.166924454271793">
        <ele>98.6</ele>
      </trkpt>
      <trkpt lat="39.04786856845021" lon="-8.16636135801673">
        <ele>99.7</ele>
      </trkpt>
      <trkpt lat="39.04751719906926" lon="-8.165785605087876">
        <ele>99.9</ele>
      </trkpt>
      <trkpt lat="39.04738359153271" lon="-8.165564993396401">
        <ele>101.2</ele>
      </trkpt>
      <trkpt lat="39.047027695924044" lon="-8.164964681491256">
        <ele>103.1</ele>
      </trkpt>
      <trkpt lat="39.046672470867634" lon="-8.16438490524888">
        <ele>105.2</ele>
      </trkpt>
      <trkpt lat="39.046538192778826" lon="-8.164160521700978">
        <ele>104.8</ele>
      </trkpt>
      <trkpt lat="39.04617391526699" lon="-8.16355518065393">
        <ele>103.6</ele>
      </trkpt>
      <trkpt lat="39.045816008001566" lon="-8.162943636998534">
        <ele>102</ele>
      </trkpt>
      <trkpt lat="39.04544720426202" lon="-8.162349611520767">
        <ele>101.6</ele>
      </trkpt>
      <trkpt lat="39.045177390798926" lon="-8.161892127245665">
        <ele>101.5</ele>
      </trkpt>
      <trkpt lat="39.04481319710612" lon="-8.161285948008299">
        <ele>103.5</ele>
      </trkpt>
      <trkpt lat="39.04446953907609" lon="-8.160709021613002">
        <ele>106.4</ele>
      </trkpt>
      <trkpt lat="39.04435269534588" lon="-8.160509364679456">
        <ele>106.4</ele>
      </trkpt>
      <trkpt lat="39.044198552146554" lon="-8.160252878442407">
        <ele>106.2</ele>
      </trkpt>
      <trkpt lat="39.044046672061086" lon="-8.160003181546926">
        <ele>106.7</ele>
      </trkpt>
      <trkpt lat="39.043937120586634" lon="-8.159821629524231">
        <ele>107.4</ele>
      </trkpt>
      <trkpt lat="39.043759340420365" lon="-8.159522227942944">
        <ele>107.8</ele>
      </trkpt>
      <trkpt lat="39.04347502626479" lon="-8.15904663875699">
        <ele>108.5</ele>
      </trkpt>
      <trkpt lat="39.04333060607314" lon="-8.158815884962678">
        <ele>108.9</ele>
      </trkpt>
      <trkpt lat="39.04318828135729" lon="-8.1585799343884">
        <ele>109.9</ele>
      </trkpt>
      <trkpt lat="39.04298175126314" lon="-8.158232169225812">
        <ele>112.9</ele>
      </trkpt>
      <trkpt lat="39.04284487478435" lon="-8.158006947487593">
        <ele>114.7</ele>
      </trkpt>
      <trkpt lat="39.04271093197167" lon="-8.15778348594904">
        <ele>115.9</ele>
      </trkpt>
      <trkpt lat="39.04254538938403" lon="-8.157503446564078">
        <ele>117.6</ele>
      </trkpt>
      <trkpt lat="39.04237423092127" lon="-8.157218964770436">
        <ele>119.2</ele>
      </trkpt>
      <trkpt lat="39.04217256233096" lon="-8.156870696693659">
        <ele>120.3</ele>
      </trkpt>
      <trkpt lat="39.04203677549958" lon="-8.156638853251934">
        <ele>120.8</ele>
      </trkpt>
      <trkpt lat="39.04175329953432" lon="-8.156179944053292">
        <ele>122.3</ele>
      </trkpt>
      <trkpt lat="39.0415058657527" lon="-8.155773002654314">
        <ele>124.8</ele>
      </trkpt>
      <trkpt lat="39.04110730625689" lon="-8.155255084857345">
        <ele>124.7</ele>
      </trkpt>
      <trkpt lat="39.04088778421283" lon="-8.15501787699759">
        <ele>126.7</ele>
      </trkpt>
      <trkpt lat="39.04065786860883" lon="-8.154799779877067">
        <ele>128.4</ele>
      </trkpt>
      <trkpt lat="39.040426444262266" lon="-8.154592411592603">
        <ele>128.7</ele>
      </trkpt>
      <trkpt lat="39.04019694775343" lon="-8.154389653354883">
        <ele>129</ele>
      </trkpt>
      <trkpt lat="39.039868796244264" lon="-8.154102237895131">
        <ele>131.4</ele>
      </trkpt>
      <trkpt lat="39.039494041353464" lon="-8.153760507702827">
        <ele>131.9</ele>
      </trkpt>
      <trkpt lat="39.0392435900867" lon="-8.15353637561202">
        <ele>131.5</ele>
      </trkpt>
      <trkpt lat="39.038768922910094" lon="-8.153116693720222">
        <ele>130.7</ele>
      </trkpt>
      <trkpt lat="39.038328705355525" lon="-8.15271352417767">
        <ele>129.7</ele>
      </trkpt>
      <trkpt lat="39.03799074701965" lon="-8.152410686016083">
        <ele>130.1</ele>
      </trkpt>
      <trkpt lat="39.03750157915056" lon="-8.151956889778376">
        <ele>132.1</ele>
      </trkpt>
      <trkpt lat="39.037025989964604" lon="-8.151520360261202">
        <ele>133.6</ele>
      </trkpt>
      <trkpt lat="39.03657387010753" lon="-8.151107719168067">
        <ele>133</ele>
      </trkpt>
      <trkpt lat="39.03612686321139" lon="-8.150701280683279">
        <ele>134.1</ele>
      </trkpt>
      <trkpt lat="39.035682287067175" lon="-8.150283275172114">
        <ele>133.7</ele>
      </trkpt>
      <trkpt lat="39.035230334848166" lon="-8.14977876842022">
        <ele>133.1</ele>
      </trkpt>
      <trkpt lat="39.034837894141674" lon="-8.149258755147457">
        <ele>129.4</ele>
      </trkpt>
      <trkpt lat="39.034669417887926" lon="-8.149022050201893">
        <ele>128</ele>
      </trkpt>
      <trkpt lat="39.03449364937842" lon="-8.148788446560502">
        <ele>127.2</ele>
      </trkpt>
      <trkpt lat="39.034151919186115" lon="-8.148325178772211">
        <ele>127.2</ele>
      </trkpt>
      <trkpt lat="39.03376693837345" lon="-8.147796699777246">
        <ele>124.6</ele>
      </trkpt>
      <trkpt lat="39.03338606469333" lon="-8.147272747009993">
        <ele>128.3</ele>
      </trkpt>
      <trkpt lat="39.03300577774644" lon="-8.146747453138232">
        <ele>128.3</ele>
      </trkpt>
      <trkpt lat="39.03263068757951" lon="-8.146240096539259">
        <ele>127.7</ele>
      </trkpt>
      <trkpt lat="39.03225936926901" lon="-8.14573005773127">
        <ele>128.7</ele>
      </trkpt>
      <trkpt lat="39.031888050958514" lon="-8.145217755809426">
        <ele>129.9</ele>
      </trkpt>
      <trkpt lat="39.03149804100394" lon="-8.14471517689526">
        <ele>129.4</ele>
      </trkpt>
      <trkpt lat="39.0310565661639" lon="-8.144224751740694">
        <ele>129.7</ele>
      </trkpt>
      <trkpt lat="39.03058240190148" lon="-8.143782271072268">
        <ele>128.6</ele>
      </trkpt>
      <trkpt lat="39.030097760260105" lon="-8.143328810110688">
        <ele>127.9</ele>
      </trkpt>
      <trkpt lat="39.02961948886514" lon="-8.142875265330076">
        <ele>127</ele>
      </trkpt>
      <trkpt lat="39.02914901264012" lon="-8.142439741641283">
        <ele>125.6</ele>
      </trkpt>
      <trkpt lat="39.02867803350091" lon="-8.14200472086668">
        <ele>127.6</ele>
      </trkpt>
      <trkpt lat="39.02819808572531" lon="-8.141554445028305">
        <ele>127</ele>
      </trkpt>
      <trkpt lat="39.027843698859215" lon="-8.14128345809877">
        <ele>128.1</ele>
      </trkpt>
      <trkpt lat="39.027719646692276" lon="-8.141192849725485">
        <ele>128.7</ele>
      </trkpt>
      <trkpt lat="39.02719024568796" lon="-8.140830583870411">
        <ele>130.5</ele>
      </trkpt>
      <trkpt lat="39.026699317619205" lon="-8.140525817871094">
        <ele>129.7</ele>
      </trkpt>
      <trkpt lat="39.02613094076514" lon="-8.14024276100099">
        <ele>124.7</ele>
      </trkpt>
      <trkpt lat="39.02566666714847" lon="-8.140094485133886">
        <ele>123.3</ele>
      </trkpt>
      <trkpt lat="39.025377072393894" lon="-8.14000722952187">
        <ele>122.2</ele>
      </trkpt>
      <trkpt lat="39.025181606411934" lon="-8.139948304742575">
        <ele>121.7</ele>
      </trkpt>
      <trkpt lat="39.02508420869708" lon="-8.139914190396667">
        <ele>121.4</ele>
      </trkpt>
      <trkpt lat="39.024890000000596" lon="-8.139842357486486">
        <ele>120.5</ele>
      </trkpt>
      <trkpt lat="39.024697970598936" lon="-8.13975803554058">
        <ele>119.2</ele>
      </trkpt>
      <trkpt lat="39.02441047132015" lon="-8.13960992731154">
        <ele>117.5</ele>
      </trkpt>
      <trkpt lat="39.02421835809946" lon="-8.13950247131288">
        <ele>117.5</ele>
      </trkpt>
      <trkpt lat="39.024029430001974" lon="-8.139396691694856">
        <ele>117.2</ele>
      </trkpt>
      <trkpt lat="39.02355970814824" lon="-8.139153867959976">
        <ele>116.3</ele>
      </trkpt>
      <trkpt lat="39.02318436652422" lon="-8.138952031731606">
        <ele>113.1</ele>
      </trkpt>
      <trkpt lat="39.022628562524915" lon="-8.13865908421576">
        <ele>111.4</ele>
      </trkpt>
      <trkpt lat="39.02245103381574" lon="-8.138569314032793">
        <ele>112.3</ele>
      </trkpt>
      <trkpt lat="39.02188357897103" lon="-8.138341829180717">
        <ele>116.8</ele>
      </trkpt>
      <trkpt lat="39.02131193317473" lon="-8.13815189525485">
        <ele>117.9</ele>
      </trkpt>
      <trkpt lat="39.021242363378406" lon="-8.138130521401763">
        <ele>117.7</ele>
      </trkpt>
      <trkpt lat="39.02096592821181" lon="-8.138034800067544">
        <ele>118</ele>
      </trkpt>
      <trkpt lat="39.02057323604822" lon="-8.13790169544518">
        <ele>119.8</ele>
      </trkpt>
      <trkpt lat="39.020320354029536" lon="-8.13781033270061">
        <ele>120.2</ele>
      </trkpt>
      <trkpt lat="39.020138466730714" lon="-8.137735314667225">
        <ele>119.9</ele>
      </trkpt>
      <trkpt lat="39.019723730161786" lon="-8.13748151063919">
        <ele>119.5</ele>
      </trkpt>
      <trkpt lat="39.01920069940388" lon="-8.137089908123016">
        <ele>118.5</ele>
      </trkpt>
      <trkpt lat="39.018722511827946" lon="-8.136688498780131">
        <ele>118.5</ele>
      </trkpt>
      <trkpt lat="39.018619833514094" lon="-8.136582216247916">
        <ele>119</ele>
      </trkpt>
      <trkpt lat="39.01816276833415" lon="-8.136103861033916">
        <ele>120.4</ele>
      </trkpt>
      <trkpt lat="39.01773998513818" lon="-8.135704463347793">
        <ele>119.7</ele>
      </trkpt>
      <trkpt lat="39.0172503143549" lon="-8.135325601324439">
        <ele>119.3</ele>
      </trkpt>
      <trkpt lat="39.016775311902165" lon="-8.134975405409932">
        <ele>120.3</ele>
      </trkpt>
      <trkpt lat="39.01667531579733" lon="-8.13490935601294">
        <ele>120.5</ele>
      </trkpt>
      <trkpt lat="39.01623518206179" lon="-8.134587574750185">
        <ele>121.5</ele>
      </trkpt>
      <trkpt lat="39.01573712937534" lon="-8.134215921163559">
        <ele>122.6</ele>
      </trkpt>
      <trkpt lat="39.01530713774264" lon="-8.133929930627346">
        <ele>124</ele>
      </trkpt>
      <trkpt lat="39.01480589993298" lon="-8.133623152971268">
        <ele>124.1</ele>
      </trkpt>
      <trkpt lat="39.01428706012666" lon="-8.133331714197993">
        <ele>125.8</ele>
      </trkpt>
      <trkpt lat="39.014055635780096" lon="-8.133223922923207">
        <ele>126.2</ele>
      </trkpt>
      <trkpt lat="39.01351458393037" lon="-8.133042957633734">
        <ele>128.4</ele>
      </trkpt>
      <trkpt lat="39.0133386477828" lon="-8.133004903793335">
        <ele>129.2</ele>
      </trkpt>
      <trkpt lat="39.01286842301488" lon="-8.13295972533524">
        <ele>130.1</ele>
      </trkpt>
      <trkpt lat="39.012687457725406" lon="-8.132961904630065">
        <ele>130.4</ele>
      </trkpt>
      <trkpt lat="39.0121387783438" lon="-8.132988139986992">
        <ele>131.6</ele>
      </trkpt>
      <trkpt lat="39.011550368741155" lon="-8.133016722276807">
        <ele>130.3</ele>
      </trkpt>
      <trkpt lat="39.01141474954784" lon="-8.13301982358098">
        <ele>130.1</ele>
      </trkpt>
      <trkpt lat="39.01121282950044" lon="-8.133003730326891">
        <ele>129.9</ele>
      </trkpt>
      <trkpt lat="39.01061478070915" lon="-8.133068438619375">
        <ele>129.1</ele>
      </trkpt>
      <trkpt lat="39.01000985875726" lon="-8.133092494681478">
        <ele>126.9</ele>
      </trkpt>
      <trkpt lat="39.00983056984842" lon="-8.133105067536235">
        <ele>125.8</ele>
      </trkpt>
      <trkpt lat="39.009373085573316" lon="-8.133148653432727">
        <ele>125</ele>
      </trkpt>
      <trkpt lat="39.00900696404278" lon="-8.133223252370954">
        <ele>126.3</ele>
      </trkpt>
      <trkpt lat="39.00839181616902" lon="-8.13337353989482">
        <ele>125.4</ele>
      </trkpt>
      <trkpt lat="39.007790917530656" lon="-8.133521061390638">
        <ele>127.5</ele>
      </trkpt>
      <trkpt lat="39.007439045235515" lon="-8.13361351378262">
        <ele>126.1</ele>
      </trkpt>
      <trkpt lat="39.00687477551401" lon="-8.13372977077961">
        <ele>123.2</ele>
      </trkpt>
      <trkpt lat="39.006576631218195" lon="-8.133788863196969">
        <ele>122.6</ele>
      </trkpt>
      <trkpt lat="39.006475461646914" lon="-8.133813254535198">
        <ele>122.6</ele>
      </trkpt>
      <trkpt lat="39.0062758885324" lon="-8.133888188749552">
        <ele>123</ele>
      </trkpt>
      <trkpt lat="39.00569016113877" lon="-8.13404199667275">
        <ele>123.5</ele>
      </trkpt>
      <trkpt lat="39.005078449845314" lon="-8.134191865101457">
        <ele>121.3</ele>
      </trkpt>
      <trkpt lat="39.004915757104754" lon="-8.134233020246029">
        <ele>121.1</ele>
      </trkpt>
      <trkpt lat="39.00433447211981" lon="-8.134371656924486">
        <ele>121.4</ele>
      </trkpt>
      <trkpt lat="39.00405258871615" lon="-8.13444072380662">
        <ele>121.9</ele>
      </trkpt>
      <trkpt lat="39.00347935035825" lon="-8.13457801938057">
        <ele>122.3</ele>
      </trkpt>
      <trkpt lat="39.002908458933234" lon="-8.13471338711679">
        <ele>121.3</ele>
      </trkpt>
      <trkpt lat="39.00271072983742" lon="-8.134775580838323">
        <ele>121.3</ele>
      </trkpt>
      <trkpt lat="39.002568405121565" lon="-8.134813215583563">
        <ele>121.3</ele>
      </trkpt>
      <trkpt lat="39.00242440402508" lon="-8.134847832843661">
        <ele>121</ele>
      </trkpt>
      <trkpt lat="39.00226816534996" lon="-8.134882198646665">
        <ele>120.6</ele>
      </trkpt>
      <trkpt lat="39.00205945596099" lon="-8.134936513379216">
        <ele>119.9</ele>
      </trkpt>
      <trkpt lat="39.00188511237502" lon="-8.134981524199247">
        <ele>119.5</ele>
      </trkpt>
      <trkpt lat="39.00144246406853" lon="-8.135081771761179">
        <ele>118.6</ele>
      </trkpt>
      <trkpt lat="39.00138798169792" lon="-8.135091997683048">
        <ele>118.6</ele>
      </trkpt>
      <trkpt lat="39.00115848518908" lon="-8.135145558044314">
        <ele>118.8</ele>
      </trkpt>
      <trkpt lat="39.00089311413467" lon="-8.135209092870355">
        <ele>119.9</ele>
      </trkpt>
      <trkpt lat="39.00069706141949" lon="-8.135257121175528">
        <ele>120.7</ele>
      </trkpt>
      <trkpt lat="39.000144777819514" lon="-8.135383017361164">
        <ele>119.4</ele>
      </trkpt>
      <trkpt lat="38.999893656000495" lon="-8.135445965453982">
        <ele>117.6</ele>
      </trkpt>
      <trkpt lat="38.99941932410002" lon="-8.135571694001555">
        <ele>114.3</ele>
      </trkpt>
      <trkpt lat="38.99914054200053" lon="-8.135638413950801">
        <ele>113.2</ele>
      </trkpt>
      <trkpt lat="38.999000480398536" lon="-8.135674372315407">
        <ele>113.3</ele>
      </trkpt>
      <trkpt lat="38.99880048818886" lon="-8.135723657906055">
        <ele>113.5</ele>
      </trkpt>
      <trkpt lat="38.9987363666296" lon="-8.135739415884018">
        <ele>113.6</ele>
      </trkpt>
      <trkpt lat="38.99848214350641" lon="-8.135809237137437">
        <ele>113.6</ele>
      </trkpt>
      <trkpt lat="38.998229345306754" lon="-8.135868832468987">
        <ele>112.7</ele>
      </trkpt>
      <trkpt lat="38.99766130372882" lon="-8.136010905727744">
        <ele>110.8</ele>
      </trkpt>
      <trkpt lat="38.997534066438675" lon="-8.136038146913052">
        <ele>110.6</ele>
      </trkpt>
      <trkpt lat="38.997406074777246" lon="-8.136062202975154">
        <ele>110.5</ele>
      </trkpt>
      <trkpt lat="38.997083622962236" lon="-8.136123307049274">
        <ele>110.3</ele>
      </trkpt>
      <trkpt lat="38.99701748974621" lon="-8.136125402525067">
        <ele>110</ele>
      </trkpt>
      <trkpt lat="38.99682152085006" lon="-8.136138645932078">
        <ele>109.3</ele>
      </trkpt>
      <trkpt lat="38.99626479484141" lon="-8.136069579049945">
        <ele>108</ele>
      </trkpt>
      <trkpt lat="38.99581275880337" lon="-8.13591543585062">
        <ele>109.9</ele>
      </trkpt>
      <trkpt lat="38.99559918791056" lon="-8.135837065055966">
        <ele>111.4</ele>
      </trkpt>
      <trkpt lat="38.99533406831324" lon="-8.135734722018242">
        <ele>113</ele>
      </trkpt>
      <trkpt lat="38.99511798284948" lon="-8.135650819167495">
        <ele>114.1</ele>
      </trkpt>
      <trkpt lat="38.994907261803746" lon="-8.13557144254446">
        <ele>114.9</ele>
      </trkpt>
      <trkpt lat="38.99475286714733" lon="-8.135512098670006">
        <ele>115.8</ele>
      </trkpt>
      <trkpt lat="38.99431172758341" lon="-8.135342448949814">
        <ele>118.5</ele>
      </trkpt>
      <trkpt lat="38.994051553308964" lon="-8.13524890691042">
        <ele>120.8</ele>
      </trkpt>
      <trkpt lat="38.99385306984186" lon="-8.135173469781876">
        <ele>121.9</ele>
      </trkpt>
      <trkpt lat="38.99369557388127" lon="-8.135113790631294">
        <ele>122</ele>
      </trkpt>
      <trkpt lat="38.993577221408486" lon="-8.135066600516438">
        <ele>122</ele>
      </trkpt>
      <trkpt lat="38.993341103196144" lon="-8.134980434551835">
        <ele>122.6</ele>
      </trkpt>
      <trkpt lat="38.99306676350534" lon="-8.134879348799586">
        <ele>123.8</ele>
      </trkpt>
      <trkpt lat="38.99286434054375" lon="-8.134822268038988">
        <ele>124.2</ele>
      </trkpt>
      <trkpt lat="38.99253224954009" lon="-8.134793434292078">
        <ele>124.4</ele>
      </trkpt>
      <trkpt lat="38.99228825233877" lon="-8.134857807308435">
        <ele>125.5</ele>
      </trkpt>
      <trkpt lat="38.99214676581323" lon="-8.134924359619617">
        <ele>126.2</ele>
      </trkpt>
      <trkpt lat="38.991945600137115" lon="-8.135050758719444">
        <ele>127.1</ele>
      </trkpt>
      <trkpt lat="38.99168400093913" lon="-8.135244967415929">
        <ele>128.8</ele>
      </trkpt>
      <trkpt lat="38.99138384498656" lon="-8.135477481409907">
        <ele>128</ele>
      </trkpt>
      <trkpt lat="38.991086119785905" lon="-8.135706223547459">
        <ele>128.5</ele>
      </trkpt>
      <trkpt lat="38.99088797159493" lon="-8.135853493586183">
        <ele>128.9</ele>
      </trkpt>
      <trkpt lat="38.990778336301446" lon="-8.135943179950118">
        <ele>128.8</ele>
      </trkpt>
      <trkpt lat="38.990599466487765" lon="-8.136086259037256">
        <ele>128.3</ele>
      </trkpt>
      <trkpt lat="38.990279445424676" lon="-8.136334531009197">
        <ele>126.2</ele>
      </trkpt>
      <trkpt lat="38.9901505317539" lon="-8.136437628418207">
        <ele>125.3</ele>
      </trkpt>
      <trkpt lat="38.99002304300666" lon="-8.136537205427885">
        <ele>124.4</ele>
      </trkpt>
      <trkpt lat="38.98983545601368" lon="-8.136682715266943">
        <ele>123.4</ele>
      </trkpt>
      <trkpt lat="38.98965281434357" lon="-8.136831829324365">
        <ele>122.2</ele>
      </trkpt>
      <trkpt lat="38.9892025385052" lon="-8.137174481526017">
        <ele>120.1</ele>
      </trkpt>
      <trkpt lat="38.98913757875562" lon="-8.137215552851558">
        <ele>120</ele>
      </trkpt>
      <trkpt lat="38.989075385034084" lon="-8.137258971109986">
        <ele>120</ele>
      </trkpt>
      <trkpt lat="38.98895937949419" lon="-8.137348154559731">
        <ele>119.9</ele>
      </trkpt>
      <trkpt lat="38.98853818885982" lon="-8.137663397938013">
        <ele>122.1</ele>
      </trkpt>
      <trkpt lat="38.98830475285649" lon="-8.137781415134668">
        <ele>123.3</ele>
      </trkpt>
      <trkpt lat="38.98821875452995" lon="-8.1378108356148">
        <ele>123.7</ele>
      </trkpt>
      <trkpt lat="38.98808975704014" lon="-8.137851487845182">
        <ele>124</ele>
      </trkpt>
      <trkpt lat="38.98804600350559" lon="-8.137862384319305">
        <ele>124.1</ele>
      </trkpt>
      <trkpt lat="38.987866044044495" lon="-8.137874202802777">
        <ele>124.6</ele>
      </trkpt>
      <trkpt lat="38.98782170377672" lon="-8.13787437044084">
        <ele>124.7</ele>
      </trkpt>
      <trkpt lat="38.98760880343616" lon="-8.137847632169724">
        <ele>125.5</ele>
      </trkpt>
      <trkpt lat="38.98747846484184" lon="-8.137818882241845">
        <ele>126.2</ele>
      </trkpt>
      <trkpt lat="38.98715861141682" lon="-8.137747468426824">
        <ele>127.8</ele>
      </trkpt>
      <trkpt lat="38.98707227781415" lon="-8.137726346030831">
        <ele>127.8</ele>
      </trkpt>
      <trkpt lat="38.98650708608329" lon="-8.13759340904653">
        <ele>128.8</ele>
      </trkpt>
      <trkpt lat="38.98624565452337" lon="-8.137532472610474">
        <ele>129.3</ele>
      </trkpt>
      <trkpt lat="38.985832426697016" lon="-8.137435913085938">
        <ele>130</ele>
      </trkpt>
      <trkpt lat="38.98575254715979" lon="-8.13741696998477">
        <ele>130.1</ele>
      </trkpt>
      <trkpt lat="38.98555180057883" lon="-8.137368690222502">
        <ele>130.7</ele>
      </trkpt>
      <trkpt lat="38.98523312062025" lon="-8.137291492894292">
        <ele>132</ele>
      </trkpt>
      <trkpt lat="38.98497546091676" lon="-8.137229299172759">
        <ele>132.7</ele>
      </trkpt>
      <trkpt lat="38.984588887542486" lon="-8.137122429907322">
        <ele>132</ele>
      </trkpt>
      <trkpt lat="38.98442988283932" lon="-8.137078257277608">
        <ele>131.7</ele>
      </trkpt>
      <trkpt lat="38.98431639187038" lon="-8.137049088254571">
        <ele>131.1</ele>
      </trkpt>
      <trkpt lat="38.98394205607474" lon="-8.136955043300986">
        <ele>129.4</ele>
      </trkpt>
      <trkpt lat="38.98374575190246" lon="-8.136904332786798">
        <ele>129.1</ele>
      </trkpt>
      <trkpt lat="38.98367936722934" lon="-8.136889412999153">
        <ele>129.1</ele>
      </trkpt>
      <trkpt lat="38.98348566144705" lon="-8.136842725798488">
        <ele>128.9</ele>
      </trkpt>
      <trkpt lat="38.983218194916844" lon="-8.136778939515352">
        <ele>128.1</ele>
      </trkpt>
      <trkpt lat="38.98300428874791" lon="-8.136727726086974">
        <ele>127.3</ele>
      </trkpt>
      <trkpt lat="38.98271896876395" lon="-8.136652959510684">
        <ele>125.7</ele>
      </trkpt>
      <trkpt lat="38.98244747892022" lon="-8.136534355580807">
        <ele>123.6</ele>
      </trkpt>
      <trkpt lat="38.98224430158734" lon="-8.136422205716372">
        <ele>122.2</ele>
      </trkpt>
      <trkpt lat="38.982179425656796" lon="-8.136374345049262">
        <ele>122.3</ele>
      </trkpt>
      <trkpt lat="38.981788074597716" lon="-8.13606932759285">
        <ele>121.8</ele>
      </trkpt>
      <trkpt lat="38.98165597580373" lon="-8.135960195213556">
        <ele>120.7</ele>
      </trkpt>
      <trkpt lat="38.98138993419707" lon="-8.135736649855971">
        <ele>118.3</ele>
      </trkpt>
      <trkpt lat="38.98105038329959" lon="-8.135471111163497">
        <ele>116.4</ele>
      </trkpt>
      <trkpt lat="38.98091216571629" lon="-8.135371785610914">
        <ele>116.1</ele>
      </trkpt>
      <trkpt lat="38.98042023181915" lon="-8.135159723460674">
        <ele>116.7</ele>
      </trkpt>
      <trkpt lat="38.979911617934704" lon="-8.13511362299323">
        <ele>115.7</ele>
      </trkpt>
      <trkpt lat="38.979473914951086" lon="-8.135137259960175">
        <ele>115.8</ele>
      </trkpt>
      <trkpt lat="38.97925632074475" lon="-8.135169362649322">
        <ele>115.8</ele>
      </trkpt>
      <trkpt lat="38.9789879322052" lon="-8.135224850848317">
        <ele>117</ele>
      </trkpt>
      <trkpt lat="38.978753071278334" lon="-8.135303976014256">
        <ele>119.1</ele>
      </trkpt>
      <trkpt lat="38.97825988009572" lon="-8.135491395369172">
        <ele>120.6</ele>
      </trkpt>
      <trkpt lat="38.97821143269539" lon="-8.135506650432944">
        <ele>120.3</ele>
      </trkpt>
      <trkpt lat="38.97811562754214" lon="-8.135540010407567">
        <ele>119.9</ele>
      </trkpt>
      <trkpt lat="38.97796852514148" lon="-8.135584518313408">
        <ele>120</ele>
      </trkpt>
      <trkpt lat="38.97782796062529" lon="-8.1356349773705">
        <ele>120.9</ele>
      </trkpt>
      <trkpt lat="38.97778135724366" lon="-8.135651154443622">
        <ele>121.1</ele>
      </trkpt>
      <trkpt lat="38.97764464840293" lon="-8.135693399235606">
        <ele>121.9</ele>
      </trkpt>
      <trkpt lat="38.9774215221405" lon="-8.135774536058307">
        <ele>122.6</ele>
      </trkpt>
      <trkpt lat="38.9771175943315" lon="-8.135824408382177">
        <ele>122.5</ele>
      </trkpt>
      <trkpt lat="38.97702698595822" lon="-8.135821223258972">
        <ele>122.3</ele>
      </trkpt>
      <trkpt lat="38.9769796282053" lon="-8.13581669703126">
        <ele>122.1</ele>
      </trkpt>
      <trkpt lat="38.976879213005304" lon="-8.135802112519741">
        <ele>121.7</ele>
      </trkpt>
      <trkpt lat="38.9763664919883" lon="-8.135632462799549">
        <ele>121.5</ele>
      </trkpt>
      <trkpt lat="38.97599366493523" lon="-8.13548737205565">
        <ele>122.6</ele>
      </trkpt>
      <trkpt lat="38.97562611848116" lon="-8.135389806702733">
        <ele>123.9</ele>
      </trkpt>
      <trkpt lat="38.975456301122904" lon="-8.13530900515616">
        <ele>125</ele>
      </trkpt>
      <trkpt lat="38.97528656758368" lon="-8.135240357369184">
        <ele>126.2</ele>
      </trkpt>
      <trkpt lat="38.97508439607918" lon="-8.13515167683363">
        <ele>127.9</ele>
      </trkpt>
      <trkpt lat="38.97475532256067" lon="-8.135010609403253">
        <ele>130.6</ele>
      </trkpt>
      <trkpt lat="38.974467823281884" lon="-8.134891670197248">
        <ele>131.9</ele>
      </trkpt>
      <trkpt lat="38.9743169490248" lon="-8.13482528552413">
        <ele>132.3</ele>
      </trkpt>
      <trkpt lat="38.97406691685319" lon="-8.134723613038659">
        <ele>132.9</ele>
      </trkpt>
      <trkpt lat="38.97387539036572" lon="-8.134630070999265">
        <ele>132.4</ele>
      </trkpt>
      <trkpt lat="38.97372049279511" lon="-8.134543905034661">
        <ele>131.4</ele>
      </trkpt>
      <trkpt lat="38.973556039854884" lon="-8.134455140680075">
        <ele>130.3</ele>
      </trkpt>
      <trkpt lat="38.97331740707159" lon="-8.134317761287093">
        <ele>130.2</ele>
      </trkpt>
      <trkpt lat="38.97304767742753" lon="-8.13415925949812">
        <ele>128.5</ele>
      </trkpt>
      <trkpt lat="38.972899401560426" lon="-8.134072255343199">
        <ele>127.3</ele>
      </trkpt>
      <trkpt lat="38.972659511491656" lon="-8.133928421884775">
        <ele>124.3</ele>
      </trkpt>
      <trkpt lat="38.97249011322856" lon="-8.133826581761241">
        <ele>121.8</ele>
      </trkpt>
      <trkpt lat="38.97231166251004" lon="-8.133718622848392">
        <ele>119.8</ele>
      </trkpt>
      <trkpt lat="38.972125919535756" lon="-8.133604126051068">
        <ele>118.4</ele>
      </trkpt>
      <trkpt lat="38.971933638677" lon="-8.13348594121635">
        <ele>116.3</ele>
      </trkpt>
      <trkpt lat="38.97173280827701" lon="-8.133378569036722">
        <ele>113.6</ele>
      </trkpt>
      <trkpt lat="38.9715245179832" lon="-8.133286284282804">
        <ele>110.7</ele>
      </trkpt>
      <trkpt lat="38.97130952216685" lon="-8.133210763335228">
        <ele>108.2</ele>
      </trkpt>
      <trkpt lat="38.97120013833046" lon="-8.13318058848381">
        <ele>107.3</ele>
      </trkpt>
      <trkpt lat="38.971088994294405" lon="-8.133156280964613">
        <ele>106.6</ele>
      </trkpt>
      <trkpt lat="38.97097634151578" lon="-8.133138008415699">
        <ele>106.2</ele>
      </trkpt>
      <trkpt lat="38.970863185822964" lon="-8.133126273751259">
        <ele>105.8</ele>
      </trkpt>
      <trkpt lat="38.97075120359659" lon="-8.133120406419039">
        <ele>105.6</ele>
      </trkpt>
      <trkpt lat="38.970639891922474" lon="-8.133119819685817">
        <ele>105.4</ele>
      </trkpt>
      <trkpt lat="38.97042095661163" lon="-8.13313314691186">
        <ele>104.3</ele>
      </trkpt>
      <trkpt lat="38.97031341679394" lon="-8.133138595148921">
        <ele>103.5</ele>
      </trkpt>
      <trkpt lat="38.97009624168277" lon="-8.133148653432727">
        <ele>101.7</ele>
      </trkpt>
      <trkpt lat="38.969986103475094" lon="-8.133154939860106">
        <ele>100.9</ele>
      </trkpt>
      <trkpt lat="38.969875797629356" lon="-8.133161226287484">
        <ele>100</ele>
      </trkpt>
      <trkpt lat="38.969651916995645" lon="-8.13316541723907">
        <ele>98.6</ele>
      </trkpt>
      <trkpt lat="38.969427198171616" lon="-8.133176313713193">
        <ele>97.6</ele>
      </trkpt>
      <trkpt lat="38.969197031110525" lon="-8.133187629282475">
        <ele>96</ele>
      </trkpt>
      <trkpt lat="38.968727979809046" lon="-8.13322409056127">
        <ele>94.5</ele>
      </trkpt>
      <trkpt lat="38.96837593987584" lon="-8.133250828832388">
        <ele>93.4</ele>
      </trkpt>
      <trkpt lat="38.96813856437802" lon="-8.133266502991319">
        <ele>90.9</ele>
      </trkpt>
      <trkpt lat="38.9677769690752" lon="-8.133289720863104">
        <ele>87</ele>
      </trkpt>
      <trkpt lat="38.96741705015302" lon="-8.133318806067109">
        <ele>84.1</ele>
      </trkpt>
      <trkpt lat="38.967177076265216" lon="-8.133333390578628">
        <ele>83.3</ele>
      </trkpt>
      <trkpt lat="38.96693928167224" lon="-8.133359542116523">
        <ele>82.2</ele>
      </trkpt>
      <trkpt lat="38.96682461723685" lon="-8.133393824100494">
        <ele>81.5</ele>
      </trkpt>
      <trkpt lat="38.966603837907314" lon="-8.13349423930049">
        <ele>79.8</ele>
      </trkpt>
      <trkpt lat="38.966293791309" lon="-8.133686939254403">
        <ele>78.2</ele>
      </trkpt>
      <trkpt lat="38.966192454099655" lon="-8.133753156289458">
        <ele>78</ele>
      </trkpt>
      <trkpt lat="38.965992126613855" lon="-8.133878549560905">
        <ele>77.2</ele>
      </trkpt>
      <trkpt lat="38.96579288877547" lon="-8.134004278108478">
        <ele>76.3</ele>
      </trkpt>
      <trkpt lat="38.96549038589001" lon="-8.134152553975582">
        <ele>74.2</ele>
      </trkpt>
      <trkpt lat="38.96527857519686" lon="-8.134184321388602">
        <ele>72.2</ele>
      </trkpt>
      <trkpt lat="38.96496173925698" lon="-8.134091449901462">
        <ele>68.6</ele>
      </trkpt>
      <trkpt lat="38.964699720963836" lon="-8.133798921480775">
        <ele>65.9</ele>
      </trkpt>
      <trkpt lat="38.964580949395895" lon="-8.133530365303159">
        <ele>64.9</ele>
      </trkpt>
      <trkpt lat="38.96450190804899" lon="-8.13324362039566">
        <ele>64.3</ele>
      </trkpt>
      <trkpt lat="38.964468045160174" lon="-8.133100289851427">
        <ele>64.3</ele>
      </trkpt>
      <trkpt lat="38.96440023556352" lon="-8.132814466953278">
        <ele>64.6</ele>
      </trkpt>
      <trkpt lat="38.964326307177544" lon="-8.132525542750955">
        <ele>63.6</ele>
      </trkpt>
      <trkpt lat="38.964217342436314" lon="-8.132074931636453">
        <ele>59.8</ele>
      </trkpt>
      <trkpt lat="38.96409940905869" lon="-8.131620129570365">
        <ele>55.9</ele>
      </trkpt>
      <trkpt lat="38.9640246424824" lon="-8.131320895627141">
        <ele>56</ele>
      </trkpt>
      <trkpt lat="38.96395859308541" lon="-8.13104823231697">
        <ele>56.8</ele>
      </trkpt>
      <trkpt lat="38.963852897286415" lon="-8.13068320043385">
        <ele>58.7</ele>
      </trkpt>
      <trkpt lat="38.96381107158959" lon="-8.130578929558396">
        <ele>59.4</ele>
      </trkpt>
      <trkpt lat="38.96353513933718" lon="-8.130271481350064">
        <ele>63</ele>
      </trkpt>
      <trkpt lat="38.96328837610781" lon="-8.130182633176446">
        <ele>65.9</ele>
      </trkpt>
      <trkpt lat="38.96316675469279" lon="-8.130176765844226">
        <ele>66.7</ele>
      </trkpt>
      <trkpt lat="38.96304982714355" lon="-8.130206353962421">
        <ele>67</ele>
      </trkpt>
      <trkpt lat="38.96288017742336" lon="-8.130268715322018">
        <ele>67.3</ele>
      </trkpt>
      <trkpt lat="38.96274531260133" lon="-8.13033333979547">
        <ele>67.6</ele>
      </trkpt>
      <trkpt lat="38.962707091122866" lon="-8.130355132743716">
        <ele>67.6</ele>
      </trkpt>
      <trkpt lat="38.962628385052085" lon="-8.130392180755734">
        <ele>67.7</ele>
      </trkpt>
      <trkpt lat="38.962590750306845" lon="-8.13041347078979">
        <ele>67.7</ele>
      </trkpt>
      <trkpt lat="38.962477846071124" lon="-8.130471557378769">
        <ele>67.6</ele>
      </trkpt>
      <trkpt lat="38.96232068538666" lon="-8.130543306469917">
        <ele>67.4</ele>
      </trkpt>
      <trkpt lat="38.96228154189885" lon="-8.130562249571085">
        <ele>67.3</ele>
      </trkpt>
      <trkpt lat="38.96201684139669" lon="-8.130682362243533">
        <ele>67.7</ele>
      </trkpt>
      <trkpt lat="38.96198465488851" lon="-8.130696611478925">
        <ele>67.9</ele>
      </trkpt>
      <trkpt lat="38.961749374866486" lon="-8.130787136033177">
        <ele>68.9</ele>
      </trkpt>
      <trkpt lat="38.96153588779271" lon="-8.130830135196447">
        <ele>69.5</ele>
      </trkpt>
      <trkpt lat="38.96148031577468" lon="-8.130831141024828">
        <ele>69.6</ele>
      </trkpt>
      <trkpt lat="38.961454750970006" lon="-8.130828458815813">
        <ele>69.8</ele>
      </trkpt>
      <trkpt lat="38.961259284988046" lon="-8.130833990871906">
        <ele>69.9</ele>
      </trkpt>
      <trkpt lat="38.961046217009425" lon="-8.13081119209528">
        <ele>70.5</ele>
      </trkpt>
      <trkpt lat="38.96057163365185" lon="-8.130728714168072">
        <ele>71.7</ele>
      </trkpt>
      <trkpt lat="38.96023107692599" lon="-8.130675908178091">
        <ele>71.6</ele>
      </trkpt>
      <trkpt lat="38.96015027537942" lon="-8.130662832409143">
        <ele>71.5</ele>
      </trkpt>
      <trkpt lat="38.959936033934355" lon="-8.130678255110979">
        <ele>71.2</ele>
      </trkpt>
      <trkpt lat="38.95979664288461" lon="-8.130708513781428">
        <ele>71</ele>
      </trkpt>
      <trkpt lat="38.959610145539045" lon="-8.130785543471575">
        <ele>70.5</ele>
      </trkpt>
      <trkpt lat="38.959438232705" lon="-8.13087372109294">
        <ele>70.1</ele>
      </trkpt>
      <trkpt lat="38.959244610741735" lon="-8.130989642813802">
        <ele>70.7</ele>
      </trkpt>
      <trkpt lat="38.959130784496665" lon="-8.131059799343348">
        <ele>71.3</ele>
      </trkpt>
      <trkpt lat="38.958885530009866" lon="-8.131213942542672">
        <ele>72.8</ele>
      </trkpt>
      <trkpt lat="38.958788802847266" lon="-8.131274292245507">
        <ele>73.3</ele>
      </trkpt>
      <trkpt lat="38.95863491110504" lon="-8.131364732980728">
        <ele>73.8</ele>
      </trkpt>
      <trkpt lat="38.958570286631584" lon="-8.131402703002095">
        <ele>74</ele>
      </trkpt>
      <trkpt lat="38.95835570991039" lon="-8.131530359387398">
        <ele>74.3</ele>
      </trkpt>
      <trkpt lat="38.958149598911405" lon="-8.13165700994432">
        <ele>74.4</ele>
      </trkpt>
      <trkpt lat="38.95797751843929" lon="-8.1317581795156">
        <ele>74.5</ele>
      </trkpt>
      <trkpt lat="38.95775833167136" lon="-8.131886841729283">
        <ele>74.1</ele>
      </trkpt>
      <trkpt lat="38.957251980900764" lon="-8.132185321301222">
        <ele>75.6</ele>
      </trkpt>
      <trkpt lat="38.95678024739027" lon="-8.132467372342944">
        <ele>75.3</ele>
      </trkpt>
      <trkpt lat="38.95624749362469" lon="-8.132788985967636">
        <ele>72.5</ele>
      </trkpt>
      <trkpt lat="38.95585488528013" lon="-8.133086375892162">
        <ele>73.2</ele>
      </trkpt>
      <trkpt lat="38.95543294027448" lon="-8.13359105028212">
        <ele>76.6</ele>
      </trkpt>
      <trkpt lat="38.9551639650017" lon="-8.13403814099729">
        <ele>75.5</ele>
      </trkpt>
      <trkpt lat="38.955067824572325" lon="-8.134201755747199">
        <ele>74.8</ele>
      </trkpt>
      <trkpt lat="38.95488291978836" lon="-8.134517837315798">
        <ele>74.8</ele>
      </trkpt>
      <trkpt lat="38.954761968925595" lon="-8.134724786505103">
        <ele>76.6</ele>
      </trkpt>
      <trkpt lat="38.954612016677856" lon="-8.134980937466025">
        <ele>79.3</ele>
      </trkpt>
      <trkpt lat="38.9545545168221" lon="-8.135082693770528">
        <ele>80.5</ele>
      </trkpt>
      <trkpt lat="38.954287050291896" lon="-8.135545710101724">
        <ele>85.3</ele>
      </trkpt>
      <trkpt lat="38.9540417958051" lon="-8.135972181335092">
        <ele>85.9</ele>
      </trkpt>
      <trkpt lat="38.9538102876395" lon="-8.136358754709363">
        <ele>86.3</ele>
      </trkpt>
      <trkpt lat="38.95369176752865" lon="-8.136549778282642">
        <ele>86.1</ele>
      </trkpt>
      <trkpt lat="38.9534595888108" lon="-8.136872900649905">
        <ele>86.3</ele>
      </trkpt>
      <trkpt lat="38.953423127532005" lon="-8.136916486546397">
        <ele>86.3</ele>
      </trkpt>
      <trkpt lat="38.95323428325355" lon="-8.137113712728024">
        <ele>86.3</ele>
      </trkpt>
      <trkpt lat="38.952753245830536" lon="-8.137538507580757">
        <ele>86.6</ele>
      </trkpt>
      <trkpt lat="38.952302550897" lon="-8.137926422059536">
        <ele>87.2</ele>
      </trkpt>
      <trkpt lat="38.95217682234943" lon="-8.138034548610449">
        <ele>87.9</ele>
      </trkpt>
      <trkpt lat="38.951838444918394" lon="-8.138321209698915">
        <ele>89.5</ele>
      </trkpt>
      <trkpt lat="38.951356653124094" lon="-8.138725217431784">
        <ele>89</ele>
      </trkpt>
      <trkpt lat="38.950866144150496" lon="-8.139131153002381">
        <ele>87.1</ele>
      </trkpt>
      <trkpt lat="38.95045643672347" lon="-8.139475984498858">
        <ele>84.4</ele>
      </trkpt>
      <trkpt lat="38.95019492134452" lon="-8.139697518199682">
        <ele>85.3</ele>
      </trkpt>
      <trkpt lat="38.9498539455235" lon="-8.13998426310718">
        <ele>87.6</ele>
      </trkpt>
      <trkpt lat="38.949648002162576" lon="-8.140156846493483">
        <ele>88.8</ele>
      </trkpt>
      <trkpt lat="38.949339212849736" lon="-8.140416098758578">
        <ele>90.1</ele>
      </trkpt>
      <trkpt lat="38.94887368194759" lon="-8.140810132026672">
        <ele>91.5</ele>
      </trkpt>
      <trkpt lat="38.94874636083841" lon="-8.140916582196951">
        <ele>91.2</ele>
      </trkpt>
      <trkpt lat="38.948538824915886" lon="-8.141092015430331">
        <ele>90.1</ele>
      </trkpt>
      <trkpt lat="38.94838409498334" lon="-8.141215648502111">
        <ele>89.7</ele>
      </trkpt>
      <trkpt lat="38.94828099757433" lon="-8.141304580494761">
        <ele>89.4</ele>
      </trkpt>
      <trkpt lat="38.94814328290522" lon="-8.141424860805273">
        <ele>89.5</ele>
      </trkpt>
      <trkpt lat="38.94795888103545" lon="-8.141579004004598">
        <ele>89.8</ele>
      </trkpt>
      <trkpt lat="38.94750542007387" lon="-8.14196364954114">
        <ele>90.3</ele>
      </trkpt>
      <trkpt lat="38.947390504181385" lon="-8.142062639817595">
        <ele>90.8</ele>
      </trkpt>
      <trkpt lat="38.94723527133465" lon="-8.14219482243061">
        <ele>91.8</ele>
      </trkpt>
      <trkpt lat="38.94715907983482" lon="-8.142261458560824">
        <ele>92.1</ele>
      </trkpt>
      <trkpt lat="38.946884237229824" lon="-8.142490703612566">
        <ele>93.2</ele>
      </trkpt>
      <trkpt lat="38.946492467075586" lon="-8.142816675826907">
        <ele>94.5</ele>
      </trkpt>
      <trkpt lat="38.946307143196464" lon="-8.142945170402527">
        <ele>95.3</ele>
      </trkpt>
      <trkpt lat="38.94623170606792" lon="-8.142998982220888">
        <ele>95.5</ele>
      </trkpt>
      <trkpt lat="38.946153838187456" lon="-8.143223114311695">
        <ele>95</ele>
      </trkpt>
      <trkpt lat="38.946002293378115" lon="-8.143577333539724">
        <ele>94.4</ele>
      </trkpt>
      <trkpt lat="38.94597387872636" lon="-8.143844213336706">
        <ele>93.7</ele>
      </trkpt>
      <trkpt lat="38.94597614184022" lon="-8.144314354285598">
        <ele>92.6</ele>
      </trkpt>
      <trkpt lat="38.94597672857344" lon="-8.144555417820811">
        <ele>92.3</ele>
      </trkpt>
      <trkpt lat="38.94597521983087" lon="-8.144807294011116">
        <ele>92</ele>
      </trkpt>
      <trkpt lat="38.9459737110883" lon="-8.144894214347005">
        <ele>92</ele>
      </trkpt>
      <trkpt lat="38.945963233709335" lon="-8.145348681136966">
        <ele>91.3</ele>
      </trkpt>
      <trkpt lat="38.945955941453576" lon="-8.14561765640974">
        <ele>90.8</ele>
      </trkpt>
      <trkpt lat="38.94595216959715" lon="-8.14570558257401">
        <ele>90.5</ele>
      </trkpt>
      <trkpt lat="38.94594496116042" lon="-8.145880764350295">
        <ele>89.8</ele>
      </trkpt>
      <trkpt lat="38.94593314267695" lon="-8.14606080763042">
        <ele>88.9</ele>
      </trkpt>
      <trkpt lat="38.94592585042119" lon="-8.14639893360436">
        <ele>87</ele>
      </trkpt>
      <trkpt lat="38.94592786207795" lon="-8.146886928007007">
        <ele>86.2</ele>
      </trkpt>
      <trkpt lat="38.946020482108" lon="-8.147178702056408">
        <ele>86.9</ele>
      </trkpt>
      <trkpt lat="38.94592585042119" lon="-8.147539626806974">
        <ele>87.6</ele>
      </trkpt>
      <trkpt lat="38.94589735195041" lon="-8.147605592384934">
        <ele>87.7</ele>
      </trkpt>
      <trkpt lat="38.94582753069699" lon="-8.148048324510455">
        <ele>87.5</ele>
      </trkpt>
      <trkpt lat="38.94578235223889" lon="-8.148278407752514">
        <ele>86.4</ele>
      </trkpt>
      <trkpt lat="38.94573382101953" lon="-8.14852500334382">
        <ele>85</ele>
      </trkpt>
      <trkpt lat="38.945618234574795" lon="-8.149131434038281">
        <ele>84.2</ele>
      </trkpt>
      <trkpt lat="38.9455418754369" lon="-8.149475092068315">
        <ele>83.6</ele>
      </trkpt>
      <trkpt lat="38.94542050547898" lon="-8.149960655719042">
        <ele>81.3</ele>
      </trkpt>
      <trkpt lat="38.945368118584156" lon="-8.15019459463656">
        <ele>80.7</ele>
      </trkpt>
      <trkpt lat="38.94524607807398" lon="-8.150721648707986">
        <ele>83.2</ele>
      </trkpt>
      <trkpt lat="38.94519813358784" lon="-8.150941841304302">
        <ele>85.3</ele>
      </trkpt>
      <trkpt lat="38.94516812637448" lon="-8.151097828522325">
        <ele>86.6</ele>
      </trkpt>
      <trkpt lat="38.94515463151038" lon="-8.151151556521654">
        <ele>87</ele>
      </trkpt>
      <trkpt lat="38.945110039785504" lon="-8.151308549568057">
        <ele>88.4</ele>
      </trkpt>
      <trkpt lat="38.94508196040988" lon="-8.151408545672894">
        <ele>89.1</ele>
      </trkpt>
      <trkpt lat="38.94504080526531" lon="-8.151557072997093">
        <ele>90</ele>
      </trkpt>
      <trkpt lat="38.944995794445276" lon="-8.151708785444498">
        <ele>90.7</ele>
      </trkpt>
      <trkpt lat="38.94490803591907" lon="-8.151988573372364">
        <ele>90.8</ele>
      </trkpt>
      <trkpt lat="38.94478490576148" lon="-8.152400040999055">
        <ele>90.1</ele>
      </trkpt>
      <trkpt lat="38.94460796378553" lon="-8.152998257428408">
        <ele>90.2</ele>
      </trkpt>
      <trkpt lat="38.94459321163595" lon="-8.153053745627403">
        <ele>90.2</ele>
      </trkpt>
      <trkpt lat="38.94450201652944" lon="-8.153339987620711">
        <ele>89.9</ele>
      </trkpt>
      <trkpt lat="38.94430202431977" lon="-8.153881374746561">
        <ele>89</ele>
      </trkpt>
      <trkpt lat="38.944078562781215" lon="-8.154519740492105">
        <ele>89.8</ele>
      </trkpt>
      <trkpt lat="38.94387454725802" lon="-8.155107898637652">
        <ele>92.1</ele>
      </trkpt>
      <trkpt lat="38.94379843957722" lon="-8.155417358502746">
        <ele>93.5</ele>
      </trkpt>
      <trkpt lat="38.943744376301765" lon="-8.155656158924103">
        <ele>94.1</ele>
      </trkpt>
      <trkpt lat="38.94369341433048" lon="-8.155890181660652">
        <ele>94.5</ele>
      </trkpt>
      <trkpt lat="38.94362677820027" lon="-8.156446069478989">
        <ele>95.4</ele>
      </trkpt>
      <trkpt lat="38.94363063387573" lon="-8.156498121097684">
        <ele>95.3</ele>
      </trkpt>
      <trkpt lat="38.94367388449609" lon="-8.156639859080315">
        <ele>94.4</ele>
      </trkpt>
      <trkpt lat="38.94369131885469" lon="-8.156686630100012">
        <ele>94.1</ele>
      </trkpt>
      <trkpt lat="38.9436699450016" lon="-8.15702810883522">
        <ele>94.6</ele>
      </trkpt>
      <trkpt lat="38.9435975253582" lon="-8.15720982849598">
        <ele>95.7</ele>
      </trkpt>
      <trkpt lat="38.94358478486538" lon="-8.157371096313">
        <ele>96.2</ele>
      </trkpt>
      <trkpt lat="38.9436025545001" lon="-8.157763034105301">
        <ele>97.6</ele>
      </trkpt>
      <trkpt lat="38.94366877153516" lon="-8.158330991864204">
        <ele>100.5</ele>
      </trkpt>
      <trkpt lat="38.943673465400934" lon="-8.15837717615068">
        <ele>100.8</ele>
      </trkpt>
      <trkpt lat="38.94369492307305" lon="-8.158607594668865">
        <ele>102.3</ele>
      </trkpt>
      <trkpt lat="38.94371185451746" lon="-8.158782860264182">
        <ele>102.9</ele>
      </trkpt>
      <trkpt lat="38.94371814094484" lon="-8.159098606556654">
        <ele>103.6</ele>
      </trkpt>
      <trkpt lat="38.94371881149709" lon="-8.159142527729273">
        <ele>103.6</ele>
      </trkpt>
      <trkpt lat="38.94371202215552" lon="-8.159417202696204">
        <ele>104.2</ele>
      </trkpt>
      <trkpt lat="38.94369970075786" lon="-8.159609651193023">
        <ele>104.9</ele>
      </trkpt>
      <trkpt lat="38.94359316676855" lon="-8.160306354984641">
        <ele>106.7</ele>
      </trkpt>
      <trkpt lat="38.94351504743099" lon="-8.160605253651738">
        <ele>104.8</ele>
      </trkpt>
      <trkpt lat="38.94343089312315" lon="-8.16083600744605">
        <ele>105</ele>
      </trkpt>
      <trkpt lat="38.94337171688676" lon="-8.1609854567796">
        <ele>105.5</ele>
      </trkpt>
      <trkpt lat="38.94328387454152" lon="-8.16118486225605">
        <ele>106.2</ele>
      </trkpt>
      <trkpt lat="38.94321539439261" lon="-8.161312602460384">
        <ele>106.5</ele>
      </trkpt>
      <trkpt lat="38.94312654621899" lon="-8.161490885540843">
        <ele>106.8</ele>
      </trkpt>
      <trkpt lat="38.943039793521166" lon="-8.161626085639">
        <ele>107.1</ele>
      </trkpt>
      <trkpt lat="38.9430345967412" lon="-8.16162709146738">
        <ele>107.2</ele>
      </trkpt>
      <trkpt lat="38.9430345967412" lon="-8.16162709146738">
        <ele>107.2</ele>
      </trkpt>
      <trkpt lat="38.9430345967412" lon="-8.16162709146738">
        <ele>107.2</ele>
      </trkpt>
      <trkpt lat="38.9430345967412" lon="-8.16162709146738">
        <ele>107.2</ele>
      </trkpt>
      <trkpt lat="38.9430345967412" lon="-8.16162709146738">
        <ele>107.2</ele>
      </trkpt>
      <trkpt lat="38.9430345967412" lon="-8.16162709146738">
        <ele>107.2</ele>
      </trkpt>
      <trkpt lat="38.9430345967412" lon="-8.16162709146738">
        <ele>107.2</ele>
      </trkpt>
      <trkpt lat="38.9430345967412" lon="-8.16162709146738">
        <ele>107.2</ele>
      </trkpt>
      <trkpt lat="38.94302478991449" lon="-8.161658104509115">
        <ele>107.1</ele>
      </trkpt>
      <trkpt lat="38.94300090149045" lon="-8.161702444776893">
        <ele>107.2</ele>
      </trkpt>
      <trkpt lat="38.94298036582768" lon="-8.161727422848344">
        <ele>107.3</ele>
      </trkpt>
      <trkpt lat="38.94292705692351" lon="-8.161794897168875">
        <ele>107.6</ele>
      </trkpt>
      <trkpt lat="38.94289964810014" lon="-8.161832364276052">
        <ele>107.8</ele>
      </trkpt>
      <trkpt lat="38.94284491427243" lon="-8.1619075499475">
        <ele>108.1</ele>
      </trkpt>
      <trkpt lat="38.942794958129525" lon="-8.161981059238315">
        <ele>108.3</ele>
      </trkpt>
      <trkpt lat="38.9426701515913" lon="-8.1621596775949">
        <ele>108.8</ele>
      </trkpt>
      <trkpt lat="38.94254459068179" lon="-8.162341145798564">
        <ele>109.8</ele>
      </trkpt>
      <trkpt lat="38.94247309304774" lon="-8.162440303713083">
        <ele>110.5</ele>
      </trkpt>
      <trkpt lat="38.94244937226176" lon="-8.162473244592547">
        <ele>110.7</ele>
      </trkpt>
      <trkpt lat="38.94235633313656" lon="-8.162603750824928">
        <ele>111.8</ele>
      </trkpt>
      <trkpt lat="38.94226840697229" lon="-8.162731491029263">
        <ele>113.2</ele>
      </trkpt>
      <trkpt lat="38.942247619852424" lon="-8.162762252613902">
        <ele>113.5</ele>
      </trkpt>
      <trkpt lat="38.94216396845877" lon="-8.162882532924414">
        <ele>114.9</ele>
      </trkpt>
      <trkpt lat="38.942061457782984" lon="-8.163029216229916">
        <ele>116.5</ele>
      </trkpt>
      <trkpt lat="38.94204041920602" lon="-8.163059893995523">
        <ele>116.9</ele>
      </trkpt>
      <trkpt lat="38.94191913306713" lon="-8.163238009437919">
        <ele>118.8</ele>
      </trkpt>
      <trkpt lat="38.941760212183" lon="-8.163467841222882">
        <ele>121</ele>
      </trkpt>
      <trkpt lat="38.941658455878496" lon="-8.163613602519035">
        <ele>122.3</ele>
      </trkpt>
      <trkpt lat="38.94154379144311" lon="-8.163747629150748">
        <ele>123.1</ele>
      </trkpt>
      <trkpt lat="38.94143130630255" lon="-8.16389774903655">
        <ele>124.1</ele>
      </trkpt>
      <trkpt lat="38.94135276786983" lon="-8.164016185328364">
        <ele>124.6</ele>
      </trkpt>
      <trkpt lat="38.941213209182024" lon="-8.164213914424181">
        <ele>125.9</ele>
      </trkpt>
      <trkpt lat="38.941100388765335" lon="-8.1643683090806">
        <ele>126.7</ele>
      </trkpt>
      <trkpt lat="38.94097013399005" lon="-8.164531420916319">
        <ele>128.2</ele>
      </trkpt>
      <trkpt lat="38.94091992639005" lon="-8.164578024297953">
        <ele>128.7</ele>
      </trkpt>
      <trkpt lat="38.94075337797403" lon="-8.164706183597445">
        <ele>129.7</ele>
      </trkpt>
      <trkpt lat="38.94072353839874" lon="-8.164722947403789">
        <ele>129.8</ele>
      </trkpt>
      <trkpt lat="38.94060468301177" lon="-8.164816405624151">
        <ele>130</ele>
      </trkpt>
      <trkpt lat="38.94048834219575" lon="-8.164919754490256">
        <ele>129.4</ele>
      </trkpt>
      <trkpt lat="38.94036814570427" lon="-8.165030898526311">
        <ele>128.8</ele>
      </trkpt>
      <trkpt lat="38.94011417403817" lon="-8.16519308835268">
        <ele>128</ele>
      </trkpt>
      <trkpt lat="38.939955085515976" lon="-8.165297359228134">
        <ele>128.2</ele>
      </trkpt>
      <trkpt lat="38.939693570137024" lon="-8.165415795519948">
        <ele>129</ele>
      </trkpt>
      <trkpt lat="38.93939743749797" lon="-8.165546469390392">
        <ele>130.4</ele>
      </trkpt>
      <trkpt lat="38.939049588516355" lon="-8.165663564577699">
        <ele>130.5</ele>
      </trkpt>
      <trkpt lat="38.93861255608499" lon="-8.165965480729938">
        <ele>130.9</ele>
      </trkpt>
      <trkpt lat="38.938397811725736" lon="-8.16593530587852">
        <ele>129.8</ele>
      </trkpt>
      <trkpt lat="38.93800897523761" lon="-8.1660589389503">
        <ele>130.9</ele>
      </trkpt>
      <trkpt lat="38.93778618425131" lon="-8.166133537888527">
        <ele>132.7</ele>
      </trkpt>
      <trkpt lat="38.93756154924631" lon="-8.166236216202378">
        <ele>134.4</ele>
      </trkpt>
      <trkpt lat="38.93733783625066" lon="-8.16631592810154">
        <ele>135.7</ele>
      </trkpt>
      <trkpt lat="38.937156703323126" lon="-8.166378708556294">
        <ele>136.8</ele>
      </trkpt>
      <trkpt lat="38.9369940944016" lon="-8.166426988318563">
        <ele>137.8</ele>
      </trkpt>
      <trkpt lat="38.93692494370043" lon="-8.166441908106208">
        <ele>138.3</ele>
      </trkpt>
      <trkpt lat="38.93676292151213" lon="-8.166503347456455">
        <ele>139.7</ele>
      </trkpt>
      <trkpt lat="38.93658069893718" lon="-8.166584819555283">
        <ele>141.5</ele>
      </trkpt>
      <trkpt lat="38.93630359321833" lon="-8.166780034080148">
        <ele>145.2</ele>
      </trkpt>
      <trkpt lat="38.93614609725773" lon="-8.166909869760275">
        <ele>147.3</ele>
      </trkpt>
      <trkpt lat="38.93596010282636" lon="-8.167148670181632">
        <ele>148.3</ele>
      </trkpt>
      <trkpt lat="38.93586488440633" lon="-8.167246906086802">
        <ele>148.6</ele>
      </trkpt>
      <trkpt lat="38.93569632433355" lon="-8.16737288609147">
        <ele>148.6</ele>
      </trkpt>
      <trkpt lat="38.93543740734458" lon="-8.16759374924004">
        <ele>148.7</ele>
      </trkpt>
      <trkpt lat="38.93511981703341" lon="-8.167871693149209">
        <ele>148.8</ele>
      </trkpt>
      <trkpt lat="38.93508612178266" lon="-8.167899185791612">
        <ele>148.6</ele>
      </trkpt>
      <trkpt lat="38.93498595803976" lon="-8.167986189946532">
        <ele>148.3</ele>
      </trkpt>
      <trkpt lat="38.93485704436898" lon="-8.168108901008964">
        <ele>148.2</ele>
      </trkpt>
      <trkpt lat="38.934618746861815" lon="-8.168317442759871">
        <ele>147.9</ele>
      </trkpt>
      <trkpt lat="38.934451611712575" lon="-8.168479716405272">
        <ele>148</ele>
      </trkpt>
      <trkpt lat="38.934305515140295" lon="-8.168653892353177">
        <ele>148.4</ele>
      </trkpt>
      <trkpt lat="38.9339220430702" lon="-8.169126128777862">
        <ele>148.9</ele>
      </trkpt>
      <trkpt lat="38.93370914272964" lon="-8.16908841021359">
        <ele>148.9</ele>
      </trkpt>
      <trkpt lat="38.93315895460546" lon="-8.168978774920106">
        <ele>149.1</ele>
      </trkpt>
      <trkpt lat="38.93284052610397" lon="-8.168963687494397">
        <ele>149.5</ele>
      </trkpt>
      <trkpt lat="38.93260281533003" lon="-8.168960502371192">
        <ele>149.7</ele>
      </trkpt>
      <trkpt lat="38.93220408819616" lon="-8.16896972246468">
        <ele>149.4</ele>
      </trkpt>
      <trkpt lat="38.93200770020485" lon="-8.168980116024613">
        <ele>149.4</ele>
      </trkpt>
      <trkpt lat="38.93159254454076" lon="-8.169021774083376">
        <ele>149.9</ele>
      </trkpt>
      <trkpt lat="38.931422559544444" lon="-8.169053038582206">
        <ele>149.7</ele>
      </trkpt>
      <trkpt lat="38.93118132837117" lon="-8.169119423255324">
        <ele>148.6</ele>
      </trkpt>
      <trkpt lat="38.93105501309037" lon="-8.169149262830615">
        <ele>148.3</ele>
      </trkpt>
      <trkpt lat="38.93079886212945" lon="-8.1692174077034">
        <ele>147.7</ele>
      </trkpt>
      <trkpt lat="38.93061286769807" lon="-8.169273734092712">
        <ele>147.4</ele>
      </trkpt>
      <trkpt lat="38.93054958432913" lon="-8.169293850660324">
        <ele>147.4</ele>
      </trkpt>
      <trkpt lat="38.930011382326484" lon="-8.169519826769829">
        <ele>148.3</ele>
      </trkpt>
      <trkpt lat="38.929685996845365" lon="-8.169692242518067">
        <ele>149.6</ele>
      </trkpt>
      <trkpt lat="38.92959916032851" lon="-8.169737923890352">
        <ele>149.8</ele>
      </trkpt>
      <trkpt lat="38.929302943870425" lon="-8.16989030689001">
        <ele>150.5</ele>
      </trkpt>
      <trkpt lat="38.929174365475774" lon="-8.16994202323258">
        <ele>150.8</ele>
      </trkpt>
      <trkpt lat="38.92895241267979" lon="-8.170006144791842">
        <ele>150.4</ele>
      </trkpt>
      <trkpt lat="38.92876365222037" lon="-8.170033553615212">
        <ele>150.4</ele>
      </trkpt>
      <trkpt lat="38.92820826731622" lon="-8.170017208904028">
        <ele>149.7</ele>
      </trkpt>
      <trkpt lat="38.92794230952859" lon="-8.170020310208201">
        <ele>149.2</ele>
      </trkpt>
      <trkpt lat="38.92751089297235" lon="-8.170120054855943">
        <ele>149.5</ele>
      </trkpt>
      <trkpt lat="38.92724426463246" lon="-8.17024645395577">
        <ele>149.8</ele>
      </trkpt>
      <trkpt lat="38.9271352160722" lon="-8.170301774516702">
        <ele>149.5</ele>
      </trkpt>
      <trkpt lat="38.9267707709223" lon="-8.170505790039897">
        <ele>148.3</ele>
      </trkpt>
      <trkpt lat="38.926243130117655" lon="-8.17081281915307">
        <ele>147.5</ele>
      </trkpt>
      <trkpt lat="38.92580542713404" lon="-8.171051954850554">
        <ele>147.9</ele>
      </trkpt>
      <trkpt lat="38.92543117515743" lon="-8.171251527965069">
        <ele>147.7</ele>
      </trkpt>
      <trkpt lat="38.92491577193141" lon="-8.171531902626157">
        <ele>147.5</ele>
      </trkpt>
      <trkpt lat="38.92438938841224" lon="-8.17182862199843">
        <ele>149.2</ele>
      </trkpt>
      <trkpt lat="38.92387214116752" lon="-8.17212039604783">
        <ele>149</ele>
      </trkpt>
      <trkpt lat="38.92336143180728" lon="-8.172402195632458">
        <ele>148.6</ele>
      </trkpt>
      <trkpt lat="38.922847704961896" lon="-8.172688772901893">
        <ele>150.3</ele>
      </trkpt>
      <trkpt lat="38.922306317836046" lon="-8.172985492274165">
        <ele>149.4</ele>
      </trkpt>
      <trkpt lat="38.92180323600769" lon="-8.173313224688172">
        <ele>147.7</ele>
      </trkpt>
      <trkpt lat="38.92162176780403" lon="-8.173487987369299">
        <ele>147.4</ele>
      </trkpt>
      <trkpt lat="38.92154037952423" lon="-8.173586642369628">
        <ele>147.4</ele>
      </trkpt>
      <trkpt lat="38.921077363193035" lon="-8.174061393365264">
        <ele>148.4</ele>
      </trkpt>
      <trkpt lat="38.92064577899873" lon="-8.174519380554557">
        <ele>147</ele>
      </trkpt>
      <trkpt lat="38.92022106796503" lon="-8.174959262833">
        <ele>146.8</ele>
      </trkpt>
      <trkpt lat="38.92005334608257" lon="-8.175110472366214">
        <ele>146.7</ele>
      </trkpt>
      <trkpt lat="38.91952226869762" lon="-8.175490256398916">
        <ele>143.6</ele>
      </trkpt>
      <trkpt lat="38.91899990849197" lon="-8.175773983821273">
        <ele>144.4</ele>
      </trkpt>
      <trkpt lat="38.91846933402121" lon="-8.176004150882363">
        <ele>143.5</ele>
      </trkpt>
      <trkpt lat="38.9180052280426" lon="-8.17612174898386">
        <ele>144.3</ele>
      </trkpt>
      <trkpt lat="38.91756107099354" lon="-8.176220990717411">
        <ele>144.7</ele>
      </trkpt>
      <trkpt lat="38.91722395084798" lon="-8.176307575777173">
        <ele>144</ele>
      </trkpt>
      <trkpt lat="38.91663604415953" lon="-8.176431376487017">
        <ele>144.1</ele>
      </trkpt>
      <trkpt lat="38.91652749851346" lon="-8.176454678177834">
        <ele>144.2</ele>
      </trkpt>
      <trkpt lat="38.915956104174256" lon="-8.17658057436347">
        <ele>144.5</ele>
      </trkpt>
      <trkpt lat="38.91542234458029" lon="-8.176718791946769">
        <ele>144.6</ele>
      </trkpt>
      <trkpt lat="38.91502453945577" lon="-8.176907133311033">
        <ele>143.3</ele>
      </trkpt>
      <trkpt lat="38.91474793665111" lon="-8.17707217298448">
        <ele>143.1</ele>
      </trkpt>
      <trkpt lat="38.91450469382107" lon="-8.177262945100665">
        <ele>143.9</ele>
      </trkpt>
      <trkpt lat="38.91426597721875" lon="-8.177450029179454">
        <ele>144.6</ele>
      </trkpt>
      <trkpt lat="38.913805140182376" lon="-8.177674077451229">
        <ele>144</ele>
      </trkpt>
      <trkpt lat="38.91341898590326" lon="-8.177787652239203">
        <ele>143.9</ele>
      </trkpt>
      <trkpt lat="38.91293895430863" lon="-8.17790131084621">
        <ele>143.2</ele>
      </trkpt>
      <trkpt lat="38.912417851388454" lon="-8.178041288629174">
        <ele>142.4</ele>
      </trkpt>
      <trkpt lat="38.91197361052036" lon="-8.178157964721322">
        <ele>142.2</ele>
      </trkpt>
      <trkpt lat="38.911438174545765" lon="-8.178306324407458">
        <ele>143.3</ele>
      </trkpt>
      <trkpt lat="38.91089444048703" lon="-8.178446721285582">
        <ele>143.2</ele>
      </trkpt>
      <trkpt lat="38.910327488556504" lon="-8.17860497161746">
        <ele>144.4</ele>
      </trkpt>
      <trkpt lat="38.90976355411112" lon="-8.178762467578053">
        <ele>144.4</ele>
      </trkpt>
      <trkpt lat="38.90966556966305" lon="-8.17878576926887">
        <ele>144.3</ele>
      </trkpt>
      <trkpt lat="38.90907539986074" lon="-8.17894603125751">
        <ele>141.6</ele>
      </trkpt>
      <trkpt lat="38.90876510180533" lon="-8.179028257727623">
        <ele>141.2</ele>
      </trkpt>
      <trkpt lat="38.90821382403374" lon="-8.17917519249022">
        <ele>141.1</ele>
      </trkpt>
      <trkpt lat="38.908149702474475" lon="-8.17919086664915">
        <ele>141</ele>
      </trkpt>
      <trkpt lat="38.907602867111564" lon="-8.179334783926606">
        <ele>140.5</ele>
      </trkpt>
      <trkpt lat="38.90747923403978" lon="-8.179370323196054">
        <ele>140.3</ele>
      </trkpt>
      <trkpt lat="38.907296089455485" lon="-8.179423967376351">
        <ele>140.2</ele>
      </trkpt>
      <trkpt lat="38.90690281055868" lon="-8.179468978196383">
        <ele>140.9</ele>
      </trkpt>
      <trkpt lat="38.90664288774133" lon="-8.179449532181025">
        <ele>140.9</ele>
      </trkpt>
      <trkpt lat="38.90608456917107" lon="-8.17935741506517">
        <ele>138.7</ele>
      </trkpt>
      <trkpt lat="38.905876614153385" lon="-8.179315840825438">
        <ele>138.6</ele>
      </trkpt>
      <trkpt lat="38.90547076240182" lon="-8.179240571334958">
        <ele>139.8</ele>
      </trkpt>
      <trkpt lat="38.904970698058605" lon="-8.179134791716933">
        <ele>138.6</ele>
      </trkpt>
      <trkpt lat="38.90438346192241" lon="-8.179022390395403">
        <ele>135</ele>
      </trkpt>
      <trkpt lat="38.904261756688356" lon="-8.17899732850492">
        <ele>134.9</ele>
      </trkpt>
      <trkpt lat="38.904086239635944" lon="-8.178967908024788">
        <ele>135.1</ele>
      </trkpt>
      <trkpt lat="38.90371114946902" lon="-8.178903115913272">
        <ele>135.7</ele>
      </trkpt>
      <trkpt lat="38.90316096134484" lon="-8.178760707378387">
        <ele>134.6</ele>
      </trkpt>
      <trkpt lat="38.89120878651738" lon="-8.174195503816009">
        <ele>106.2</ele>
      </trkpt>
      <trkpt lat="38.88977154158056" lon="-8.174585429951549">
        <ele>103.9</ele>
      </trkpt>
      <trkpt lat="38.88550003990531" lon="-8.174717025831342">
        <ele>88.3</ele>
      </trkpt>
      <trkpt lat="38.88451642356813" lon="-8.17443740554154">
        <ele>87.5</ele>
      </trkpt>
      <trkpt lat="38.88271087780595" lon="-8.172858254984021">
        <ele>78.5</ele>
      </trkpt>
      <trkpt lat="38.88096811249852" lon="-8.173150196671486">
        <ele>78.3</ele>
      </trkpt>
      <trkpt lat="38.88074163347483" lon="-8.173246253281832">
        <ele>79.2</ele>
      </trkpt>
      <trkpt lat="38.88057776726782" lon="-8.173333005979657">
        <ele>79.8</ele>
      </trkpt>
      <trkpt lat="38.880118522793055" lon="-8.173588318750262">
        <ele>80.7</ele>
      </trkpt>
      <trkpt lat="38.87997309677303" lon="-8.173670126125216">
        <ele>81.1</ele>
      </trkpt>
      <trkpt lat="38.879734463989735" lon="-8.173788646236062">
        <ele>81.7</ele>
      </trkpt>
      <trkpt lat="38.87953924946487" lon="-8.173830136656761">
        <ele>82</ele>
      </trkpt>
      <trkpt lat="38.879346046596766" lon="-8.173782275989652">
        <ele>83.2</ele>
      </trkpt>
      <trkpt lat="38.8793009519577" lon="-8.173758303746581">
        <ele>83.5</ele>
      </trkpt>
      <trkpt lat="38.87908696196973" lon="-8.173598628491163">
        <ele>85.4</ele>
      </trkpt>
      <trkpt lat="38.87880130670965" lon="-8.173364019021392">
        <ele>87</ele>
      </trkpt>
      <trkpt lat="38.878463096916676" lon="-8.17308833822608">
        <ele>87.2</ele>
      </trkpt>
      <trkpt lat="38.878103010356426" lon="-8.172746356576681">
        <ele>86.9</ele>
      </trkpt>
      <trkpt lat="38.87791735120118" lon="-8.172521805390716">
        <ele>87.3</ele>
      </trkpt>
      <trkpt lat="38.87751451693475" lon="-8.1720235850662">
        <ele>88.2</ele>
      </trkpt>
      <trkpt lat="38.8771943282336" lon="-8.17162049934268">
        <ele>89.4</ele>
      </trkpt>
      <trkpt lat="38.876963993534446" lon="-8.171236105263233">
        <ele>88.5</ele>
      </trkpt>
      <trkpt lat="38.87683751061559" lon="-8.170930333435535">
        <ele>88.3</ele>
      </trkpt>
      <trkpt lat="38.876598961651325" lon="-8.170294901356101">
        <ele>88.5</ele>
      </trkpt>
      <trkpt lat="38.87651807628572" lon="-8.17007202655077">
        <ele>88.8</ele>
      </trkpt>
      <trkpt lat="38.87637407518923" lon="-8.169674221426249">
        <ele>89.7</ele>
      </trkpt>
      <trkpt lat="38.87625463306904" lon="-8.1693400349468">
        <ele>90.5</ele>
      </trkpt>
      <trkpt lat="38.87601532973349" lon="-8.168686330318451">
        <ele>90.8</ele>
      </trkpt>
      <trkpt lat="38.875971576198936" lon="-8.16856755875051">
        <ele>91</ele>
      </trkpt>
      <trkpt lat="38.87573763728142" lon="-8.167916284874082">
        <ele>89.9</ele>
      </trkpt>
      <trkpt lat="38.87555759400129" lon="-8.16742711700499">
        <ele>92.3</ele>
      </trkpt>
      <trkpt lat="38.875421388074756" lon="-8.167066778987646">
        <ele>93.2</ele>
      </trkpt>
      <trkpt lat="38.87537503615022" lon="-8.166939709335566">
        <ele>93.4</ele>
      </trkpt>
      <trkpt lat="38.87521251104772" lon="-8.166509214788675">
        <ele>93.8</ele>
      </trkpt>
      <trkpt lat="38.874963065609336" lon="-8.165835896506906">
        <ele>95.9</ele>
      </trkpt>
      <trkpt lat="38.874722588807344" lon="-8.165198704227805">
        <ele>96.6</ele>
      </trkpt>
      <trkpt lat="38.87461161240935" lon="-8.164909360930324">
        <ele>95.4</ele>
      </trkpt>
      <trkpt lat="38.8745504245162" lon="-8.164737364277244">
        <ele>94.9</ele>
      </trkpt>
      <trkpt lat="38.87431866489351" lon="-8.164102602750063">
        <ele>94.6</ele>
      </trkpt>
      <trkpt lat="38.874193942174315" lon="-8.163766907528043">
        <ele>95.2</ele>
      </trkpt>
      <trkpt lat="38.873989675194025" lon="-8.163212276995182">
        <ele>96.1</ele>
      </trkpt>
      <trkpt lat="38.873768309131265" lon="-8.162610037252307">
        <ele>98.2</ele>
      </trkpt>
      <trkpt lat="38.87366755865514" lon="-8.16233603283763">
        <ele>98.5</ele>
      </trkpt>
      <trkpt lat="38.87348282150924" lon="-8.161829933524132">
        <ele>99.6</ele>
      </trkpt>
      <trkpt lat="38.87338098138571" lon="-8.161556515842676">
        <ele>100.1</ele>
      </trkpt>
      <trkpt lat="38.87328567914665" lon="-8.161287121474743">
        <ele>100.3</ele>
      </trkpt>
      <trkpt lat="38.87310069054365" lon="-8.160780183970928">
        <ele>100.3</ele>
      </trkpt>
      <trkpt lat="38.87301351875067" lon="-8.160549430176616">
        <ele>100.6</ele>
      </trkpt>
      <trkpt lat="38.87278804555535" lon="-8.160127401351929">
        <ele>102.7</ele>
      </trkpt>
      <trkpt lat="38.872600961476564" lon="-8.159891031682491">
        <ele>104.1</ele>
      </trkpt>
      <trkpt lat="38.872232576832175" lon="-8.159470343962312">
        <ele>104.6</ele>
      </trkpt>
      <trkpt lat="38.87189612723887" lon="-8.158884951844811">
        <ele>104.6</ele>
      </trkpt>
      <trkpt lat="38.871778696775436" lon="-8.158646067604423">
        <ele>105.2</ele>
      </trkpt>
      <trkpt lat="38.8715061172843" lon="-8.158115074038506">
        <ele>106.4</ele>
      </trkpt>
      <trkpt lat="38.871381813660264" lon="-8.157854983583093">
        <ele>106.3</ele>
      </trkpt>
      <trkpt lat="38.871250888332725" lon="-8.157563796266913">
        <ele>107.1</ele>
      </trkpt>
      <trkpt lat="38.87123647145927" lon="-8.157510990276933">
        <ele>107.2</ele>
      </trkpt>
      <trkpt lat="38.87115499936044" lon="-8.157019140198827">
        <ele>108.5</ele>
      </trkpt>
      <trkpt lat="38.87117939069867" lon="-8.15674664452672">
        <ele>109.5</ele>
      </trkpt>
      <trkpt lat="38.87120855972171" lon="-8.156635919585824">
        <ele>109.9</ele>
      </trkpt>
      <trkpt lat="38.87131383642554" lon="-8.156255381181836">
        <ele>110.9</ele>
      </trkpt>
      <trkpt lat="38.871367899701" lon="-8.1560552213341">
        <ele>110.4</ele>
      </trkpt>
      <trkpt lat="38.871427243575454" lon="-8.155870735645294">
        <ele>109.9</ele>
      </trkpt>
      <trkpt lat="38.87147753499448" lon="-8.155703265219927">
        <ele>109.6</ele>
      </trkpt>
      <trkpt lat="38.87150821276009" lon="-8.155594132840633">
        <ele>109.4</ele>
      </trkpt>
      <trkpt lat="38.87151877395809" lon="-8.155557671561837">
        <ele>109.3</ele>
      </trkpt>
      <trkpt lat="38.87153880670667" lon="-8.155482653528452">
        <ele>109.2</ele>
      </trkpt>
      <trkpt lat="38.87155900709331" lon="-8.155416855588555">
        <ele>109.4</ele>
      </trkpt>
      <trkpt lat="38.87158448807895" lon="-8.15528861247003">
        <ele>109.7</ele>
      </trkpt>
      <trkpt lat="38.871630504727364" lon="-8.155137822031975">
        <ele>109.9</ele>
      </trkpt>
      <trkpt lat="38.871656907722354" lon="-8.155043860897422">
        <ele>110.4</ele>
      </trkpt>
      <trkpt lat="38.87168062850833" lon="-8.15495333634317">
        <ele>110.9</ele>
      </trkpt>
      <trkpt lat="38.87170770205557" lon="-8.154826601967216">
        <ele>111.6</ele>
      </trkpt>
      <trkpt lat="38.87170761823654" lon="-8.154825512319803">
        <ele>111.6</ele>
      </trkpt>
      <trkpt lat="38.87170761823654" lon="-8.154825512319803">
        <ele>111.6</ele>
      </trkpt>
      <trkpt lat="38.87170761823654" lon="-8.154825512319803">
        <ele>111.6</ele>
      </trkpt>
      <trkpt lat="38.87171340174973" lon="-8.15480430610478">
        <ele>111.8</ele>
      </trkpt>
      <trkpt lat="38.87173184193671" lon="-8.15474814735353">
        <ele>112.4</ele>
      </trkpt>
      <trkpt lat="38.8717735838145" lon="-8.15462258644402">
        <ele>113.7</ele>
      </trkpt>
      <trkpt lat="38.87182580307126" lon="-8.154255207628012">
        <ele>115.3</ele>
      </trkpt>
      <trkpt lat="38.87177919968963" lon="-8.153948178514838">
        <ele>114.6</ele>
      </trkpt>
      <trkpt lat="38.87174433097243" lon="-8.153818678110838">
        <ele>114.1</ele>
      </trkpt>
      <trkpt lat="38.87130453251302" lon="-8.1521921698004">
        <ele>123.7</ele>
      </trkpt>
      <trkpt lat="38.87126522138715" lon="-8.15199963748455">
        <ele>126</ele>
      </trkpt>
      <trkpt lat="38.871217695996165" lon="-8.151818756014109">
        <ele>127.7</ele>
      </trkpt>
      <trkpt lat="38.8711260817945" lon="-8.151667630299926">
        <ele>127.8</ele>
      </trkpt>
      <trkpt lat="38.871023738756776" lon="-8.151579704135656">
        <ele>127.9</ele>
      </trkpt>
      <trkpt lat="38.87083539739251" lon="-8.151546847075224">
        <ele>127.2</ele>
      </trkpt>
      <trkpt lat="38.870679242536426" lon="-8.151546427980065">
        <ele>127.8</ele>
      </trkpt>
      <trkpt lat="38.87053172104061" lon="-8.151535196229815">
        <ele>128.9</ele>
      </trkpt>
      <trkpt lat="38.87039786204696" lon="-8.151477109640837">
        <ele>129.9</ele>
      </trkpt>
      <trkpt lat="38.870286969468" lon="-8.151401756331325">
        <ele>130.4</ele>
      </trkpt>
      <trkpt lat="38.870131988078356" lon="-8.151325145736337">
        <ele>131.3</ele>
      </trkpt>
      <trkpt lat="38.86998061090708" lon="-8.151230430230498">
        <ele>132</ele>
      </trkpt>
      <trkpt lat="38.86988304555416" lon="-8.15118164755404">
        <ele>132.6</ele>
      </trkpt>
      <trkpt lat="38.86978581547737" lon="-8.151128925383091">
        <ele>133.2</ele>
      </trkpt>
      <trkpt lat="38.86969487182796" lon="-8.151073604822159">
        <ele>133.8</ele>
      </trkpt>
      <trkpt lat="38.86957853101194" lon="-8.151000766083598">
        <ele>134.8</ele>
      </trkpt>
      <trkpt lat="38.869454478845" lon="-8.150932034477592">
        <ele>136.3</ele>
      </trkpt>
      <trkpt lat="38.86933076195419" lon="-8.150861794129014">
        <ele>137.6</ele>
      </trkpt>
      <trkpt lat="38.86920620687306" lon="-8.150793062523007">
        <ele>138.8</ele>
      </trkpt>
      <trkpt lat="38.86911157518625" lon="-8.150740675628185">
        <ele>139.6</ele>
      </trkpt>
      <trkpt lat="38.868953911587596" lon="-8.150653839111328">
        <ele>140.8</ele>
      </trkpt>
      <trkpt lat="38.868856681510806" lon="-8.150610169395804">
        <ele>141.6</ele>
      </trkpt>
      <trkpt lat="38.86875727213919" lon="-8.150569265708327">
        <ele>142.4</ele>
      </trkpt>
      <trkpt lat="38.86860723607242" lon="-8.150536492466927">
        <ele>143.2</ele>
      </trkpt>
      <trkpt lat="38.868486201390624" lon="-8.150538252666593">
        <ele>143.2</ele>
      </trkpt>
      <trkpt lat="38.8683991972357" lon="-8.150545628741384">
        <ele>143.2</ele>
      </trkpt>
      <trkpt lat="38.86783040128648" lon="-8.150693066418171">
        <ele>141.9</ele>
      </trkpt>
      <trkpt lat="38.867238303646445" lon="-8.150834133848548">
        <ele>141.9</ele>
      </trkpt>
      <trkpt lat="38.86677285656333" lon="-8.150959024205804">
        <ele>142.5</ele>
      </trkpt>
      <trkpt lat="38.86670739389956" lon="-8.150978554040194">
        <ele>142.7</ele>
      </trkpt>
      <trkpt lat="38.86618318967521" lon="-8.151162955909967">
        <ele>144.5</ele>
      </trkpt>
      <trkpt lat="38.865731824189425" lon="-8.151356745511293">
        <ele>147</ele>
      </trkpt>
      <trkpt lat="38.86525363661349" lon="-8.151649693027139">
        <ele>148.1</ele>
      </trkpt>
      <trkpt lat="38.86472901329398" lon="-8.15201522782445">
        <ele>147.4</ele>
      </trkpt>
      <trkpt lat="38.8646090682596" lon="-8.15209737047553">
        <ele>147</ele>
      </trkpt>
      <trkpt lat="38.864122247323394" lon="-8.152553932741284">
        <ele>148.1</ele>
      </trkpt>
      <trkpt lat="38.86381228454411" lon="-8.152964813634753">
        <ele>150.3</ele>
      </trkpt>
      <trkpt lat="38.86342965066433" lon="-8.153493460267782">
        <ele>152.9</ele>
      </trkpt>
      <trkpt lat="38.86312832124531" lon="-8.153888750821352">
        <ele>151.3</ele>
      </trkpt>
      <trkpt lat="38.86272883974016" lon="-8.154444638639688">
        <ele>151.4</ele>
      </trkpt>
      <trkpt lat="38.8623103313148" lon="-8.155003124848008">
        <ele>147.9</ele>
      </trkpt>
      <trkpt lat="38.862244533374906" lon="-8.155088033527136">
        <ele>147.2</ele>
      </trkpt>
      <trkpt lat="38.86211511678994" lon="-8.155265897512436">
        <ele>145.9</ele>
      </trkpt>
      <trkpt lat="38.86177305132151" lon="-8.155719442293048">
        <ele>142.8</ele>
      </trkpt>
      <trkpt lat="38.8616300560534" lon="-8.155906023457646">
        <ele>142</ele>
      </trkpt>
      <trkpt lat="38.86148915626109" lon="-8.156093275174499">
        <ele>141.4</ele>
      </trkpt>
      <trkpt lat="38.861115239560604" lon="-8.156506838276982">
        <ele>139.4</ele>
      </trkpt>
      <trkpt lat="38.86102815158665" lon="-8.15656827762723">
        <ele>139.1</ele>
      </trkpt>
      <trkpt lat="38.8609341904521" lon="-8.156619323417544">
        <ele>138.6</ele>
      </trkpt>
      <trkpt lat="38.86053638532758" lon="-8.156786039471626">
        <ele>137</ele>
      </trkpt>
      <trkpt lat="38.86003187857568" lon="-8.156989552080631">
        <ele>136.6</ele>
      </trkpt>
      <trkpt lat="38.859829707071185" lon="-8.157072868198156">
        <ele>136.6</ele>
      </trkpt>
      <trkpt lat="38.85962611064315" lon="-8.157156771048903">
        <ele>135.8</ele>
      </trkpt>
      <trkpt lat="38.859093775972724" lon="-8.15737646073103">
        <ele>133.6</ele>
      </trkpt>
      <trkpt lat="38.8588740862906" lon="-8.157481653615832">
        <ele>133.4</ele>
      </trkpt>
      <trkpt lat="38.85865154676139" lon="-8.157589193433523">
        <ele>133</ele>
      </trkpt>
      <trkpt lat="38.85842959396541" lon="-8.157702684402466">
        <ele>131.4</ele>
      </trkpt>
      <trkpt lat="38.85820822790265" lon="-8.157816175371408">
        <ele>129.2</ele>
      </trkpt>
      <trkpt lat="38.857981665059924" lon="-8.157909885048866">
        <ele>128</ele>
      </trkpt>
      <trkpt lat="38.85786121711135" lon="-8.15794182009995">
        <ele>127.3</ele>
      </trkpt>
      <trkpt lat="38.85773993097246" lon="-8.157962104305625">
        <ele>126.5</ele>
      </trkpt>
      <trkpt lat="38.85761830955744" lon="-8.157973419874907">
        <ele>125</ele>
      </trkpt>
      <trkpt lat="38.85737221688032" lon="-8.157981634140015">
        <ele>121.9</ele>
      </trkpt>
      <trkpt lat="38.85699964128435" lon="-8.158020861446857">
        <ele>118.4</ele>
      </trkpt>
      <trkpt lat="38.856753800064325" lon="-8.158114654943347">
        <ele>117</ele>
      </trkpt>
      <trkpt lat="38.85638943873346" lon="-8.158311629667878">
        <ele>116.2</ele>
      </trkpt>
      <trkpt lat="38.85627410374582" lon="-8.158393520861864">
        <ele>116.3</ele>
      </trkpt>
      <trkpt lat="38.85617209598422" lon="-8.158494690433145">
        <ele>117.1</ele>
      </trkpt>
      <trkpt lat="38.85602348484099" lon="-8.158744303509593">
        <ele>119.3</ele>
      </trkpt>
      <trkpt lat="38.85592189617455" lon="-8.159277141094208">
        <ele>121.2</ele>
      </trkpt>
      <trkpt lat="38.855883004143834" lon="-8.159874938428402">
        <ele>122.8</ele>
      </trkpt>
      <trkpt lat="38.855865988880396" lon="-8.16009672358632">
        <ele>123.7</ele>
      </trkpt>
      <trkpt lat="38.85585064999759" lon="-8.160320101305842">
        <ele>124.9</ele>
      </trkpt>
      <trkpt lat="38.855856684967875" lon="-8.160562422126532">
        <ele>126.2</ele>
      </trkpt>
      <trkpt lat="38.85586439631879" lon="-8.160798037424684">
        <ele>127.5</ele>
      </trkpt>
      <trkpt lat="38.855885434895754" lon="-8.16112769767642">
        <ele>127.7</ele>
      </trkpt>
      <trkpt lat="38.855885518714786" lon="-8.161227945238352">
        <ele>127.7</ele>
      </trkpt>
      <trkpt lat="38.85587537661195" lon="-8.161321487277746">
        <ele>127.7</ele>
      </trkpt>
      <trkpt lat="38.855792144313455" lon="-8.1615708488971">
        <ele>128.6</ele>
      </trkpt>
      <trkpt lat="38.855635738000274" lon="-8.161798333749175">
        <ele>130.2</ele>
      </trkpt>
      <trkpt lat="38.85556063614786" lon="-8.16189237870276">
        <ele>130.7</ele>
      </trkpt>
      <trkpt lat="38.85552132502198" lon="-8.161929342895746">
        <ele>130.9</ele>
      </trkpt>
      <trkpt lat="38.855443792417645" lon="-8.161992793902755">
        <ele>131.1</ele>
      </trkpt>
      <trkpt lat="38.85540548712015" lon="-8.162018191069365">
        <ele>131</ele>
      </trkpt>
      <trkpt lat="38.85536793619394" lon="-8.162038307636976">
        <ele>131</ele>
      </trkpt>
      <trkpt lat="38.85529694147408" lon="-8.16207611002028">
        <ele>130.9</ele>
      </trkpt>
      <trkpt lat="38.8551957719028" lon="-8.16211768426001">
        <ele>130.9</ele>
      </trkpt>
      <trkpt lat="38.85495345108211" lon="-8.162162946537137">
        <ele>131.3</ele>
      </trkpt>
      <trkpt lat="38.854803666472435" lon="-8.162200162187219">
        <ele>131.5</ele>
      </trkpt>
      <trkpt lat="38.85470232926309" lon="-8.162236539646983">
        <ele>131.1</ele>
      </trkpt>
      <trkpt lat="38.85456587187946" lon="-8.162266043946147">
        <ele>130.4</ele>
      </trkpt>
      <trkpt lat="38.85451516136527" lon="-8.162277694791555">
        <ele>130.1</ele>
      </trkpt>
      <trkpt lat="38.85440711863339" lon="-8.16230426542461">
        <ele>129.4</ele>
      </trkpt>
      <trkpt lat="38.85422548279166" lon="-8.1623444147408">
        <ele>128</ele>
      </trkpt>
      <trkpt lat="38.854027250781655" lon="-8.162392191588879">
        <ele>126.3</ele>
      </trkpt>
      <trkpt lat="38.85388609953225" lon="-8.162426808848977">
        <ele>125.6</ele>
      </trkpt>
      <trkpt lat="38.8537382427603" lon="-8.162465784698725">
        <ele>125.1</ele>
      </trkpt>
      <trkpt lat="38.85342752560973" lon="-8.162549939006567">
        <ele>124.8</ele>
      </trkpt>
      <trkpt lat="38.853279668837786" lon="-8.162593943998218">
        <ele>124.2</ele>
      </trkpt>
      <trkpt lat="38.85306056588888" lon="-8.162651360034943">
        <ele>123.2</ele>
      </trkpt>
      <trkpt lat="38.852989822626114" lon="-8.16267030313611">
        <ele>123</ele>
      </trkpt>
      <trkpt lat="38.85291916318238" lon="-8.162686983123422">
        <ele>123</ele>
      </trkpt>
      <trkpt lat="38.852397724986076" lon="-8.162803323939443">
        <ele>124.2</ele>
      </trkpt>
      <trkpt lat="38.85187176056206" lon="-8.163003651425242">
        <ele>123.8</ele>
      </trkpt>
      <trkpt lat="38.851348310709" lon="-8.16334504634142">
        <ele>121.4</ele>
      </trkpt>
      <trkpt lat="38.85097221471369" lon="-8.163695577532053">
        <ele>118.8</ele>
      </trkpt>
      <trkpt lat="38.85068245232105" lon="-8.163979975506663">
        <ele>116</ele>
      </trkpt>
      <trkpt lat="38.85020937770605" lon="-8.1644288264215">
        <ele>114.9</ele>
      </trkpt>
      <trkpt lat="38.85015313513577" lon="-8.164475345984101">
        <ele>114.9</ele>
      </trkpt>
      <trkpt lat="38.84993562474847" lon="-8.164669135585427">
        <ele>114.7</ele>
      </trkpt>
      <trkpt lat="38.84988868609071" lon="-8.164729904383421">
        <ele>114.5</ele>
      </trkpt>
      <trkpt lat="38.849733537063" lon="-8.164903996512294">
        <ele>113.1</ele>
      </trkpt>
      <trkpt lat="38.84967712685466" lon="-8.164957724511623">
        <ele>112.4</ele>
      </trkpt>
      <trkpt lat="38.849328523501754" lon="-8.165293335914612">
        <ele>107.7</ele>
      </trkpt>
      <trkpt lat="38.849208913743496" lon="-8.16539634950459">
        <ele>107.1</ele>
      </trkpt>
      <trkpt lat="38.849155185744166" lon="-8.165451837703586">
        <ele>107.1</ele>
      </trkpt>
      <trkpt lat="38.84890071116388" lon="-8.165698936209083">
        <ele>108.7</ele>
      </trkpt>
      <trkpt lat="38.84843794628978" lon="-8.16617134027183">
        <ele>114.8</ele>
      </trkpt>
      <trkpt lat="38.84835781529546" lon="-8.166243676096201">
        <ele>115.5</ele>
      </trkpt>
      <trkpt lat="38.848321940749884" lon="-8.16628223285079">
        <ele>115.9</ele>
      </trkpt>
      <trkpt lat="38.848220352083445" lon="-8.166397903114557">
        <ele>116.7</ele>
      </trkpt>
      <trkpt lat="38.84807928465307" lon="-8.16657543182373">
        <ele>118.1</ele>
      </trkpt>
      <trkpt lat="38.84801742620766" lon="-8.166695712134242">
        <ele>119.3</ele>
      </trkpt>
      <trkpt lat="38.8479427434504" lon="-8.166801575571299">
        <ele>120.6</ele>
      </trkpt>
      <trkpt lat="38.84778038598597" lon="-8.167025875300169">
        <ele>123</ele>
      </trkpt>
      <trkpt lat="38.847678545862436" lon="-8.167142467573285">
        <ele>123.6</ele>
      </trkpt>
      <trkpt lat="38.84757360443473" lon="-8.167283870279789">
        <ele>123.7</ele>
      </trkpt>
      <trkpt lat="38.84747017174959" lon="-8.167432397603989">
        <ele>123</ele>
      </trkpt>
      <trkpt lat="38.847367158159614" lon="-8.167586121708155">
        <ele>121.9</ele>
      </trkpt>
      <trkpt lat="38.84710564278066" lon="-8.167960792779922">
        <ele>121</ele>
      </trkpt>
      <trkpt lat="38.84707781486213" lon="-8.167996583506465">
        <ele>121</ele>
      </trkpt>
      <trkpt lat="38.84669752791524" lon="-8.168556410819292">
        <ele>121</ele>
      </trkpt>
      <trkpt lat="38.84634582325816" lon="-8.169072065502405">
        <ele>123.9</ele>
      </trkpt>
      <trkpt lat="38.84615823626518" lon="-8.16934254951775">
        <ele>125.2</ele>
      </trkpt>
      <trkpt lat="38.84606955572963" lon="-8.169471295550466">
        <ele>126</ele>
      </trkpt>
      <trkpt lat="38.8459259737283" lon="-8.169665252789855">
        <ele>126.9</ele>
      </trkpt>
      <trkpt lat="38.84587970562279" lon="-8.169735996052623">
        <ele>127.2</ele>
      </trkpt>
      <trkpt lat="38.84573796764016" lon="-8.169928779825568">
        <ele>127.8</ele>
      </trkpt>
      <trkpt lat="38.845610562711954" lon="-8.170121563598514">
        <ele>128.7</ele>
      </trkpt>
      <trkpt lat="38.84552489966154" lon="-8.170250141993165">
        <ele>129.6</ele>
      </trkpt>
      <trkpt lat="38.84539959020913" lon="-8.17043462768197">
        <ele>131</ele>
      </trkpt>
      <trkpt lat="38.84526045061648" lon="-8.170603858307004">
        <ele>131.3</ele>
      </trkpt>
      <trkpt lat="38.844959205016494" lon="-8.170977104455233">
        <ele>130.3</ele>
      </trkpt>
      <trkpt lat="38.84472459554672" lon="-8.171254293993115">
        <ele>130.5</ele>
      </trkpt>
      <trkpt lat="38.844533236697316" lon="-8.171487478539348">
        <ele>131.5</ele>
      </trkpt>
      <trkpt lat="38.844235176220536" lon="-8.171847481280565">
        <ele>132.1</ele>
      </trkpt>
      <trkpt lat="38.844098802655935" lon="-8.172007743269205">
        <ele>132</ele>
      </trkpt>
      <trkpt lat="38.843960082158446" lon="-8.172166664153337">
        <ele>132.1</ele>
      </trkpt>
      <trkpt lat="38.843597397208214" lon="-8.172599337995052">
        <ele>133.2</ele>
      </trkpt>
      <trkpt lat="38.843215769156814" lon="-8.173069646582007">
        <ele>134</ele>
      </trkpt>
      <trkpt lat="38.84295207448304" lon="-8.173385979607701">
        <ele>134.6</ele>
      </trkpt>
      <trkpt lat="38.84252795018256" lon="-8.17390339449048">
        <ele>134.6</ele>
      </trkpt>
      <trkpt lat="38.84228135459125" lon="-8.17420145496726">
        <ele>136.1</ele>
      </trkpt>
      <trkpt lat="38.84221781976521" lon="-8.174279406666756">
        <ele>136.5</ele>
      </trkpt>
      <trkpt lat="38.842058815062046" lon="-8.174470430240035">
        <ele>137.9</ele>
      </trkpt>
      <trkpt lat="38.841968374326825" lon="-8.174576964229345">
        <ele>138.7</ele>
      </trkpt>
      <trkpt lat="38.841830575838685" lon="-8.174744937568903">
        <ele>140.2</ele>
      </trkpt>
      <trkpt lat="38.84172982536256" lon="-8.174875192344189">
        <ele>141.2</ele>
      </trkpt>
      <trkpt lat="38.84157761000097" lon="-8.175064707174897">
        <ele>142.5</ele>
      </trkpt>
      <trkpt lat="38.841393794864416" lon="-8.1752700638026">
        <ele>143</ele>
      </trkpt>
      <trkpt lat="38.84136278182268" lon="-8.175299149006605">
        <ele>143.1</ele>
      </trkpt>
      <trkpt lat="38.84097386151552" lon="-8.17559452727437">
        <ele>140.4</ele>
      </trkpt>
      <trkpt lat="38.84080161340535" lon="-8.175720423460007">
        <ele>138.9</ele>
      </trkpt>
      <trkpt lat="38.84065358899534" lon="-8.175820000469685">
        <ele>138.1</ele>
      </trkpt>
      <trkpt lat="38.84033750742674" lon="-8.176029548048973">
        <ele>137.7</ele>
      </trkpt>
      <trkpt lat="38.8402824383229" lon="-8.176067937165499">
        <ele>137.7</ele>
      </trkpt>
      <trkpt lat="38.83998672477901" lon="-8.176273293793201">
        <ele>137.4</ele>
      </trkpt>
      <trkpt lat="38.83992570452392" lon="-8.17631528712809">
        <ele>137.3</ele>
      </trkpt>
      <trkpt lat="38.83960861712694" lon="-8.176529360935092">
        <ele>136</ele>
      </trkpt>
      <trkpt lat="38.839222295209765" lon="-8.176795821636915">
        <ele>135</ele>
      </trkpt>
      <trkpt lat="38.83874209597707" lon="-8.17711466923356">
        <ele>135.5</ele>
      </trkpt>
      <trkpt lat="38.83820850402117" lon="-8.177464446052909">
        <ele>135.5</ele>
      </trkpt>
      <trkpt lat="38.837697207927704" lon="-8.177812043577433">
        <ele>133.9</ele>
      </trkpt>
      <trkpt lat="38.83758262731135" lon="-8.177889408543706">
        <ele>133.6</ele>
      </trkpt>
      <trkpt lat="38.83706144057214" lon="-8.178234240040183">
        <ele>133.1</ele>
      </trkpt>
      <trkpt lat="38.8365766312927" lon="-8.17860011011362">
        <ele>133.7</ele>
      </trkpt>
      <trkpt lat="38.836128702387214" lon="-8.179075615480542">
        <ele>133.2</ele>
      </trkpt>
      <trkpt lat="38.83578688837588" lon="-8.179455064237118">
        <ele>132.8</ele>
      </trkpt>
      <trkpt lat="38.835520846769214" lon="-8.17974884994328">
        <ele>132.4</ele>
      </trkpt>
      <trkpt lat="38.83527986705303" lon="-8.180018998682499">
        <ele>131</ele>
      </trkpt>
      <trkpt lat="38.835215494036674" lon="-8.180091502144933">
        <ele>130.5</ele>
      </trkpt>
      <trkpt lat="38.83501307107508" lon="-8.18031756207347">
        <ele>128.9</ele>
      </trkpt>
      <trkpt lat="38.83479807525873" lon="-8.180553931742907">
        <ele>127</ele>
      </trkpt>
      <trkpt lat="38.834650134667754" lon="-8.180713020265102">
        <ele>125.9</ele>
      </trkpt>
      <trkpt lat="38.83449708111584" lon="-8.18087168969214">
        <ele>125.2</ele>
      </trkpt>
      <trkpt lat="38.83433715440333" lon="-8.18103002384305">
        <ele>124.2</ele>
      </trkpt>
      <trkpt lat="38.8341692648828" lon="-8.181185759603977">
        <ele>123.6</ele>
      </trkpt>
      <trkpt lat="38.83399265818298" lon="-8.181338896974921">
        <ele>122.2</ele>
      </trkpt>
      <trkpt lat="38.83380951359868" lon="-8.181489016860723">
        <ele>120.5</ele>
      </trkpt>
      <trkpt lat="38.83354573510587" lon="-8.181729912757874">
        <ele>116.8</ele>
      </trkpt>
      <trkpt lat="38.83336720056832" lon="-8.1818856485188">
        <ele>114.6</ele>
      </trkpt>
      <trkpt lat="38.83319922722876" lon="-8.182041384279728">
        <ele>113.8</ele>
      </trkpt>
      <trkpt lat="38.83303846232593" lon="-8.182187313213944">
        <ele>114.7</ele>
      </trkpt>
      <trkpt lat="38.83268063887954" lon="-8.182511776685715">
        <ele>120</ele>
      </trkpt>
      <trkpt lat="38.83239188231528" lon="-8.182770777493715">
        <ele>123.8</ele>
      </trkpt>
      <trkpt lat="38.832241259515285" lon="-8.182903630658984">
        <ele>124.5</ele>
      </trkpt>
      <trkpt lat="38.832150902599096" lon="-8.18298501893878">
        <ele>124.8</ele>
      </trkpt>
      <trkpt lat="38.832064904272556" lon="-8.18306028842926">
        <ele>125</ele>
      </trkpt>
      <trkpt lat="38.831948563456535" lon="-8.183166235685349">
        <ele>125.2</ele>
      </trkpt>
      <trkpt lat="38.83184026926756" lon="-8.183278385549784">
        <ele>125.1</ele>
      </trkpt>
      <trkpt lat="38.83176349103451" lon="-8.183347284793854">
        <ele>125</ele>
      </trkpt>
      <trkpt lat="38.83168688043952" lon="-8.183421045541763">
        <ele>124.9</ele>
      </trkpt>
      <trkpt lat="38.83142595179379" lon="-8.183655990287662">
        <ele>125</ele>
      </trkpt>
      <trkpt lat="38.831349927932024" lon="-8.183725392445922">
        <ele>125.2</ele>
      </trkpt>
      <trkpt lat="38.831131579354405" lon="-8.183931754902005">
        <ele>126.6</ele>
      </trkpt>
      <trkpt lat="38.831060752272606" lon="-8.183995373547077">
        <ele>127.3</ele>
      </trkpt>
      <trkpt lat="38.83078406564891" lon="-8.184302654117346">
        <ele>128.9</ele>
      </trkpt>
      <trkpt lat="38.830670742318034" lon="-8.184413546696305">
        <ele>128.9</ele>
      </trkpt>
      <trkpt lat="38.83055775426328" lon="-8.184597110375762">
        <ele>128.2</ele>
      </trkpt>
      <trkpt lat="38.83021996356547" lon="-8.185136737301946">
        <ele>125.1</ele>
      </trkpt>
      <trkpt lat="38.829920310527086" lon="-8.185617607086897">
        <ele>123.5</ele>
      </trkpt>
      <trkpt lat="38.82977278903127" lon="-8.185858586803079">
        <ele>122.7</ele>
      </trkpt>
      <trkpt lat="38.82961227558553" lon="-8.186095207929611">
        <ele>121.8</ele>
      </trkpt>
      <trkpt lat="38.82949107326567" lon="-8.186291931197047">
        <ele>120.6</ele>
      </trkpt>
      <trkpt lat="38.82930046878755" lon="-8.186602732166648">
        <ele>119.8</ele>
      </trkpt>
      <trkpt lat="38.82922436110675" lon="-8.186721000820398">
        <ele>119.5</ele>
      </trkpt>
      <trkpt lat="38.82906896062195" lon="-8.186965668573976">
        <ele>118.9</ele>
      </trkpt>
      <trkpt lat="38.828857988119125" lon="-8.1872976757586">
        <ele>117.5</ele>
      </trkpt>
      <trkpt lat="38.828724632039666" lon="-8.187513258308172">
        <ele>116.3</ele>
      </trkpt>
      <trkpt lat="38.828494884073734" lon="-8.187876446172595">
        <ele>114.7</ele>
      </trkpt>
      <trkpt lat="38.828309308737516" lon="-8.188168555498123">
        <ele>114.5</ele>
      </trkpt>
      <trkpt lat="38.827970679849386" lon="-8.18870734423399">
        <ele>116.7</ele>
      </trkpt>
      <trkpt lat="38.827668596059084" lon="-8.189193829894066">
        <ele>120.1</ele>
      </trkpt>
      <trkpt lat="38.82755611091852" lon="-8.18937437608838">
        <ele>120.9</ele>
      </trkpt>
      <trkpt lat="38.827478997409344" lon="-8.189499266445637">
        <ele>121.3</ele>
      </trkpt>
      <trkpt lat="38.827381851151586" lon="-8.18965433165431">
        <ele>121.7</ele>
      </trkpt>
      <trkpt lat="38.82726173847914" lon="-8.189840074628592">
        <ele>122</ele>
      </trkpt>
      <trkpt lat="38.82719183340669" lon="-8.189954571425915">
        <ele>122</ele>
      </trkpt>
      <trkpt lat="38.82709083147347" lon="-8.190114749595523">
        <ele>122.4</ele>
      </trkpt>
      <trkpt lat="38.82706560194492" lon="-8.19015716202557">
        <ele>122.5</ele>
      </trkpt>
      <trkpt lat="38.826720183715224" lon="-8.19070047698915">
        <ele>122.6</ele>
      </trkpt>
      <trkpt lat="38.826594706624746" lon="-8.190893093124032">
        <ele>122.8</ele>
      </trkpt>
      <trkpt lat="38.82641600444913" lon="-8.191176149994135">
        <ele>123.3</ele>
      </trkpt>
      <trkpt lat="38.82606371305883" lon="-8.19171829149127">
        <ele>124.1</ele>
      </trkpt>
      <trkpt lat="38.82592021487653" lon="-8.191938064992428">
        <ele>123.7</ele>
      </trkpt>
      <trkpt lat="38.82571049965918" lon="-8.1922641210258">
        <ele>124</ele>
      </trkpt>
      <trkpt lat="38.82544026710093" lon="-8.192685395479202">
        <ele>126.5</ele>
      </trkpt>
      <trkpt lat="38.82507515139878" lon="-8.193251509219408">
        <ele>127.2</ele>
      </trkpt>
      <trkpt lat="38.82476703263819" lon="-8.193744448944926">
        <ele>124.1</ele>
      </trkpt>
      <trkpt lat="38.82457408122718" lon="-8.194047203287482">
        <ele>124</ele>
      </trkpt>
      <trkpt lat="38.82442547008395" lon="-8.194284997880459">
        <ele>124</ele>
      </trkpt>
      <trkpt lat="38.82431633770466" lon="-8.194448444992304">
        <ele>124.5</ele>
      </trkpt>
      <trkpt lat="38.82424542680383" lon="-8.194563360884786">
        <ele>124.7</ele>
      </trkpt>
      <trkpt lat="38.82399782538414" lon="-8.194956304505467">
        <ele>124.1</ele>
      </trkpt>
      <trkpt lat="38.82390646263957" lon="-8.195100808516145">
        <ele>123.3</ele>
      </trkpt>
      <trkpt lat="38.823716612532735" lon="-8.195392331108451">
        <ele>121.4</ele>
      </trkpt>
      <trkpt lat="38.82362441159785" lon="-8.195541026070714">
        <ele>120.7</ele>
      </trkpt>
      <trkpt lat="38.82348585873842" lon="-8.195768175646663">
        <ele>119.7</ele>
      </trkpt>
      <trkpt lat="38.823345294222236" lon="-8.195991888642311">
        <ele>118.6</ele>
      </trkpt>
      <trkpt lat="38.82321109995246" lon="-8.196202861145139">
        <ele>117.7</ele>
      </trkpt>
      <trkpt lat="38.823009096086025" lon="-8.196518775075674">
        <ele>117.3</ele>
      </trkpt>
      <trkpt lat="38.822937263175845" lon="-8.196645509451628">
        <ele>117.4</ele>
      </trkpt>
      <trkpt lat="38.82285780273378" lon="-8.196765035390854">
        <ele>118</ele>
      </trkpt>
      <trkpt lat="38.82266485132277" lon="-8.19706929847598">
        <ele>119.4</ele>
      </trkpt>
      <trkpt lat="38.822376262396574" lon="-8.197517730295658">
        <ele>119.5</ele>
      </trkpt>
      <trkpt lat="38.822272745892406" lon="-8.197682769969106">
        <ele>119.5</ele>
      </trkpt>
      <trkpt lat="38.822202337905765" lon="-8.197793830186129">
        <ele>119.9</ele>
      </trkpt>
      <trkpt lat="38.82195490412414" lon="-8.198179816827178">
        <ele>121.4</ele>
      </trkpt>
      <trkpt lat="38.821710320189595" lon="-8.1985689047724">
        <ele>121.9</ele>
      </trkpt>
      <trkpt lat="38.82134738378227" lon="-8.199132923036814">
        <ele>122.6</ele>
      </trkpt>
      <trkpt lat="38.821221236139536" lon="-8.199337273836136">
        <ele>122.5</ele>
      </trkpt>
      <trkpt lat="38.820863580331206" lon="-8.199897855520248">
        <ele>121.7</ele>
      </trkpt>
      <trkpt lat="38.82079677656293" lon="-8.200004138052464">
        <ele>121.6</ele>
      </trkpt>
      <trkpt lat="38.82044892758131" lon="-8.20054929703474">
        <ele>122.2</ele>
      </trkpt>
      <trkpt lat="38.82020275108516" lon="-8.200950538739562">
        <ele>123.3</ele>
      </trkpt>
      <trkpt lat="38.82007719017565" lon="-8.20113904774189">
        <ele>125</ele>
      </trkpt>
      <trkpt lat="38.819959172979" lon="-8.201334178447723">
        <ele>127.2</ele>
      </trkpt>
      <trkpt lat="38.819822715595365" lon="-8.201559567824006">
        <ele>128.5</ele>
      </trkpt>
      <trkpt lat="38.81973495706916" lon="-8.201678171753883">
        <ele>129.6</ele>
      </trkpt>
      <trkpt lat="38.81956782191992" lon="-8.20191202685237">
        <ele>131.5</ele>
      </trkpt>
      <trkpt lat="38.8194858469069" lon="-8.202049070969224">
        <ele>132.8</ele>
      </trkpt>
      <trkpt lat="38.81917865015566" lon="-8.202551230788231">
        <ele>131.5</ele>
      </trkpt>
      <trkpt lat="38.819078989326954" lon="-8.202687688171864">
        <ele>130.6</ele>
      </trkpt>
      <trkpt lat="38.818954937160015" lon="-8.202856834977865">
        <ele>129.7</ele>
      </trkpt>
      <trkpt lat="38.818903639912605" lon="-8.202949622645974">
        <ele>129.3</ele>
      </trkpt>
      <trkpt lat="38.818659307435155" lon="-8.203366287052631">
        <ele>129.4</ele>
      </trkpt>
      <trkpt lat="38.8185914978385" lon="-8.203477431088686">
        <ele>129.2</ele>
      </trkpt>
      <trkpt lat="38.81842159666121" lon="-8.203741544857621">
        <ele>128.9</ele>
      </trkpt>
      <trkpt lat="38.81806586869061" lon="-8.20432341657579">
        <ele>130.8</ele>
      </trkpt>
      <trkpt lat="38.8179680518806" lon="-8.20447688922286">
        <ele>131.4</ele>
      </trkpt>
      <trkpt lat="38.81789990700781" lon="-8.204591553658247">
        <ele>131.7</ele>
      </trkpt>
      <trkpt lat="38.817855566740036" lon="-8.204663805663586">
        <ele>132.1</ele>
      </trkpt>
      <trkpt lat="38.81775305606425" lon="-8.204831024631858">
        <ele>132.9</ele>
      </trkpt>
      <trkpt lat="38.81763864308596" lon="-8.205017605796456">
        <ele>134</ele>
      </trkpt>
      <trkpt lat="38.81756706163287" lon="-8.205133276060224">
        <ele>134.8</ele>
      </trkpt>
      <trkpt lat="38.81747670471668" lon="-8.205278115347028">
        <ele>135.8</ele>
      </trkpt>
      <trkpt lat="38.817310240119696" lon="-8.205541390925646">
        <ele>137.5</ele>
      </trkpt>
      <trkpt lat="38.817220302298665" lon="-8.2056905888021">
        <ele>138.4</ele>
      </trkpt>
      <trkpt lat="38.81716280244291" lon="-8.205767702311277">
        <ele>138.9</ele>
      </trkpt>
      <trkpt lat="38.81712717935443" lon="-8.205828471109271">
        <ele>139.3</ele>
      </trkpt>
      <trkpt lat="38.81707202643156" lon="-8.205921677872539">
        <ele>140</ele>
      </trkpt>
      <trkpt lat="38.81701838225126" lon="-8.20601413026452">
        <ele>140.8</ele>
      </trkpt>
      <trkpt lat="38.816830879077315" lon="-8.206307664513588">
        <ele>143</ele>
      </trkpt>
      <trkpt lat="38.816635916009545" lon="-8.206568341702223">
        <ele>143.7</ele>
      </trkpt>
      <trkpt lat="38.81661420688033" lon="-8.206600192934275">
        <ele>143.7</ele>
      </trkpt>
      <trkpt lat="38.816496608778834" lon="-8.20680370554328">
        <ele>143.8</ele>
      </trkpt>
      <trkpt lat="38.81640298292041" lon="-8.20696690119803">
        <ele>143.7</ele>
      </trkpt>
      <trkpt lat="38.816276332363486" lon="-8.20717703551054">
        <ele>143.2</ele>
      </trkpt>
      <trkpt lat="38.81604926660657" lon="-8.207536032423377">
        <ele>142.5</ele>
      </trkpt>
      <trkpt lat="38.81598397158086" lon="-8.2076315023005">
        <ele>142.4</ele>
      </trkpt>
      <trkpt lat="38.81575279869139" lon="-8.207980189472437">
        <ele>141.6</ele>
      </trkpt>
      <trkpt lat="38.815685994923115" lon="-8.208079598844051">
        <ele>141.3</ele>
      </trkpt>
      <trkpt lat="38.81559253670275" lon="-8.208226868882775">
        <ele>140.5</ele>
      </trkpt>
      <trkpt lat="38.81556102074683" lon="-8.208277327939868">
        <ele>140.3</ele>
      </trkpt>
      <trkpt lat="38.81539028137922" lon="-8.208543872460723">
        <ele>139.4</ele>
      </trkpt>
      <trkpt lat="38.81520705297589" lon="-8.208823325112462">
        <ele>138.7</ele>
      </trkpt>
      <trkpt lat="38.814835734665394" lon="-8.20942279882729">
        <ele>138.2</ele>
      </trkpt>
      <trkpt lat="38.81480036303401" lon="-8.209483986720443">
        <ele>138.2</ele>
      </trkpt>
      <trkpt lat="38.814584193751216" lon="-8.209835942834616">
        <ele>137.5</ele>
      </trkpt>
      <trkpt lat="38.8142654299736" lon="-8.210341539233923">
        <ele>136.4</ele>
      </trkpt>
      <trkpt lat="38.81398832425475" lon="-8.210784941911697">
        <ele>136.4</ele>
      </trkpt>
      <trkpt lat="38.81364583969116" lon="-8.211331022903323">
        <ele>136.8</ele>
      </trkpt>
      <trkpt lat="38.81328474730253" lon="-8.211927646771073">
        <ele>138.6</ele>
      </trkpt>
      <trkpt lat="38.81300722248852" lon="-8.212600713595748">
        <ele>137.5</ele>
      </trkpt>
      <trkpt lat="38.812867160886526" lon="-8.213231870904565">
        <ele>134.7</ele>
      </trkpt>
      <trkpt lat="38.812805050984025" lon="-8.21355951949954">
        <ele>132.8</ele>
      </trkpt>
      <trkpt lat="38.81277546286583" lon="-8.213727660477161">
        <ele>132.2</ele>
      </trkpt>
      <trkpt lat="38.81265828385949" lon="-8.214425537735224">
        <ele>132.9</ele>
      </trkpt>
      <trkpt lat="38.81264462135732" lon="-8.2145113684237">
        <ele>132.9</ele>
      </trkpt>
      <trkpt lat="38.8125991076231" lon="-8.21476299315691">
        <ele>132.4</ele>
      </trkpt>
      <trkpt lat="38.81255476735532" lon="-8.215010678395629">
        <ele>132.7</ele>
      </trkpt>
      <trkpt lat="38.81241797469556" lon="-8.215763457119465">
        <ele>132.6</ele>
      </trkpt>
      <trkpt lat="38.81230381317437" lon="-8.216336779296398">
        <ele>131.1</ele>
      </trkpt>
      <trkpt lat="38.81224690005183" lon="-8.216660991311073">
        <ele>130.8</ele>
      </trkpt>
      <trkpt lat="38.81212796084583" lon="-8.21730824187398">
        <ele>130.3</ele>
      </trkpt>
      <trkpt lat="38.81199527531862" lon="-8.218024726957083">
        <ele>129</ele>
      </trkpt>
      <trkpt lat="38.81187147460878" lon="-8.218713216483593">
        <ele>126.4</ele>
      </trkpt>
      <trkpt lat="38.81181229837239" lon="-8.219060143455863">
        <ele>125.5</ele>
      </trkpt>
      <trkpt lat="38.81171381101012" lon="-8.219603039324284">
        <ele>124.8</ele>
      </trkpt>
      <trkpt lat="38.811651868745685" lon="-8.219954995438457">
        <ele>124.8</ele>
      </trkpt>
      <trkpt lat="38.811637200415134" lon="-8.22003973647952">
        <ele>125</ele>
      </trkpt>
      <trkpt lat="38.811594787985086" lon="-8.220282895490527">
        <ele>125.5</ele>
      </trkpt>
      <trkpt lat="38.8114576600492" lon="-8.221003487706184">
        <ele>125.3</ele>
      </trkpt>
      <trkpt lat="38.81138247437775" lon="-8.22141126729548">
        <ele>125.2</ele>
      </trkpt>
      <trkpt lat="38.81133897230029" lon="-8.221674542874098">
        <ele>126</ele>
      </trkpt>
      <trkpt lat="38.81129396148026" lon="-8.221927676349878">
        <ele>126.9</ele>
      </trkpt>
      <trkpt lat="38.81123763509095" lon="-8.222228586673737">
        <ele>127.8</ele>
      </trkpt>
      <trkpt lat="38.811225313693285" lon="-8.222287595272064">
        <ele>128.1</ele>
      </trkpt>
      <trkpt lat="38.811215003952384" lon="-8.222347190603614">
        <ele>128.4</ele>
      </trkpt>
      <trkpt lat="38.81112925708294" lon="-8.222811883315444">
        <ele>129.9</ele>
      </trkpt>
      <trkpt lat="38.81104476749897" lon="-8.223260482773185">
        <ele>130.7</ele>
      </trkpt>
      <trkpt lat="38.81093152798712" lon="-8.223867081105709">
        <ele>130.3</ele>
      </trkpt>
      <trkpt lat="38.810874950140715" lon="-8.224192718043923">
        <ele>130.9</ele>
      </trkpt>
      <trkpt lat="38.81076917052269" lon="-8.224777691066265">
        <ele>130.7</ele>
      </trkpt>
      <trkpt lat="38.81071108393371" lon="-8.225092515349388">
        <ele>128.6</ele>
      </trkpt>
      <trkpt lat="38.81065199151635" lon="-8.225424019619823">
        <ele>126.1</ele>
      </trkpt>
      <trkpt lat="38.8105027936399" lon="-8.226107144728303">
        <ele>124.6</ele>
      </trkpt>
      <trkpt lat="38.81023650057614" lon="-8.226678874343634">
        <ele>123.3</ele>
      </trkpt>
      <trkpt lat="38.81008705124259" lon="-8.226931253448129">
        <ele>122.4</ele>
      </trkpt>
      <trkpt lat="38.81003525108099" lon="-8.227016748860478">
        <ele>122.4</ele>
      </trkpt>
      <trkpt lat="38.80992880091071" lon="-8.227185811847448">
        <ele>121.6</ele>
      </trkpt>
      <trkpt lat="38.80982059054077" lon="-8.227354791015387">
        <ele>121.1</ele>
      </trkpt>
      <trkpt lat="38.8097133859992" lon="-8.227530727162957">
        <ele>120.4</ele>
      </trkpt>
      <trkpt lat="38.80961020477116" lon="-8.227712363004684">
        <ele>119.4</ele>
      </trkpt>
      <trkpt lat="38.809501491487026" lon="-8.227891232818365">
        <ele>118.4</ele>
      </trkpt>
      <trkpt lat="38.8093386311084" lon="-8.228159621357918">
        <ele>116.1</ele>
      </trkpt>
      <trkpt lat="38.80922899581492" lon="-8.228342765942216">
        <ele>115</ele>
      </trkpt>
      <trkpt lat="38.80906093865633" lon="-8.228620626032352">
        <ele>113.9</ele>
      </trkpt>
      <trkpt lat="38.808942921459675" lon="-8.22880083695054">
        <ele>112.9</ele>
      </trkpt>
      <trkpt lat="38.80876874551177" lon="-8.229080624878407">
        <ele>111.3</ele>
      </trkpt>
      <trkpt lat="38.80866430699825" lon="-8.229281539097428">
        <ele>110.3</ele>
      </trkpt>
      <trkpt lat="38.808548636734486" lon="-8.229474993422627">
        <ele>109.7</ele>
      </trkpt>
      <trkpt lat="38.80837152712047" lon="-8.229760145768523">
        <ele>108.7</ele>
      </trkpt>
      <trkpt lat="38.80819852463901" lon="-8.2300531771034">
        <ele>107.3</ele>
      </trkpt>
      <trkpt lat="38.80807011388242" lon="-8.230232549831271">
        <ele>106.2</ele>
      </trkpt>
      <trkpt lat="38.80792737007141" lon="-8.230386944487691">
        <ele>104.9</ele>
      </trkpt>
      <trkpt lat="38.807849418371916" lon="-8.230450227856636">
        <ele>104.4</ele>
      </trkpt>
      <trkpt lat="38.80759318359196" lon="-8.230570675805211">
        <ele>103.3</ele>
      </trkpt>
      <trkpt lat="38.807504922151566" lon="-8.230595905333757">
        <ele>102.9</ele>
      </trkpt>
      <trkpt lat="38.80741716362536" lon="-8.230614010244608">
        <ele>102.3</ele>
      </trkpt>
      <trkpt lat="38.8071595877409" lon="-8.23058769106865">
        <ele>100.5</ele>
      </trkpt>
      <trkpt lat="38.80664108321071" lon="-8.230460537597537">
        <ele>99.2</ele>
      </trkpt>
      <trkpt lat="38.806429859250784" lon="-8.230397421866655">
        <ele>100.3</ele>
      </trkpt>
      <trkpt lat="38.80629331804812" lon="-8.230358781293035">
        <ele>101.4</ele>
      </trkpt>
      <trkpt lat="38.80578042939305" lon="-8.230227185413241">
        <ele>105.1</ele>
      </trkpt>
      <trkpt lat="38.80568789318204" lon="-8.230204051360488">
        <ele>106</ele>
      </trkpt>
      <trkpt lat="38.80560088902712" lon="-8.230185024440289">
        <ele>106.8</ele>
      </trkpt>
      <trkpt lat="38.80551849491894" lon="-8.230166416615248">
        <ele>107.5</ele>
      </trkpt>
      <trkpt lat="38.80547817796469" lon="-8.23015728034079">
        <ele>107.6</ele>
      </trkpt>
      <trkpt lat="38.80536284297705" lon="-8.230129117146134">
        <ele>108.8</ele>
      </trkpt>
      <trkpt lat="38.80521557293832" lon="-8.230080418288708">
        <ele>110</ele>
      </trkpt>
      <trkpt lat="38.80510694347322" lon="-8.23005460202694">
        <ele>110.8</ele>
      </trkpt>
      <trkpt lat="38.80496134981513" lon="-8.230027193203568">
        <ele>111.8</ele>
      </trkpt>
      <trkpt lat="38.80481818690896" lon="-8.229992827400565">
        <ele>113</ele>
      </trkpt>
      <trkpt lat="38.80460511893034" lon="-8.229935495182872">
        <ele>114.4</ele>
      </trkpt>
      <trkpt lat="38.80437855608761" lon="-8.229816304519773">
        <ele>116.2</ele>
      </trkpt>
      <trkpt lat="38.80427319556475" lon="-8.22972435504198">
        <ele>117.2</ele>
      </trkpt>
      <trkpt lat="38.80412617698312" lon="-8.229550179094076">
        <ele>119.2</ele>
      </trkpt>
      <trkpt lat="38.803998017683625" lon="-8.229403160512447">
        <ele>121.1</ele>
      </trkpt>
      <trkpt lat="38.80387723445892" lon="-8.229260165244341">
        <ele>122.7</ele>
      </trkpt>
      <trkpt lat="38.80376189947128" lon="-8.229126138612628">
        <ele>123.9</ele>
      </trkpt>
      <trkpt lat="38.80366810597479" lon="-8.228979203850031">
        <ele>124.1</ele>
      </trkpt>
      <trkpt lat="38.803515722975135" lon="-8.228818271309137">
        <ele>124.5</ele>
      </trkpt>
      <trkpt lat="38.803365686908364" lon="-8.228731602430344">
        <ele>125.6</ele>
      </trkpt>
      <trkpt lat="38.80318044684827" lon="-8.228606041520834">
        <ele>126.7</ele>
      </trkpt>
      <trkpt lat="38.80299855954945" lon="-8.228547535836697">
        <ele>128.2</ele>
      </trkpt>
      <trkpt lat="38.80286302417517" lon="-8.22849347256124">
        <ele>129.1</ele>
      </trkpt>
      <trkpt lat="38.80263595841825" lon="-8.228412168100476">
        <ele>130.6</ele>
      </trkpt>
      <trkpt lat="38.802476450800896" lon="-8.228356428444386">
        <ele>131.6</ele>
      </trkpt>
      <trkpt lat="38.80242884159088" lon="-8.228345112875104">
        <ele>131.9</ele>
      </trkpt>
      <trkpt lat="38.80222809500992" lon="-8.228265065699816">
        <ele>133.2</ele>
      </trkpt>
      <trkpt lat="38.80205266177654" lon="-8.228200608864427">
        <ele>134.5</ele>
      </trkpt>
      <trkpt lat="38.80184235982597" lon="-8.22813724167645">
        <ele>136.1</ele>
      </trkpt>
      <trkpt lat="38.80163733847439" lon="-8.228136487305164">
        <ele>137.8</ele>
      </trkpt>
      <trkpt lat="38.8014314789325" lon="-8.228141767904162">
        <ele>138.9</ele>
      </trkpt>
      <trkpt lat="38.8011967856437" lon="-8.22816020809114">
        <ele>140.2</ele>
      </trkpt>
      <trkpt lat="38.801068710163236" lon="-8.228157022967935">
        <ele>140.9</ele>
      </trkpt>
      <trkpt lat="38.80097458139062" lon="-8.228150568902493">
        <ele>141.6</ele>
      </trkpt>
      <trkpt lat="38.80079881288111" lon="-8.22814897634089">
        <ele>143</ele>
      </trkpt>
      <trkpt lat="38.80065305158496" lon="-8.228144031018019">
        <ele>143.8</ele>
      </trkpt>
      <trkpt lat="38.80046043545008" lon="-8.228158699348569">
        <ele>144.2</ele>
      </trkpt>
      <trkpt lat="38.800286846235394" lon="-8.228134727105498">
        <ele>143.5</ele>
      </trkpt>
      <trkpt lat="38.800143264234066" lon="-8.228170434013009">
        <ele>143.3</ele>
      </trkpt>
      <trkpt lat="38.80012742243707" lon="-8.228174792602658">
        <ele>143.2</ele>
      </trkpt>
      <trkpt lat="38.80004804581404" lon="-8.228184767067432">
        <ele>143.1</ele>
      </trkpt>
      <trkpt lat="38.799942936748266" lon="-8.22819147258997">
        <ele>142.8</ele>
      </trkpt>
      <trkpt lat="38.79984092898667" lon="-8.22819591499865">
        <ele>142.6</ele>
      </trkpt>
      <trkpt lat="38.79971930757165" lon="-8.228201195597649">
        <ele>143</ele>
      </trkpt>
      <trkpt lat="38.79965770058334" lon="-8.228212092071772">
        <ele>143.2</ele>
      </trkpt>
      <trkpt lat="38.799532977864146" lon="-8.228250229731202">
        <ele>144</ele>
      </trkpt>
      <trkpt lat="38.799469359219074" lon="-8.228276213631034">
        <ele>144.6</ele>
      </trkpt>
      <trkpt lat="38.799348743632436" lon="-8.228328684344888">
        <ele>145.3</ele>
      </trkpt>
      <trkpt lat="38.79916928708553" lon="-8.228396577760577">
        <ele>146.5</ele>
      </trkpt>
      <trkpt lat="38.79899578168988" lon="-8.228454748168588">
        <ele>147.4</ele>
      </trkpt>
      <trkpt lat="38.798826886340976" lon="-8.228520210832357">
        <ele>148.4</ele>
      </trkpt>
      <trkpt lat="38.798667127266526" lon="-8.228578632697463">
        <ele>149.7</ele>
      </trkpt>
      <trkpt lat="38.79856436513364" lon="-8.228613249957561">
        <ele>150.5</ele>
      </trkpt>
      <trkpt lat="38.798510637134314" lon="-8.228621631860733">
        <ele>151</ele>
      </trkpt>
      <trkpt lat="38.798353308811784" lon="-8.228647196665406">
        <ele>152.1</ele>
      </trkpt>
      <trkpt lat="38.79820411093533" lon="-8.228652393445373">
        <ele>152.3</ele>
      </trkpt>
      <trkpt lat="38.79815708845854" lon="-8.228657590225339">
        <ele>152.3</ele>
      </trkpt>
      <trkpt lat="38.79806480370462" lon="-8.228656332939863">
        <ele>152.4</ele>
      </trkpt>
      <trkpt lat="38.7978998478502" lon="-8.228632025420666">
        <ele>152.7</ele>
      </trkpt>
      <trkpt lat="38.79782348871231" lon="-8.228628672659397">
        <ele>152.8</ele>
      </trkpt>
      <trkpt lat="38.797681080177426" lon="-8.228633115068078">
        <ele>153</ele>
      </trkpt>
      <trkpt lat="38.79738746210933" lon="-8.228597827255726">
        <ele>154.2</ele>
      </trkpt>
      <trkpt lat="38.79719568416476" lon="-8.228568574413657">
        <ele>155.7</ele>
      </trkpt>
      <trkpt lat="38.796960739418864" lon="-8.228570250794291">
        <ele>157.4</ele>
      </trkpt>
      <trkpt lat="38.796926625072956" lon="-8.228573855012655">
        <ele>157.6</ele>
      </trkpt>
      <trkpt lat="38.796711126342416" lon="-8.228554241359234">
        <ele>158.5</ele>
      </trkpt>
      <trkpt lat="38.79637870006263" lon="-8.22852037847042">
        <ele>159.4</ele>
      </trkpt>
      <trkpt lat="38.79603210836649" lon="-8.228495651856065">
        <ele>160.3</ele>
      </trkpt>
      <trkpt lat="38.795762127265334" lon="-8.228462962433696">
        <ele>161.4</ele>
      </trkpt>
      <trkpt lat="38.795529110357165" lon="-8.228453323245049">
        <ele>162.8</ele>
      </trkpt>
      <trkpt lat="38.79533490166068" lon="-8.228442426770926">
        <ele>164</ele>
      </trkpt>
      <trkpt lat="38.79500666633248" lon="-8.228409821167588">
        <ele>165.5</ele>
      </trkpt>
      <trkpt lat="38.79472838714719" lon="-8.228376545011997">
        <ele>166.1</ele>
      </trkpt>
      <trkpt lat="38.794296802952886" lon="-8.228344358503819">
        <ele>167</ele>
      </trkpt>
      <trkpt lat="38.79425656981766" lon="-8.228338155895472">
        <ele>167.2</ele>
      </trkpt>
      <trkpt lat="38.794142911210656" lon="-8.228317201137543">
        <ele>167.8</ele>
      </trkpt>
      <trkpt lat="38.79398575052619" lon="-8.228282919153571">
        <ele>168.6</ele>
      </trkpt>
      <trkpt lat="38.79386689513922" lon="-8.228270262479782">
        <ele>169.2</ele>
      </trkpt>
      <trkpt lat="38.79360789433122" lon="-8.228228688240051">
        <ele>170.7</ele>
      </trkpt>
      <trkpt lat="38.79343413747847" lon="-8.22819884866476">
        <ele>171.5</ele>
      </trkpt>
      <trkpt lat="38.79328552633524" lon="-8.228158364072442">
        <ele>171.9</ele>
      </trkpt>
      <trkpt lat="38.79299710504711" lon="-8.228122405707836">
        <ele>172.1</ele>
      </trkpt>
      <trkpt lat="38.792432667687535" lon="-8.228030037134886">
        <ele>173.2</ele>
      </trkpt>
      <trkpt lat="38.79207216203213" lon="-8.227960132062435">
        <ele>175.9</ele>
      </trkpt>
      <trkpt lat="38.79191248677671" lon="-8.22784747928381">
        <ele>177.2</ele>
      </trkpt>
      <trkpt lat="38.79176211543381" lon="-8.227703142911196">
        <ele>178</ele>
      </trkpt>
      <trkpt lat="38.79156011156738" lon="-8.227500133216381">
        <ele>177.4</ele>
      </trkpt>
      <trkpt lat="38.79134922288358" lon="-8.227266864851117">
        <ele>175.8</ele>
      </trkpt>
      <trkpt lat="38.79109650850296" lon="-8.227000320330262">
        <ele>173.9</ele>
      </trkpt>
      <trkpt lat="38.79088092595339" lon="-8.22677643969655">
        <ele>173.8</ele>
      </trkpt>
      <trkpt lat="38.79076366312802" lon="-8.226677197963">
        <ele>174.1</ele>
      </trkpt>
      <trkpt lat="38.790344232693315" lon="-8.226585499942303">
        <ele>174</ele>
      </trkpt>
      <trkpt lat="38.7897683121264" lon="-8.22663956321776">
        <ele>172.1</ele>
      </trkpt>
      <trkpt lat="38.7896784581244" lon="-8.226649286225438">
        <ele>171.9</ele>
      </trkpt>
      <trkpt lat="38.78923136740923" lon="-8.226697146892548">
        <ele>173.4</ele>
      </trkpt>
      <trkpt lat="38.78889977931976" lon="-8.22673142887652">
        <ele>175.2</ele>
      </trkpt>
      <trkpt lat="38.78833383321762" lon="-8.226783815771341">
        <ele>176.2</ele>
      </trkpt>
      <trkpt lat="38.788144486024976" lon="-8.226776607334614">
        <ele>177.5</ele>
      </trkpt>
      <trkpt lat="38.7881001457572" lon="-8.226766213774681">
        <ele>177.9</ele>
      </trkpt>
      <trkpt lat="38.78797332756221" lon="-8.226711815223098">
        <ele>179.3</ele>
      </trkpt>
      <trkpt lat="38.78793393261731" lon="-8.226685412228107">
        <ele>179.7</ele>
      </trkpt>
      <trkpt lat="38.78789629787207" lon="-8.22665523737669">
        <ele>180.1</ele>
      </trkpt>
      <trkpt lat="38.787861093878746" lon="-8.22662154212594">
        <ele>180.3</ele>
      </trkpt>
      <trkpt lat="38.78775908611715" lon="-8.226506374776363">
        <ele>181</ele>
      </trkpt>
      <trkpt lat="38.787693455815315" lon="-8.226416436955333">
        <ele>181.4</ele>
      </trkpt>
      <trkpt lat="38.78759237006307" lon="-8.226271765306592">
        <ele>181.6</ele>
      </trkpt>
      <trkpt lat="38.78721174784005" lon="-8.2257307972759">
        <ele>178.9</ele>
      </trkpt>
      <trkpt lat="38.78695920109749" lon="-8.225101148709655">
        <ele>176.5</ele>
      </trkpt>
      <trkpt lat="38.786837412044406" lon="-8.22469538077712">
        <ele>175.8</ele>
      </trkpt>
      <trkpt lat="38.7868064828217" lon="-8.224597480148077">
        <ele>175.6</ele>
      </trkpt>
      <trkpt lat="38.78660707734525" lon="-8.223921898752451">
        <ele>174.8</ele>
      </trkpt>
      <trkpt lat="38.786450838670135" lon="-8.223313456401229">
        <ele>178</ele>
      </trkpt>
      <trkpt lat="38.786340449005365" lon="-8.223007768392563">
        <ele>179.6</ele>
      </trkpt>
      <trkpt lat="38.786276914179325" lon="-8.222784139215946">
        <ele>180.4</ele>
      </trkpt>
      <trkpt lat="38.78621505573392" lon="-8.222572328522801">
        <ele>181.4</ele>
      </trkpt>
      <trkpt lat="38.78615537658334" lon="-8.222370743751526">
        <ele>182.3</ele>
      </trkpt>
      <trkpt lat="38.786122435703874" lon="-8.22225272655487">
        <ele>182.6</ele>
      </trkpt>
      <trkpt lat="38.78607574850321" lon="-8.222086178138852">
        <ele>183.1</ele>
      </trkpt>
      <trkpt lat="38.7860400415957" lon="-8.221980230882764">
        <ele>183.3</ele>
      </trkpt>
      <trkpt lat="38.78599461168051" lon="-8.221881994977593">
        <ele>183.5</ele>
      </trkpt>
      <trkpt lat="38.78591984510422" lon="-8.221735060214996">
        <ele>183.7</ele>
      </trkpt>
      <trkpt lat="38.78580769523978" lon="-8.221525177359581">
        <ele>183.7</ele>
      </trkpt>
      <trkpt lat="38.785616839304566" lon="-8.221249748021364">
        <ele>184.2</ele>
      </trkpt>
      <trkpt lat="38.78519916906953" lon="-8.220749599859118">
        <ele>184.8</ele>
      </trkpt>
      <trkpt lat="38.78473849967122" lon="-8.22036512196064">
        <ele>184.6</ele>
      </trkpt>
      <trkpt lat="38.7842421233654" lon="-8.219955917447805">
        <ele>183.7</ele>
      </trkpt>
      <trkpt lat="38.783839205279946" lon="-8.219610415399075">
        <ele>184.7</ele>
      </trkpt>
      <trkpt lat="38.78334986977279" lon="-8.219194673001766">
        <ele>185.9</ele>
      </trkpt>
      <trkpt lat="38.7831078004092" lon="-8.218983365222812">
        <ele>186.8</ele>
      </trkpt>
      <trkpt lat="38.78306094557047" lon="-8.218946568667889">
        <ele>187</ele>
      </trkpt>
      <trkpt lat="38.78288215957582" lon="-8.218801813200116">
        <ele>188.2</ele>
      </trkpt>
      <trkpt lat="38.78265492618084" lon="-8.218610873445868">
        <ele>190.4</ele>
      </trkpt>
      <trkpt lat="38.782470021396875" lon="-8.218455472961068">
        <ele>191.3</ele>
      </trkpt>
      <trkpt lat="38.78215754404664" lon="-8.218168392777443">
        <ele>192.3</ele>
      </trkpt>
      <trkpt lat="38.781818160787225" lon="-8.217715350911021">
        <ele>190.5</ele>
      </trkpt>
      <trkpt lat="38.78143468871713" lon="-8.217152673751116">
        <ele>189.5</ele>
      </trkpt>
      <trkpt lat="38.78105213865638" lon="-8.21658949367702">
        <ele>188.3</ele>
      </trkpt>
      <trkpt lat="38.780710492283106" lon="-8.21609303355217">
        <ele>190.1</ele>
      </trkpt>
      <trkpt lat="38.78059624694288" lon="-8.215926149860024">
        <ele>190</ele>
      </trkpt>
      <trkpt lat="38.780427016317844" lon="-8.215683158487082">
        <ele>189.7</ele>
      </trkpt>
      <trkpt lat="38.78005159087479" lon="-8.215133305639029">
        <ele>188.8</ele>
      </trkpt>
      <trkpt lat="38.77971245907247" lon="-8.214624524116516">
        <ele>190.3</ele>
      </trkpt>
      <trkpt lat="38.77952881157398" lon="-8.214361751452088">
        <ele>190.2</ele>
      </trkpt>
      <trkpt lat="38.77926788292825" lon="-8.213978614658117">
        <ele>190.1</ele>
      </trkpt>
      <trkpt lat="38.77909664064646" lon="-8.213730342686176">
        <ele>190.8</ele>
      </trkpt>
      <trkpt lat="38.77887678332627" lon="-8.213408645242453">
        <ele>191.4</ele>
      </trkpt>
      <trkpt lat="38.77883152104914" lon="-8.213344020769">
        <ele>191.4</ele>
      </trkpt>
      <trkpt lat="38.778562964871526" lon="-8.21295702829957">
        <ele>191.8</ele>
      </trkpt>
      <trkpt lat="38.77839935012162" lon="-8.212687047198415">
        <ele>192.5</ele>
      </trkpt>
      <trkpt lat="38.77823816612363" lon="-8.21221481077373">
        <ele>194.1</ele>
      </trkpt>
      <trkpt lat="38.77818242646754" lon="-8.21189227513969">
        <ele>195.2</ele>
      </trkpt>
      <trkpt lat="38.77809894271195" lon="-8.211330436170101">
        <ele>196.4</ele>
      </trkpt>
      <trkpt lat="38.77797623164952" lon="-8.21065267547965">
        <ele>197.9</ele>
      </trkpt>
      <trkpt lat="38.77789635211229" lon="-8.210409097373486">
        <ele>197.9</ele>
      </trkpt>
      <trkpt lat="38.777700047940016" lon="-8.209836361929774">
        <ele>198.2</ele>
      </trkpt>
      <trkpt lat="38.77747365273535" lon="-8.209178214892745">
        <ele>198.1</ele>
      </trkpt>
      <trkpt lat="38.777311546728015" lon="-8.208685861900449">
        <ele>199.1</ele>
      </trkpt>
      <trkpt lat="38.77718414179981" lon="-8.208316303789616">
        <ele>199.7</ele>
      </trkpt>
      <trkpt lat="38.77696470357478" lon="-8.207681542262435">
        <ele>200</ele>
      </trkpt>
      <trkpt lat="38.77685632556677" lon="-8.207375267520547">
        <ele>199.6</ele>
      </trkpt>
      <trkpt lat="38.7766803894192" lon="-8.206980312243104">
        <ele>199.7</ele>
      </trkpt>
      <trkpt lat="38.77624939195812" lon="-8.206578651443124">
        <ele>199.2</ele>
      </trkpt>
      <trkpt lat="38.77573013305664" lon="-8.206148073077202">
        <ele>200.5</ele>
      </trkpt>
      <trkpt lat="38.7752228602767" lon="-8.20572285912931">
        <ele>200.9</ele>
      </trkpt>
      <trkpt lat="38.77473168075085" lon="-8.205327903851867">
        <ele>202.8</ele>
      </trkpt>
      <trkpt lat="38.77449891529977" lon="-8.205116176977754">
        <ele>203.7</ele>
      </trkpt>
      <trkpt lat="38.77423245459795" lon="-8.20472801104188">
        <ele>203.9</ele>
      </trkpt>
      <trkpt lat="38.77411024644971" lon="-8.204512763768435">
        <ele>203.1</ele>
      </trkpt>
      <trkpt lat="38.77379525452852" lon="-8.203948494046926">
        <ele>202.2</ele>
      </trkpt>
      <trkpt lat="38.773599453270435" lon="-8.203600142151117">
        <ele>201.8</ele>
      </trkpt>
      <trkpt lat="38.77344438806176" lon="-8.203318594023585">
        <ele>201.6</ele>
      </trkpt>
      <trkpt lat="38.77324632368982" lon="-8.202967727556825">
        <ele>202.3</ele>
      </trkpt>
      <trkpt lat="38.773055635392666" lon="-8.202630020678043">
        <ele>203.4</ele>
      </trkpt>
      <trkpt lat="38.77287299372256" lon="-8.202307485044003">
        <ele>203.5</ele>
      </trkpt>
      <trkpt lat="38.77273829653859" lon="-8.202056447044015">
        <ele>204.2</ele>
      </trkpt>
      <trkpt lat="38.77254065126181" lon="-8.20170734077692">
        <ele>205.7</ele>
      </trkpt>
      <trkpt lat="38.77228927798569" lon="-8.201257232576609">
        <ele>205.3</ele>
      </trkpt>
      <trkpt lat="38.77225692383945" lon="-8.20120308548212">
        <ele>205.2</ele>
      </trkpt>
      <trkpt lat="38.77207227051258" lon="-8.20087376050651">
        <ele>206</ele>
      </trkpt>
      <trkpt lat="38.77188962884247" lon="-8.200545189902186">
        <ele>206.7</ele>
      </trkpt>
      <trkpt lat="38.77171293832362" lon="-8.200216786935925">
        <ele>206.6</ele>
      </trkpt>
      <trkpt lat="38.77137137576938" lon="-8.199612870812416">
        <ele>207.6</ele>
      </trkpt>
      <trkpt lat="38.77128219231963" lon="-8.199453614652157">
        <ele>208</ele>
      </trkpt>
      <trkpt lat="38.77094456925988" lon="-8.198851710185409">
        <ele>209.8</ele>
      </trkpt>
      <trkpt lat="38.770795622840524" lon="-8.198583154007792">
        <ele>209.3</ele>
      </trkpt>
      <trkpt lat="38.77074466086924" lon="-8.198475111275911">
        <ele>209.3</ele>
      </trkpt>
      <trkpt lat="38.77067668363452" lon="-8.198316441848874">
        <ele>209.9</ele>
      </trkpt>
      <trkpt lat="38.77058867365122" lon="-8.198193730786443">
        <ele>210.4</ele>
      </trkpt>
      <trkpt lat="38.77056243829429" lon="-8.198152659460902">
        <ele>210.6</ele>
      </trkpt>
      <trkpt lat="38.770440481603146" lon="-8.197937412187457">
        <ele>212</ele>
      </trkpt>
      <trkpt lat="38.77032916992903" lon="-8.197717722505331">
        <ele>213.1</ele>
      </trkpt>
      <trkpt lat="38.77023093402386" lon="-8.197560478001833">
        <ele>214</ele>
      </trkpt>
      <trkpt lat="38.76995684579015" lon="-8.19709125906229">
        <ele>214.9</ele>
      </trkpt>
      <trkpt lat="38.76980798318982" lon="-8.196835024282336">
        <ele>214.5</ele>
      </trkpt>
      <trkpt lat="38.76970672979951" lon="-8.196677109226584">
        <ele>213.9</ele>
      </trkpt>
      <trkpt lat="38.769267685711384" lon="-8.196173943579197">
        <ele>213</ele>
      </trkpt>
      <trkpt lat="38.76905000768602" lon="-8.19595710374415">
        <ele>213.2</ele>
      </trkpt>
      <trkpt lat="38.768725376576185" lon="-8.195621240884066">
        <ele>213</ele>
      </trkpt>
      <trkpt lat="38.7685813754797" lon="-8.19546902552247">
        <ele>212.1</ele>
      </trkpt>
      <trkpt lat="38.768433183431625" lon="-8.195313457399607">
        <ele>210.5</ele>
      </trkpt>
      <trkpt lat="38.767993384972215" lon="-8.194919172674417">
        <ele>207.6</ele>
      </trkpt>
      <trkpt lat="38.76780353486538" lon="-8.194802412763238">
        <ele>207.2</ele>
      </trkpt>
      <trkpt lat="38.767606895416975" lon="-8.194692442193627">
        <ele>206.3</ele>
      </trkpt>
      <trkpt lat="38.767406567931175" lon="-8.1945816334337">
        <ele>205.4</ele>
      </trkpt>
      <trkpt lat="38.767071375623345" lon="-8.194398991763592">
        <ele>203.5</ele>
      </trkpt>
      <trkpt lat="38.76674666069448" lon="-8.194213667884469">
        <ele>203.7</ele>
      </trkpt>
      <trkpt lat="38.766300324350595" lon="-8.193917702883482">
        <ele>203.5</ele>
      </trkpt>
      <trkpt lat="38.76611424610019" lon="-8.193781161680818">
        <ele>202.4</ele>
      </trkpt>
      <trkpt lat="38.76588483341038" lon="-8.193595502525568">
        <ele>202</ele>
      </trkpt>
      <trkpt lat="38.76571954227984" lon="-8.193452758714557">
        <ele>202</ele>
      </trkpt>
      <trkpt lat="38.765610326081514" lon="-8.193363156169653">
        <ele>202.1</ele>
      </trkpt>
      <trkpt lat="38.76509165391326" lon="-8.193099796772003">
        <ele>200.3</ele>
      </trkpt>
      <trkpt lat="38.76472293399274" lon="-8.193049924448133">
        <ele>199.8</ele>
      </trkpt>
      <trkpt lat="38.764351196587086" lon="-8.193032825365663">
        <ele>199.2</ele>
      </trkpt>
      <trkpt lat="38.76397627405822" lon="-8.193191243335605">
        <ele>201.5</ele>
      </trkpt>
      <trkpt lat="38.7637547403574" lon="-8.193323006853461">
        <ele>204.4</ele>
      </trkpt>
      <trkpt lat="38.76371467486024" lon="-8.193349661305547">
        <ele>205</ele>
      </trkpt>
      <trkpt lat="38.76356413587928" lon="-8.19344555027783">
        <ele>207.2</ele>
      </trkpt>
      <trkpt lat="38.76348744146526" lon="-8.193489219993353">
        <ele>208.2</ele>
      </trkpt>
      <trkpt lat="38.76334092579782" lon="-8.193587036803365">
        <ele>209.7</ele>
      </trkpt>
      <trkpt lat="38.76330764964223" lon="-8.19361855275929">
        <ele>209.9</ele>
      </trkpt>
      <trkpt lat="38.763196589425206" lon="-8.193681333214045">
        <ele>210.4</ele>
      </trkpt>
      <trkpt lat="38.76316155306995" lon="-8.193698516115546">
        <ele>210.6</ele>
      </trkpt>
      <trkpt lat="38.76301260665059" lon="-8.193788537755609">
        <ele>211.4</ele>
      </trkpt>
      <trkpt lat="38.762870114296675" lon="-8.19388099014759">
        <ele>212</ele>
      </trkpt>
      <trkpt lat="38.76283482648432" lon="-8.193898759782314">
        <ele>212.2</ele>
      </trkpt>
      <trkpt lat="38.76276173628867" lon="-8.193933125585318">
        <ele>212.2</ele>
      </trkpt>
      <trkpt lat="38.76256249845028" lon="-8.194014932960272">
        <ele>212</ele>
      </trkpt>
      <trkpt lat="38.7623696308583" lon="-8.194034630432725">
        <ele>211.2</ele>
      </trkpt>
      <trkpt lat="38.762174751609564" lon="-8.19404317997396">
        <ele>210.1</ele>
      </trkpt>
      <trkpt lat="38.7617704924196" lon="-8.194022309035063">
        <ele>208</ele>
      </trkpt>
      <trkpt lat="38.761600675061345" lon="-8.194018201902509">
        <ele>207.6</ele>
      </trkpt>
      <trkpt lat="38.76138576306403" lon="-8.194020381197333">
        <ele>207.4</ele>
      </trkpt>
      <trkpt lat="38.76102156937122" lon="-8.194003282114863">
        <ele>207</ele>
      </trkpt>
      <trkpt lat="38.760820319876075" lon="-8.194007137790322">
        <ele>207</ele>
      </trkpt>
      <trkpt lat="38.76035981811583" lon="-8.193996157497168">
        <ele>206.9</ele>
      </trkpt>
      <trkpt lat="38.76025328412652" lon="-8.193989787250757">
        <ele>206.7</ele>
      </trkpt>
      <trkpt lat="38.760139122605324" lon="-8.194001102820039">
        <ele>206.5</ele>
      </trkpt>
      <trkpt lat="38.7599574867636" lon="-8.194007724523544">
        <ele>206.2</ele>
      </trkpt>
      <trkpt lat="38.759766379371285" lon="-8.194025326520205">
        <ele>205.6</ele>
      </trkpt>
      <trkpt lat="38.75970066525042" lon="-8.194042844697833">
        <ele>205.3</ele>
      </trkpt>
      <trkpt lat="38.759636124596" lon="-8.194067571312189">
        <ele>204.9</ele>
      </trkpt>
      <trkpt lat="38.75945742242038" lon="-8.194202352315187">
        <ele>202.9</ele>
      </trkpt>
      <trkpt lat="38.7593562528491" lon="-8.194330343976617">
        <ele>201.7</ele>
      </trkpt>
      <trkpt lat="38.75925751402974" lon="-8.194464538246393">
        <ele>200.6</ele>
      </trkpt>
      <trkpt lat="38.759208898991346" lon="-8.194534443318844">
        <ele>200.1</ele>
      </trkpt>
      <trkpt lat="38.759120386093855" lon="-8.194686658680439">
        <ele>199.1</ele>
      </trkpt>
      <trkpt lat="38.75908702611923" lon="-8.194775003939867">
        <ele>198.8</ele>
      </trkpt>
      <trkpt lat="38.75905710272491" lon="-8.195073148235679">
        <ele>198.5</ele>
      </trkpt>
      <trkpt lat="38.759079901501536" lon="-8.19527599029243">
        <ele>198.4</ele>
      </trkpt>
      <trkpt lat="38.75910680741072" lon="-8.195483023300767">
        <ele>198</ele>
      </trkpt>
      <trkpt lat="38.75912507995963" lon="-8.19569424726069">
        <ele>197.5</ele>
      </trkpt>
      <trkpt lat="38.75905031338334" lon="-8.196007646620274">
        <ele>196.5</ele>
      </trkpt>
      <trkpt lat="38.7588866148144" lon="-8.196280309930444">
        <ele>195.9</ele>
      </trkpt>
      <trkpt lat="38.758823834359646" lon="-8.196365805342793">
        <ele>195.5</ele>
      </trkpt>
      <trkpt lat="38.75869894400239" lon="-8.196542076766491">
        <ele>194.3</ele>
      </trkpt>
      <trkpt lat="38.758571119979024" lon="-8.196720024570823">
        <ele>193</ele>
      </trkpt>
      <trkpt lat="38.758441619575024" lon="-8.196892943233252">
        <ele>191.9</ele>
      </trkpt>
      <trkpt lat="38.758240789175034" lon="-8.197135515511036">
        <ele>190</ele>
      </trkpt>
      <trkpt lat="38.7581027392298" lon="-8.197284881025553">
        <ele>189</ele>
      </trkpt>
      <trkpt lat="38.75789419747889" lon="-8.197502475231886">
        <ele>188</ele>
      </trkpt>
      <trkpt lat="38.75768196769059" lon="-8.197713531553745">
        <ele>187</ele>
      </trkpt>
      <trkpt lat="38.757421877235174" lon="-8.197994995862246">
        <ele>185.9</ele>
      </trkpt>
      <trkpt lat="38.75722976401448" lon="-8.198194736614823">
        <ele>185.3</ele>
      </trkpt>
      <trkpt lat="38.75691921450198" lon="-8.198512578383088">
        <ele>185.2</ele>
      </trkpt>
      <trkpt lat="38.75656600110233" lon="-8.198895631358027">
        <ele>186.4</ele>
      </trkpt>
      <trkpt lat="38.75644295476377" lon="-8.199018761515617">
        <ele>187.4</ele>
      </trkpt>
      <trkpt lat="38.756356202065945" lon="-8.199086152017117">
        <ele>187.9</ele>
      </trkpt>
      <trkpt lat="38.75623173080385" lon="-8.199166618287563">
        <ele>189</ele>
      </trkpt>
      <trkpt lat="38.75610575079918" lon="-8.199230404570699">
        <ele>190</ele>
      </trkpt>
      <trkpt lat="38.756018579006195" lon="-8.199271643534303">
        <ele>190.6</ele>
      </trkpt>
      <trkpt lat="38.75589176081121" lon="-8.199330819770694">
        <ele>191.5</ele>
      </trkpt>
      <trkpt lat="38.755689673125744" lon="-8.199403993785381">
        <ele>192.1</ele>
      </trkpt>
      <trkpt lat="38.75564499758184" lon="-8.199411621317267">
        <ele>192.1</ele>
      </trkpt>
      <trkpt lat="38.755449363961816" lon="-8.199397204443812">
        <ele>191.8</ele>
      </trkpt>
      <trkpt lat="38.75530485995114" lon="-8.199345236644149">
        <ele>191.4</ele>
      </trkpt>
      <trkpt lat="38.75490068458021" lon="-8.199143735691905">
        <ele>189.7</ele>
      </trkpt>
      <trkpt lat="38.754617711529136" lon="-8.198810303583741">
        <ele>187.9</ele>
      </trkpt>
      <trkpt lat="38.75449927523732" lon="-8.198654567822814">
        <ele>186.8</ele>
      </trkpt>
      <trkpt lat="38.75429341569543" lon="-8.198426496237516">
        <ele>185.4</ele>
      </trkpt>
      <trkpt lat="38.754135416820645" lon="-8.19828693754971">
        <ele>184.9</ele>
      </trkpt>
      <trkpt lat="38.75388974323869" lon="-8.1980836763978">
        <ele>183.9</ele>
      </trkpt>
      <trkpt lat="38.75371967442334" lon="-8.197945626452565">
        <ele>182.8</ele>
      </trkpt>
      <trkpt lat="38.75355010852218" lon="-8.197808833792806">
        <ele>181.8</ele>
      </trkpt>
      <trkpt lat="38.75337886624038" lon="-8.197689475491643">
        <ele>181.6</ele>
      </trkpt>
      <trkpt lat="38.753200164064765" lon="-8.197610350325704">
        <ele>181.1</ele>
      </trkpt>
      <trkpt lat="38.7530292570591" lon="-8.197545725852251">
        <ele>180.8</ele>
      </trkpt>
      <trkpt lat="38.7527803145349" lon="-8.197472048923373">
        <ele>179.5</ele>
      </trkpt>
      <trkpt lat="38.75269775278866" lon="-8.197461571544409">
        <ele>178.9</ele>
      </trkpt>
      <trkpt lat="38.75245861709118" lon="-8.197501972317696">
        <ele>177.2</ele>
      </trkpt>
      <trkpt lat="38.75231293961406" lon="-8.197574559599161">
        <ele>176.5</ele>
      </trkpt>
      <trkpt lat="38.75204077921808" lon="-8.197734067216516">
        <ele>176.3</ele>
      </trkpt>
      <trkpt lat="38.75151749700308" lon="-8.198015531525016">
        <ele>177.7</ele>
      </trkpt>
      <trkpt lat="38.75114022754133" lon="-8.198184426873922">
        <ele>177.9</ele>
      </trkpt>
      <trkpt lat="38.75094819813967" lon="-8.19823999889195">
        <ele>178.8</ele>
      </trkpt>
      <trkpt lat="38.75064242631197" lon="-8.198311999440193">
        <ele>180.7</ele>
      </trkpt>
      <trkpt lat="38.75047621317208" lon="-8.198351142928004">
        <ele>181.7</ele>
      </trkpt>
      <trkpt lat="38.75032525509596" lon="-8.198388442397118">
        <ele>182.4</ele>
      </trkpt>
      <trkpt lat="38.75027638860047" lon="-8.198400093242526">
        <ele>182.5</ele>
      </trkpt>
      <trkpt lat="38.75013657845557" lon="-8.198433788493276">
        <ele>183</ele>
      </trkpt>
      <trkpt lat="38.75000280328095" lon="-8.198462622240186">
        <ele>183.6</ele>
      </trkpt>
      <trkpt lat="38.749870201572776" lon="-8.198491791263223">
        <ele>184.3</ele>
      </trkpt>
      <trkpt lat="38.74970172531903" lon="-8.198532443493605">
        <ele>185.8</ele>
      </trkpt>
      <trkpt lat="38.74954205006361" lon="-8.198569659143686">
        <ele>187.4</ele>
      </trkpt>
      <trkpt lat="38.749389415606856" lon="-8.198600923642516">
        <ele>189.1</ele>
      </trkpt>
      <trkpt lat="38.749168971553445" lon="-8.198649706318974">
        <ele>191.1</ele>
      </trkpt>
      <trkpt lat="38.74898892827332" lon="-8.198699913918972">
        <ele>192.1</ele>
      </trkpt>
      <trkpt lat="38.748742835596204" lon="-8.19880778901279">
        <ele>192.8</ele>
      </trkpt>
      <trkpt lat="38.74849045649171" lon="-8.199058324098587">
        <ele>194.4</ele>
      </trkpt>
      <trkpt lat="38.748376881703734" lon="-8.199186902493238">
        <ele>195</ele>
      </trkpt>
      <trkpt lat="38.74817940406501" lon="-8.19944053888321">
        <ele>195.6</ele>
      </trkpt>
      <trkpt lat="38.748010508716106" lon="-8.199646901339293">
        <ele>196.4</ele>
      </trkpt>
      <trkpt lat="38.74798100441694" lon="-8.199682105332613">
        <ele>196.7</ele>
      </trkpt>
      <trkpt lat="38.74778847210109" lon="-8.199933310970664">
        <ele>198.3</ele>
      </trkpt>
      <trkpt lat="38.747729547321796" lon="-8.199999947100878">
        <ele>198.7</ele>
      </trkpt>
      <trkpt lat="38.74734305776656" lon="-8.200467322021723">
        <ele>200.7</ele>
      </trkpt>
      <trkpt lat="38.747134767472744" lon="-8.20068215020001">
        <ele>201.1</ele>
      </trkpt>
      <trkpt lat="38.74702136032283" lon="-8.200777284801006">
        <ele>201</ele>
      </trkpt>
      <trkpt lat="38.746814746409655" lon="-8.200938384979963">
        <ele>200.8</ele>
      </trkpt>
      <trkpt lat="38.746616933494806" lon="-8.201102754101157">
        <ele>201.1</ele>
      </trkpt>
      <trkpt lat="38.746437476947904" lon="-8.201258070766926">
        <ele>202.3</ele>
      </trkpt>
      <trkpt lat="38.74615743756294" lon="-8.201530650258064">
        <ele>203.9</ele>
      </trkpt>
      <trkpt lat="38.746016370132565" lon="-8.201687559485435">
        <ele>204.1</ele>
      </trkpt>
      <trkpt lat="38.74582853168249" lon="-8.201899705454707">
        <ele>205.4</ele>
      </trkpt>
      <trkpt lat="38.74571219086647" lon="-8.202052423730493">
        <ele>206.3</ele>
      </trkpt>
      <trkpt lat="38.74560414813459" lon="-8.202245039865375">
        <ele>208.2</ele>
      </trkpt>
      <trkpt lat="38.74545562081039" lon="-8.202533544972539">
        <ele>210.9</ele>
      </trkpt>
      <trkpt lat="38.745413376018405" lon="-8.202643096446991">
        <ele>211.6</ele>
      </trkpt>
      <trkpt lat="38.74537046067417" lon="-8.202746445313096">
        <ele>212.3</ele>
      </trkpt>
      <trkpt lat="38.745290748775005" lon="-8.202917603775859">
        <ele>213.2</ele>
      </trkpt>
      <trkpt lat="38.74526937492192" lon="-8.202945264056325">
        <ele>213.4</ele>
      </trkpt>
      <trkpt lat="38.745188070461154" lon="-8.20305841974914">
        <ele>214.1</ele>
      </trkpt>
      <trkpt lat="38.744938960298896" lon="-8.203370478004217">
        <ele>216.3</ele>
      </trkpt>
      <trkpt lat="38.74482379294932" lon="-8.203507103025913">
        <ele>216.8</ele>
      </trkpt>
      <trkpt lat="38.74468063004315" lon="-8.203665018081665">
        <ele>217.1</ele>
      </trkpt>
      <trkpt lat="38.74458700418472" lon="-8.203776497393847">
        <ele>217.4</ele>
      </trkpt>
      <trkpt lat="38.744488349184394" lon="-8.203904824331403">
        <ele>217.8</ele>
      </trkpt>
      <trkpt lat="38.74440159648657" lon="-8.204004317522049">
        <ele>218.1</ele>
      </trkpt>
      <trkpt lat="38.74425248242915" lon="-8.204180588945746">
        <ele>218.6</ele>
      </trkpt>
      <trkpt lat="38.74397177249193" lon="-8.204509411007166">
        <ele>220.2</ele>
      </trkpt>
      <trkpt lat="38.74379047192633" lon="-8.204707559198141">
        <ele>220.5</ele>
      </trkpt>
      <trkpt lat="38.74353373423219" lon="-8.20492247119546">
        <ele>220</ele>
      </trkpt>
      <trkpt lat="38.74302947893739" lon="-8.20536662824452">
        <ele>218.4</ele>
      </trkpt>
      <trkpt lat="38.74271390028298" lon="-8.205646332353354">
        <ele>219.2</ele>
      </trkpt>
      <trkpt lat="38.742382396012545" lon="-8.205943387001753">
        <ele>220.4</ele>
      </trkpt>
      <trkpt lat="38.74203957617283" lon="-8.206241950392723">
        <ele>221.2</ele>
      </trkpt>
      <trkpt lat="38.741697343066335" lon="-8.206539927050471">
        <ele>222.6</ele>
      </trkpt>
      <trkpt lat="38.74124958179891" lon="-8.206935217604041">
        <ele>224.4</ele>
      </trkpt>
      <trkpt lat="38.74072034843266" lon="-8.207405274733901">
        <ele>227.7</ele>
      </trkpt>
      <trkpt lat="38.74031960964203" lon="-8.207751112058759">
        <ele>228.1</ele>
      </trkpt>
      <trkpt lat="38.740117186680436" lon="-8.207881199195981">
        <ele>228</ele>
      </trkpt>
      <trkpt lat="38.739697923883796" lon="-8.207969712093472">
        <ele>227.7</ele>
      </trkpt>
      <trkpt lat="38.739595245569944" lon="-8.207961330190301">
        <ele>227</ele>
      </trkpt>
      <trkpt lat="38.73901270329952" lon="-8.207887150347233">
        <ele>222.8</ele>
      </trkpt>
      <trkpt lat="38.738579945638776" lon="-8.207810455933213">
        <ele>223</ele>
      </trkpt>
      <trkpt lat="38.73816713690758" lon="-8.207709956914186">
        <ele>223.8</ele>
      </trkpt>
      <trkpt lat="38.73808616772294" lon="-8.207690427079797">
        <ele>223.7</ele>
      </trkpt>
      <trkpt lat="38.737698839977384" lon="-8.207600321620703">
        <ele>222.3</ele>
      </trkpt>
      <trkpt lat="38.73735467903316" lon="-8.207517340779305">
        <ele>221.9</ele>
      </trkpt>
      <trkpt lat="38.737229872494936" lon="-8.20748733356595">
        <ele>221.9</ele>
      </trkpt>
      <trkpt lat="38.736991910263896" lon="-8.20742866024375">
        <ele>221.4</ele>
      </trkpt>
      <trkpt lat="38.73682930134237" lon="-8.20739052258432">
        <ele>221.8</ele>
      </trkpt>
      <trkpt lat="38.73668027110398" lon="-8.207355570048094">
        <ele>222.4</ele>
      </trkpt>
      <trkpt lat="38.73653870075941" lon="-8.20732170715928">
        <ele>223.1</ele>
      </trkpt>
      <trkpt lat="38.73639972880483" lon="-8.207287089899182">
        <ele>223.7</ele>
      </trkpt>
      <trkpt lat="38.73626067303121" lon="-8.207251131534576">
        <ele>224.3</ele>
      </trkpt>
      <trkpt lat="38.73612245544791" lon="-8.207215592265129">
        <ele>224.8</ele>
      </trkpt>
      <trkpt lat="38.73598650097847" lon="-8.20717552676797">
        <ele>225.1</ele>
      </trkpt>
      <trkpt lat="38.735803021118045" lon="-8.207136131823063">
        <ele>224.8</ele>
      </trkpt>
      <trkpt lat="38.73567779548466" lon="-8.20710034109652">
        <ele>224.5</ele>
      </trkpt>
      <trkpt lat="38.73547243885696" lon="-8.207057677209377">
        <ele>224.2</ele>
      </trkpt>
      <trkpt lat="38.73519139364362" lon="-8.206992885097861">
        <ele>224.7</ele>
      </trkpt>
      <trkpt lat="38.73509927652776" lon="-8.206968577578664">
        <ele>224.8</ele>
      </trkpt>
      <trkpt lat="38.73481521382928" lon="-8.206905042752624">
        <ele>224.2</ele>
      </trkpt>
      <trkpt lat="38.73469057492912" lon="-8.206872018054128">
        <ele>223.7</ele>
      </trkpt>
      <trkpt lat="38.734566355124116" lon="-8.20684184320271">
        <ele>223.6</ele>
      </trkpt>
      <trkpt lat="38.73412471264601" lon="-8.206744529306889">
        <ele>224</ele>
      </trkpt>
      <trkpt lat="38.7338210362941" lon="-8.206665739417076">
        <ele>224.8</ele>
      </trkpt>
      <trkpt lat="38.7337383069098" lon="-8.206647215411067">
        <ele>225</ele>
      </trkpt>
      <trkpt lat="38.73342448845506" lon="-8.206579741090536">
        <ele>225.2</ele>
      </trkpt>
      <trkpt lat="38.733308063820004" lon="-8.206554930657148">
        <ele>225</ele>
      </trkpt>
      <trkpt lat="38.73301670886576" lon="-8.206480331718922">
        <ele>224.1</ele>
      </trkpt>
      <trkpt lat="38.73285158537328" lon="-8.206447558477521">
        <ele>223.4</ele>
      </trkpt>
      <trkpt lat="38.7324673589319" lon="-8.206354603171349">
        <ele>223.1</ele>
      </trkpt>
      <trkpt lat="38.73234280385077" lon="-8.206325266510248">
        <ele>223.5</ele>
      </trkpt>
      <trkpt lat="38.731947764754295" lon="-8.206230467185378">
        <ele>224.8</ele>
      </trkpt>
      <trkpt lat="38.731765961274505" lon="-8.206182857975364">
        <ele>225.1</ele>
      </trkpt>
      <trkpt lat="38.73164249584079" lon="-8.206155365332961">
        <ele>225.2</ele>
      </trkpt>
      <trkpt lat="38.73136815614998" lon="-8.20609426125884">
        <ele>225.5</ele>
      </trkpt>
      <trkpt lat="38.73125181533396" lon="-8.206061404198408">
        <ele>225.6</ele>
      </trkpt>
      <trkpt lat="38.73122038319707" lon="-8.206060566008091">
        <ele>225.6</ele>
      </trkpt>
      <trkpt lat="38.730680672451854" lon="-8.205927880480886">
        <ele>224.9</ele>
      </trkpt>
      <trkpt lat="38.7304054107517" lon="-8.20587289519608">
        <ele>224.5</ele>
      </trkpt>
      <trkpt lat="38.73020097613335" lon="-8.205826878547668">
        <ele>224.1</ele>
      </trkpt>
      <trkpt lat="38.729960918426514" lon="-8.205766696482897">
        <ele>224.5</ele>
      </trkpt>
      <trkpt lat="38.729838375002146" lon="-8.20573945529759">
        <ele>224.5</ele>
      </trkpt>
      <trkpt lat="38.72971792705357" lon="-8.205704670399427">
        <ele>224.4</ele>
      </trkpt>
      <trkpt lat="38.72922741807997" lon="-8.205601489171386">
        <ele>223.8</ele>
      </trkpt>
      <trkpt lat="38.72877730987966" lon="-8.205499229952693">
        <ele>224.5</ele>
      </trkpt>
      <trkpt lat="38.728609001263976" lon="-8.20545899681747">
        <ele>224.1</ele>
      </trkpt>
      <trkpt lat="38.72847380116582" lon="-8.205428989604115">
        <ele>223.8</ele>
      </trkpt>
      <trkpt lat="38.72842216864228" lon="-8.205416668206453">
        <ele>223.7</ele>
      </trkpt>
      <trkpt lat="38.72825821861625" lon="-8.20537542924285">
        <ele>223.6</ele>
      </trkpt>
      <trkpt lat="38.72806350700557" lon="-8.205326981842518">
        <ele>223.8</ele>
      </trkpt>
      <trkpt lat="38.72584557160735" lon="-8.204810237511992">
        <ele>227.4</ele>
      </trkpt>
      <trkpt lat="38.72528658248484" lon="-8.204666655510664">
        <ele>226.4</ele>
      </trkpt>
      <trkpt lat="38.72475282289088" lon="-8.204549727961421">
        <ele>224</ele>
      </trkpt>
      <trkpt lat="38.724482422694564" lon="-8.204482505097985">
        <ele>225.2</ele>
      </trkpt>
      <trkpt lat="38.72412300668657" lon="-8.204399775713682">
        <ele>226.7</ele>
      </trkpt>
      <trkpt lat="38.72377306222916" lon="-8.20431662723422">
        <ele>227.3</ele>
      </trkpt>
      <trkpt lat="38.72357566840947" lon="-8.204268012195826">
        <ele>227.2</ele>
      </trkpt>
      <trkpt lat="38.723032772541046" lon="-8.204140104353428">
        <ele>226.8</ele>
      </trkpt>
      <trkpt lat="38.7228246498853" lon="-8.20408788509667">
        <ele>226.6</ele>
      </trkpt>
      <trkpt lat="38.722617449238896" lon="-8.20404639467597">
        <ele>226.7</ele>
      </trkpt>
      <trkpt lat="38.72236456722021" lon="-8.20398730225861">
        <ele>226.4</ele>
      </trkpt>
      <trkpt lat="38.72216608375311" lon="-8.203937094658613">
        <ele>226</ele>
      </trkpt>
      <trkpt lat="38.72188026085496" lon="-8.203876493498683">
        <ele>226.1</ele>
      </trkpt>
      <trkpt lat="38.72145806439221" lon="-8.203774988651276">
        <ele>226.3</ele>
      </trkpt>
      <trkpt lat="38.721177354454994" lon="-8.203708352521062">
        <ele>225.9</ele>
      </trkpt>
      <trkpt lat="38.72064803726971" lon="-8.203577175736427">
        <ele>225.6</ele>
      </trkpt>
      <trkpt lat="38.720285687595606" lon="-8.203488159924746">
        <ele>226.5</ele>
      </trkpt>
      <trkpt lat="38.71972309425473" lon="-8.203360503539443">
        <ele>228.8</ele>
      </trkpt>
      <trkpt lat="38.71916268020868" lon="-8.203229242935777">
        <ele>228</ele>
      </trkpt>
      <trkpt lat="38.71860360726714" lon="-8.203092869371176">
        <ele>226.7</ele>
      </trkpt>
      <trkpt lat="38.71803070418537" lon="-8.202958926558495">
        <ele>227</ele>
      </trkpt>
      <trkpt lat="38.71746199205518" lon="-8.202824480831623">
        <ele>227</ele>
      </trkpt>
      <trkpt lat="38.71690610423684" lon="-8.20268944837153">
        <ele>227.8</ele>
      </trkpt>
      <trkpt lat="38.7165645416826" lon="-8.202607724815607">
        <ele>229.2</ele>
      </trkpt>
      <trkpt lat="38.71637552976608" lon="-8.2025683298707">
        <ele>230.1</ele>
      </trkpt>
      <trkpt lat="38.716306798160076" lon="-8.20254972204566">
        <ele>230.5</ele>
      </trkpt>
      <trkpt lat="38.71617746539414" lon="-8.202520301565528">
        <ele>231.5</ele>
      </trkpt>
      <trkpt lat="38.716019969433546" lon="-8.202479565516114">
        <ele>232.7</ele>
      </trkpt>
      <trkpt lat="38.715818133205175" lon="-8.202431201934814">
        <ele>234.4</ele>
      </trkpt>
      <trkpt lat="38.71561981737614" lon="-8.202385101467371">
        <ele>235.2</ele>
      </trkpt>
      <trkpt lat="38.715529879555106" lon="-8.20236205123365">
        <ele>235.5</ele>
      </trkpt>
      <trkpt lat="38.71523056179285" lon="-8.202287452295423">
        <ele>235.9</ele>
      </trkpt>
      <trkpt lat="38.715011877939105" lon="-8.202231293544173">
        <ele>236</ele>
      </trkpt>
      <trkpt lat="38.714904421940446" lon="-8.202202878892422">
        <ele>236.2</ele>
      </trkpt>
      <trkpt lat="38.71468179859221" lon="-8.2021504919976">
        <ele>236.8</ele>
      </trkpt>
      <trkpt lat="38.71412339620292" lon="-8.202016381546855">
        <ele>238.4</ele>
      </trkpt>
      <trkpt lat="38.71369239874184" lon="-8.2019208278507">
        <ele>240</ele>
      </trkpt>
      <trkpt lat="38.71352517977357" lon="-8.201886713504791">
        <ele>240.2</ele>
      </trkpt>
      <trkpt lat="38.713277243077755" lon="-8.201827369630337">
        <ele>241.1</ele>
      </trkpt>
      <trkpt lat="38.713123267516494" lon="-8.201787890866399">
        <ele>241.5</ele>
      </trkpt>
      <trkpt lat="38.71309074573219" lon="-8.20177674293518">
        <ele>241.6</ele>
      </trkpt>
      <trkpt lat="38.71294959448278" lon="-8.201738269999623">
        <ele>241.3</ele>
      </trkpt>
      <trkpt lat="38.71259302832186" lon="-8.201659228652716">
        <ele>241.6</ele>
      </trkpt>
      <trkpt lat="38.71200202032924" lon="-8.201528135687113">
        <ele>242.7</ele>
      </trkpt>
      <trkpt lat="38.71145845390856" lon="-8.201403077691793">
        <ele>244.2</ele>
      </trkpt>
      <trkpt lat="38.7110853753984" lon="-8.201315067708492">
        <ele>245.5</ele>
      </trkpt>
      <trkpt lat="38.71092905290425" lon="-8.201271565631032">
        <ele>245.4</ele>
      </trkpt>
      <trkpt lat="38.71077138930559" lon="-8.201234014704823">
        <ele>245</ele>
      </trkpt>
      <trkpt lat="38.71041214093566" lon="-8.201159331947565">
        <ele>243.3</ele>
      </trkpt>
      <trkpt lat="38.710154397413135" lon="-8.201093869283795">
        <ele>243.6</ele>
      </trkpt>
      <trkpt lat="38.70989665389061" lon="-8.20102664642036">
        <ele>245</ele>
      </trkpt>
      <trkpt lat="38.709435649216175" lon="-8.200917430222034">
        <ele>247.4</ele>
      </trkpt>
      <trkpt lat="38.70913742110133" lon="-8.200849872082472">
        <ele>248.3</ele>
      </trkpt>
      <trkpt lat="38.7088265363127" lon="-8.20077401585877">
        <ele>248.3</ele>
      </trkpt>
      <trkpt lat="38.70825623162091" lon="-8.20063286460936">
        <ele>249.9</ele>
      </trkpt>
      <trkpt lat="38.708101250231266" lon="-8.20059573277831">
        <ele>250.7</ele>
      </trkpt>
      <trkpt lat="38.707838812842965" lon="-8.20054728537798">
        <ele>251.6</ele>
      </trkpt>
      <trkpt lat="38.70731687173247" lon="-8.200529515743256">
        <ele>251.8</ele>
      </trkpt>
      <trkpt lat="38.706726618111134" lon="-8.200528426095843">
        <ele>253.4</ele>
      </trkpt>
      <trkpt lat="38.70630827732384" lon="-8.200528342276812">
        <ele>254.8</ele>
      </trkpt>
      <trkpt lat="38.705947771668434" lon="-8.200527336448431">
        <ele>254.8</ele>
      </trkpt>
      <trkpt lat="38.70539791882038" lon="-8.200523816049099">
        <ele>253.4</ele>
      </trkpt>
      <trkpt lat="38.70484622195363" lon="-8.200505962595344">
        <ele>251.4</ele>
      </trkpt>
      <trkpt lat="38.70460323058069" lon="-8.200503950938582">
        <ele>250.9</ele>
      </trkpt>
      <trkpt lat="38.7042055092752" lon="-8.200502106919885">
        <ele>249.7</ele>
      </trkpt>
      <trkpt lat="38.70365984737873" lon="-8.200496574863791">
        <ele>249.7</ele>
      </trkpt>
      <trkpt lat="38.7031190469861" lon="-8.200493641197681">
        <ele>249.8</ele>
      </trkpt>
      <trkpt lat="38.702889466658235" lon="-8.200486516579986">
        <ele>249.9</ele>
      </trkpt>
      <trkpt lat="38.702279683202505" lon="-8.200484924018383">
        <ele>249.7</ele>
      </trkpt>
      <trkpt lat="38.70167350396514" lon="-8.200473273172975">
        <ele>247.2</ele>
      </trkpt>
      <trkpt lat="38.70152388699353" lon="-8.200475620105863">
        <ele>247</ele>
      </trkpt>
      <trkpt lat="38.700945284217596" lon="-8.200468579307199">
        <ele>247.8</ele>
      </trkpt>
      <trkpt lat="38.700357964262366" lon="-8.200466064736247">
        <ele>249.9</ele>
      </trkpt>
      <trkpt lat="38.699771482497454" lon="-8.200457850471139">
        <ele>249.9</ele>
      </trkpt>
      <trkpt lat="38.699600994586945" lon="-8.20045743137598">
        <ele>249.8</ele>
      </trkpt>
      <trkpt lat="38.6992491222918" lon="-8.200459023937583">
        <ele>250.6</ele>
      </trkpt>
      <trkpt lat="38.69872600771487" lon="-8.200451396405697">
        <ele>252.5</ele>
      </trkpt>
      <trkpt lat="38.69844362139702" lon="-8.200430776923895">
        <ele>252.6</ele>
      </trkpt>
      <trkpt lat="38.69809719733894" lon="-8.200434045866132">
        <ele>252.6</ele>
      </trkpt>
      <trkpt lat="38.69765195064247" lon="-8.200432788580656">
        <ele>254.4</ele>
      </trkpt>
      <trkpt lat="38.697107546031475" lon="-8.200430441647768">
        <ele>256.1</ele>
      </trkpt>
      <trkpt lat="38.69679029099643" lon="-8.200424322858453">
        <ele>257.7</ele>
      </trkpt>
      <trkpt lat="38.69652542285621" lon="-8.200424322858453">
        <ele>258.7</ele>
      </trkpt>
      <trkpt lat="38.69595545344055" lon="-8.20041636005044">
        <ele>259.2</ele>
      </trkpt>
      <trkpt lat="38.695850847288966" lon="-8.20041342638433">
        <ele>259.3</ele>
      </trkpt>
      <trkpt lat="38.69538405910134" lon="-8.200408313423395">
        <ele>259.8</ele>
      </trkpt>
      <trkpt lat="38.69512790814042" lon="-8.20040705613792">
        <ele>260.5</ele>
      </trkpt>
      <trkpt lat="38.69457243941724" lon="-8.200457179918885">
        <ele>262</ele>
      </trkpt>
      <trkpt lat="38.69431788101792" lon="-8.200506214052439">
        <ele>262.2</ele>
      </trkpt>
      <trkpt lat="38.69371865876019" lon="-8.20062548853457">
        <ele>262.5</ele>
      </trkpt>
      <trkpt lat="38.6934107914567" lon="-8.200687849894166">
        <ele>261</ele>
      </trkpt>
      <trkpt lat="38.69317861273885" lon="-8.20073889568448">
        <ele>259.5</ele>
      </trkpt>
      <trkpt lat="38.69302086532116" lon="-8.200772674754262">
        <ele>258.5</ele>
      </trkpt>
      <trkpt lat="38.69277376681566" lon="-8.200821289792657">
        <ele>257.4</ele>
      </trkpt>
      <trkpt lat="38.69251518510282" lon="-8.200866971164942">
        <ele>256.8</ele>
      </trkpt>
      <trkpt lat="38.692072285339236" lon="-8.20096361450851">
        <ele>256.5</ele>
      </trkpt>
      <trkpt lat="38.69149846024811" lon="-8.201084565371275">
        <ele>256.9</ele>
      </trkpt>
      <trkpt lat="38.69095640257001" lon="-8.20120794698596">
        <ele>257.3</ele>
      </trkpt>
      <trkpt lat="38.69041250087321" lon="-8.201323617249727">
        <ele>255.9</ele>
      </trkpt>
      <trkpt lat="38.690031375736" lon="-8.201407184824347">
        <ele>255.9</ele>
      </trkpt>
      <trkpt lat="38.689496610313654" lon="-8.201508773490787">
        <ele>256.3</ele>
      </trkpt>
      <trkpt lat="38.689029989764094" lon="-8.201607596129179">
        <ele>255.7</ele>
      </trkpt>
      <trkpt lat="38.68855909444392" lon="-8.201713627204299">
        <ele>254.5</ele>
      </trkpt>
      <trkpt lat="38.68802139535546" lon="-8.20182703435421">
        <ele>254.2</ele>
      </trkpt>
      <trkpt lat="38.68771403096616" lon="-8.20189157500863">
        <ele>254.8</ele>
      </trkpt>
      <trkpt lat="38.68711179122329" lon="-8.202017387375236">
        <ele>254.7</ele>
      </trkpt>
      <trkpt lat="38.68696368299425" lon="-8.202047729864717">
        <ele>254.6</ele>
      </trkpt>
      <trkpt lat="38.686368903145194" lon="-8.202157197520137">
        <ele>251.6</ele>
      </trkpt>
      <trkpt lat="38.68577169254422" lon="-8.202289128676057">
        <ele>249.9</ele>
      </trkpt>
      <trkpt lat="38.685208009555936" lon="-8.202409073710442">
        <ele>250.5</ele>
      </trkpt>
      <trkpt lat="38.68472605012357" lon="-8.202504543587565">
        <ele>253.2</ele>
      </trkpt>
      <trkpt lat="38.684530751779675" lon="-8.20254435762763">
        <ele>253.5</ele>
      </trkpt>
      <trkpt lat="38.684280971065164" lon="-8.202589452266693">
        <ele>255.2</ele>
      </trkpt>
      <trkpt lat="38.6841581761837" lon="-8.20260051637888">
        <ele>256.1</ele>
      </trkpt>
      <trkpt lat="38.683910658583045" lon="-8.202650723978877">
        <ele>257.7</ele>
      </trkpt>
      <trkpt lat="38.68372575379908" lon="-8.202689699828625">
        <ele>258.8</ele>
      </trkpt>
      <trkpt lat="38.68347932584584" lon="-8.202742589637637">
        <ele>259.2</ele>
      </trkpt>
      <trkpt lat="38.68289837613702" lon="-8.202859936282039">
        <ele>259.7</ele>
      </trkpt>
      <trkpt lat="38.68257307447493" lon="-8.202927159145474">
        <ele>260.4</ele>
      </trkpt>
      <trkpt lat="38.682443741708994" lon="-8.202949371188879">
        <ele>260.3</ele>
      </trkpt>
      <trkpt lat="38.68185088969767" lon="-8.203073088079691">
        <ele>260.3</ele>
      </trkpt>
      <trkpt lat="38.681593649089336" lon="-8.203123295679688">
        <ele>260.9</ele>
      </trkpt>
      <trkpt lat="38.68130405433476" lon="-8.203192865476012">
        <ele>261.3</ele>
      </trkpt>
      <trkpt lat="38.68095184676349" lon="-8.203264195472002">
        <ele>262.1</ele>
      </trkpt>
      <trkpt lat="38.680893424898386" lon="-8.203270230442286">
        <ele>262.2</ele>
      </trkpt>
      <trkpt lat="38.68078286759555" lon="-8.203282468020916">
        <ele>262.5</ele>
      </trkpt>
      <trkpt lat="38.68067231029272" lon="-8.203307194635272">
        <ele>262.8</ele>
      </trkpt>
      <trkpt lat="38.6803281493485" lon="-8.203388582915068">
        <ele>263.3</ele>
      </trkpt>
      <trkpt lat="38.67974585853517" lon="-8.203511126339436">
        <ele>265.3</ele>
      </trkpt>
      <trkpt lat="38.67968576028943" lon="-8.203521687537432">
        <ele>265.7</ele>
      </trkpt>
      <trkpt lat="38.679270101711154" lon="-8.203608188778162">
        <ele>266.9</ele>
      </trkpt>
      <trkpt lat="38.67879786528647" lon="-8.203696953132749">
        <ele>266.3</ele>
      </trkpt>
      <trkpt lat="38.67844347842038" lon="-8.203766355291009">
        <ele>266.2</ele>
      </trkpt>
      <trkpt lat="38.67786504328251" lon="-8.203884372487664">
        <ele>265.7</ele>
      </trkpt>
      <trkpt lat="38.677366990596056" lon="-8.203984955325723">
        <ele>266.6</ele>
      </trkpt>
      <trkpt lat="38.67681780830026" lon="-8.204098362475634">
        <ele>267</ele>
      </trkpt>
      <trkpt lat="38.67624985054135" lon="-8.204225851222873">
        <ele>267.9</ele>
      </trkpt>
      <trkpt lat="38.67567552253604" lon="-8.2043400965631">
        <ele>267.8</ele>
      </trkpt>
      <trkpt lat="38.67508971132338" lon="-8.204462053254247">
        <ele>270.4</ele>
      </trkpt>
      <trkpt lat="38.67463767528534" lon="-8.204563055187464">
        <ele>270.3</ele>
      </trkpt>
      <trkpt lat="38.67410114966333" lon="-8.204681742936373">
        <ele>268.3</ele>
      </trkpt>
      <trkpt lat="38.6736639495939" lon="-8.2047700881958">
        <ele>266.2</ele>
      </trkpt>
      <trkpt lat="38.67327989079058" lon="-8.204851979389787">
        <ele>264.5</ele>
      </trkpt>
      <trkpt lat="38.672977639362216" lon="-8.20491760969162">
        <ele>263.1</ele>
      </trkpt>
      <trkpt lat="38.67277404293418" lon="-8.204955831170082">
        <ele>262.5</ele>
      </trkpt>
      <trkpt lat="38.672672705724835" lon="-8.204975696280599">
        <ele>262.4</ele>
      </trkpt>
      <trkpt lat="38.67236936464906" lon="-8.205043002963066">
        <ele>262.1</ele>
      </trkpt>
      <trkpt lat="38.671778524294496" lon="-8.20514283142984">
        <ele>261.2</ele>
      </trkpt>
      <trkpt lat="38.671239567920566" lon="-8.205201169475913">
        <ele>260</ele>
      </trkpt>
      <trkpt lat="38.67075517773628" lon="-8.205221202224493">
        <ele>260</ele>
      </trkpt>
      <trkpt lat="38.67053565569222" lon="-8.205221453681588">
        <ele>260</ele>
      </trkpt>
      <trkpt lat="38.67025922052562" lon="-8.205207204446197">
        <ele>261.3</ele>
      </trkpt>
      <trkpt lat="38.6697165761143" lon="-8.205155404284596">
        <ele>263.3</ele>
      </trkpt>
      <trkpt lat="38.66910587064922" lon="-8.205072255805135">
        <ele>261.4</ele>
      </trkpt>
      <trkpt lat="38.66856808774173" lon="-8.204982820898294">
        <ele>258.7</ele>
      </trkpt>
      <trkpt lat="38.668478736653924" lon="-8.204957339912653">
        <ele>258.6</ele>
      </trkpt>
      <trkpt lat="38.66829760372639" lon="-8.2049151789397">
        <ele>258.5</ele>
      </trkpt>
      <trkpt lat="38.6680103559047" lon="-8.20486824028194">
        <ele>258.2</ele>
      </trkpt>
      <trkpt lat="38.667808352038264" lon="-8.204831527546048">
        <ele>257</ele>
      </trkpt>
      <trkpt lat="38.667499143630266" lon="-8.204774362966418">
        <ele>254.4</ele>
      </trkpt>
      <trkpt lat="38.66698483005166" lon="-8.204674366861582">
        <ele>254</ele>
      </trkpt>
      <trkpt lat="38.66668123751879" lon="-8.204609071835876">
        <ele>254.3</ele>
      </trkpt>
      <trkpt lat="38.66647613234818" lon="-8.204571940004826">
        <ele>253.9</ele>
      </trkpt>
      <trkpt lat="38.66637395694852" lon="-8.204551991075277">
        <ele>253.4</ele>
      </trkpt>
      <trkpt lat="38.66616843268275" lon="-8.204514356330037">
        <ele>252</ele>
      </trkpt>
      <trkpt lat="38.665970703586936" lon="-8.204478397965431">
        <ele>250.7</ele>
      </trkpt>
      <trkpt lat="38.66577683016658" lon="-8.204463478177786">
        <ele>249.7</ele>
      </trkpt>
      <trkpt lat="38.665678426623344" lon="-8.204479403793812">
        <ele>249</ele>
      </trkpt>
      <trkpt lat="38.66548824124038" lon="-8.20455802604556">
        <ele>248.2</ele>
      </trkpt>
      <trkpt lat="38.66539595648646" lon="-8.2046078145504">
        <ele>248.2</ele>
      </trkpt>
      <trkpt lat="38.66530786268413" lon="-8.204665230587125">
        <ele>248.1</ele>
      </trkpt>
      <trkpt lat="38.66496470756829" lon="-8.204923896118999">
        <ele>246.5</ele>
      </trkpt>
      <trkpt lat="38.664530692622066" lon="-8.20523134432733">
        <ele>244</ele>
      </trkpt>
      <trkpt lat="38.664247803390026" lon="-8.205370232462883">
        <ele>241.5</ele>
      </trkpt>
      <trkpt lat="38.66404957138002" lon="-8.20541356690228">
        <ele>240.5</ele>
      </trkpt>
      <trkpt lat="38.663950664922595" lon="-8.20542236790061">
        <ele>240.2</ele>
      </trkpt>
      <trkpt lat="38.663753690198064" lon="-8.20543167181313">
        <ele>239.6</ele>
      </trkpt>
      <trkpt lat="38.66365813650191" lon="-8.205434689298272">
        <ele>239.4</ele>
      </trkpt>
      <trkpt lat="38.66338555701077" lon="-8.205455224961042">
        <ele>239.5</ele>
      </trkpt>
      <trkpt lat="38.66312211379409" lon="-8.20546830072999">
        <ele>240.3</ele>
      </trkpt>
      <trkpt lat="38.66256178356707" lon="-8.205484477803111">
        <ele>240.8</ele>
      </trkpt>
      <trkpt lat="38.662131540477276" lon="-8.205514065921307">
        <ele>240.6</ele>
      </trkpt>
      <trkpt lat="38.66193272173405" lon="-8.205557400360703">
        <ele>240.8</ele>
      </trkpt>
      <trkpt lat="38.66174873895943" lon="-8.205655887722969">
        <ele>241.3</ele>
      </trkpt>
      <trkpt lat="38.66158051416278" lon="-8.205798044800758">
        <ele>241.8</ele>
      </trkpt>
      <trkpt lat="38.66115211509168" lon="-8.206273382529616">
        <ele>240.5</ele>
      </trkpt>
      <trkpt lat="38.66077526472509" lon="-8.206700943410397">
        <ele>241</ele>
      </trkpt>
      <trkpt lat="38.66061273962259" lon="-8.206889033317566">
        <ele>242.4</ele>
      </trkpt>
      <trkpt lat="38.66018023341894" lon="-8.207380631938577">
        <ele>242.5</ele>
      </trkpt>
      <trkpt lat="38.659791480749846" lon="-8.207731414586306">
        <ele>243.5</ele>
      </trkpt>
      <trkpt lat="38.6592585593462" lon="-8.207880863919854">
        <ele>244.9</ele>
      </trkpt>
      <trkpt lat="38.659057058393955" lon="-8.2079095300287">
        <ele>245.4</ele>
      </trkpt>
      <trkpt lat="38.65896142087877" lon="-8.20792612619698">
        <ele>245.6</ele>
      </trkpt>
      <trkpt lat="38.65882454439998" lon="-8.207944734022021">
        <ele>246</ele>
      </trkpt>
      <trkpt lat="38.6586953792721" lon="-8.207963509485126">
        <ele>246.5</ele>
      </trkpt>
      <trkpt lat="38.65857224911451" lon="-8.207985134795308">
        <ele>246.9</ele>
      </trkpt>
      <trkpt lat="38.658532267436385" lon="-8.207988906651735">
        <ele>247.2</ele>
      </trkpt>
      <trkpt lat="38.658375944942236" lon="-8.208017572760582">
        <ele>248.4</ele>
      </trkpt>
      <trkpt lat="38.65814393386245" lon="-8.208054704591632">
        <ele>249.6</ele>
      </trkpt>
      <trkpt lat="38.65795190446079" lon="-8.208100385963917">
        <ele>250.5</ele>
      </trkpt>
      <trkpt lat="38.65766557864845" lon="-8.208146905526519">
        <ele>251.1</ele>
      </trkpt>
      <trkpt lat="38.65749727003276" lon="-8.208180349320173">
        <ele>251.4</ele>
      </trkpt>
      <trkpt lat="38.657291745767" lon="-8.20823147892952">
        <ele>252.2</ele>
      </trkpt>
      <trkpt lat="38.65705395117402" lon="-8.20835460908711">
        <ele>254</ele>
      </trkpt>
      <trkpt lat="38.65688773803413" lon="-8.208448989316821">
        <ele>255.9</ele>
      </trkpt>
      <trkpt lat="38.6566545534879" lon="-8.208592655137181">
        <ele>257.6</ele>
      </trkpt>
      <trkpt lat="38.65661700256169" lon="-8.208614448085427">
        <ele>257.8</ele>
      </trkpt>
      <trkpt lat="38.656091121956706" lon="-8.208889961242676">
        <ele>254.6</ele>
      </trkpt>
      <trkpt lat="38.655791552737355" lon="-8.20898006670177">
        <ele>254.5</ele>
      </trkpt>
      <trkpt lat="38.65565006621182" lon="-8.20900353603065">
        <ele>255.1</ele>
      </trkpt>
      <trkpt lat="38.6555612180382" lon="-8.209014516323805">
        <ele>255.4</ele>
      </trkpt>
      <trkpt lat="38.65547312423587" lon="-8.209019461646676">
        <ele>255.4</ele>
      </trkpt>
      <trkpt lat="38.65524932742119" lon="-8.209009990096092">
        <ele>255.5</ele>
      </trkpt>
      <trkpt lat="38.655024860054255" lon="-8.208973864093423">
        <ele>255.7</ele>
      </trkpt>
      <trkpt lat="38.65480265580118" lon="-8.208905467763543">
        <ele>255.9</ele>
      </trkpt>
      <trkpt lat="38.65465437993407" lon="-8.208866156637669">
        <ele>255.7</ele>
      </trkpt>
      <trkpt lat="38.65454692393541" lon="-8.208832461386919">
        <ele>255.4</ele>
      </trkpt>
      <trkpt lat="38.65437517873943" lon="-8.208787450566888">
        <ele>254.6</ele>
      </trkpt>
      <trkpt lat="38.65431667305529" lon="-8.208775212988257">
        <ele>254.3</ele>
      </trkpt>
      <trkpt lat="38.65419480018318" lon="-8.20876406505704">
        <ele>253.8</ele>
      </trkpt>
      <trkpt lat="38.654066" lon="-8.208772">
        <ele>253.3</ele>
      </trkpt>
      <trkpt lat="38.654171" lon="-8.208761">
        <ele>253.8</ele>
      </trkpt>
      <trkpt lat="38.65402" lon="-8.208749">
        <ele>253.3</ele>
      </trkpt>
      <trkpt lat="38.653708" lon="-8.208727">
        <ele>252</ele>
      </trkpt>
      <trkpt lat="38.653066" lon="-8.20868">
        <ele>251.3</ele>
      </trkpt>
      <trkpt lat="38.653066" lon="-8.20868">
        <ele>251.6</ele>
      </trkpt>
      <trkpt lat="38.652751" lon="-8.208419">
        <ele>251.72</ele>
      </trkpt>
      <trkpt lat="38.652734" lon="-8.208456">
        <ele>251.59</ele>
      </trkpt>
      <trkpt lat="38.65271" lon="-8.208484">
        <ele>251.46</ele>
      </trkpt>
      <trkpt lat="38.652681" lon="-8.208502">
        <ele>251.35</ele>
      </trkpt>
      <trkpt lat="38.652648" lon="-8.208508">
        <ele>251.27</ele>
      </trkpt>
      <trkpt lat="38.652616" lon="-8.208501">
        <ele>251.21</ele>
      </trkpt>
      <trkpt lat="38.652586" lon="-8.208482">
        <ele>251.18</ele>
      </trkpt>
      <trkpt lat="38.652563" lon="-8.208453">
        <ele>251.19</ele>
      </trkpt>
      <trkpt lat="38.652542" lon="-8.20838">
        <ele>251.28</ele>
      </trkpt>
      <trkpt lat="38.652554" lon="-8.208304">
        <ele>251.46</ele>
      </trkpt>
      <trkpt lat="38.652597" lon="-8.208248">
        <ele>251.7</ele>
      </trkpt>
      <trkpt lat="38.652657" lon="-8.208232">
        <ele>251.92</ele>
      </trkpt>
      <trkpt lat="38.652832" lon="-8.208129">
        <ele>252.74</ele>
      </trkpt>
      <trkpt lat="38.652781" lon="-8.208288">
        <ele>252.16</ele>
      </trkpt>
      <trkpt lat="38.652757" lon="-8.208361">
        <ele>251.89</ele>
      </trkpt>
      <trkpt lat="38.652751" lon="-8.208419">
        <ele>251.72</ele>
      </trkpt>
      <trkpt lat="38.652734" lon="-8.208456">
        <ele>251.59</ele>
      </trkpt>
      <trkpt lat="38.65271" lon="-8.208484">
        <ele>251.46</ele>
      </trkpt>
      <trkpt lat="38.652681" lon="-8.208502">
        <ele>251.35</ele>
      </trkpt>
      <trkpt lat="38.652681" lon="-8.208502">
        <ele>252.8</ele>
      </trkpt>
      <trkpt lat="38.652648" lon="-8.208508">
        <ele>253</ele>
      </trkpt>
      <trkpt lat="38.652616" lon="-8.208501">
        <ele>253</ele>
      </trkpt>
      <trkpt lat="38.652586" lon="-8.208482">
        <ele>253.3</ele>
      </trkpt>
      <trkpt lat="38.652563" lon="-8.208453">
        <ele>253.3</ele>
      </trkpt>
      <trkpt lat="38.652185" lon="-8.208904">
        <ele>251.3</ele>
      </trkpt>
      <trkpt lat="38.651796" lon="-8.209369">
        <ele>248.8</ele>
      </trkpt>
      <trkpt lat="38.651269" lon="-8.209918">
        <ele>245.8</ele>
      </trkpt>
      <trkpt lat="38.650722" lon="-8.210452">
        <ele>245.8</ele>
      </trkpt>
      <trkpt lat="38.65052" lon="-8.210585">
        <ele>246.3</ele>
      </trkpt>
      <trkpt lat="38.65052" lon="-8.210585">
        <ele>247.88</ele>
      </trkpt>
      <trkpt lat="38.649966" lon="-8.210852">
        <ele>247.24</ele>
      </trkpt>
      <trkpt lat="38.649334" lon="-8.211128">
        <ele>246.12</ele>
      </trkpt>
      <trkpt lat="38.648613" lon="-8.211472">
        <ele>245.9</ele>
      </trkpt>
      <trkpt lat="38.648202" lon="-8.211628">
        <ele>246.01</ele>
      </trkpt>
      <trkpt lat="38.648151" lon="-8.211648">
        <ele>246.04</ele>
      </trkpt>
      <trkpt lat="38.648695" lon="-8.213825">
        <ele>246.69</ele>
      </trkpt>
      <trkpt lat="38.648695182055235" lon="-8.213824471458793">
        <ele>248.3</ele>
      </trkpt>
      <trkpt lat="38.648695182055235" lon="-8.213824471458793">
        <ele>248.3</ele>
      </trkpt>
      <trkpt lat="38.64885971881449" lon="-8.21425873786211">
        <ele>245.8</ele>
      </trkpt>
      <trkpt lat="38.64894798025489" lon="-8.21461932733655">
        <ele>244.5</ele>
      </trkpt>
      <trkpt lat="38.64899408072233" lon="-8.214819319546223">
        <ele>243.8</ele>
      </trkpt>
      <trkpt lat="38.649063147604465" lon="-8.215128108859062">
        <ele>242.9</ele>
      </trkpt>
      <trkpt lat="38.64914210513234" lon="-8.215441927313805">
        <ele>241.7</ele>
      </trkpt>
      <trkpt lat="38.64919390529394" lon="-8.215652396902442">
        <ele>240.4</ele>
      </trkpt>
      <trkpt lat="38.649246292188764" lon="-8.21587409824133">
        <ele>239.3</ele>
      </trkpt>
      <trkpt lat="38.649298092350364" lon="-8.216102924197912">
        <ele>237.9</ele>
      </trkpt>
      <trkpt lat="38.64942792803049" lon="-8.216679096221924">
        <ele>233.6</ele>
      </trkpt>
      <trkpt lat="38.649516105651855" lon="-8.21712157689035">
        <ele>232.9</ele>
      </trkpt>
      <trkpt lat="38.64956321194768" lon="-8.217324921861291">
        <ele>232.8</ele>
      </trkpt>
      <trkpt lat="38.64963127300143" lon="-8.217629939317703">
        <ele>231.8</ele>
      </trkpt>
      <trkpt lat="38.649700758978724" lon="-8.217939734458923">
        <ele>230.5</ele>
      </trkpt>
      <trkpt lat="38.64980846643448" lon="-8.21833686903119">
        <ele>229.2</ele>
      </trkpt>
      <trkpt lat="38.64988189190626" lon="-8.218630822375417">
        <ele>228.4</ele>
      </trkpt>
      <trkpt lat="38.64992958493531" lon="-8.218825533986092">
        <ele>226.7</ele>
      </trkpt>
      <trkpt lat="38.65012027323246" lon="-8.21942400187254">
        <ele>226</ele>
      </trkpt>
      <trkpt lat="38.65022471174598" lon="-8.219632292166352">
        <ele>227.1</ele>
      </trkpt>
      <trkpt lat="38.65004835650325" lon="-8.22013839147985">
        <ele>228.8</ele>
      </trkpt>
      <trkpt lat="38.649911815300584" lon="-8.220423040911555">
        <ele>228.6</ele>
      </trkpt>
      <trkpt lat="38.64987149834633" lon="-8.220531335100532">
        <ele>228.5</ele>
      </trkpt>
      <trkpt lat="38.64975859411061" lon="-8.220766615122557">
        <ele>226.5</ele>
      </trkpt>
      <trkpt lat="38.64957704208791" lon="-8.221176825463772">
        <ele>224.2</ele>
      </trkpt>
      <trkpt lat="38.64947092719376" lon="-8.221400957554579">
        <ele>223</ele>
      </trkpt>
      <trkpt lat="38.64934871904552" lon="-8.221641601994634">
        <ele>221.5</ele>
      </trkpt>
      <trkpt lat="38.64926481619477" lon="-8.221812509000301">
        <ele>219.7</ele>
      </trkpt>
      <trkpt lat="38.6491374950856" lon="-8.222086513414979">
        <ele>216.4</ele>
      </trkpt>
      <trkpt lat="38.64900388754904" lon="-8.222365714609623">
        <ele>214.2</ele>
      </trkpt>
      <trkpt lat="38.64892065525055" lon="-8.222536956891418">
        <ele>213.3</ele>
      </trkpt>
      <trkpt lat="38.64882728084922" lon="-8.222769387066364">
        <ele>212.5</ele>
      </trkpt>
      <trkpt lat="38.6487799230963" lon="-8.222894109785557">
        <ele>211.8</ele>
      </trkpt>
      <trkpt lat="38.648575907573104" lon="-8.22299494408071">
        <ele>210.1</ele>
      </trkpt>
      <trkpt lat="38.64842134527862" lon="-8.222715072333813">
        <ele>210.5</ele>
      </trkpt>
      <trkpt lat="38.648382034152746" lon="-8.222590433433652">
        <ele>210.6</ele>
      </trkpt>
      <trkpt lat="38.64829905331135" lon="-8.222294552251697">
        <ele>211.1</ele>
      </trkpt>
      <trkpt lat="38.64817449823022" lon="-8.221851484850049">
        <ele>212</ele>
      </trkpt>
      <trkpt lat="38.6480563133955" lon="-8.221453512087464">
        <ele>211.6</ele>
      </trkpt>
      <trkpt lat="38.647980289533734" lon="-8.221178837120533">
        <ele>211.4</ele>
      </trkpt>
      <trkpt lat="38.647810304537416" lon="-8.220955459401011">
        <ele>210.2</ele>
      </trkpt>
      <trkpt lat="38.647592877969146" lon="-8.220955207943916">
        <ele>209.5</ele>
      </trkpt>
      <trkpt lat="38.64729557186365" lon="-8.221021592617035">
        <ele>209.3</ele>
      </trkpt>
      <trkpt lat="38.64719096571207" lon="-8.221054030582309">
        <ele>209.4</ele>
      </trkpt>
      <trkpt lat="38.64704729989171" lon="-8.221103567630053">
        <ele>209.5</ele>
      </trkpt>
      <trkpt lat="38.646894581615925" lon="-8.22114790789783">
        <ele>209.6</ele>
      </trkpt>
      <trkpt lat="38.64662786945701" lon="-8.221247149631381">
        <ele>208.1</ele>
      </trkpt>
      <trkpt lat="38.646355122327805" lon="-8.221327448263764">
        <ele>207.1</ele>
      </trkpt>
      <trkpt lat="38.64625319838524" lon="-8.221347900107503">
        <ele>207.1</ele>
      </trkpt>
      <trkpt lat="38.6460686288774" lon="-8.221387630328536">
        <ele>207.2</ele>
      </trkpt>
      <trkpt lat="38.64575380459428" lon="-8.22147329337895">
        <ele>206.4</ele>
      </trkpt>
      <trkpt lat="38.645427664741874" lon="-8.22155887261033">
        <ele>204.5</ele>
      </trkpt>
      <trkpt lat="38.64522943273187" lon="-8.221609750762582">
        <ele>204.1</ele>
      </trkpt>
      <trkpt lat="38.64492324180901" lon="-8.22167663834989">
        <ele>203.5</ele>
      </trkpt>
      <trkpt lat="38.644777899608016" lon="-8.22171963751316">
        <ele>202.9</ele>
      </trkpt>
      <trkpt lat="38.64458662457764" lon="-8.221772778779268">
        <ele>202.2</ele>
      </trkpt>
      <trkpt lat="38.644032664597034" lon="-8.221926838159561">
        <ele>202.3</ele>
      </trkpt>
      <trkpt lat="38.64366847090423" lon="-8.22202943265438">
        <ele>198.4</ele>
      </trkpt>
      <trkpt lat="38.643016358837485" lon="-8.222204698249698">
        <ele>194.7</ele>
      </trkpt>
      <trkpt lat="38.64278057590127" lon="-8.222268400713801">
        <ele>194</ele>
      </trkpt>
      <trkpt lat="38.64246038720012" lon="-8.222348028793931">
        <ele>193.2</ele>
      </trkpt>
      <trkpt lat="38.642139192670584" lon="-8.222441403195262">
        <ele>193.3</ele>
      </trkpt>
      <trkpt lat="38.64158933982253" lon="-8.22259713895619">
        <ele>189.3</ele>
      </trkpt>
      <trkpt lat="38.641427317634225" lon="-8.222638042643666">
        <ele>187.2</ele>
      </trkpt>
      <trkpt lat="38.64103211089969" lon="-8.2226621825248">
        <ele>184.8</ele>
      </trkpt>
      <trkpt lat="38.640658194199204" lon="-8.22246822528541">
        <ele>182.7</ele>
      </trkpt>
      <trkpt lat="38.64018252119422" lon="-8.222490772604942">
        <ele>179.7</ele>
      </trkpt>
      <trkpt lat="38.639957970008254" lon="-8.222646843641996">
        <ele>182.1</ele>
      </trkpt>
      <trkpt lat="38.639843221753836" lon="-8.222711635753512">
        <ele>183.9</ele>
      </trkpt>
      <trkpt lat="38.63968254067004" lon="-8.222696967422962">
        <ele>186.7</ele>
      </trkpt>
      <trkpt lat="38.63960492424667" lon="-8.222485408186913">
        <ele>188.1</ele>
      </trkpt>
      <trkpt lat="38.63959277048707" lon="-8.222289774566889">
        <ele>188.3</ele>
      </trkpt>
      <trkpt lat="38.63954147323966" lon="-8.221970675513148">
        <ele>188.7</ele>
      </trkpt>
      <trkpt lat="38.639485482126474" lon="-8.221768252551556">
        <ele>188.6</ele>
      </trkpt>
      <trkpt lat="38.63938800059259" lon="-8.221473712474108">
        <ele>187.1</ele>
      </trkpt>
      <trkpt lat="38.63922245800495" lon="-8.221211610361934">
        <ele>186.9</ele>
      </trkpt>
      <trkpt lat="38.63855450414121" lon="-8.22062898427248">
        <ele>195.8</ele>
      </trkpt>
      <trkpt lat="38.63742244429886" lon="-8.21982222609222">
        <ele>199.7</ele>
      </trkpt>
      <trkpt lat="38.63718464970589" lon="-8.219640757888556">
        <ele>200.8</ele>
      </trkpt>
      <trkpt lat="38.63697124645114" lon="-8.21941520087421">
        <ele>201.9</ele>
      </trkpt>
      <trkpt lat="38.63676907494664" lon="-8.21913625113666">
        <ele>202.3</ele>
      </trkpt>
      <trkpt lat="38.63661836832762" lon="-8.2187042478472">
        <ele>202.7</ele>
      </trkpt>
      <trkpt lat="38.63655005581677" lon="-8.218478942289948">
        <ele>201.7</ele>
      </trkpt>
      <trkpt lat="38.636482413858175" lon="-8.218272579833865">
        <ele>200</ele>
      </trkpt>
      <trkpt lat="38.63641913048923" lon="-8.218113156035542">
        <ele>198.1</ele>
      </trkpt>
      <trkpt lat="38.6362374946475" lon="-8.217718536034226">
        <ele>195.8</ele>
      </trkpt>
      <trkpt lat="38.636122830212116" lon="-8.217467414215207">
        <ele>195.7</ele>
      </trkpt>
      <trkpt lat="38.63598763011396" lon="-8.217185698449612">
        <ele>194.9</ele>
      </trkpt>
      <trkpt lat="38.635812448337674" lon="-8.21691781282425">
        <ele>194.1</ele>
      </trkpt>
      <trkpt lat="38.635579431429505" lon="-8.216723017394543">
        <ele>193.8</ele>
      </trkpt>
      <trkpt lat="38.63544967956841" lon="-8.216663338243961">
        <ele>193.6</ele>
      </trkpt>
      <trkpt lat="38.635131837800145" lon="-8.216559067368507">
        <ele>193.9</ele>
      </trkpt>
      <trkpt lat="38.634849451482296" lon="-8.216467034071684">
        <ele>195.2</ele>
      </trkpt>
      <trkpt lat="38.63454099744558" lon="-8.216371899470687">
        <ele>196.6</ele>
      </trkpt>
      <trkpt lat="38.634344190359116" lon="-8.216308699920774">
        <ele>197.1</ele>
      </trkpt>
      <trkpt lat="38.63378235138953" lon="-8.21614190004766">
        <ele>197.8</ele>
      </trkpt>
      <trkpt lat="38.633358143270016" lon="-8.216091357171535">
        <ele>199</ele>
      </trkpt>
      <trkpt lat="38.63312512636185" lon="-8.216101666912436">
        <ele>200.9</ele>
      </trkpt>
      <trkpt lat="38.63285665400326" lon="-8.216135110706091">
        <ele>203.5</ele>
      </trkpt>
      <trkpt lat="38.63256135955453" lon="-8.216195292770863">
        <ele>205.5</ele>
      </trkpt>
      <trkpt lat="38.6320136860013" lon="-8.216305766254663">
        <ele>209.2</ele>
      </trkpt>
      <trkpt lat="38.631597608327866" lon="-8.216400565579534">
        <ele>211.1</ele>
      </trkpt>
      <trkpt lat="38.63104473799467" lon="-8.216445492580533">
        <ele>213.1</ele>
      </trkpt>
      <trkpt lat="38.630496142432094" lon="-8.216480361297727">
        <ele>214.6</ele>
      </trkpt>
      <trkpt lat="38.63012264482677" lon="-8.216552445665002">
        <ele>216</ele>
      </trkpt>
      <trkpt lat="38.63002298399806" lon="-8.216572310775518">
        <ele>216.4</ele>
      </trkpt>
      <trkpt lat="38.629857106134295" lon="-8.216605419293046">
        <ele>217.2</ele>
      </trkpt>
      <trkpt lat="38.62931010313332" lon="-8.216711115092039">
        <ele>217.5</ele>
      </trkpt>
      <trkpt lat="38.62912444397807" lon="-8.216721508651972">
        <ele>216.8</ele>
      </trkpt>
      <trkpt lat="38.628952195867896" lon="-8.216706840321422">
        <ele>216.2</ele>
      </trkpt>
      <trkpt lat="38.62867433577776" lon="-8.216706421226263">
        <ele>215.2</ele>
      </trkpt>
      <trkpt lat="38.62858389504254" lon="-8.216697871685028">
        <ele>214.9</ele>
      </trkpt>
      <trkpt lat="38.62848876044154" lon="-8.216688986867666">
        <ele>214.6</ele>
      </trkpt>
      <trkpt lat="38.62838960252702" lon="-8.21668135933578">
        <ele>214.1</ele>
      </trkpt>
      <trkpt lat="38.62812163308263" lon="-8.216664092615247">
        <ele>212.5</ele>
      </trkpt>
      <trkpt lat="38.62781770527363" lon="-8.216542387381196">
        <ele>211.5</ele>
      </trkpt>
      <trkpt lat="38.62772801890969" lon="-8.216455047950149">
        <ele>211.6</ele>
      </trkpt>
      <trkpt lat="38.62743959762156" lon="-8.21602656506002">
        <ele>214.1</ele>
      </trkpt>
      <trkpt lat="38.62734672613442" lon="-8.215863537043333">
        <ele>214.9</ele>
      </trkpt>
      <trkpt lat="38.62727606669068" lon="-8.215757673606277">
        <ele>215.6</ele>
      </trkpt>
      <trkpt lat="38.62720599398017" lon="-8.215663880109787">
        <ele>216.7</ele>
      </trkpt>
      <trkpt lat="38.627123264595866" lon="-8.215559693053365">
        <ele>217.9</ele>
      </trkpt>
      <trkpt lat="38.62704950384796" lon="-8.215467827394605">
        <ele>219</ele>
      </trkpt>
      <trkpt lat="38.626734679564834" lon="-8.215038254857063">
        <ele>221.6</ele>
      </trkpt>
      <trkpt lat="38.626428823918104" lon="-8.214464848861098">
        <ele>223.6</ele>
      </trkpt>
      <trkpt lat="38.62611601129174" lon="-8.213913654908538">
        <ele>226.4</ele>
      </trkpt>
      <trkpt lat="38.62584996968508" lon="-8.213500678539276">
        <ele>230.4</ele>
      </trkpt>
      <trkpt lat="38.62564746290445" lon="-8.213294064626098">
        <ele>231.6</ele>
      </trkpt>
      <trkpt lat="38.62510599195957" lon="-8.213313343003392">
        <ele>231.7</ele>
      </trkpt>
      <trkpt lat="38.624982526525855" lon="-8.213360533118248">
        <ele>232</ele>
      </trkpt>
      <trkpt lat="38.62471648491919" lon="-8.213452901691198">
        <ele>233.8</ele>
      </trkpt>
      <trkpt lat="38.624609699472785" lon="-8.213470922783017">
        <ele>234.3</ele>
      </trkpt>
      <trkpt lat="38.62446133978665" lon="-8.213481483981013">
        <ele>234.9</ele>
      </trkpt>
      <trkpt lat="38.62427970394492" lon="-8.21347301825881">
        <ele>234.9</ele>
      </trkpt>
      <trkpt lat="38.62397904507816" lon="-8.213449381291866">
        <ele>235.1</ele>
      </trkpt>
      <trkpt lat="38.623751224949956" lon="-8.213429180905223">
        <ele>235.7</ele>
      </trkpt>
      <trkpt lat="38.62341519445181" lon="-8.213404035195708">
        <ele>236.9</ele>
      </trkpt>
      <trkpt lat="38.62284019589424" lon="-8.21336749009788">
        <ele>239.3</ele>
      </trkpt>
      <trkpt lat="38.62257826142013" lon="-8.213347708806396">
        <ele>240.4</ele>
      </trkpt>
      <trkpt lat="38.622424621134996" lon="-8.213334381580353">
        <ele>240.8</ele>
      </trkpt>
      <trkpt lat="38.622124968096614" lon="-8.21332055144012">
        <ele>241.3</ele>
      </trkpt>
      <trkpt lat="38.62155105918646" lon="-8.21332884952426">
        <ele>240.4</ele>
      </trkpt>
      <trkpt lat="38.62142943777144" lon="-8.21334251202643">
        <ele>240.3</ele>
      </trkpt>
      <trkpt lat="38.62087187357247" lon="-8.213401604443789">
        <ele>242.9</ele>
      </trkpt>
      <trkpt lat="38.620321433991194" lon="-8.213471844792366">
        <ele>244.8</ele>
      </trkpt>
      <trkpt lat="38.62007844261825" lon="-8.213500594720244">
        <ele>245.2</ele>
      </trkpt>
      <trkpt lat="38.61953512765467" lon="-8.213582318276167">
        <ele>245.2</ele>
      </trkpt>
      <trkpt lat="38.6189775634557" lon="-8.213652474805713">
        <ele>246.2</ele>
      </trkpt>
      <trkpt lat="38.61878050491214" lon="-8.213670160621405">
        <ele>247.4</ele>
      </trkpt>
      <trkpt lat="38.61858227290213" lon="-8.213657336309552">
        <ele>248.2</ele>
      </trkpt>
      <trkpt lat="38.61838881857693" lon="-8.213594639673829">
        <ele>248.6</ele>
      </trkpt>
      <trkpt lat="38.61805588938296" lon="-8.213353576138616">
        <ele>247.4</ele>
      </trkpt>
      <trkpt lat="38.61758138984442" lon="-8.21292182430625">
        <ele>245.2</ele>
      </trkpt>
      <trkpt lat="38.617315432056785" lon="-8.21264580823481">
        <ele>244.6</ele>
      </trkpt>
      <trkpt lat="38.61706213094294" lon="-8.212344394996762">
        <ele>244.2</ele>
      </trkpt>
      <trkpt lat="38.61677639186382" lon="-8.211993528530002">
        <ele>243.5</ele>
      </trkpt>
      <trkpt lat="38.61638244241476" lon="-8.21150528267026">
        <ele>245.7</ele>
      </trkpt>
      <trkpt lat="38.61596812494099" lon="-8.21099130436778">
        <ele>246.2</ele>
      </trkpt>
      <trkpt lat="38.61555288545787" lon="-8.21048210375011">
        <ele>248</ele>
      </trkpt>
      <trkpt lat="38.61518609337509" lon="-8.210022188723087">
        <ele>248.6</ele>
      </trkpt>
      <trkpt lat="38.614909993484616" lon="-8.20969789288938">
        <ele>248.9</ele>
      </trkpt>
      <trkpt lat="38.61456080339849" lon="-8.209340488538146">
        <ele>248.7</ele>
      </trkpt>
      <trkpt lat="38.61430834047496" lon="-8.209112081676722">
        <ele>249.5</ele>
      </trkpt>
      <trkpt lat="38.61393006518483" lon="-8.208780828863382">
        <ele>250.7</ele>
      </trkpt>
      <trkpt lat="38.61366268247366" lon="-8.208548817783594">
        <ele>251.2</ele>
      </trkpt>
      <trkpt lat="38.61355137079954" lon="-8.208450665697455">
        <ele>251.3</ele>
      </trkpt>
      <trkpt lat="38.613137220963836" lon="-8.208083705976605">
        <ele>252</ele>
      </trkpt>
      <trkpt lat="38.612682335078716" lon="-8.207681542262435">
        <ele>254.4</ele>
      </trkpt>
      <trkpt lat="38.61224521882832" lon="-8.207298405468464">
        <ele>256.8</ele>
      </trkpt>
      <trkpt lat="38.61177214421332" lon="-8.20687704719603">
        <ele>256.5</ele>
      </trkpt>
      <trkpt lat="38.61133771017194" lon="-8.206458957865834">
        <ele>256.3</ele>
      </trkpt>
      <trkpt lat="38.61110360361636" lon="-8.206192078068852">
        <ele>257.1</ele>
      </trkpt>
      <trkpt lat="38.61068903468549" lon="-8.205724954605103">
        <ele>259.5</ele>
      </trkpt>
      <trkpt lat="38.61046129837632" lon="-8.205463774502277">
        <ele>260.9</ele>
      </trkpt>
      <trkpt lat="38.61004287377" lon="-8.204980557784438">
        <ele>261.7</ele>
      </trkpt>
      <trkpt lat="38.60975864343345" lon="-8.204659195616841">
        <ele>262.4</ele>
      </trkpt>
      <trkpt lat="38.60940140672028" lon="-8.204234400764108">
        <ele>264.2</ele>
      </trkpt>
      <trkpt lat="38.60923142172396" lon="-8.204043628647923">
        <ele>265.4</ele>
      </trkpt>
      <trkpt lat="38.60913025215268" lon="-8.203941956162453">
        <ele>266.2</ele>
      </trkpt>
      <trkpt lat="38.60901282168925" lon="-8.203804744407535">
        <ele>267.4</ele>
      </trkpt>
      <trkpt lat="38.60859129577875" lon="-8.203330915421247">
        <ele>270.1</ele>
      </trkpt>
      <trkpt lat="38.60851552337408" lon="-8.203222202137113">
        <ele>270.2</ele>
      </trkpt>
      <trkpt lat="38.60832550562918" lon="-8.203029837459326">
        <ele>270.8</ele>
      </trkpt>
      <trkpt lat="38.60808318480849" lon="-8.202752899378538">
        <ele>272.4</ele>
      </trkpt>
      <trkpt lat="38.607667945325375" lon="-8.202276639640331">
        <ele>275.8</ele>
      </trkpt>
      <trkpt lat="38.6075752414763" lon="-8.202179996296763">
        <ele>276.5</ele>
      </trkpt>
      <trkpt lat="38.60720216296613" lon="-8.201745813712478">
        <ele>278.6</ele>
      </trkpt>
      <trkpt lat="38.6067876778543" lon="-8.201278019696474">
        <ele>282.9</ele>
      </trkpt>
      <trkpt lat="38.60661769285798" lon="-8.20109462365508">
        <ele>283.3</ele>
      </trkpt>
      <trkpt lat="38.60615450888872" lon="-8.200692208483815">
        <ele>281.2</ele>
      </trkpt>
      <trkpt lat="38.605856196954846" lon="-8.200451396405697">
        <ele>280.5</ele>
      </trkpt>
      <trkpt lat="38.605585964396596" lon="-8.200240759178996">
        <ele>280.5</ele>
      </trkpt>
      <trkpt lat="38.605258483439684" lon="-8.19999273866415">
        <ele>280.9</ele>
      </trkpt>
      <trkpt lat="38.60473168082535" lon="-8.199567021802068">
        <ele>283.7</ele>
      </trkpt>
      <trkpt lat="38.60452783294022" lon="-8.199381781741977">
        <ele>284.1</ele>
      </trkpt>
      <trkpt lat="38.60421032644808" lon="-8.199045499786735">
        <ele>282.6</ele>
      </trkpt>
      <trkpt lat="38.603999773040414" lon="-8.198814997449517">
        <ele>282</ele>
      </trkpt>
      <trkpt lat="38.603869350627065" lon="-8.19866755977273">
        <ele>282.6</ele>
      </trkpt>
      <trkpt lat="38.60370825044811" lon="-8.19849070161581">
        <ele>283.5</ele>
      </trkpt>
      <trkpt lat="38.60343458130956" lon="-8.198187360540032">
        <ele>284.4</ele>
      </trkpt>
      <trkpt lat="38.60303711146116" lon="-8.197744376957417">
        <ele>287.3</ele>
      </trkpt>
      <trkpt lat="38.60271792858839" lon="-8.197391415014863">
        <ele>290</ele>
      </trkpt>
      <trkpt lat="38.602562779560685" lon="-8.197216652333736">
        <ele>290.4</ele>
      </trkpt>
      <trkpt lat="38.60240872018039" lon="-8.197053791955113">
        <ele>290.9</ele>
      </trkpt>
      <trkpt lat="38.6022892780602" lon="-8.19691775366664">
        <ele>291.5</ele>
      </trkpt>
      <trkpt lat="38.60201879404485" lon="-8.19662170484662">
        <ele>294.5</ele>
      </trkpt>
      <trkpt lat="38.60176121816039" lon="-8.196323225274682">
        <ele>296.6</ele>
      </trkpt>
      <trkpt lat="38.60152895562351" lon="-8.196037067100406">
        <ele>298.2</ele>
      </trkpt>
      <trkpt lat="38.601178508251905" lon="-8.195664156228304">
        <ele>303.8</ele>
      </trkpt>
      <trkpt lat="38.60091196373105" lon="-8.195367520675063">
        <ele>308.3</ele>
      </trkpt>
      <trkpt lat="38.60069059766829" lon="-8.195138024166226">
        <ele>308.9</ele>
      </trkpt>
      <trkpt lat="38.60048079863191" lon="-8.194919340312481">
        <ele>309.7</ele>
      </trkpt>
      <trkpt lat="38.6001805588603" lon="-8.194590266793966">
        <ele>313.8</ele>
      </trkpt>
      <trkpt lat="38.59986783005297" lon="-8.194231018424034">
        <ele>316</ele>
      </trkpt>
      <trkpt lat="38.599697006866336" lon="-8.193996660411358">
        <ele>316.2</ele>
      </trkpt>
      <trkpt lat="38.59957555308938" lon="-8.193898759782314">
        <ele>315.9</ele>
      </trkpt>
      <trkpt lat="38.599138436838984" lon="-8.193429708480835">
        <ele>317.8</ele>
      </trkpt>
      <trkpt lat="38.598908856511116" lon="-8.19315386004746">
        <ele>318.2</ele>
      </trkpt>
      <trkpt lat="38.59871766529977" lon="-8.192876670509577">
        <ele>317.5</ele>
      </trkpt>
      <trkpt lat="38.598507614806294" lon="-8.192539047449827">
        <ele>317.5</ele>
      </trkpt>
      <trkpt lat="38.59812296926975" lon="-8.191942758858204">
        <ele>319.4</ele>
      </trkpt>
      <trkpt lat="38.597975531592965" lon="-8.191709825769067">
        <ele>319.3</ele>
      </trkpt>
      <trkpt lat="38.59781543724239" lon="-8.191458620131016">
        <ele>318.6</ele>
      </trkpt>
      <trkpt lat="38.597672022879124" lon="-8.191240020096302">
        <ele>318.2</ele>
      </trkpt>
      <trkpt lat="38.59755928628147" lon="-8.191068526357412">
        <ele>318.1</ele>
      </trkpt>
      <trkpt lat="38.59718662686646" lon="-8.190481960773468">
        <ele>316.1</ele>
      </trkpt>
      <trkpt lat="38.59693399630487" lon="-8.190094130113721">
        <ele>315.7</ele>
      </trkpt>
      <trkpt lat="38.59657600522041" lon="-8.189550647512078">
        <ele>317</ele>
      </trkpt>
      <trkpt lat="38.59613209962845" lon="-8.189092157408595">
        <ele>316.5</ele>
      </trkpt>
      <trkpt lat="38.595898328348994" lon="-8.18889987654984">
        <ele>316.1</ele>
      </trkpt>
      <trkpt lat="38.595434222370386" lon="-8.188534928485751">
        <ele>316.6</ele>
      </trkpt>
      <trkpt lat="38.594905911013484" lon="-8.188224378973246">
        <ele>315.8</ele>
      </trkpt>
      <trkpt lat="38.59448597766459" lon="-8.18803796544671">
        <ele>314</ele>
      </trkpt>
      <trkpt lat="38.5942246299237" lon="-8.187921708449721">
        <ele>312.4</ele>
      </trkpt>
      <trkpt lat="38.593670669943094" lon="-8.187678884714842">
        <ele>310.1</ele>
      </trkpt>
      <trkpt lat="38.59338107518852" lon="-8.187548378482461">
        <ele>307.7</ele>
      </trkpt>
      <trkpt lat="38.59307731501758" lon="-8.187419129535556">
        <ele>304.8</ele>
      </trkpt>
      <trkpt lat="38.59292333945632" lon="-8.187359534204006">
        <ele>304.3</ele>
      </trkpt>
      <trkpt lat="38.592331409454346" lon="-8.187183681875467">
        <ele>301.9</ele>
      </trkpt>
      <trkpt lat="38.59173939563334" lon="-8.187002632766962">
        <ele>303.6</ele>
      </trkpt>
      <trkpt lat="38.59134016558528" lon="-8.186877658590674">
        <ele>306.5</ele>
      </trkpt>
      <trkpt lat="38.591169426217675" lon="-8.186803059652448">
        <ele>307</ele>
      </trkpt>
      <trkpt lat="38.59107060357928" lon="-8.186756037175655">
        <ele>307.2</ele>
      </trkpt>
      <trkpt lat="38.59094747342169" lon="-8.186681270599365">
        <ele>307.9</ele>
      </trkpt>
      <trkpt lat="38.59057833440602" lon="-8.186473734676838">
        <ele>309.5</ele>
      </trkpt>
      <trkpt lat="38.590474147349596" lon="-8.186377342790365">
        <ele>309.1</ele>
      </trkpt>
      <trkpt lat="38.590278681367636" lon="-8.186195371672511">
        <ele>308.6</ele>
      </trkpt>
      <trkpt lat="38.59014364890754" lon="-8.186008874326944">
        <ele>308.4</ele>
      </trkpt>
      <trkpt lat="38.590057734400034" lon="-8.185864789411426">
        <ele>308.3</ele>
      </trkpt>
      <trkpt lat="38.589826142415404" lon="-8.185483161360025">
        <ele>307.1</ele>
      </trkpt>
      <trkpt lat="38.589656576514244" lon="-8.18520387634635">
        <ele>304.7</ele>
      </trkpt>
      <trkpt lat="38.589579882100224" lon="-8.185071693733335">
        <ele>303.7</ele>
      </trkpt>
      <trkpt lat="38.58930202201009" lon="-8.184635750949383">
        <ele>300.6</ele>
      </trkpt>
      <trkpt lat="38.589211497455835" lon="-8.184488480910659">
        <ele>299.8</ele>
      </trkpt>
      <trkpt lat="38.589119547978044" lon="-8.184350598603487">
        <ele>299.2</ele>
      </trkpt>
      <trkpt lat="38.58902701176703" lon="-8.184217074885964">
        <ele>298.4</ele>
      </trkpt>
      <trkpt lat="38.588658291846514" lon="-8.183609303086996">
        <ele>294.6</ele>
      </trkpt>
      <trkpt lat="38.58830139040947" lon="-8.183022402226925">
        <ele>290.8</ele>
      </trkpt>
      <trkpt lat="38.587921438738704" lon="-8.18248562514782">
        <ele>296.2</ele>
      </trkpt>
      <trkpt lat="38.58779269270599" lon="-8.18235469982028">
        <ele>296.7</ele>
      </trkpt>
      <trkpt lat="38.5876970551908" lon="-8.18228580057621">
        <ele>297.2</ele>
      </trkpt>
      <trkpt lat="38.58759647235274" lon="-8.182228552177548">
        <ele>297.7</ele>
      </trkpt>
      <trkpt lat="38.58749186620116" lon="-8.182187145575881">
        <ele>297.9</ele>
      </trkpt>
      <trkpt lat="38.58735490590334" lon="-8.182136518880725">
        <ele>298.1</ele>
      </trkpt>
      <trkpt lat="38.587247701361775" lon="-8.182091591879725">
        <ele>298</ele>
      </trkpt>
      <trkpt lat="38.58702918514609" lon="-8.182042893022299">
        <ele>297.4</ele>
      </trkpt>
      <trkpt lat="38.58686540275812" lon="-8.181993439793587">
        <ele>297.3</ele>
      </trkpt>
      <trkpt lat="38.58664923347533" lon="-8.181939711794257">
        <ele>298</ele>
      </trkpt>
      <trkpt lat="38.58644278720021" lon="-8.18188120611012">
        <ele>298.7</ele>
      </trkpt>
      <trkpt lat="38.58625310473144" lon="-8.181830327957869">
        <ele>299.7</ele>
      </trkpt>
      <trkpt lat="38.58585840091109" lon="-8.18171365186572">
        <ele>302.2</ele>
      </trkpt>
      <trkpt lat="38.58536034822464" lon="-8.181576523929834">
        <ele>305.7</ele>
      </trkpt>
      <trkpt lat="38.58507603406906" lon="-8.181540062651038">
        <ele>306.2</ele>
      </trkpt>
      <trkpt lat="38.58492356725037" lon="-8.181534027680755">
        <ele>305.8</ele>
      </trkpt>
      <trkpt lat="38.58474033884704" lon="-8.181539224460721">
        <ele>304.9</ele>
      </trkpt>
      <trkpt lat="38.58454629778862" lon="-8.181540984660387">
        <ele>303.6</ele>
      </trkpt>
      <trkpt lat="38.58428578823805" lon="-8.181546349078417">
        <ele>301.1</ele>
      </trkpt>
      <trkpt lat="38.583929892629385" lon="-8.181523215025663">
        <ele>297.9</ele>
      </trkpt>
      <trkpt lat="38.583696372807026" lon="-8.18146102130413">
        <ele>296.8</ele>
      </trkpt>
      <trkpt lat="38.58353083021939" lon="-8.181400252506137">
        <ele>296.1</ele>
      </trkpt>
      <trkpt lat="38.583004865795374" lon="-8.181157261133194">
        <ele>292.8</ele>
      </trkpt>
      <trkpt lat="38.58247806318104" lon="-8.180921729654074">
        <ele>292</ele>
      </trkpt>
      <trkpt lat="38.58191697858274" lon="-8.180680247023702">
        <ele>286.1</ele>
      </trkpt>
      <trkpt lat="38.581343572586775" lon="-8.18041873164475">
        <ele>284.6</ele>
      </trkpt>
      <trkpt lat="38.581088008359075" lon="-8.180303312838078">
        <ele>284.2</ele>
      </trkpt>
      <trkpt lat="38.58084158040583" lon="-8.180195521563292">
        <ele>284</ele>
      </trkpt>
      <trkpt lat="38.58059666119516" lon="-8.180087730288506">
        <ele>284</ele>
      </trkpt>
      <trkpt lat="38.580416115000844" lon="-8.180008018389344">
        <ele>284.5</ele>
      </trkpt>
      <trkpt lat="38.57990029267967" lon="-8.179776845499873">
        <ele>286.3</ele>
      </trkpt>
      <trkpt lat="38.57938547618687" lon="-8.179550701752305">
        <ele>288.3</ele>
      </trkpt>
      <trkpt lat="38.57914851978421" lon="-8.179443497210741">
        <ele>290</ele>
      </trkpt>
      <trkpt lat="38.57897384092212" lon="-8.17935942672193">
        <ele>291.5</ele>
      </trkpt>
      <trkpt lat="38.57876680791378" lon="-8.179264040663838">
        <ele>293.4</ele>
      </trkpt>
      <trkpt lat="38.578505124896765" lon="-8.179149376228452">
        <ele>294.9</ele>
      </trkpt>
      <trkpt lat="38.577991062775254" lon="-8.178912252187729">
        <ele>295.5</ele>
      </trkpt>
      <trkpt lat="38.577411621809006" lon="-8.178658615797758">
        <ele>295.2</ele>
      </trkpt>
      <trkpt lat="38.57725705951452" lon="-8.17859717644751">
        <ele>296.1</ele>
      </trkpt>
      <trkpt lat="38.57673570513725" lon="-8.178369607776403">
        <ele>300.6</ele>
      </trkpt>
      <trkpt lat="38.5765072144568" lon="-8.178257877007127">
        <ele>302.2</ele>
      </trkpt>
      <trkpt lat="38.57611167244613" lon="-8.178078755736351">
        <ele>304</ele>
      </trkpt>
      <trkpt lat="38.57602408155799" lon="-8.178045144304633">
        <ele>304.8</ele>
      </trkpt>
      <trkpt lat="38.575798105448484" lon="-8.177943890914321">
        <ele>307</ele>
      </trkpt>
      <trkpt lat="38.575582606717944" lon="-8.17784322425723">
        <ele>309.7</ele>
      </trkpt>
      <trkpt lat="38.575380351394415" lon="-8.177755633369088">
        <ele>313.2</ele>
      </trkpt>
      <trkpt lat="38.57524716295302" lon="-8.177693355828524">
        <ele>315.4</ele>
      </trkpt>
      <trkpt lat="38.57494139112532" lon="-8.17755438387394">
        <ele>319.2</ele>
      </trkpt>
      <trkpt lat="38.574599577113986" lon="-8.177408622577786">
        <ele>321.4</ele>
      </trkpt>
      <trkpt lat="38.57451324351132" lon="-8.177372999489307">
        <ele>322.1</ele>
      </trkpt>
      <trkpt lat="38.57439941726625" lon="-8.177318768575788">
        <ele>322.7</ele>
      </trkpt>
      <trkpt lat="38.57431375421584" lon="-8.17726998589933">
        <ele>323.6</ele>
      </trkpt>
      <trkpt lat="38.574163131415844" lon="-8.177215671166778">
        <ele>325.5</ele>
      </trkpt>
      <trkpt lat="38.57401971705258" lon="-8.177143083885312">
        <ele>327.4</ele>
      </trkpt>
      <trkpt lat="38.5738078225404" lon="-8.177052224054933">
        <ele>330.7</ele>
      </trkpt>
      <trkpt lat="38.57371344231069" lon="-8.177003860473633">
        <ele>332</ele>
      </trkpt>
      <trkpt lat="38.57358980923891" lon="-8.176945187151432">
        <ele>333.7</ele>
      </trkpt>
      <trkpt lat="38.57349190860987" lon="-8.176898751407862">
        <ele>335.4</ele>
      </trkpt>
      <trkpt lat="38.57326936908066" lon="-8.176804035902023">
        <ele>338.5</ele>
      </trkpt>
      <trkpt lat="38.57316434383392" lon="-8.176765227690339">
        <ele>339.8</ele>
      </trkpt>
      <trkpt lat="38.57297566719353" lon="-8.176712589338422">
        <ele>341.5</ele>
      </trkpt>
      <trkpt lat="38.57280408963561" lon="-8.17672030068934">
        <ele>343.2</ele>
      </trkpt>
      <trkpt lat="38.57268917374313" lon="-8.176741087809205">
        <ele>344.5</ele>
      </trkpt>
      <trkpt lat="38.57240008190274" lon="-8.176768748089671">
        <ele>347.3</ele>
      </trkpt>
      <trkpt lat="38.572200424969196" lon="-8.176781823858619">
        <ele>349</ele>
      </trkpt>
      <trkpt lat="38.57196740806103" lon="-8.176808059215546">
        <ele>350.7</ele>
      </trkpt>
      <trkpt lat="38.57157890684903" lon="-8.176850974559784">
        <ele>352</ele>
      </trkpt>
      <trkpt lat="38.571528028696775" lon="-8.176850387826562">
        <ele>352</ele>
      </trkpt>
      <trkpt lat="38.57135519385338" lon="-8.176820632070303">
        <ele>352</ele>
      </trkpt>
      <trkpt lat="38.57092780061066" lon="-8.17659666761756">
        <ele>353</ele>
      </trkpt>
      <trkpt lat="38.57071339152753" lon="-8.1764892116189">
        <ele>353</ele>
      </trkpt>
      <trkpt lat="38.57044198550284" lon="-8.176342025399208">
        <ele>352.2</ele>
      </trkpt>
      <trkpt lat="38.570345509797335" lon="-8.176290225237608">
        <ele>351.8</ele>
      </trkpt>
      <trkpt lat="38.57024375349283" lon="-8.176237419247627">
        <ele>351.4</ele>
      </trkpt>
      <trkpt lat="38.57009656727314" lon="-8.176153348758817">
        <ele>350.8</ele>
      </trkpt>
      <trkpt lat="38.569897413253784" lon="-8.176060477271676">
        <ele>350.6</ele>
      </trkpt>
      <trkpt lat="38.56970630586147" lon="-8.175975736230612">
        <ele>351.2</ele>
      </trkpt>
      <trkpt lat="38.56950933113694" lon="-8.175909267738461">
        <ele>352</ele>
      </trkpt>
      <trkpt lat="38.56935644522309" lon="-8.175859479233623">
        <ele>352.8</ele>
      </trkpt>
      <trkpt lat="38.56916173361242" lon="-8.175780940800905">
        <ele>353.5</ele>
      </trkpt>
      <trkpt lat="38.56889736838639" lon="-8.175665019080043">
        <ele>354.5</ele>
      </trkpt>
      <trkpt lat="38.568675331771374" lon="-8.175570219755173">
        <ele>354.3</ele>
      </trkpt>
      <trkpt lat="38.56850006617606" lon="-8.175495704635978">
        <ele>354.1</ele>
      </trkpt>
      <trkpt lat="38.56821717694402" lon="-8.175375172868371">
        <ele>354.4</ele>
      </trkpt>
      <trkpt lat="38.56799287721515" lon="-8.175270901992917">
        <ele>355.1</ele>
      </trkpt>
      <trkpt lat="38.56786455027759" lon="-8.175204517319798">
        <ele>355.6</ele>
      </trkpt>
      <trkpt lat="38.56759046204388" lon="-8.175033945590258">
        <ele>356.3</ele>
      </trkpt>
      <trkpt lat="38.56749348342419" lon="-8.174971165135503">
        <ele>356.4</ele>
      </trkpt>
      <trkpt lat="38.56726390309632" lon="-8.174815261736512">
        <ele>357.6</ele>
      </trkpt>
      <trkpt lat="38.56703298166394" lon="-8.174660447984934">
        <ele>359.2</ele>
      </trkpt>
      <trkpt lat="38.56692393310368" lon="-8.174575120210648">
        <ele>360</ele>
      </trkpt>
      <trkpt lat="38.56650659814477" lon="-8.174356268718839">
        <ele>361.9</ele>
      </trkpt>
      <trkpt lat="38.56636947020888" lon="-8.174300529062748">
        <ele>362.7</ele>
      </trkpt>
      <trkpt lat="38.56617744080722" lon="-8.17421855404973">
        <ele>364.1</ele>
      </trkpt>
      <trkpt lat="38.5657624527812" lon="-8.174032643437386">
        <ele>365.7</ele>
      </trkpt>
      <trkpt lat="38.5653081536293" lon="-8.17382954992354">
        <ele>366.7</ele>
      </trkpt>
      <trkpt lat="38.5649508330971" lon="-8.17366836592555">
        <ele>369.3</ele>
      </trkpt>
      <trkpt lat="38.56448697857559" lon="-8.173460578545928">
        <ele>372.5</ele>
      </trkpt>
      <trkpt lat="38.56404240243137" lon="-8.173278775066137">
        <ele>373.6</ele>
      </trkpt>
      <trkpt lat="38.563507720828056" lon="-8.173070149496198">
        <ele>372.2</ele>
      </trkpt>
      <trkpt lat="38.56322390958667" lon="-8.173025138676167">
        <ele>370.6</ele>
      </trkpt>
      <trkpt lat="38.56267187744379" lon="-8.173003261908889">
        <ele>365.9</ele>
      </trkpt>
      <trkpt lat="38.56243743561208" lon="-8.172968896105886">
        <ele>364.7</ele>
      </trkpt>
      <trkpt lat="38.56228153221309" lon="-8.17294324748218">
        <ele>363.9</ele>
      </trkpt>
      <trkpt lat="38.56171223334968" lon="-8.172854147851467">
        <ele>360.5</ele>
      </trkpt>
      <trkpt lat="38.56115869246423" lon="-8.17276731133461">
        <ele>353.1</ele>
      </trkpt>
      <trkpt lat="38.56056936085224" lon="-8.172671254724264">
        <ele>347.8</ele>
      </trkpt>
      <trkpt lat="38.55994918383658" lon="-8.172558601945639">
        <ele>345.4</ele>
      </trkpt>
      <trkpt lat="38.559716418385506" lon="-8.172524655237794">
        <ele>343</ele>
      </trkpt>
      <trkpt lat="38.55908467434347" lon="-8.172414768487215">
        <ele>339.9</ele>
      </trkpt>
      <trkpt lat="38.5585493221879" lon="-8.17233874462545">
        <ele>335.2</ele>
      </trkpt>
      <trkpt lat="38.558274395763874" lon="-8.172270180657506">
        <ele>332.2</ele>
      </trkpt>
      <trkpt lat="38.55782747268677" lon="-8.171916715800762">
        <ele>328.1</ele>
      </trkpt>
      <trkpt lat="38.5577324219048" lon="-8.171803476288915">
        <ele>328.5</ele>
      </trkpt>
      <trkpt lat="38.55734878219664" lon="-8.171368623152375">
        <ele>327.6</ele>
      </trkpt>
      <trkpt lat="38.55698048137128" lon="-8.170929914340377">
        <ele>323.2</ele>
      </trkpt>
      <trkpt lat="38.55678350664675" lon="-8.17072975449264">
        <ele>321.6</ele>
      </trkpt>
      <trkpt lat="38.556284699589014" lon="-8.170586507767439">
        <ele>314.2</ele>
      </trkpt>
      <trkpt lat="38.5560039896518" lon="-8.170625567436218">
        <ele>311.2</ele>
      </trkpt>
      <trkpt lat="38.55586686171591" lon="-8.170655742287636">
        <ele>310</ele>
      </trkpt>
      <trkpt lat="38.5557309910655" lon="-8.170701591297984">
        <ele>308.8</ele>
      </trkpt>
      <trkpt lat="38.55516898445785" lon="-8.170977523550391">
        <ele>305.5</ele>
      </trkpt>
      <trkpt lat="38.55488693341613" lon="-8.171129152178764">
        <ele>304.6</ele>
      </trkpt>
      <trkpt lat="38.554608318954706" lon="-8.171256054192781">
        <ele>303.5</ele>
      </trkpt>
      <trkpt lat="38.55431931093335" lon="-8.171337023377419">
        <ele>300.1</ele>
      </trkpt>
      <trkpt lat="38.553887056186795" lon="-8.17137859761715">
        <ele>294.5</ele>
      </trkpt>
      <trkpt lat="38.55360601097345" lon="-8.171390248462558">
        <ele>292.7</ele>
      </trkpt>
      <trkpt lat="38.553046099841595" lon="-8.171325707808137">
        <ele>291.2</ele>
      </trkpt>
      <trkpt lat="38.55291215702891" lon="-8.171272650361061">
        <ele>290.6</ele>
      </trkpt>
      <trkpt lat="38.55265298858285" lon="-8.171159159392118">
        <ele>288.8</ele>
      </trkpt>
      <trkpt lat="38.55225903913379" lon="-8.171011721715331">
        <ele>285</ele>
      </trkpt>
      <trkpt lat="38.55169493705034" lon="-8.170900493860245">
        <ele>280.2</ele>
      </trkpt>
      <trkpt lat="38.551125805824995" lon="-8.170806784182787">
        <ele>277.1</ele>
      </trkpt>
      <trkpt lat="38.55084551498294" lon="-8.17076051607728">
        <ele>275.3</ele>
      </trkpt>
      <trkpt lat="38.550302954390645" lon="-8.170690694823861">
        <ele>271.5</ele>
      </trkpt>
      <trkpt lat="38.55017085559666" lon="-8.17068625241518">
        <ele>270.5</ele>
      </trkpt>
      <trkpt lat="38.54956082068384" lon="-8.170715924352407">
        <ele>267.9</ele>
      </trkpt>
      <trkpt lat="38.549238704144955" lon="-8.170753056183457">
        <ele>265.9</ele>
      </trkpt>
      <trkpt lat="38.54893653653562" lon="-8.170785158872604">
        <ele>264.2</ele>
      </trkpt>
      <trkpt lat="38.548632273450494" lon="-8.170808041468263">
        <ele>262.8</ele>
      </trkpt>
      <trkpt lat="38.54842213913798" lon="-8.170819692313671">
        <ele>261.7</ele>
      </trkpt>
      <trkpt lat="38.547987286001444" lon="-8.17080695182085">
        <ele>258.7</ele>
      </trkpt>
      <trkpt lat="38.54776483029127" lon="-8.170786835253239">
        <ele>257.3</ele>
      </trkpt>
      <trkpt lat="38.54743575677276" lon="-8.17075808532536">
        <ele>256.2</ele>
      </trkpt>
      <trkpt lat="38.547328049317" lon="-8.17074827849865">
        <ele>256.2</ele>
      </trkpt>
      <trkpt lat="38.54671650566161" lon="-8.170699831098318">
        <ele>255.6</ele>
      </trkpt>
      <trkpt lat="38.5466218739748" lon="-8.170692706480622">
        <ele>255.3</ele>
      </trkpt>
      <trkpt lat="38.54608132503927" lon="-8.1706212926656">
        <ele>253.7</ele>
      </trkpt>
      <trkpt lat="38.545812433585525" lon="-8.17056898958981">
        <ele>252</ele>
      </trkpt>
      <trkpt lat="38.54544287547469" lon="-8.170532612130046">
        <ele>249.3</ele>
      </trkpt>
      <trkpt lat="38.54485597461462" lon="-8.170576365664601">
        <ele>246.1</ele>
      </trkpt>
      <trkpt lat="38.54475446976721" lon="-8.170575527474284">
        <ele>245.3</ele>
      </trkpt>
      <trkpt lat="38.54435909539461" lon="-8.170482153072953">
        <ele>243.8</ele>
      </trkpt>
      <trkpt lat="38.54417276568711" lon="-8.170409817248583">
        <ele>243.4</ele>
      </trkpt>
      <trkpt lat="38.543852074071765" lon="-8.170222230255604">
        <ele>242.7</ele>
      </trkpt>
      <trkpt lat="38.543618973344564" lon="-8.169959792867303">
        <ele>242.3</ele>
      </trkpt>
      <trkpt lat="38.54348989203572" lon="-8.169750748202205">
        <ele>242.4</ele>
      </trkpt>
      <trkpt lat="38.5431335773319" lon="-8.169185472652316">
        <ele>242.9</ele>
      </trkpt>
      <trkpt lat="38.5430283844471" lon="-8.169017750769854">
        <ele>243.1</ele>
      </trkpt>
      <trkpt lat="38.54286594316363" lon="-8.168767299503088">
        <ele>244</ele>
      </trkpt>
      <trkpt lat="38.54280257597566" lon="-8.168681301176548">
        <ele>244.5</ele>
      </trkpt>
      <trkpt lat="38.54273241944611" lon="-8.168600918725133">
        <ele>245</ele>
      </trkpt>
      <trkpt lat="38.54262186214328" lon="-8.168439315631986">
        <ele>245.6</ele>
      </trkpt>
      <trkpt lat="38.54253209196031" lon="-8.168343929573894">
        <ele>245.9</ele>
      </trkpt>
      <trkpt lat="38.54238582774997" lon="-8.168169585987926">
        <ele>246.6</ele>
      </trkpt>
      <trkpt lat="38.542140908539295" lon="-8.167886193841696">
        <ele>249.2</ele>
      </trkpt>
      <trkpt lat="38.54198785498738" lon="-8.167760381475091">
        <ele>250.5</ele>
      </trkpt>
      <trkpt lat="38.54186556302011" lon="-8.167733727023005">
        <ele>251.4</ele>
      </trkpt>
      <trkpt lat="38.54172868654132" lon="-8.167797764763236">
        <ele>252.5</ele>
      </trkpt>
      <trkpt lat="38.54160614311695" lon="-8.16786197014153">
        <ele>252.7</ele>
      </trkpt>
      <trkpt lat="38.54106953367591" lon="-8.168093645945191">
        <ele>253.2</ele>
      </trkpt>
      <trkpt lat="38.54050861671567" lon="-8.168014353141189">
        <ele>254.1</ele>
      </trkpt>
      <trkpt lat="38.54041976854205" lon="-8.167983843013644">
        <ele>254.2</ele>
      </trkpt>
      <trkpt lat="38.540178034454584" lon="-8.167882757261395">
        <ele>254.6</ele>
      </trkpt>
      <trkpt lat="38.5397507250309" lon="-8.167692739516497">
        <ele>255.3</ele>
      </trkpt>
      <trkpt lat="38.539617201313376" lon="-8.167638927698135">
        <ele>255.3</ele>
      </trkpt>
      <trkpt lat="38.53906382806599" lon="-8.167294096201658">
        <ele>252.9</ele>
      </trkpt>
      <trkpt lat="38.53857105597854" lon="-8.16697466187179">
        <ele>251.3</ele>
      </trkpt>
      <trkpt lat="38.53806504048407" lon="-8.166654221713543">
        <ele>250</ele>
      </trkpt>
      <trkpt lat="38.53766622953117" lon="-8.166402513161302">
        <ele>248.7</ele>
      </trkpt>
      <trkpt lat="38.53729792870581" lon="-8.166158515959978">
        <ele>247.4</ele>
      </trkpt>
      <trkpt lat="38.53680934756994" lon="-8.165843356400728">
        <ele>244.2</ele>
      </trkpt>
      <trkpt lat="38.53661522269249" lon="-8.165720980614424">
        <ele>243.6</ele>
      </trkpt>
      <trkpt lat="38.5364228580147" lon="-8.16558988764882">
        <ele>242.8</ele>
      </trkpt>
      <trkpt lat="38.53587359189987" lon="-8.165233321487904">
        <ele>240</ele>
      </trkpt>
      <trkpt lat="38.5353627987206" lon="-8.16499762237072">
        <ele>239</ele>
      </trkpt>
      <trkpt lat="38.535151574760675" lon="-8.164986642077565">
        <ele>239.2</ele>
      </trkpt>
      <trkpt lat="38.53479500859976" lon="-8.164683720096946">
        <ele>239.2</ele>
      </trkpt>
      <trkpt lat="38.534701047465205" lon="-8.164566708728671">
        <ele>239.4</ele>
      </trkpt>
      <trkpt lat="38.53418572805822" lon="-8.164179380983114">
        <ele>238.5</ele>
      </trkpt>
      <trkpt lat="38.53395162150264" lon="-8.164013670757413">
        <ele>238.5</ele>
      </trkpt>
      <trkpt lat="38.5335841588676" lon="-8.163777217268944">
        <ele>238.6</ele>
      </trkpt>
      <trkpt lat="38.53327302262187" lon="-8.163576386868954">
        <ele>238.7</ele>
      </trkpt>
      <trkpt lat="38.53277178481221" lon="-8.163249157369137">
        <ele>237.8</ele>
      </trkpt>
      <trkpt lat="38.53251261636615" lon="-8.163079004734755">
        <ele>236.9</ele>
      </trkpt>
      <trkpt lat="38.532022861763835" lon="-8.162762839347124">
        <ele>233.9</ele>
      </trkpt>
      <trkpt lat="38.5314756911248" lon="-8.162411553785205">
        <ele>233</ele>
      </trkpt>
      <trkpt lat="38.53132423013449" lon="-8.162316670641303">
        <ele>233.2</ele>
      </trkpt>
      <trkpt lat="38.53117427788675" lon="-8.162219440564513">
        <ele>233.7</ele>
      </trkpt>
      <trkpt lat="38.53102290071547" lon="-8.162131430581212">
        <ele>234.3</ele>
      </trkpt>
      <trkpt lat="38.530863896012306" lon="-8.162058424204588">
        <ele>234.5</ele>
      </trkpt>
      <trkpt lat="38.530695252120495" lon="-8.162007126957178">
        <ele>234.1</ele>
      </trkpt>
      <trkpt lat="38.530524764209986" lon="-8.16196521744132">
        <ele>233.4</ele>
      </trkpt>
      <trkpt lat="38.530265763401985" lon="-8.161898497492075">
        <ele>232.8</ele>
      </trkpt>
      <trkpt lat="38.530012713745236" lon="-8.161817193031311">
        <ele>232.1</ele>
      </trkpt>
      <trkpt lat="38.529770225286484" lon="-8.161681909114122">
        <ele>231.3</ele>
      </trkpt>
      <trkpt lat="38.52946596220136" lon="-8.161451239138842">
        <ele>232.8</ele>
      </trkpt>
      <trkpt lat="38.52926001884043" lon="-8.161266501992941">
        <ele>235.3</ele>
      </trkpt>
      <trkpt lat="38.529014429077506" lon="-8.161043291911483">
        <ele>237.1</ele>
      </trkpt>
      <trkpt lat="38.528569182381034" lon="-8.16062637604773">
        <ele>238.6</ele>
      </trkpt>
      <trkpt lat="38.52809518575668" lon="-8.160225385800004">
        <ele>240.7</ele>
      </trkpt>
      <trkpt lat="38.52765002287924" lon="-8.159829340875149">
        <ele>240.1</ele>
      </trkpt>
      <trkpt lat="38.52744039148092" lon="-8.159636054188013">
        <ele>239.4</ele>
      </trkpt>
      <trkpt lat="38.52714057080448" lon="-8.159423656761646">
        <ele>236.2</ele>
      </trkpt>
      <trkpt lat="38.526791632175446" lon="-8.159260042011738">
        <ele>233.7</ele>
      </trkpt>
      <trkpt lat="38.526384606957436" lon="-8.15920296125114">
        <ele>233.2</ele>
      </trkpt>
      <trkpt lat="38.526241444051266" lon="-8.159213438630104">
        <ele>233.1</ele>
      </trkpt>
      <trkpt lat="38.5260945931077" lon="-8.1592274364084">
        <ele>232.8</ele>
      </trkpt>
      <trkpt lat="38.525946233421564" lon="-8.15925819799304">
        <ele>232.3</ele>
      </trkpt>
      <trkpt lat="38.52528674528003" lon="-8.159406054764986">
        <ele>230</ele>
      </trkpt>
      <trkpt lat="38.52513293735683" lon="-8.159440839663148">
        <ele>229.8</ele>
      </trkpt>
      <trkpt lat="38.524564476683736" lon="-8.159564221277833">
        <ele>228.7</ele>
      </trkpt>
      <trkpt lat="38.52405209094286" lon="-8.159675868228078">
        <ele>225.6</ele>
      </trkpt>
      <trkpt lat="38.523800214752555" lon="-8.159724231809378">
        <ele>223.7</ele>
      </trkpt>
      <trkpt lat="38.523563174530864" lon="-8.159760190173984">
        <ele>222.3</ele>
      </trkpt>
      <trkpt lat="38.52300452068448" lon="-8.15980352461338">
        <ele>221.2</ele>
      </trkpt>
      <trkpt lat="38.52236682549119" lon="-8.159752897918224">
        <ele>224.2</ele>
      </trkpt>
      <trkpt lat="38.522090977057815" lon="-8.159709982573986">
        <ele>224.4</ele>
      </trkpt>
      <trkpt lat="38.52159367874265" lon="-8.15962515771389">
        <ele>222.6</ele>
      </trkpt>
      <trkpt lat="38.52148136124015" lon="-8.159609399735928">
        <ele>222</ele>
      </trkpt>
      <trkpt lat="38.521075677126646" lon="-8.159548128023744">
        <ele>221.5</ele>
      </trkpt>
      <trkpt lat="38.52064526639879" lon="-8.159493394196033">
        <ele>221.1</ele>
      </trkpt>
      <trkpt lat="38.520244024693966" lon="-8.159499764442444">
        <ele>219.5</ele>
      </trkpt>
      <trkpt lat="38.51983431726694" lon="-8.159583332017064">
        <ele>218.8</ele>
      </trkpt>
      <trkpt lat="38.51942494511604" lon="-8.159667570143938">
        <ele>218.9</ele>
      </trkpt>
      <trkpt lat="38.51899805478752" lon="-8.159757675603032">
        <ele>217.9</ele>
      </trkpt>
      <trkpt lat="38.51844208315015" lon="-8.159860856831074">
        <ele>215.9</ele>
      </trkpt>
      <trkpt lat="38.51818475872278" lon="-8.159875692799687">
        <ele>215.9</ele>
      </trkpt>
      <trkpt lat="38.5176380071789" lon="-8.159782653674483">
        <ele>214</ele>
      </trkpt>
      <trkpt lat="38.51706082932651" lon="-8.15966815687716">
        <ele>210.9</ele>
      </trkpt>
      <trkpt lat="38.51696250960231" lon="-8.159660613164306">
        <ele>210.8</ele>
      </trkpt>
      <trkpt lat="38.51637586019933" lon="-8.159687267616391">
        <ele>210.9</ele>
      </trkpt>
      <trkpt lat="38.515988951548934" lon="-8.159731021150947">
        <ele>210</ele>
      </trkpt>
      <trkpt lat="38.51541965268552" lon="-8.159795561805367">
        <ele>207.5</ele>
      </trkpt>
      <trkpt lat="38.51496753282845" lon="-8.159848283976316">
        <ele>206.6</ele>
      </trkpt>
      <trkpt lat="38.514401922002435" lon="-8.15991005860269">
        <ele>206.6</ele>
      </trkpt>
      <trkpt lat="38.51410067640245" lon="-8.159943837672472">
        <ele>207.1</ele>
      </trkpt>
      <trkpt lat="38.51382164284587" lon="-8.159980466589332">
        <ele>207.3</ele>
      </trkpt>
      <trkpt lat="38.513563983142376" lon="-8.16002195701003">
        <ele>208.1</ele>
      </trkpt>
      <trkpt lat="38.51330565288663" lon="-8.160095382481813">
        <ele>209.1</ele>
      </trkpt>
      <trkpt lat="38.512765942141414" lon="-8.160303169861436">
        <ele>211.1</ele>
      </trkpt>
      <trkpt lat="38.512242157012224" lon="-8.160492684692144">
        <ele>210.4</ele>
      </trkpt>
      <trkpt lat="38.51185692474246" lon="-8.160630650818348">
        <ele>210.3</ele>
      </trkpt>
      <trkpt lat="38.51159607991576" lon="-8.160728048533201">
        <ele>210.6</ele>
      </trkpt>
      <trkpt lat="38.511026445776224" lon="-8.160875989124179">
        <ele>211</ele>
      </trkpt>
      <trkpt lat="38.51049805060029" lon="-8.16091907210648">
        <ele>210.7</ele>
      </trkpt>
      <trkpt lat="38.51022622548044" lon="-8.160937260836363">
        <ele>210.4</ele>
      </trkpt>
      <trkpt lat="38.50987946614623" lon="-8.160959975793958">
        <ele>209.4</ele>
      </trkpt>
      <trkpt lat="38.50931310094893" lon="-8.16099719144404">
        <ele>209.1</ele>
      </trkpt>
      <trkpt lat="38.50901504047215" lon="-8.16101722419262">
        <ele>209</ele>
      </trkpt>
      <trkpt lat="38.50840978324413" lon="-8.161055780947208">
        <ele>208.4</ele>
      </trkpt>
      <trkpt lat="38.50782137364149" lon="-8.161049326881766">
        <ele>209.1</ele>
      </trkpt>
      <trkpt lat="38.50744661875069" lon="-8.160976655781269">
        <ele>207.7</ele>
      </trkpt>
      <trkpt lat="38.50691973231733" lon="-8.160871295258403">
        <ele>207.1</ele>
      </trkpt>
      <trkpt lat="38.50633777678013" lon="-8.160758474841714">
        <ele>210</ele>
      </trkpt>
      <trkpt lat="38.505759509280324" lon="-8.160641295835376">
        <ele>209.2</ele>
      </trkpt>
      <trkpt lat="38.50561676546931" lon="-8.16060977987945">
        <ele>208.3</ele>
      </trkpt>
      <trkpt lat="38.50501477718353" lon="-8.160454966127872">
        <ele>205.6</ele>
      </trkpt>
      <trkpt lat="38.504421254619956" lon="-8.160293446853757">
        <ele>206</ele>
      </trkpt>
      <trkpt lat="38.50384986028075" lon="-8.160141063854098">
        <ele>207.3</ele>
      </trkpt>
      <trkpt lat="38.50342188030481" lon="-8.16002732142806">
        <ele>208</ele>
      </trkpt>
      <trkpt lat="38.50287135690451" lon="-8.159879380837083">
        <ele>210</ele>
      </trkpt>
      <trkpt lat="38.5023295506835" lon="-8.159746443852782">
        <ele>209.7</ele>
      </trkpt>
      <trkpt lat="38.50206334143877" lon="-8.159683914855123">
        <ele>209.9</ele>
      </trkpt>
      <trkpt lat="38.50147199817002" lon="-8.159528849646449">
        <ele>206.4</ele>
      </trkpt>
      <trkpt lat="38.500887863337994" lon="-8.159389458596706">
        <ele>204.6</ele>
      </trkpt>
      <trkpt lat="38.50063271820545" lon="-8.159455927088857">
        <ele>203.5</ele>
      </trkpt>
      <trkpt lat="38.5005022957921" lon="-8.159501189365983">
        <ele>203</ele>
      </trkpt>
      <trkpt lat="38.50027548149228" lon="-8.159694308415055">
        <ele>202.8</ele>
      </trkpt>
      <trkpt lat="38.499986473470926" lon="-8.159969067201018">
        <ele>203.4</ele>
      </trkpt>
      <trkpt lat="38.499836018309" lon="-8.160054227337241">
        <ele>204.1</ele>
      </trkpt>
      <trkpt lat="38.49929228425026" lon="-8.160218428820372">
        <ele>205.4</ele>
      </trkpt>
      <trkpt lat="38.498754585161805" lon="-8.160407273098826">
        <ele>204.3</ele>
      </trkpt>
      <trkpt lat="38.49815083667636" lon="-8.160634087398648">
        <ele>201.3</ele>
      </trkpt>
      <trkpt lat="38.49757852032781" lon="-8.160807760432363">
        <ele>200.9</ele>
      </trkpt>
      <trkpt lat="38.49734550341964" lon="-8.160852687433362">
        <ele>200.9</ele>
      </trkpt>
      <trkpt lat="38.496726751327515" lon="-8.160891579464078">
        <ele>199.4</ele>
      </trkpt>
      <trkpt lat="38.49663061089814" lon="-8.16088579595089">
        <ele>199.1</ele>
      </trkpt>
      <trkpt lat="38.4960023034364" lon="-8.160825027152896">
        <ele>196.7</ele>
      </trkpt>
      <trkpt lat="38.4956687875092" lon="-8.160789655521512">
        <ele>196</ele>
      </trkpt>
      <trkpt lat="38.49522991105914" lon="-8.160746991634369">
        <ele>195.2</ele>
      </trkpt>
      <trkpt lat="38.495024805888534" lon="-8.160723438486457">
        <ele>194.7</ele>
      </trkpt>
      <trkpt lat="38.49447771906853" lon="-8.160656969994307">
        <ele>194</ele>
      </trkpt>
      <trkpt lat="38.49423414096236" lon="-8.160634255036712">
        <ele>193.9</ele>
      </trkpt>
      <trkpt lat="38.493695771321654" lon="-8.160594524815679">
        <ele>191.6</ele>
      </trkpt>
      <trkpt lat="38.49339201115072" lon="-8.160556219518185">
        <ele>191</ele>
      </trkpt>
      <trkpt lat="38.493242813274264" lon="-8.160544568672776">
        <ele>191.3</ele>
      </trkpt>
      <trkpt lat="38.4930235426873" lon="-8.160524871200323">
        <ele>192.2</ele>
      </trkpt>
      <trkpt lat="38.492810474708676" lon="-8.160503413528204">
        <ele>193</ele>
      </trkpt>
      <trkpt lat="38.49260461516678" lon="-8.160483548417687">
        <ele>193.1</ele>
      </trkpt>
      <trkpt lat="38.49225022830069" lon="-8.16044901497662">
        <ele>192.6</ele>
      </trkpt>
      <trkpt lat="38.49166760221124" lon="-8.160386234521866">
        <ele>191.1</ele>
      </trkpt>
      <trkpt lat="38.491431986913085" lon="-8.160364860668778">
        <ele>190.9</ele>
      </trkpt>
      <trkpt lat="38.49117558449507" lon="-8.160341307520866">
        <ele>190.8</ele>
      </trkpt>
      <trkpt lat="38.490917002782226" lon="-8.16032001748681">
        <ele>190.9</ele>
      </trkpt>
      <trkpt lat="38.49067149683833" lon="-8.160297721624374">
        <ele>190.9</ele>
      </trkpt>
      <trkpt lat="38.49043412134051" lon="-8.160276431590319">
        <ele>191.5</ele>
      </trkpt>
      <trkpt lat="38.489880412817" lon="-8.160218177363276">
        <ele>191.5</ele>
      </trkpt>
      <trkpt lat="38.489284459501505" lon="-8.160155648365617">
        <ele>188.2</ele>
      </trkpt>
      <trkpt lat="38.48858934827149" lon="-8.160084066912532">
        <ele>187.2</ele>
      </trkpt>
      <trkpt lat="38.48841450177133" lon="-8.160067722201347">
        <ele>188</ele>
      </trkpt>
      <trkpt lat="38.48780857399106" lon="-8.160006115213037">
        <ele>186.2</ele>
      </trkpt>
      <trkpt lat="38.4873007144779" lon="-8.159957751631737">
        <ele>184.3</ele>
      </trkpt>
      <trkpt lat="38.4867253806442" lon="-8.15989874303341">
        <ele>184</ele>
      </trkpt>
      <trkpt lat="38.4861851669848" lon="-8.159850044175982">
        <ele>185</ele>
      </trkpt>
      <trkpt lat="38.485962711274624" lon="-8.159829592332244">
        <ele>186</ele>
      </trkpt>
      <trkpt lat="38.48540732637048" lon="-8.15977418795228">
        <ele>188</ele>
      </trkpt>
      <trkpt lat="38.48480651155114" lon="-8.15970872528851">
        <ele>189.4</ele>
      </trkpt>
      <trkpt lat="38.48434844054282" lon="-8.15966379828751">
        <ele>189.2</ele>
      </trkpt>
      <trkpt lat="38.48378408700228" lon="-8.159601939842105">
        <ele>188.3</ele>
      </trkpt>
      <trkpt lat="38.48340547643602" lon="-8.159563969820738">
        <ele>188</ele>
      </trkpt>
      <trkpt lat="38.482843888923526" lon="-8.15950931981206">
        <ele>188.1</ele>
      </trkpt>
      <trkpt lat="38.48259444348514" lon="-8.159485599026084">
        <ele>189.6</ele>
      </trkpt>
      <trkpt lat="38.48203185014427" lon="-8.15942533314228">
        <ele>191.3</ele>
      </trkpt>
      <trkpt lat="38.481651144102216" lon="-8.159389207139611">
        <ele>192.3</ele>
      </trkpt>
      <trkpt lat="38.48106927238405" lon="-8.159329947084188">
        <ele>191.9</ele>
      </trkpt>
      <trkpt lat="38.48068957217038" lon="-8.159291641786695">
        <ele>191.5</ele>
      </trkpt>
      <trkpt lat="38.48010099492967" lon="-8.159231459721923">
        <ele>190.6</ele>
      </trkpt>
      <trkpt lat="38.479965375736356" lon="-8.159217294305563">
        <ele>190.6</ele>
      </trkpt>
      <trkpt lat="38.47941309213638" lon="-8.15916482359171">
        <ele>190.3</ele>
      </trkpt>
      <trkpt lat="38.47919759340584" lon="-8.159144539386034">
        <ele>189.9</ele>
      </trkpt>
      <trkpt lat="38.478625528514385" lon="-8.159086536616087">
        <ele>189.3</ele>
      </trkpt>
      <trkpt lat="38.478265441954136" lon="-8.159053679555655">
        <ele>188.5</ele>
      </trkpt>
      <trkpt lat="38.47767200320959" lon="-8.15899534150958">
        <ele>185.5</ele>
      </trkpt>
      <trkpt lat="38.477376624941826" lon="-8.158965334296227">
        <ele>184.9</ele>
      </trkpt>
      <trkpt lat="38.477156264707446" lon="-8.158946391195059">
        <ele>184.9</ele>
      </trkpt>
      <trkpt lat="38.47680271603167" lon="-8.158912947401404">
        <ele>185.5</ele>
      </trkpt>
      <trkpt lat="38.476218078285456" lon="-8.158857123926282">
        <ele>187.5</ele>
      </trkpt>
      <trkpt lat="38.476094864308834" lon="-8.158844551071525">
        <ele>187.1</ele>
      </trkpt>
      <trkpt lat="38.47579311579466" lon="-8.158818483352661">
        <ele>188.9</ele>
      </trkpt>
      <trkpt lat="38.475392293184996" lon="-8.158781938254833">
        <ele>193.7</ele>
      </trkpt>
      <trkpt lat="38.47500245086849" lon="-8.158742627128959">
        <ele>195.9</ele>
      </trkpt>
      <trkpt lat="38.47459961660206" lon="-8.158684624359012">
        <ele>195.5</ele>
      </trkpt>
      <trkpt lat="38.474029898643494" lon="-8.158641289919615">
        <ele>192.9</ele>
      </trkpt>
      <trkpt lat="38.47344961948693" lon="-8.158584795892239">
        <ele>192.3</ele>
      </trkpt>
      <trkpt lat="38.472885601222515" lon="-8.158530816435814">
        <ele>191.4</ele>
      </trkpt>
      <trkpt lat="38.47228302620351" lon="-8.158468287438154">
        <ele>190.8</ele>
      </trkpt>
      <trkpt lat="38.47183643840253" lon="-8.158421516418457">
        <ele>188.9</ele>
      </trkpt>
      <trkpt lat="38.471294129267335" lon="-8.158370554447174">
        <ele>185.2</ele>
      </trkpt>
      <trkpt lat="38.47066699527204" lon="-8.158310791477561">
        <ele>183.1</ele>
      </trkpt>
      <trkpt lat="38.47011446021497" lon="-8.158254297450185">
        <ele>181.8</ele>
      </trkpt>
      <trkpt lat="38.46992880105972" lon="-8.15823552198708">
        <ele>181.2</ele>
      </trkpt>
      <trkpt lat="38.4693687222898" lon="-8.158180955797434">
        <ele>178.9</ele>
      </trkpt>
      <trkpt lat="38.468804117292166" lon="-8.158124629408121">
        <ele>174.9</ele>
      </trkpt>
      <trkpt lat="38.46825552172959" lon="-8.158069895580411">
        <ele>175.2</ele>
      </trkpt>
      <trkpt lat="38.46816575154662" lon="-8.15806109458208">
        <ele>175.4</ele>
      </trkpt>
      <trkpt lat="38.46756963059306" lon="-8.158000409603119">
        <ele>176.6</ele>
      </trkpt>
      <trkpt lat="38.46699262037873" lon="-8.157945424318314">
        <ele>175</ele>
      </trkpt>
      <trkpt lat="38.466420555487275" lon="-8.157887002453208">
        <ele>173.1</ele>
      </trkpt>
      <trkpt lat="38.46585561521351" lon="-8.157834615558386">
        <ele>175.4</ele>
      </trkpt>
      <trkpt lat="38.465245831757784" lon="-8.1577820610255">
        <ele>172.9</ele>
      </trkpt>
      <trkpt lat="38.465022621676326" lon="-8.157754065468907">
        <ele>172.6</ele>
      </trkpt>
      <trkpt lat="38.46445759758353" lon="-8.157699247822165">
        <ele>176.3</ele>
      </trkpt>
      <trkpt lat="38.463911013677716" lon="-8.157643675804138">
        <ele>175.4</ele>
      </trkpt>
      <trkpt lat="38.4633073490113" lon="-8.157591121271253">
        <ele>174.6</ele>
      </trkpt>
      <trkpt lat="38.46271441318095" lon="-8.15753286704421">
        <ele>175.7</ele>
      </trkpt>
      <trkpt lat="38.46212223172188" lon="-8.157470086589456">
        <ele>176</ele>
      </trkpt>
      <trkpt lat="38.46153466030955" lon="-8.15741116181016">
        <ele>176.9</ele>
      </trkpt>
      <trkpt lat="38.46104700118303" lon="-8.157361540943384">
        <ele>176.8</ele>
      </trkpt>
      <trkpt lat="38.46050544641912" lon="-8.157306471839547">
        <ele>177.6</ele>
      </trkpt>
      <trkpt lat="38.45994897186756" lon="-8.157251738011837">
        <ele>177.2</ele>
      </trkpt>
      <trkpt lat="38.459372548386455" lon="-8.157192561775446">
        <ele>177</ele>
      </trkpt>
      <trkpt lat="38.458794951438904" lon="-8.157139839604497">
        <ele>178.1</ele>
      </trkpt>
      <trkpt lat="38.45825398340821" lon="-8.157088123261929">
        <ele>178.9</ele>
      </trkpt>
      <trkpt lat="38.45770320855081" lon="-8.157032635062933">
        <ele>180.8</ele>
      </trkpt>
      <trkpt lat="38.45714815892279" lon="-8.156977482140064">
        <ele>182.6</ele>
      </trkpt>
      <trkpt lat="38.45656955614686" lon="-8.15692006610334">
        <ele>182.1</ele>
      </trkpt>
      <trkpt lat="38.455960527062416" lon="-8.15686097368598">
        <ele>181.8</ele>
      </trkpt>
      <trkpt lat="38.45540187321603" lon="-8.156805485486984">
        <ele>179.7</ele>
      </trkpt>
      <trkpt lat="38.454822935163975" lon="-8.15674806945026">
        <ele>176.4</ele>
      </trkpt>
      <trkpt lat="38.45441800542176" lon="-8.156707668676972">
        <ele>175.4</ele>
      </trkpt>
      <trkpt lat="38.45386002212763" lon="-8.156643966212869">
        <ele>174.4</ele>
      </trkpt>
      <trkpt lat="38.45332936383784" lon="-8.156574899330735">
        <ele>172.1</ele>
      </trkpt>
      <trkpt lat="38.452738942578435" lon="-8.156525865197182">
        <ele>172.8</ele>
      </trkpt>
      <trkpt lat="38.45245278440416" lon="-8.156510023400187">
        <ele>172.9</ele>
      </trkpt>
      <trkpt lat="38.45209286548197" lon="-8.156475992873311">
        <ele>172.7</ele>
      </trkpt>
      <trkpt lat="38.451868649572134" lon="-8.156453864648938">
        <ele>172.8</ele>
      </trkpt>
      <trkpt lat="38.45126205123961" lon="-8.156392676755786">
        <ele>172.9</ele>
      </trkpt>
      <trkpt lat="38.4506528545171" lon="-8.156329896301031">
        <ele>170.7</ele>
      </trkpt>
      <trkpt lat="38.450087662786245" lon="-8.15627415664494">
        <ele>169.4</ele>
      </trkpt>
      <trkpt lat="38.44991927035153" lon="-8.156255297362804">
        <ele>169.2</ele>
      </trkpt>
      <trkpt lat="38.44932264648378" lon="-8.156195785850286">
        <ele>166.5</ele>
      </trkpt>
      <trkpt lat="38.448729291558266" lon="-8.156138705089688">
        <ele>164.8</ele>
      </trkpt>
      <trkpt lat="38.4480903390795" lon="-8.156103668734431">
        <ele>165.9</ele>
      </trkpt>
      <trkpt lat="38.44747896306217" lon="-8.156161839142442">
        <ele>165.5</ele>
      </trkpt>
      <trkpt lat="38.44688443467021" lon="-8.156312042847276">
        <ele>166.7</ele>
      </trkpt>
      <trkpt lat="38.44629744999111" lon="-8.156482363119721">
        <ele>165.5</ele>
      </trkpt>
      <trkpt lat="38.44569789245725" lon="-8.156649330630898">
        <ele>164.9</ele>
      </trkpt>
      <trkpt lat="38.44514401629567" lon="-8.15680531784892">
        <ele>162.1</ele>
      </trkpt>
      <trkpt lat="38.444890044629574" lon="-8.156877737492323">
        <ele>162.3</ele>
      </trkpt>
      <trkpt lat="38.44435226172209" lon="-8.157033221796155">
        <ele>160.2</ele>
      </trkpt>
      <trkpt lat="38.44378648325801" lon="-8.157191891223192">
        <ele>157.7</ele>
      </trkpt>
      <trkpt lat="38.44330410473049" lon="-8.157326588407159">
        <ele>152.8</ele>
      </trkpt>
      <trkpt lat="38.442809572443366" lon="-8.157441755756736">
        <ele>148.6</ele>
      </trkpt>
      <trkpt lat="38.44220934435725" lon="-8.157435553148389">
        <ele>148.6</ele>
      </trkpt>
      <trkpt lat="38.44165412709117" lon="-8.157396828755736">
        <ele>149.5</ele>
      </trkpt>
      <trkpt lat="38.441303595900536" lon="-8.157440079376101">
        <ele>151</ele>
      </trkpt>
      <trkpt lat="38.440876454114914" lon="-8.157768482342362">
        <ele>155.4</ele>
      </trkpt>
      <trkpt lat="38.44046222046018" lon="-8.158307522535324">
        <ele>154</ele>
      </trkpt>
      <trkpt lat="38.439987218007445" lon="-8.158835750073195">
        <ele>151.4</ele>
      </trkpt>
      <trkpt lat="38.43990390188992" lon="-8.158890400081873">
        <ele>150.1</ele>
      </trkpt>
      <trkpt lat="38.43952797353268" lon="-8.158988803625107">
        <ele>143.1</ele>
      </trkpt>
      <trkpt lat="38.43932010233402" lon="-8.158956533297896">
        <ele>139.8</ele>
      </trkpt>
      <trkpt lat="38.43921490944922" lon="-8.158925687894225">
        <ele>138.6</ele>
      </trkpt>
      <trkpt lat="38.43864753842354" lon="-8.158744554966688">
        <ele>143.8</ele>
      </trkpt>
      <trkpt lat="38.438494401052594" lon="-8.158696023747325">
        <ele>146.1</ele>
      </trkpt>
      <trkpt lat="38.43823682516813" lon="-8.158611450344324">
        <ele>149.5</ele>
      </trkpt>
      <trkpt lat="38.438020404428244" lon="-8.158512711524963">
        <ele>150.8</ele>
      </trkpt>
      <trkpt lat="38.43783943913877" lon="-8.158363765105605">
        <ele>151</ele>
      </trkpt>
      <trkpt lat="38.43768831342459" lon="-8.15817978233099">
        <ele>150.9</ele>
      </trkpt>
      <trkpt lat="38.43751212581992" lon="-8.157832100987434">
        <ele>150.8</ele>
      </trkpt>
      <trkpt lat="38.43728380277753" lon="-8.15732667222619">
        <ele>149.1</ele>
      </trkpt>
      <trkpt lat="38.436991861090064" lon="-8.156708674505353">
        <ele>152.8</ele>
      </trkpt>
      <trkpt lat="38.43669212423265" lon="-8.1560552213341">
        <ele>158.7</ele>
      </trkpt>
      <trkpt lat="38.43656077980995" lon="-8.155767722055316">
        <ele>160.6</ele>
      </trkpt>
      <trkpt lat="38.436525324359536" lon="-8.155643753707409">
        <ele>161.4</ele>
      </trkpt>
      <trkpt lat="38.436456341296434" lon="-8.15553872846067">
        <ele>162.2</ele>
      </trkpt>
      <trkpt lat="38.43620580621064" lon="-8.155010249465704">
        <ele>165.2</ele>
      </trkpt>
      <trkpt lat="38.43605300411582" lon="-8.15467924810946">
        <ele>167.5</ele>
      </trkpt>
      <trkpt lat="38.43587949872017" lon="-8.154317317530513">
        <ele>169.9</ele>
      </trkpt>
      <trkpt lat="38.43579400330782" lon="-8.154081031680107">
        <ele>171.4</ele>
      </trkpt>
      <trkpt lat="38.43559945933521" lon="-8.153698649257421">
        <ele>173.5</ele>
      </trkpt>
      <trkpt lat="38.4354770835489" lon="-8.15343813970685">
        <ele>174.5</ele>
      </trkpt>
      <trkpt lat="38.43541380017996" lon="-8.153293719515204">
        <ele>174.8</ele>
      </trkpt>
      <trkpt lat="38.435324700549245" lon="-8.153102109208703">
        <ele>174.8</ele>
      </trkpt>
      <trkpt lat="38.43508413992822" lon="-8.152589555829763">
        <ele>175.8</ele>
      </trkpt>
      <trkpt lat="38.43502085655928" lon="-8.152456786483526">
        <ele>176.2</ele>
      </trkpt>
      <trkpt lat="38.434961596503854" lon="-8.15232208929956">
        <ele>176.6</ele>
      </trkpt>
      <trkpt lat="38.43487442471087" lon="-8.152138106524944">
        <ele>176.5</ele>
      </trkpt>
      <trkpt lat="38.43458038754761" lon="-8.151534777134657">
        <ele>176.1</ele>
      </trkpt>
      <trkpt lat="38.43433831818402" lon="-8.15114208497107">
        <ele>176.4</ele>
      </trkpt>
      <trkpt lat="38.43391411006451" lon="-8.150666747242212">
        <ele>178</ele>
      </trkpt>
      <trkpt lat="38.433442963287234" lon="-8.150323927402496">
        <ele>177.7</ele>
      </trkpt>
      <trkpt lat="38.432888416573405" lon="-8.150089737027884">
        <ele>177</ele>
      </trkpt>
      <trkpt lat="38.43236002139747" lon="-8.149892259389162">
        <ele>178.1</ele>
      </trkpt>
      <trkpt lat="38.4320218116045" lon="-8.149765860289335">
        <ele>181.1</ele>
      </trkpt>
      <trkpt lat="38.43166030012071" lon="-8.149632755666971">
        <ele>183.2</ele>
      </trkpt>
      <trkpt lat="38.43115554191172" lon="-8.149443240836263">
        <ele>185.3</ele>
      </trkpt>
      <trkpt lat="38.43087357468903" lon="-8.149332599714398">
        <ele>187.8</ele>
      </trkpt>
      <trkpt lat="38.43038993887603" lon="-8.149151215329766">
        <ele>187.5</ele>
      </trkpt>
      <trkpt lat="38.42984444461763" lon="-8.148947367444634">
        <ele>181.8</ele>
      </trkpt>
      <trkpt lat="38.42929484322667" lon="-8.148735472932458">
        <ele>179.7</ele>
      </trkpt>
      <trkpt lat="38.429058473557234" lon="-8.148647211492062">
        <ele>178.5</ele>
      </trkpt>
      <trkpt lat="38.42873057350516" lon="-8.14852542243898">
        <ele>175.9</ele>
      </trkpt>
      <trkpt lat="38.42856050468981" lon="-8.14846096560359">
        <ele>174.2</ele>
      </trkpt>
      <trkpt lat="38.428032863885164" lon="-8.148256279528141">
        <ele>172.8</ele>
      </trkpt>
      <trkpt lat="38.4275839291513" lon="-8.148118061944842">
        <ele>172.5</ele>
      </trkpt>
      <trkpt lat="38.42714287340641" lon="-8.148066764697433">
        <ele>172.1</ele>
      </trkpt>
      <trkpt lat="38.42669913545251" lon="-8.148111691698432">
        <ele>170.8</ele>
      </trkpt>
      <trkpt lat="38.4261036850512" lon="-8.148321406915784">
        <ele>169.3</ele>
      </trkpt>
      <trkpt lat="38.42553949914873" lon="-8.148617707192898">
        <ele>167.8</ele>
      </trkpt>
      <trkpt lat="38.424975061789155" lon="-8.148900680243969">
        <ele>166.8</ele>
      </trkpt>
      <trkpt lat="38.42471689917147" lon="-8.149028923362494">
        <ele>165.6</ele>
      </trkpt>
      <trkpt lat="38.42418288812041" lon="-8.149292366579175">
        <ele>161.7</ele>
      </trkpt>
      <trkpt lat="38.42372163198888" lon="-8.149520605802536">
        <ele>160.3</ele>
      </trkpt>
      <trkpt lat="38.423170521855354" lon="-8.1497988011688">
        <ele>159.3</ele>
      </trkpt>
      <trkpt lat="38.42299207113683" lon="-8.149886643514037">
        <ele>159</ele>
      </trkpt>
      <trkpt lat="38.42246728017926" lon="-8.150149248540401">
        <ele>156.5</ele>
      </trkpt>
      <trkpt lat="38.422031505033374" lon="-8.150367429479957">
        <ele>155.3</ele>
      </trkpt>
      <trkpt lat="38.42150403186679" lon="-8.150624921545386">
        <ele>152.6</ele>
      </trkpt>
      <trkpt lat="38.421241929754615" lon="-8.150745201855898">
        <ele>150.2</ele>
      </trkpt>
      <trkpt lat="38.42068352736533" lon="-8.151024989783764">
        <ele>149.5</ele>
      </trkpt>
      <trkpt lat="38.42046660371125" lon="-8.15113227814436">
        <ele>151.6</ele>
      </trkpt>
      <trkpt lat="38.42014146968722" lon="-8.151299580931664">
        <ele>154.4</ele>
      </trkpt>
      <trkpt lat="38.41984533704817" lon="-8.151441318914294">
        <ele>154.8</ele>
      </trkpt>
      <trkpt lat="38.419620199128985" lon="-8.151552714407444">
        <ele>155.3</ele>
      </trkpt>
      <trkpt lat="38.41934493742883" lon="-8.15168984234333">
        <ele>155.5</ele>
      </trkpt>
      <trkpt lat="38.4190718550235" lon="-8.151825796812773">
        <ele>154.7</ele>
      </trkpt>
      <trkpt lat="38.41856340877712" lon="-8.152075912803411">
        <ele>155.4</ele>
      </trkpt>
      <trkpt lat="38.4182536136359" lon="-8.152227625250816">
        <ele>155.9</ele>
      </trkpt>
      <trkpt lat="38.41772597283125" lon="-8.152433568611741">
        <ele>159.3</ele>
      </trkpt>
      <trkpt lat="38.41721978969872" lon="-8.15253172069788">
        <ele>162.3</ele>
      </trkpt>
      <trkpt lat="38.416672702878714" lon="-8.152539767324924">
        <ele>163.2</ele>
      </trkpt>
      <trkpt lat="38.41653666459024" lon="-8.152541611343622">
        <ele>162.8</ele>
      </trkpt>
      <trkpt lat="38.41641412116587" lon="-8.15253809094429">
        <ele>162.3</ele>
      </trkpt>
      <trkpt lat="38.41608949005604" lon="-8.15254781395197">
        <ele>160.9</ele>
      </trkpt>
      <trkpt lat="38.415836691856384" lon="-8.152548987418413">
        <ele>160.1</ele>
      </trkpt>
      <trkpt lat="38.41567902825773" lon="-8.152552088722587">
        <ele>159.6</ele>
      </trkpt>
      <trkpt lat="38.41557056643069" lon="-8.152551501989365">
        <ele>159.5</ele>
      </trkpt>
      <trkpt lat="38.41534978710115" lon="-8.15255519002676">
        <ele>159.3</ele>
      </trkpt>
      <trkpt lat="38.41507460922003" lon="-8.152557453140616">
        <ele>160.1</ele>
      </trkpt>
      <trkpt lat="38.414803789928555" lon="-8.152561224997044">
        <ele>161.3</ele>
      </trkpt>
      <trkpt lat="38.41463992372155" lon="-8.15255862660706">
        <ele>161.7</ele>
      </trkpt>
      <trkpt lat="38.41408227570355" lon="-8.15257128328085">
        <ele>163.1</ele>
      </trkpt>
      <trkpt lat="38.41351465322077" lon="-8.15256784670055">
        <ele>164.3</ele>
      </trkpt>
      <trkpt lat="38.41293940320611" lon="-8.152579749003053">
        <ele>166.3</ele>
      </trkpt>
      <trkpt lat="38.412729017436504" lon="-8.152579749003053">
        <ele>167.2</ele>
      </trkpt>
      <trkpt lat="38.41243615373969" lon="-8.152589555829763">
        <ele>168.2</ele>
      </trkpt>
      <trkpt lat="38.412069445475936" lon="-8.15263096243143">
        <ele>169.5</ele>
      </trkpt>
      <trkpt lat="38.41189577244222" lon="-8.152657030150294">
        <ele>170.3</ele>
      </trkpt>
      <trkpt lat="38.411717070266604" lon="-8.152683516964316">
        <ele>171.6</ele>
      </trkpt>
      <trkpt lat="38.411407275125384" lon="-8.152787955477834">
        <ele>174.4</ele>
      </trkpt>
      <trkpt lat="38.411189848557115" lon="-8.152888622134924">
        <ele>175.9</ele>
      </trkpt>
      <trkpt lat="38.410874269902706" lon="-8.15311417914927">
        <ele>177.1</ele>
      </trkpt>
      <trkpt lat="38.41042801737785" lon="-8.153525646775961">
        <ele>177.8</ele>
      </trkpt>
      <trkpt lat="38.41020514257252" lon="-8.153741899877787">
        <ele>177.9</ele>
      </trkpt>
      <trkpt lat="38.410106571391225" lon="-8.153840219601989">
        <ele>178</ele>
      </trkpt>
      <trkpt lat="38.40978378430009" lon="-8.154169963672757">
        <ele>178.5</ele>
      </trkpt>
      <trkpt lat="38.40962067246437" lon="-8.154338272288442">
        <ele>179.6</ele>
      </trkpt>
      <trkpt lat="38.40926192700863" lon="-8.154707159847021">
        <ele>182.5</ele>
      </trkpt>
      <trkpt lat="38.4091355279088" lon="-8.154842862859368">
        <ele>183.4</ele>
      </trkpt>
      <trkpt lat="38.408949533477426" lon="-8.15503355115652">
        <ele>184.1</ele>
      </trkpt>
      <trkpt lat="38.40857016853988" lon="-8.155426913872361">
        <ele>187.8</ele>
      </trkpt>
      <trkpt lat="38.40839481912553" lon="-8.15561106428504">
        <ele>189.9</ele>
      </trkpt>
      <trkpt lat="38.4081756323576" lon="-8.155834022909403">
        <ele>192.1</ele>
      </trkpt>
      <trkpt lat="38.40804101899266" lon="-8.155974335968494">
        <ele>194.1</ele>
      </trkpt>
      <trkpt lat="38.40793917886913" lon="-8.156083384528756">
        <ele>195.5</ele>
      </trkpt>
      <trkpt lat="38.407793836668134" lon="-8.156216908246279">
        <ele>197.1</ele>
      </trkpt>
      <trkpt lat="38.407559897750616" lon="-8.156383540481329">
        <ele>198.9</ele>
      </trkpt>
      <trkpt lat="38.40742855332792" lon="-8.156450428068638">
        <ele>199.7</ele>
      </trkpt>
      <trkpt lat="38.40723308734596" lon="-8.156517315655947">
        <ele>199.2</ele>
      </trkpt>
      <trkpt lat="38.40668298304081" lon="-8.156584789976478">
        <ele>195</ele>
      </trkpt>
      <trkpt lat="38.406351897865534" lon="-8.156527960672975">
        <ele>194</ele>
      </trkpt>
      <trkpt lat="38.40616858564317" lon="-8.15647741779685">
        <ele>193.9</ele>
      </trkpt>
      <trkpt lat="38.405971862375736" lon="-8.15641832537949">
        <ele>192.9</ele>
      </trkpt>
      <trkpt lat="38.40576340444386" lon="-8.156351940706372">
        <ele>191.6</ele>
      </trkpt>
      <trkpt lat="38.40555243194103" lon="-8.156289076432586">
        <ele>190.6</ele>
      </trkpt>
      <trkpt lat="38.40541295707226" lon="-8.156248424202204">
        <ele>190.3</ele>
      </trkpt>
      <trkpt lat="38.40514197014272" lon="-8.156169801950455">
        <ele>190.1</ele>
      </trkpt>
      <trkpt lat="38.40501154772937" lon="-8.156131748110056">
        <ele>189.8</ele>
      </trkpt>
      <trkpt lat="38.404811806976795" lon="-8.156069302931428">
        <ele>189.1</ele>
      </trkpt>
      <trkpt lat="38.40454484336078" lon="-8.15598489716649">
        <ele>188.3</ele>
      </trkpt>
      <trkpt lat="38.40403069742024" lon="-8.155745677649975">
        <ele>188.1</ele>
      </trkpt>
      <trkpt lat="38.40354253537953" lon="-8.155480977147818">
        <ele>188.5</ele>
      </trkpt>
      <trkpt lat="38.40329619124532" lon="-8.15536480396986">
        <ele>188.8</ele>
      </trkpt>
      <trkpt lat="38.40301296673715" lon="-8.155343597754836">
        <ele>187.5</ele>
      </trkpt>
      <trkpt lat="38.40286058373749" lon="-8.155359774827957">
        <ele>186.5</ele>
      </trkpt>
      <trkpt lat="38.40254492126405" lon="-8.155402773991227">
        <ele>184.2</ele>
      </trkpt>
      <trkpt lat="38.40221459046006" lon="-8.155450718477368">
        <ele>183.1</ele>
      </trkpt>
      <trkpt lat="38.4020484611392" lon="-8.155470080673695">
        <ele>183.3</ele>
      </trkpt>
      <trkpt lat="38.401886355131865" lon="-8.155490281060338">
        <ele>183.5</ele>
      </trkpt>
      <trkpt lat="38.401443623006344" lon="-8.15554803237319">
        <ele>182</ele>
      </trkpt>
      <trkpt lat="38.40122535824776" lon="-8.155663954094052">
        <ele>182.4</ele>
      </trkpt>
      <trkpt lat="38.40113273821771" lon="-8.155732434242964">
        <ele>183</ele>
      </trkpt>
      <trkpt lat="38.40104816481471" lon="-8.15580946393311">
        <ele>184</ele>
      </trkpt>
      <trkpt lat="38.400974068790674" lon="-8.155899569392204">
        <ele>184.8</ele>
      </trkpt>
      <trkpt lat="38.400880275294185" lon="-8.156044576317072">
        <ele>185.6</ele>
      </trkpt>
      <trkpt lat="38.40079855173826" lon="-8.15617935732007">
        <ele>186.2</ele>
      </trkpt>
      <trkpt lat="38.40074725449085" lon="-8.15627558156848">
        <ele>186.7</ele>
      </trkpt>
      <trkpt lat="38.400645246729255" lon="-8.156463336199522">
        <ele>187.5</ele>
      </trkpt>
      <trkpt lat="38.40053108520806" lon="-8.156644217669964">
        <ele>187.7</ele>
      </trkpt>
      <trkpt lat="38.40038415044546" lon="-8.156862650066614">
        <ele>188.4</ele>
      </trkpt>
      <trkpt lat="38.40026697143912" lon="-8.157046297565103">
        <ele>188.8</ele>
      </trkpt>
      <trkpt lat="38.39990235865116" lon="-8.157506044954062">
        <ele>190.1</ele>
      </trkpt>
      <trkpt lat="38.399755926802754" lon="-8.15760369412601">
        <ele>189.8</ele>
      </trkpt>
      <trkpt lat="38.39963891543448" lon="-8.157640071585774">
        <ele>189.7</ele>
      </trkpt>
      <trkpt lat="38.39951586909592" lon="-8.157653231173754">
        <ele>189.9</ele>
      </trkpt>
      <trkpt lat="38.39923440478742" lon="-8.15766379237175">
        <ele>190.6</ele>
      </trkpt>
      <trkpt lat="38.399080680683255" lon="-8.157656332477927">
        <ele>191.6</ele>
      </trkpt>
      <trkpt lat="38.398640966042876" lon="-8.157628672197461">
        <ele>194.4</ele>
      </trkpt>
      <trkpt lat="38.39813847094774" lon="-8.157594641670585">
        <ele>194.6</ele>
      </trkpt>
      <trkpt lat="38.39787779375911" lon="-8.157578716054559">
        <ele>195.4</ele>
      </trkpt>
      <trkpt lat="38.39729843661189" lon="-8.15755533054471">
        <ele>194.8</ele>
      </trkpt>
      <trkpt lat="38.396824188530445" lon="-8.157530603930354">
        <ele>193.8</ele>
      </trkpt>
      <trkpt lat="38.396471813321114" lon="-8.157475115731359">
        <ele>196.4</ele>
      </trkpt>
      <trkpt lat="38.39592933654785" lon="-8.157547116279602">
        <ele>198</ele>
      </trkpt>
      <trkpt lat="38.395438408479095" lon="-8.157651638612151">
        <ele>201</ele>
      </trkpt>
      <trkpt lat="38.395250737667084" lon="-8.157683573663235">
        <ele>201.9</ele>
      </trkpt>
      <trkpt lat="38.39500145986676" lon="-8.157746521756053">
        <ele>202.5</ele>
      </trkpt>
      <trkpt lat="38.39483994059265" lon="-8.157780636101961">
        <ele>203.3</ele>
      </trkpt>
      <trkpt lat="38.394418163225055" lon="-8.157829837873578">
        <ele>207.3</ele>
      </trkpt>
      <trkpt lat="38.39430266059935" lon="-8.157873675227165">
        <ele>208.3</ele>
      </trkpt>
      <trkpt lat="38.394279861822724" lon="-8.15780058503151">
        <ele>208.6</ele>
      </trkpt>
      <trkpt lat="38.3934713434428" lon="-8.156841024756432">
        <ele>211.6</ele>
      </trkpt>
      <trkpt lat="38.393368078395724" lon="-8.156824596226215">
        <ele>211.8</ele>
      </trkpt>
      <trkpt lat="38.39302668347955" lon="-8.157076807692647">
        <ele>211.4</ele>
      </trkpt>
      <trkpt lat="38.39269015006721" lon="-8.157533621415496">
        <ele>209.4</ele>
      </trkpt>
      <trkpt lat="38.392486637458205" lon="-8.157451897859573">
        <ele>209</ele>
      </trkpt>
      <trkpt lat="38.39239493943751" lon="-8.157381154596806">
        <ele>209</ele>
      </trkpt>
      <trkpt lat="38.39223618619144" lon="-8.157269088551402">
        <ele>209.6</ele>
      </trkpt>
      <trkpt lat="38.392064440995455" lon="-8.157488275319338">
        <ele>208.6</ele>
      </trkpt>
      <trkpt lat="38.39190007187426" lon="-8.158178608864546">
        <ele>207.8</ele>
      </trkpt>
      <trkpt lat="38.39168306440115" lon="-8.158826110884547">
        <ele>207.5</ele>
      </trkpt>
      <trkpt lat="38.39134979993105" lon="-8.159434217959642">
        <ele>208.6</ele>
      </trkpt>
      <trkpt lat="38.390981163829565" lon="-8.159975437447429">
        <ele>208.6</ele>
      </trkpt>
      <trkpt lat="38.39059484191239" lon="-8.160543562844396">
        <ele>207.2</ele>
      </trkpt>
      <trkpt lat="38.39022955857217" lon="-8.161063743755221">
        <ele>204.8</ele>
      </trkpt>
      <trkpt lat="38.38987139984965" lon="-8.161590043455362">
        <ele>204.7</ele>
      </trkpt>
      <trkpt lat="38.389475271105766" lon="-8.16214157268405">
        <ele>205.8</ele>
      </trkpt>
      <trkpt lat="38.389099426567554" lon="-8.162683043628931">
        <ele>205.1</ele>
      </trkpt>
      <trkpt lat="38.38870991952717" lon="-8.163244212046266">
        <ele>203.3</ele>
      </trkpt>
      <trkpt lat="38.388330303132534" lon="-8.16378828138113">
        <ele>202.9</ele>
      </trkpt>
      <trkpt lat="38.38795429095626" lon="-8.16433654166758">
        <ele>201.2</ele>
      </trkpt>
      <trkpt lat="38.38784239254892" lon="-8.164504012092948">
        <ele>200.4</ele>
      </trkpt>
      <trkpt lat="38.38776829652488" lon="-8.164615575224161">
        <ele>199.7</ele>
      </trkpt>
      <trkpt lat="38.387617003172636" lon="-8.164939535781741">
        <ele>197.7</ele>
      </trkpt>
      <trkpt lat="38.38736177422106" lon="-8.165204236283898">
        <ele>195.5</ele>
      </trkpt>
      <trkpt lat="38.387180054560304" lon="-8.165483940392733">
        <ele>195.1</ele>
      </trkpt>
      <trkpt lat="38.38685282506049" lon="-8.165949052199721">
        <ele>196.1</ele>
      </trkpt>
      <trkpt lat="38.3864585403353" lon="-8.166524637490511">
        <ele>194.9</ele>
      </trkpt>
      <trkpt lat="38.38632149621844" lon="-8.166728066280484">
        <ele>194.1</ele>
      </trkpt>
      <trkpt lat="38.38595185428858" lon="-8.167259227484465">
        <ele>192.9</ele>
      </trkpt>
      <trkpt lat="38.385767452418804" lon="-8.167512444779277">
        <ele>192.5</ele>
      </trkpt>
      <trkpt lat="38.385626804083586" lon="-8.167703049257398">
        <ele>192.3</ele>
      </trkpt>
      <trkpt lat="38.38544441387057" lon="-8.167968336492777">
        <ele>192.4</ele>
      </trkpt>
      <trkpt lat="38.385068317875266" lon="-8.168539982289076">
        <ele>193.6</ele>
      </trkpt>
      <trkpt lat="38.384724827483296" lon="-8.169040801003575">
        <ele>193.3</ele>
      </trkpt>
      <trkpt lat="38.38449105620384" lon="-8.169382782652974">
        <ele>193.6</ele>
      </trkpt>
      <trkpt lat="38.38426927104592" lon="-8.169713616371155">
        <ele>193.5</ele>
      </trkpt>
      <trkpt lat="38.383906753733754" lon="-8.17023715004325">
        <ele>192</ele>
      </trkpt>
      <trkpt lat="38.38353258557618" lon="-8.170777363702655">
        <ele>192.4</ele>
      </trkpt>
      <trkpt lat="38.38313905522227" lon="-8.17132193595171">
        <ele>194.2</ele>
      </trkpt>
      <trkpt lat="38.382668578997254" lon="-8.171709515154362">
        <ele>196.6</ele>
      </trkpt>
      <trkpt lat="38.38212249800563" lon="-8.171921409666538">
        <ele>201.2</ele>
      </trkpt>
      <trkpt lat="38.38160206563771" lon="-8.17211796529591">
        <ele>205.2</ele>
      </trkpt>
      <trkpt lat="38.38105774484575" lon="-8.172311671078205">
        <ele>209.7</ele>
      </trkpt>
      <trkpt lat="38.38051987811923" lon="-8.172499174252152">
        <ele>212.1</ele>
      </trkpt>
      <trkpt lat="38.38033966720104" lon="-8.172552902251482">
        <ele>212.3</ele>
      </trkpt>
      <trkpt lat="38.38021980598569" lon="-8.172597158700228">
        <ele>212.4</ele>
      </trkpt>
      <trkpt lat="38.37976726703346" lon="-8.17275708541274">
        <ele>214</ele>
      </trkpt>
      <trkpt lat="38.37935160845518" lon="-8.172900332137942">
        <ele>218</ele>
      </trkpt>
      <trkpt lat="38.37916360236704" lon="-8.172968309372663">
        <ele>219</ele>
      </trkpt>
      <trkpt lat="38.37887333706021" lon="-8.173078699037433">
        <ele>219.2</ele>
      </trkpt>
      <trkpt lat="38.37868214584887" lon="-8.173153717070818">
        <ele>220.4</ele>
      </trkpt>
      <trkpt lat="38.37844124995172" lon="-8.173230746760964">
        <ele>221.9</ele>
      </trkpt>
      <trkpt lat="38.37810639292002" lon="-8.173349769786">
        <ele>222.7</ele>
      </trkpt>
      <trkpt lat="38.37756793946028" lon="-8.17353542894125">
        <ele>224.2</ele>
      </trkpt>
      <trkpt lat="38.37728613987565" lon="-8.17362729460001">
        <ele>225</ele>
      </trkpt>
      <trkpt lat="38.376869559288025" lon="-8.17376358434558">
        <ele>224.9</ele>
      </trkpt>
      <trkpt lat="38.37660050019622" lon="-8.173852348700166">
        <ele>222.3</ele>
      </trkpt>
      <trkpt lat="38.3760420139879" lon="-8.174057118594646">
        <ele>218.8</ele>
      </trkpt>
      <trkpt lat="38.3756085857749" lon="-8.174214949831367">
        <ele>218.6</ele>
      </trkpt>
      <trkpt lat="38.375086057931185" lon="-8.174401950091124">
        <ele>216.6</ele>
      </trkpt>
      <trkpt lat="38.37456990033388" lon="-8.174702106043696">
        <ele>213.8</ele>
      </trkpt>
      <trkpt lat="38.374159689992666" lon="-8.175156991928816">
        <ele>211.4</ele>
      </trkpt>
      <trkpt lat="38.37379910051823" lon="-8.175717405974865">
        <ele>208.9</ele>
      </trkpt>
      <trkpt lat="38.37343817576766" lon="-8.176270192489028">
        <ele>207.3</ele>
      </trkpt>
      <trkpt lat="38.37304179556668" lon="-8.176881233230233">
        <ele>202.7</ele>
      </trkpt>
      <trkpt lat="38.37283576838672" lon="-8.177198488265276">
        <ele>201.1</ele>
      </trkpt>
      <trkpt lat="38.372490014880896" lon="-8.177737109363079">
        <ele>199.3</ele>
      </trkpt>
      <trkpt lat="38.37214535102248" lon="-8.178268438205123">
        <ele>197.4</ele>
      </trkpt>
      <trkpt lat="38.371749222278595" lon="-8.178881239145994">
        <ele>197.4</ele>
      </trkpt>
      <trkpt lat="38.371436493471265" lon="-8.1793696526438">
        <ele>199.2</ele>
      </trkpt>
      <trkpt lat="38.37109065614641" lon="-8.17991254851222">
        <ele>199.8</ele>
      </trkpt>
      <trkpt lat="38.370710872113705" lon="-8.180480673909187">
        <ele>197.6</ele>
      </trkpt>
      <trkpt lat="38.37037299759686" lon="-8.181005883961916">
        <ele>197.1</ele>
      </trkpt>
      <trkpt lat="38.37015104480088" lon="-8.181348033249378">
        <ele>198.4</ele>
      </trkpt>
      <trkpt lat="38.369804956018925" lon="-8.181875506415963">
        <ele>200.4</ele>
      </trkpt>
      <trkpt lat="38.36959364823997" lon="-8.182200975716114">
        <ele>200.9</ele>
      </trkpt>
      <trkpt lat="38.36932718753815" lon="-8.182610934600234">
        <ele>201.5</ele>
      </trkpt>
      <trkpt lat="38.36909417062998" lon="-8.182967249304056">
        <ele>202.7</ele>
      </trkpt>
      <trkpt lat="38.36887649260461" lon="-8.183301351964474">
        <ele>203.2</ele>
      </trkpt>
      <trkpt lat="38.36854255758226" lon="-8.183812899515033">
        <ele>206.4</ele>
      </trkpt>
      <trkpt lat="38.368284897878766" lon="-8.184208357706666">
        <ele>208.9</ele>
      </trkpt>
      <trkpt lat="38.36786789819598" lon="-8.184818727895617">
        <ele>212.2</ele>
      </trkpt>
      <trkpt lat="38.3676097355783" lon="-8.18511058576405">
        <ele>214.4</ele>
      </trkpt>
      <trkpt lat="38.36732064373791" lon="-8.185341004282236">
        <ele>214.5</ele>
      </trkpt>
      <trkpt lat="38.36719139479101" lon="-8.185437899082899">
        <ele>214.9</ele>
      </trkpt>
      <trkpt lat="38.36696089245379" lon="-8.185600005090237">
        <ele>215.2</ele>
      </trkpt>
      <trkpt lat="38.36681915447116" lon="-8.185720285400748">
        <ele>214.3</ele>
      </trkpt>
      <trkpt lat="38.36658622138202" lon="-8.185897143557668">
        <ele>212.2</ele>
      </trkpt>
      <trkpt lat="38.366426127031446" lon="-8.18601842969656">
        <ele>211.5</ele>
      </trkpt>
      <trkpt lat="38.3662988897413" lon="-8.186120940372348">
        <ele>211.7</ele>
      </trkpt>
      <trkpt lat="38.365842243656516" lon="-8.186558810994029">
        <ele>212.3</ele>
      </trkpt>
      <trkpt lat="38.36541183292866" lon="-8.187016965821385">
        <ele>212.9</ele>
      </trkpt>
      <trkpt lat="38.36521368473768" lon="-8.187229195609689">
        <ele>212.6</ele>
      </trkpt>
      <trkpt lat="38.36475712247193" lon="-8.187716854736209">
        <ele>210.3</ele>
      </trkpt>
      <trkpt lat="38.36427885107696" lon="-8.1882319226861">
        <ele>206.4</ele>
      </trkpt>
      <trkpt lat="38.36382698267698" lon="-8.188717737793922">
        <ele>201.3</ele>
      </trkpt>
      <trkpt lat="38.363348208367825" lon="-8.189232386648655">
        <ele>196.7</ele>
      </trkpt>
      <trkpt lat="38.36318333633244" lon="-8.189408490434289">
        <ele>196.9</ele>
      </trkpt>
      <trkpt lat="38.362856190651655" lon="-8.189759692177176">
        <ele>197.6</ele>
      </trkpt>
      <trkpt lat="38.36240289732814" lon="-8.19025481119752">
        <ele>196.1</ele>
      </trkpt>
      <trkpt lat="38.362330477684736" lon="-8.19033200852573">
        <ele>195.8</ele>
      </trkpt>
      <trkpt lat="38.361915573477745" lon="-8.190777925774455">
        <ele>195.2</ele>
      </trkpt>
      <trkpt lat="38.36147208698094" lon="-8.191257119178772">
        <ele>193.8</ele>
      </trkpt>
      <trkpt lat="38.36122389882803" lon="-8.191525842994452">
        <ele>195</ele>
      </trkpt>
      <trkpt lat="38.36091058328748" lon="-8.191869584843516">
        <ele>193.6</ele>
      </trkpt>
      <trkpt lat="38.36078108288348" lon="-8.192010819911957">
        <ele>192.4</ele>
      </trkpt>
      <trkpt lat="38.36030666716397" lon="-8.19252253510058">
        <ele>189.3</ele>
      </trkpt>
      <trkpt lat="38.3600271306932" lon="-8.192822188138962">
        <ele>188</ele>
      </trkpt>
      <trkpt lat="38.35960845462978" lon="-8.193274391815066">
        <ele>188.7</ele>
      </trkpt>
      <trkpt lat="38.35913764312863" lon="-8.193782838061452">
        <ele>189.4</ele>
      </trkpt>
      <trkpt lat="38.35863020271063" lon="-8.19432757794857">
        <ele>190.8</ele>
      </trkpt>
      <trkpt lat="38.35820968262851" lon="-8.19477860815823">
        <ele>190.1</ele>
      </trkpt>
      <trkpt lat="38.35802737623453" lon="-8.19497499614954">
        <ele>187.6</ele>
      </trkpt>
      <trkpt lat="38.357577016577125" lon="-8.195455027744174">
        <ele>185</ele>
      </trkpt>
      <trkpt lat="38.357169991359115" lon="-8.195897256955504">
        <ele>184.8</ele>
      </trkpt>
      <trkpt lat="38.3567423466593" lon="-8.196356166154146">
        <ele>182.8</ele>
      </trkpt>
      <trkpt lat="38.35638293065131" lon="-8.196743493899703">
        <ele>179.9</ele>
      </trkpt>
      <trkpt lat="38.35594715550542" lon="-8.197208270430565">
        <ele>175.8</ele>
      </trkpt>
      <trkpt lat="38.3554906770587" lon="-8.19769961759448">
        <ele>174.9</ele>
      </trkpt>
      <trkpt lat="38.355110893025994" lon="-8.198109744116664">
        <ele>176.3</ele>
      </trkpt>
      <trkpt lat="38.35470177233219" lon="-8.198551889508963">
        <ele>177.7</ele>
      </trkpt>
      <trkpt lat="38.3545115031302" lon="-8.198755737394094">
        <ele>178.1</ele>
      </trkpt>
      <trkpt lat="38.35432735271752" lon="-8.198959585279226">
        <ele>178</ele>
      </trkpt>
      <trkpt lat="38.35414513014257" lon="-8.199158404022455">
        <ele>177.2</ele>
      </trkpt>
      <trkpt lat="38.354024263098836" lon="-8.199286730960011">
        <ele>177</ele>
      </trkpt>
      <trkpt lat="38.35360525175929" lon="-8.199738096445799">
        <ele>177.3</ele>
      </trkpt>
      <trkpt lat="38.35317953489721" lon="-8.200196754187346">
        <ele>179.2</ele>
      </trkpt>
      <trkpt lat="38.352936962619424" lon="-8.200455252081156">
        <ele>179.5</ele>
      </trkpt>
      <trkpt lat="38.35247696377337" lon="-8.200951293110847">
        <ele>178.2</ele>
      </trkpt>
      <trkpt lat="38.35201872512698" lon="-8.201438365504146">
        <ele>174.8</ele>
      </trkpt>
      <trkpt lat="38.35193834267557" lon="-8.201522268354893">
        <ele>173.9</ele>
      </trkpt>
      <trkpt lat="38.35169367492199" lon="-8.201786214485765">
        <ele>170.9</ele>
      </trkpt>
      <trkpt lat="38.351442720741034" lon="-8.202056447044015">
        <ele>168.6</ele>
      </trkpt>
      <trkpt lat="38.35102530196309" lon="-8.202505130320787">
        <ele>165.7</ele>
      </trkpt>
      <trkpt lat="38.35079186595976" lon="-8.202757257968187">
        <ele>164.7</ele>
      </trkpt>
      <trkpt lat="38.35034846328199" lon="-8.203233685344458">
        <ele>166</ele>
      </trkpt>
      <trkpt lat="38.349931966513395" lon="-8.20368186570704">
        <ele>168.7</ele>
      </trkpt>
      <trkpt lat="38.34980824962258" lon="-8.203817317262292">
        <ele>170</ele>
      </trkpt>
      <trkpt lat="38.349585961550474" lon="-8.204060476273298">
        <ele>171.6</ele>
      </trkpt>
      <trkpt lat="38.34942989051342" lon="-8.204230712726712">
        <ele>172.1</ele>
      </trkpt>
      <trkpt lat="38.349174158647656" lon="-8.204506058245897">
        <ele>172.1</ele>
      </trkpt>
      <trkpt lat="38.348842738196254" lon="-8.204868324100971">
        <ele>172.9</ele>
      </trkpt>
      <trkpt lat="38.34839212708175" lon="-8.205344835296273">
        <ele>173.2</ele>
      </trkpt>
      <trkpt lat="38.34794151596725" lon="-8.20583182387054">
        <ele>172</ele>
      </trkpt>
      <trkpt lat="38.34769927896559" lon="-8.206093423068523">
        <ele>170.7</ele>
      </trkpt>
      <trkpt lat="38.34725679829717" lon="-8.206572029739618">
        <ele>167.3</ele>
      </trkpt>
      <trkpt lat="38.34693216718733" lon="-8.206919291988015">
        <ele>166.8</ele>
      </trkpt>
      <trkpt lat="38.34654442034662" lon="-8.207338973879814">
        <ele>165.8</ele>
      </trkpt>
      <trkpt lat="38.346050726249814" lon="-8.207870805636048">
        <ele>167.3</ele>
      </trkpt>
      <trkpt lat="38.34565183147788" lon="-8.20829845033586">
        <ele>169.9</ele>
      </trkpt>
      <trkpt lat="38.345357459038496" lon="-8.208614867180586">
        <ele>172.6</ele>
      </trkpt>
      <trkpt lat="38.34490626119077" lon="-8.209097245708108">
        <ele>173.6</ele>
      </trkpt>
      <trkpt lat="38.34445422515273" lon="-8.209586245939136">
        <ele>173.4</ele>
      </trkpt>
      <trkpt lat="38.3442107308656" lon="-8.209845582023263">
        <ele>172.6</ele>
      </trkpt>
      <trkpt lat="38.343864139169455" lon="-8.21014297194779">
        <ele>172.7</ele>
      </trkpt>
      <trkpt lat="38.3433454670012" lon="-8.210336426272988">
        <ele>172.8</ele>
      </trkpt>
      <trkpt lat="38.34302586503327" lon="-8.210418401286006">
        <ele>170.6</ele>
      </trkpt>
      <trkpt lat="38.342620097100735" lon="-8.210524851456285">
        <ele>167.7</ele>
      </trkpt>
      <trkpt lat="38.34202229976654" lon="-8.210677653551102">
        <ele>166.6</ele>
      </trkpt>
      <trkpt lat="38.341430369764566" lon="-8.210840011015534">
        <ele>168.4</ele>
      </trkpt>
      <trkpt lat="38.34085998125374" lon="-8.210964649915695">
        <ele>168.1</ele>
      </trkpt>
      <trkpt lat="38.34029847756028" lon="-8.210992645472288">
        <ele>166.8</ele>
      </trkpt>
      <trkpt lat="38.33972373045981" lon="-8.211003877222538">
        <ele>165.1</ele>
      </trkpt>
      <trkpt lat="38.339125011116266" lon="-8.211018545553088">
        <ele>160.8</ele>
      </trkpt>
      <trkpt lat="38.3385034929961" lon="-8.211036399006844">
        <ele>162.2</ele>
      </trkpt>
      <trkpt lat="38.33796269260347" lon="-8.211044110357761">
        <ele>162.8</ele>
      </trkpt>
      <trkpt lat="38.33741535432637" lon="-8.211049726232886">
        <ele>161</ele>
      </trkpt>
      <trkpt lat="38.33722843788564" lon="-8.21105282753706">
        <ele>161</ele>
      </trkpt>
      <trkpt lat="38.336655953899026" lon="-8.211065903306007">
        <ele>158.9</ele>
      </trkpt>
      <trkpt lat="38.3360631018877" lon="-8.211071267724037">
        <ele>155</ele>
      </trkpt>
      <trkpt lat="38.335492042824626" lon="-8.211083840578794">
        <ele>157.6</ele>
      </trkpt>
      <trkpt lat="38.334872452542186" lon="-8.21109339594841">
        <ele>155.7</ele>
      </trkpt>
      <trkpt lat="38.334452686831355" lon="-8.211098592728376">
        <ele>155.8</ele>
      </trkpt>
      <trkpt lat="38.334209863096476" lon="-8.211104208603501">
        <ele>156.8</ele>
      </trkpt>
      <trkpt lat="38.33364676684141" lon="-8.21111778728664">
        <ele>157.2</ele>
      </trkpt>
      <trkpt lat="38.33309196867049" lon="-8.21113832294941">
        <ele>155.1</ele>
      </trkpt>
      <trkpt lat="38.332503056153655" lon="-8.211156763136387">
        <ele>156.3</ele>
      </trkpt>
      <trkpt lat="38.3319188375026" lon="-8.211153661832213">
        <ele>158.4</ele>
      </trkpt>
      <trkpt lat="38.331323973834515" lon="-8.211165312677622">
        <ele>155.8</ele>
      </trkpt>
      <trkpt lat="38.330756686627865" lon="-8.211175119504333">
        <ele>153.2</ele>
      </trkpt>
      <trkpt lat="38.330242205411196" lon="-8.211273355409503">
        <ele>151.4</ele>
      </trkpt>
      <trkpt lat="38.329901564866304" lon="-8.211469994857907">
        <ele>149.9</ele>
      </trkpt>
      <trkpt lat="38.32951256074011" lon="-8.211844079196453">
        <ele>149.9</ele>
      </trkpt>
      <trkpt lat="38.329210979864" lon="-8.212151024490595">
        <ele>148.4</ele>
      </trkpt>
      <trkpt lat="38.32880085334182" lon="-8.21257397532463">
        <ele>148.4</ele>
      </trkpt>
      <trkpt lat="38.32836021669209" lon="-8.213033471256495">
        <ele>147.7</ele>
      </trkpt>
      <trkpt lat="38.32792544737458" lon="-8.213474527001381">
        <ele>147.4</ele>
      </trkpt>
      <trkpt lat="38.32749570719898" lon="-8.213927736505866">
        <ele>149.5</ele>
      </trkpt>
      <trkpt lat="38.32737316377461" lon="-8.214052794501185">
        <ele>149.2</ele>
      </trkpt>
      <trkpt lat="38.327060686424375" lon="-8.214331492781639">
        <ele>148.2</ele>
      </trkpt>
      <trkpt lat="38.326674699783325" lon="-8.21448010392487">
        <ele>146.3</ele>
      </trkpt>
      <trkpt lat="38.32612560130656" lon="-8.214572556316853">
        <ele>144.2</ele>
      </trkpt>
      <trkpt lat="38.32602594047785" lon="-8.214587392285466">
        <ele>143.6</ele>
      </trkpt>
      <trkpt lat="38.32539277151227" lon="-8.214691579341888">
        <ele>140.6</ele>
      </trkpt>
      <trkpt lat="38.32505908794701" lon="-8.214745558798313">
        <ele>138.8</ele>
      </trkpt>
      <trkpt lat="38.32448551431298" lon="-8.214841783046722">
        <ele>135.4</ele>
      </trkpt>
      <trkpt lat="38.3242550957948" lon="-8.214879836887121">
        <ele>134.1</ele>
      </trkpt>
      <trkpt lat="38.32371882162988" lon="-8.2149672601372">
        <ele>134.1</ele>
      </trkpt>
      <trkpt lat="38.3231133967638" lon="-8.21506298147142">
        <ele>134.1</ele>
      </trkpt>
      <trkpt lat="38.322515012696385" lon="-8.215160379186273">
        <ele>133.6</ele>
      </trkpt>
      <trkpt lat="38.321933560073376" lon="-8.215251406654716">
        <ele>133.2</ele>
      </trkpt>
      <trkpt lat="38.321837754920125" lon="-8.215266913175583">
        <ele>132.9</ele>
      </trkpt>
      <trkpt lat="38.32125118933618" lon="-8.21536690928042">
        <ele>128.3</ele>
      </trkpt>
      <trkpt lat="38.32094826735556" lon="-8.215434299781919">
        <ele>125.1</ele>
      </trkpt>
      <trkpt lat="38.320750035345554" lon="-8.215517615899444">
        <ele>123.4</ele>
      </trkpt>
      <trkpt lat="38.32020395435393" lon="-8.215945679694414">
        <ele>119.5</ele>
      </trkpt>
      <trkpt lat="38.31976566463709" lon="-8.21635840460658">
        <ele>118.8</ele>
      </trkpt>
      <trkpt lat="38.319680001586676" lon="-8.216438703238964">
        <ele>118.8</ele>
      </trkpt>
      <trkpt lat="38.31926392391324" lon="-8.216829216107726">
        <ele>117.7</ele>
      </trkpt>
      <trkpt lat="38.31878565251827" lon="-8.21727504953742">
        <ele>117.7</ele>
      </trkpt>
      <trkpt lat="38.31863150931895" lon="-8.217420727014542">
        <ele>117.6</ele>
      </trkpt>
      <trkpt lat="38.31817042082548" lon="-8.21785507723689">
        <ele>115.5</ele>
      </trkpt>
      <trkpt lat="38.317710757255554" lon="-8.218289678916335">
        <ele>115.5</ele>
      </trkpt>
      <trkpt lat="38.317556446418166" lon="-8.218433931469917">
        <ele>114.6</ele>
      </trkpt>
      <trkpt lat="38.31709049642086" lon="-8.218864258378744">
        <ele>111.9</ele>
      </trkpt>
      <trkpt lat="38.316632844507694" lon="-8.219297686591744">
        <ele>112</ele>
      </trkpt>
      <trkpt lat="38.31655799411237" lon="-8.21936784312129">
        <ele>112</ele>
      </trkpt>
      <trkpt lat="38.31611190922558" lon="-8.219785848632455">
        <ele>111</ele>
      </trkpt>
      <trkpt lat="38.315667835995555" lon="-8.220197316259146">
        <ele>111.5</ele>
      </trkpt>
      <trkpt lat="38.3155239187181" lon="-8.220335450023413">
        <ele>111.3</ele>
      </trkpt>
      <trkpt lat="38.31508453935385" lon="-8.220746666193008">
        <ele>110.1</ele>
      </trkpt>
      <trkpt lat="38.31480206921697" lon="-8.221003487706184">
        <ele>109.4</ele>
      </trkpt>
      <trkpt lat="38.31433838233352" lon="-8.221441274508834">
        <ele>108.7</ele>
      </trkpt>
      <trkpt lat="38.31421231850982" lon="-8.221556525677443">
        <ele>109.2</ele>
      </trkpt>
      <trkpt lat="38.313736813142896" lon="-8.222000263631344">
        <ele>109.8</ele>
      </trkpt>
      <trkpt lat="38.31324010156095" lon="-8.222463363781571">
        <ele>111.1</ele>
      </trkpt>
      <trkpt lat="38.31313683651388" lon="-8.222558833658695">
        <ele>112</ele>
      </trkpt>
      <trkpt lat="38.31298688426614" lon="-8.222703505307436">
        <ele>113.2</ele>
      </trkpt>
      <trkpt lat="38.31282905302942" lon="-8.222834095358849">
        <ele>114</ele>
      </trkpt>
      <trkpt lat="38.31235866062343" lon="-8.223288226872683">
        <ele>113.6</ele>
      </trkpt>
      <trkpt lat="38.3121305052191" lon="-8.223525015637279">
        <ele>113.6</ele>
      </trkpt>
      <trkpt lat="38.31168970093131" lon="-8.22392432950437">
        <ele>115.6</ele>
      </trkpt>
      <trkpt lat="38.31121075898409" lon="-8.224364630877972">
        <ele>115.1</ele>
      </trkpt>
      <trkpt lat="38.310900796204805" lon="-8.224647687748075">
        <ele>114.1</ele>
      </trkpt>
      <trkpt lat="38.31051690503955" lon="-8.225018167868257">
        <ele>114</ele>
      </trkpt>
      <trkpt lat="38.31007920205593" lon="-8.22542292997241">
        <ele>116.2</ele>
      </trkpt>
      <trkpt lat="38.309580478817225" lon="-8.225801456719637">
        <ele>115</ele>
      </trkpt>
      <trkpt lat="38.30899081192911" lon="-8.225916707888246">
        <ele>114.5</ele>
      </trkpt>
      <trkpt lat="38.30844012089074" lon="-8.22587982751429">
        <ele>110</ele>
      </trkpt>
      <trkpt lat="38.30810224637389" lon="-8.225856944918633">
        <ele>108.8</ele>
      </trkpt>
      <trkpt lat="38.307845843955874" lon="-8.225836995989084">
        <ele>109.2</ele>
      </trkpt>
      <trkpt lat="38.307499922811985" lon="-8.225814364850521">
        <ele>108.8</ele>
      </trkpt>
      <trkpt lat="38.30715383403003" lon="-8.225734988227487">
        <ele>107.4</ele>
      </trkpt>
      <trkpt lat="38.306597862392664" lon="-8.225425193086267">
        <ele>105.7</ele>
      </trkpt>
      <trkpt lat="38.30622193403542" lon="-8.22524799965322">
        <ele>106.1</ele>
      </trkpt>
      <trkpt lat="38.30591490492225" lon="-8.225208688527346">
        <ele>105.9</ele>
      </trkpt>
      <trkpt lat="38.305349461734295" lon="-8.225212376564741">
        <ele>104.8</ele>
      </trkpt>
      <trkpt lat="38.30476582981646" lon="-8.225253699347377">
        <ele>103.5</ele>
      </trkpt>
      <trkpt lat="38.304599449038506" lon="-8.225312540307641">
        <ele>102.3</ele>
      </trkpt>
      <trkpt lat="38.30406988039613" lon="-8.225741107016802">
        <ele>98.9</ele>
      </trkpt>
      <trkpt lat="38.30390375107527" lon="-8.225847976282239">
        <ele>98</ele>
      </trkpt>
      <trkpt lat="38.30354215577245" lon="-8.225870104506612">
        <ele>96.6</ele>
      </trkpt>
      <trkpt lat="38.30329949967563" lon="-8.2257463876158">
        <ele>96.2</ele>
      </trkpt>
      <trkpt lat="38.3028210606426" lon="-8.225415721535683">
        <ele>95.3</ele>
      </trkpt>
      <trkpt lat="38.30244823358953" lon="-8.225272474810481">
        <ele>93.9</ele>
      </trkpt>
      <trkpt lat="38.3023532666266" lon="-8.225259566679597">
        <ele>92.8</ele>
      </trkpt>
      <trkpt lat="38.30194003880024" lon="-8.225481351837516">
        <ele>88.2</ele>
      </trkpt>
      <trkpt lat="38.301884550601244" lon="-8.225576151162386">
        <ele>88.2</ele>
      </trkpt>
      <trkpt lat="38.301832331344485" lon="-8.226056601852179">
        <ele>88.9</ele>
      </trkpt>
      <trkpt lat="38.30180995166302" lon="-8.226425908505917">
        <ele>87.3</ele>
      </trkpt>
      <trkpt lat="38.30166846513748" lon="-8.226889930665493">
        <ele>83</ele>
      </trkpt>
      <trkpt lat="38.30165958032012" lon="-8.227016245946288">
        <ele>83.2</ele>
      </trkpt>
      <trkpt lat="38.30165513791144" lon="-8.227273654192686">
        <ele>83.9</ele>
      </trkpt>
      <trkpt lat="38.30145489424467" lon="-8.227708339691162">
        <ele>81.7</ele>
      </trkpt>
      <trkpt lat="38.301256159320474" lon="-8.228116370737553">
        <ele>80.1</ele>
      </trkpt>
      <trkpt lat="38.30125104635954" lon="-8.228237656876445">
        <ele>80</ele>
      </trkpt>
      <trkpt lat="38.301300248131156" lon="-8.228553151711822">
        <ele>79.2</ele>
      </trkpt>
      <trkpt lat="38.301373003050685" lon="-8.228912819176912">
        <ele>77.7</ele>
      </trkpt>
      <trkpt lat="38.301194719970226" lon="-8.22908665984869">
        <ele>77.1</ele>
      </trkpt>
      <trkpt lat="38.301084246486425" lon="-8.229146674275398">
        <ele>77.1</ele>
      </trkpt>
      <trkpt lat="38.300746539607644" lon="-8.22903536260128">
        <ele>76.6</ele>
      </trkpt>
      <trkpt lat="38.30039215274155" lon="-8.228735039010644">
        <ele>72</ele>
      </trkpt>
      <trkpt lat="38.30030967481434" lon="-8.228683657944202">
        <ele>70.3</ele>
      </trkpt>
      <trkpt lat="38.299775244668126" lon="-8.228815589100122">
        <ele>65</ele>
      </trkpt>
      <trkpt lat="38.299670554697514" lon="-8.229043576866388">
        <ele>64.2</ele>
      </trkpt>
      <trkpt lat="38.29962185584009" lon="-8.229157738387585">
        <ele>63.3</ele>
      </trkpt>
      <trkpt lat="38.299558740109205" lon="-8.22925723157823">
        <ele>61.9</ele>
      </trkpt>
      <trkpt lat="38.299316419288516" lon="-8.22946141473949">
        <ele>57.4</ele>
      </trkpt>
      <trkpt lat="38.29923109151423" lon="-8.229509107768536">
        <ele>56.7</ele>
      </trkpt>
      <trkpt lat="38.29905775375664" lon="-8.229562668129802">
        <ele>57.4</ele>
      </trkpt>
      <trkpt lat="38.29869079403579" lon="-8.229275001212955">
        <ele>65.3</ele>
      </trkpt>
      <trkpt lat="38.298442270606756" lon="-8.228759430348873">
        <ele>64.9</ele>
      </trkpt>
      <trkpt lat="38.298386447131634" lon="-8.228619201108813">
        <ele>64.4</ele>
      </trkpt>
      <trkpt lat="38.29825174994767" lon="-8.228015955537558">
        <ele>64.8</ele>
      </trkpt>
      <trkpt lat="38.298209588974714" lon="-8.227690989151597">
        <ele>66.5</ele>
      </trkpt>
      <trkpt lat="38.29818829894066" lon="-8.22727826423943">
        <ele>68.5</ele>
      </trkpt>
      <trkpt lat="38.29821327701211" lon="-8.226954890415072">
        <ele>69</ele>
      </trkpt>
      <trkpt lat="38.29841603524983" lon="-8.22664937004447">
        <ele>67.4</ele>
      </trkpt>
      <trkpt lat="38.29852173104882" lon="-8.226560018956661">
        <ele>67.4</ele>
      </trkpt>
      <trkpt lat="38.29871376045048" lon="-8.226382993161678">
        <ele>68.5</ele>
      </trkpt>
      <trkpt lat="38.29883328638971" lon="-8.22614855132997">
        <ele>72.1</ele>
      </trkpt>
      <trkpt lat="38.29881543293595" lon="-8.225873541086912">
        <ele>75.6</ele>
      </trkpt>
      <trkpt lat="38.29867956228554" lon="-8.225648235529661">
        <ele>76.4</ele>
      </trkpt>
      <trkpt lat="38.2982864510268" lon="-8.225094946101308">
        <ele>75.7</ele>
      </trkpt>
      <trkpt lat="38.29828016459942" lon="-8.224906269460917">
        <ele>77.4</ele>
      </trkpt>
      <trkpt lat="38.2982415240258" lon="-8.224221970885992">
        <ele>83.3</ele>
      </trkpt>
      <trkpt lat="38.29795368947089" lon="-8.224069671705365">
        <ele>82.9</ele>
      </trkpt>
      <trkpt lat="38.297891" lon="-8.22411">
        <ele>88.18</ele>
      </trkpt>
      <trkpt lat="38.297847" lon="-8.22416">
        <ele>88.35</ele>
      </trkpt>
      <trkpt lat="38.297814" lon="-8.224213">
        <ele>88.37</ele>
      </trkpt>
      <trkpt lat="38.297766" lon="-8.224318">
        <ele>88.19</ele>
      </trkpt>
      <trkpt lat="38.29773" lon="-8.224376">
        <ele>88.2</ele>
      </trkpt>
      <trkpt lat="38.297685" lon="-8.224425">
        <ele>88.39</ele>
      </trkpt>
      <trkpt lat="38.297634" lon="-8.224463">
        <ele>88.72</ele>
      </trkpt>
      <trkpt lat="38.297574" lon="-8.224486">
        <ele>89.28</ele>
      </trkpt>
      <trkpt lat="38.297484" lon="-8.224511">
        <ele>90.18</ele>
      </trkpt>
      <trkpt lat="38.297364" lon="-8.224531">
        <ele>91.47</ele>
      </trkpt>
      <trkpt lat="38.297184" lon="-8.224555">
        <ele>93.48</ele>
      </trkpt>
      <trkpt lat="38.297013" lon="-8.224604">
        <ele>95.31</ele>
      </trkpt>
      <trkpt lat="38.296946" lon="-8.224636">
        <ele>95.97</ele>
      </trkpt>
      <trkpt lat="38.29685" lon="-8.224703">
        <ele>96.84</ele>
      </trkpt>
      <trkpt lat="38.296722" lon="-8.224823">
        <ele>98.43</ele>
      </trkpt>
      <trkpt lat="38.296249" lon="-8.225388">
        <ele>103.47</ele>
      </trkpt>
      <trkpt lat="38.295985" lon="-8.225735">
        <ele>105.72</ele>
      </trkpt>
      <trkpt lat="38.295966" lon="-8.22577">
        <ele>105.86</ele>
      </trkpt>
      <trkpt lat="38.295945" lon="-8.225851">
        <ele>105.99</ele>
      </trkpt>
      <trkpt lat="38.29594" lon="-8.225907">
        <ele>105.99</ele>
      </trkpt>
      <trkpt lat="38.295943" lon="-8.225975">
        <ele>105.91</ele>
      </trkpt>
      <trkpt lat="38.295958" lon="-8.226061">
        <ele>105.74</ele>
      </trkpt>
      <trkpt lat="38.295928" lon="-8.226057">
        <ele>105.97</ele>
      </trkpt>
      <trkpt lat="38.295928" lon="-8.226057">
        <ele>105.97</ele>
      </trkpt>
      <trkpt lat="38.295928" lon="-8.226057">
        <ele>105.97</ele>
      </trkpt>
      <trkpt lat="38.29591" lon="-8.226054">
        <ele>106.1</ele>
      </trkpt>
      <trkpt lat="38.295867" lon="-8.226014">
        <ele>106.46</ele>
      </trkpt>
      <trkpt lat="38.295487" lon="-8.225351">
        <ele>109.97</ele>
      </trkpt>
      <trkpt lat="38.295223" lon="-8.224956">
        <ele>110.23</ele>
      </trkpt>
      <trkpt lat="38.295223" lon="-8.224956">
        <ele>110.23</ele>
      </trkpt>
      <trkpt lat="38.295033" lon="-8.224672">
        <ele>110.42</ele>
      </trkpt>
      <trkpt lat="38.295006" lon="-8.224604">
        <ele>110.47</ele>
      </trkpt>
      <trkpt lat="38.294898" lon="-8.22424">
        <ele>110.78</ele>
      </trkpt>
      <trkpt lat="38.294881" lon="-8.224205">
        <ele>110.8</ele>
      </trkpt>
      <trkpt lat="38.294856" lon="-8.224189">
        <ele>110.79</ele>
      </trkpt>
      <trkpt lat="38.294821" lon="-8.224185">
        <ele>110.75</ele>
      </trkpt>
      <trkpt lat="38.294776" lon="-8.224201">
        <ele>110.68</ele>
      </trkpt>
      <trkpt lat="38.294742" lon="-8.224366">
        <ele>110.44</ele>
      </trkpt>
      <trkpt lat="38.294414" lon="-8.224854">
        <ele>107.67</ele>
      </trkpt>
      <trkpt lat="38.294388" lon="-8.224892">
        <ele>107.4</ele>
      </trkpt>
      <trkpt lat="38.29422" lon="-8.225048">
        <ele>106.23</ele>
      </trkpt>
      <trkpt lat="38.29422" lon="-8.225048">
        <ele>106.23</ele>
      </trkpt>
      <trkpt lat="38.294046" lon="-8.225211">
        <ele>105.02</ele>
      </trkpt>
      <trkpt lat="38.293697" lon="-8.225648">
        <ele>102.43</ele>
      </trkpt>
      <trkpt lat="38.293596" lon="-8.225764">
        <ele>101.69</ele>
      </trkpt>
      <trkpt lat="38.292875" lon="-8.226303">
        <ele>98.49</ele>
      </trkpt>
      <trkpt lat="38.292845" lon="-8.226289">
        <ele>98.21</ele>
      </trkpt>
      <trkpt lat="38.292845" lon="-8.226289">
        <ele>98.21</ele>
      </trkpt>
      <trkpt lat="38.292197" lon="-8.226004">
        <ele>92.11</ele>
      </trkpt>
      <trkpt lat="38.291817" lon="-8.225841">
        <ele>88.63</ele>
      </trkpt>
      <trkpt lat="38.291745" lon="-8.225798">
        <ele>87.83</ele>
      </trkpt>
      <trkpt lat="38.291677" lon="-8.225742">
        <ele>86.94</ele>
      </trkpt>
      <trkpt lat="38.291351" lon="-8.225417">
        <ele>83.48</ele>
      </trkpt>
      <trkpt lat="38.29134277520496" lon="-8.225430854481147">
        <ele>88.25347494629915</ele>
      </trkpt>
      <trkpt lat="38.29126509837806" lon="-8.225348247215152">
        <ele>88.2</ele>
      </trkpt>
      <trkpt lat="38.2908468414098" lon="-8.224891433492303">
        <ele>86.4</ele>
      </trkpt>
      <trkpt lat="38.29066461883485" lon="-8.22469487786293">
        <ele>85.4</ele>
      </trkpt>
      <trkpt lat="38.29036412760615" lon="-8.224380472674966">
        <ele>83.3</ele>
      </trkpt>
      <trkpt lat="38.28994235023856" lon="-8.223936147987843">
        <ele>79.6</ele>
      </trkpt>
      <trkpt lat="38.2894654199481" lon="-8.223415547981858">
        <ele>79.8</ele>
      </trkpt>
      <trkpt lat="38.28926634974778" lon="-8.223210023716092">
        <ele>79.1</ele>
      </trkpt>
      <trkpt lat="38.28885706141591" lon="-8.222745833918452">
        <ele>78.7</ele>
      </trkpt>
      <trkpt lat="38.28842514194548" lon="-8.222280638292432">
        <ele>74.3</ele>
      </trkpt>
      <trkpt lat="38.288001017645" lon="-8.22182860225439">
        <ele>74.3</ele>
      </trkpt>
      <trkpt lat="38.2878646440804" lon="-8.221679655835032">
        <ele>74.5</ele>
      </trkpt>
      <trkpt lat="38.287725169211626" lon="-8.221524003893137">
        <ele>74.4</ele>
      </trkpt>
      <trkpt lat="38.28750698827207" lon="-8.221325520426035">
        <ele>74.5</ele>
      </trkpt>
      <trkpt lat="38.287048414349556" lon="-8.221276989206672">
        <ele>73.2</ele>
      </trkpt>
      <trkpt lat="38.286422872915864" lon="-8.22135460563004">
        <ele>68.4</ele>
      </trkpt>
      <trkpt lat="38.285936806350946" lon="-8.221410429105163">
        <ele>64.7</ele>
      </trkpt>
      <trkpt lat="38.28542064875364" lon="-8.221459295600653">
        <ele>63.3</ele>
      </trkpt>
      <trkpt lat="38.285242365673184" lon="-8.221491230651736">
        <ele>64.2</ele>
      </trkpt>
      <trkpt lat="38.285083612427115" lon="-8.221507743000984">
        <ele>65.2</ele>
      </trkpt>
      <trkpt lat="38.28498478978872" lon="-8.221542024984956">
        <ele>65.7</ele>
      </trkpt>
      <trkpt lat="38.28469159081578" lon="-8.221517633646727">
        <ele>66.1</ele>
      </trkpt>
      <trkpt lat="38.28447793610394" lon="-8.22150556370616">
        <ele>65</ele>
      </trkpt>
      <trkpt lat="38.284248020499945" lon="-8.22147530503571">
        <ele>64</ele>
      </trkpt>
      <trkpt lat="38.28391903080046" lon="-8.221444291993976">
        <ele>64.5</ele>
      </trkpt>
      <trkpt lat="38.28361644409597" lon="-8.221413781866431">
        <ele>67.3</ele>
      </trkpt>
      <trkpt lat="38.283498929813504" lon="-8.221394335851073">
        <ele>68.1</ele>
      </trkpt>
      <trkpt lat="38.283354341983795" lon="-8.221358796581626">
        <ele>69.2</ele>
      </trkpt>
      <trkpt lat="38.2832504902035" lon="-8.221324514597654">
        <ele>69.9</ele>
      </trkpt>
      <trkpt lat="38.28311604447663" lon="-8.221268355846405">
        <ele>70.9</ele>
      </trkpt>
      <trkpt lat="38.28298218548298" lon="-8.221212700009346">
        <ele>71.7</ele>
      </trkpt>
      <trkpt lat="38.2828117813915" lon="-8.221153691411018">
        <ele>72.5</ele>
      </trkpt>
      <trkpt lat="38.28245412558317" lon="-8.221022598445415">
        <ele>73.9</ele>
      </trkpt>
      <trkpt lat="38.28205372206867" lon="-8.220876418054104">
        <ele>74.8</ele>
      </trkpt>
      <trkpt lat="38.28188834711909" lon="-8.220814894884825">
        <ele>74.7</ele>
      </trkpt>
      <trkpt lat="38.28150797635317" lon="-8.220673743635416">
        <ele>76.8</ele>
      </trkpt>
      <trkpt lat="38.281233636662364" lon="-8.220570981502533">
        <ele>76.8</ele>
      </trkpt>
      <trkpt lat="38.2809245120734" lon="-8.220453718677163">
        <ele>76</ele>
      </trkpt>
      <trkpt lat="38.28073373995721" lon="-8.220375766977668">
        <ele>75.3</ele>
      </trkpt>
      <trkpt lat="38.28054388985038" lon="-8.220300497487187">
        <ele>74.8</ele>
      </trkpt>
      <trkpt lat="38.27999998815358" lon="-8.220172170549631">
        <ele>78.5</ele>
      </trkpt>
      <trkpt lat="38.2797984033823" lon="-8.22020435705781">
        <ele>81.2</ele>
      </trkpt>
      <trkpt lat="38.27957452274859" lon="-8.220261773094535">
        <ele>84.1</ele>
      </trkpt>
      <trkpt lat="38.27944837510586" lon="-8.220296641811728">
        <ele>85.3</ele>
      </trkpt>
      <trkpt lat="38.27915542759001" lon="-8.220377443358302">
        <ele>87.2</ele>
      </trkpt>
      <trkpt lat="38.278612196445465" lon="-8.220535777509212">
        <ele>89.8</ele>
      </trkpt>
      <trkpt lat="38.27806158922613" lon="-8.220690758898854">
        <ele>91.6</ele>
      </trkpt>
      <trkpt lat="38.277763947844505" lon="-8.22077164426446">
        <ele>92.9</ele>
      </trkpt>
      <trkpt lat="38.27739908359945" lon="-8.22085965424776">
        <ele>93.8</ele>
      </trkpt>
      <trkpt lat="38.277249885722995" lon="-8.220880776643753">
        <ele>93.9</ele>
      </trkpt>
      <trkpt lat="38.27705240808427" lon="-8.22092268615961">
        <ele>93.9</ele>
      </trkpt>
      <trkpt lat="38.27691838145256" lon="-8.220932744443417">
        <ele>94.3</ele>
      </trkpt>
      <trkpt lat="38.27670791186392" lon="-8.220917070284486">
        <ele>94.6</ele>
      </trkpt>
      <trkpt lat="38.276412365958095" lon="-8.220874909311533">
        <ele>94.8</ele>
      </trkpt>
      <trkpt lat="38.275845078751445" lon="-8.220761585980654">
        <ele>93.4</ele>
      </trkpt>
      <trkpt lat="38.27554224058986" lon="-8.220702577382326">
        <ele>94.2</ele>
      </trkpt>
      <trkpt lat="38.27510906383395" lon="-8.220614399760962">
        <ele>94</ele>
      </trkpt>
      <trkpt lat="38.274560468271375" lon="-8.220505435019732">
        <ele>90.4</ele>
      </trkpt>
      <trkpt lat="38.273956049233675" lon="-8.220380209386349">
        <ele>88.7</ele>
      </trkpt>
      <trkpt lat="38.27335523441434" lon="-8.220254313200712">
        <ele>87.3</ele>
      </trkpt>
      <trkpt lat="38.27278794720769" lon="-8.220137972384691">
        <ele>93.2</ele>
      </trkpt>
      <trkpt lat="38.27239450067282" lon="-8.2200563326478">
        <ele>95.2</ele>
      </trkpt>
      <trkpt lat="38.272144636139274" lon="-8.220015177503228">
        <ele>95.2</ele>
      </trkpt>
      <trkpt lat="38.27178974635899" lon="-8.219979051500559">
        <ele>94.7</ele>
      </trkpt>
      <trkpt lat="38.2716182526201" lon="-8.219950636848807">
        <ele>94.2</ele>
      </trkpt>
      <trkpt lat="38.27107535675168" lon="-8.219839492812753">
        <ele>93</ele>
      </trkpt>
      <trkpt lat="38.270950466394424" lon="-8.219802780076861">
        <ele>93.3</ele>
      </trkpt>
      <trkpt lat="38.27050153166056" lon="-8.2197040412575">
        <ele>94.3</ele>
      </trkpt>
      <trkpt lat="38.26997053809464" lon="-8.21959407068789">
        <ele>97.3</ele>
      </trkpt>
      <trkpt lat="38.26942873187363" lon="-8.219468090683222">
        <ele>99</ele>
      </trkpt>
      <trkpt lat="38.26926687732339" lon="-8.219435401260853">
        <ele>99.8</ele>
      </trkpt>
      <trkpt lat="38.268724735826254" lon="-8.219322999939322">
        <ele>100.5</ele>
      </trkpt>
      <trkpt lat="38.268179995939136" lon="-8.21922610513866">
        <ele>100.3</ele>
      </trkpt>
      <trkpt lat="38.26760910451412" lon="-8.219098197296262">
        <ele>102.8</ele>
      </trkpt>
      <trkpt lat="38.267058497294784" lon="-8.218788905069232">
        <ele>103.8</ele>
      </trkpt>
      <trkpt lat="38.26657301746309" lon="-8.218438625335693">
        <ele>104.3</ele>
      </trkpt>
      <trkpt lat="38.26604621484876" lon="-8.218019530177116">
        <ele>106.5</ele>
      </trkpt>
      <trkpt lat="38.26590263284743" lon="-8.217904781922698">
        <ele>106.6</ele>
      </trkpt>
      <trkpt lat="38.26538069173694" lon="-8.217482166364789">
        <ele>105.7</ele>
      </trkpt>
      <trkpt lat="38.264850871637464" lon="-8.217054605484009">
        <ele>102.8</ele>
      </trkpt>
      <trkpt lat="38.26446815393865" lon="-8.216756209731102">
        <ele>101.7</ele>
      </trkpt>
      <trkpt lat="38.26416221447289" lon="-8.2165162358433">
        <ele>101.2</ele>
      </trkpt>
      <trkpt lat="38.263940513134" lon="-8.2163470890373">
        <ele>101.7</ele>
      </trkpt>
      <trkpt lat="38.26341069303453" lon="-8.215933525934815">
        <ele>99.4</ele>
      </trkpt>
      <trkpt lat="38.26288841664791" lon="-8.215499594807625">
        <ele>96.8</ele>
      </trkpt>
      <trkpt lat="38.262409307062626" lon="-8.215162977576256">
        <ele>94.2</ele>
      </trkpt>
      <trkpt lat="38.2623241469264" lon="-8.215122492983937">
        <ele>93.8</ele>
      </trkpt>
      <trkpt lat="38.261793656274676" lon="-8.214983437210321">
        <ele>94.3</ele>
      </trkpt>
      <trkpt lat="38.2616198156029" lon="-8.214942617341876">
        <ele>95.5</ele>
      </trkpt>
      <trkpt lat="38.26103735715151" lon="-8.214826779440045">
        <ele>95.4</ele>
      </trkpt>
      <trkpt lat="38.2604765240103" lon="-8.21471018716693">
        <ele>91</ele>
      </trkpt>
      <trkpt lat="38.25993178412318" lon="-8.214598456397653">
        <ele>90.3</ele>
      </trkpt>
      <trkpt lat="38.259265925735235" lon="-8.214478679001331">
        <ele>91.2</ele>
      </trkpt>
      <trkpt lat="38.25911823660135" lon="-8.214447246864438">
        <ele>91.4</ele>
      </trkpt>
      <trkpt lat="38.25852924026549" lon="-8.21431984193623">
        <ele>88.1</ele>
      </trkpt>
      <trkpt lat="38.25794577598572" lon="-8.214197717607021">
        <ele>90.2</ele>
      </trkpt>
      <trkpt lat="38.25736683793366" lon="-8.214074671268463">
        <ele>89.3</ele>
      </trkpt>
      <trkpt lat="38.2571507524699" lon="-8.21403251029551">
        <ele>89.6</ele>
      </trkpt>
      <trkpt lat="38.25658304616809" lon="-8.213917259126902">
        <ele>90.2</ele>
      </trkpt>
      <trkpt lat="38.25643837451935" lon="-8.213886748999357">
        <ele>90.7</ele>
      </trkpt>
      <trkpt lat="38.25586287304759" lon="-8.213757835328579">
        <ele>91.5</ele>
      </trkpt>
      <trkpt lat="38.25525065883994" lon="-8.21360981091857">
        <ele>91.4</ele>
      </trkpt>
      <trkpt lat="38.25467792339623" lon="-8.213479220867157">
        <ele>89.6</ele>
      </trkpt>
      <trkpt lat="38.25407434254885" lon="-8.213327592238784">
        <ele>89</ele>
      </trkpt>
      <trkpt lat="38.253427343443036" lon="-8.213152745738626">
        <ele>89.3</ele>
      </trkpt>
      <trkpt lat="38.252954352647066" lon="-8.2130332197994">
        <ele>90.1</ele>
      </trkpt>
      <trkpt lat="38.25235613621771" lon="-8.21288033388555">
        <ele>89</ele>
      </trkpt>
      <trkpt lat="38.2518473546952" lon="-8.212747145444155">
        <ele>89</ele>
      </trkpt>
      <trkpt lat="38.2513171993196" lon="-8.212613454088569">
        <ele>87.6</ele>
      </trkpt>
      <trkpt lat="38.250760305672884" lon="-8.212474482133985">
        <ele>85.3</ele>
      </trkpt>
      <trkpt lat="38.250193521380424" lon="-8.212328301742673">
        <ele>84.9</ele>
      </trkpt>
      <trkpt lat="38.25002362020314" lon="-8.212285805493593">
        <ele>84.9</ele>
      </trkpt>
      <trkpt lat="38.24942565523088" lon="-8.212133338674903">
        <ele>85.3</ele>
      </trkpt>
      <trkpt lat="38.24917101301253" lon="-8.212066534906626">
        <ele>85.3</ele>
      </trkpt>
      <trkpt lat="38.24858486652374" lon="-8.211919264867902">
        <ele>84.8</ele>
      </trkpt>
      <trkpt lat="38.24833709746599" lon="-8.211852964013815">
        <ele>84</ele>
      </trkpt>
      <trkpt lat="38.24776528403163" lon="-8.211715584620833">
        <ele>82.3</ele>
      </trkpt>
      <trkpt lat="38.24751575477421" lon="-8.211651043966413">
        <ele>82.6</ele>
      </trkpt>
      <trkpt lat="38.24692147783935" lon="-8.21150771342218">
        <ele>81.7</ele>
      </trkpt>
      <trkpt lat="38.2463023904711" lon="-8.211347870528698">
        <ele>82.6</ele>
      </trkpt>
      <trkpt lat="38.24576980434358" lon="-8.211217196658254">
        <ele>81.3</ele>
      </trkpt>
      <trkpt lat="38.24523906223476" lon="-8.211087696254253">
        <ele>79.9</ele>
      </trkpt>
      <trkpt lat="38.244629111140966" lon="-8.210921734571457">
        <ele>79</ele>
      </trkpt>
      <trkpt lat="38.24405511841178" lon="-8.210784690454602">
        <ele>80</ele>
      </trkpt>
      <trkpt lat="38.243824699893594" lon="-8.210727022960782">
        <ele>79.8</ele>
      </trkpt>
      <trkpt lat="38.24322413653135" lon="-8.210586039349437">
        <ele>77.2</ele>
      </trkpt>
      <trkpt lat="38.24300201609731" lon="-8.210532227531075">
        <ele>77.7</ele>
      </trkpt>
      <trkpt lat="38.24248024262488" lon="-8.21032234467566">
        <ele>76.8</ele>
      </trkpt>
      <trkpt lat="38.24196232482791" lon="-8.209965862333775">
        <ele>74.5</ele>
      </trkpt>
      <trkpt lat="38.24137508869171" lon="-8.209566297009587">
        <ele>73</ele>
      </trkpt>
      <trkpt lat="38.241233099251986" lon="-8.209467055276036">
        <ele>73.6</ele>
      </trkpt>
      <trkpt lat="38.24075206182897" lon="-8.209136137738824">
        <ele>77.3</ele>
      </trkpt>
      <trkpt lat="38.24042508378625" lon="-8.208907395601273">
        <ele>76.9</ele>
      </trkpt>
      <trkpt lat="38.240241101011634" lon="-8.208774542436004">
        <ele>76.5</ele>
      </trkpt>
      <trkpt lat="38.23988948017359" lon="-8.208575136959553">
        <ele>77.2</ele>
      </trkpt>
      <trkpt lat="38.23955881409347" lon="-8.20846407674253">
        <ele>79.2</ele>
      </trkpt>
      <trkpt lat="38.23914550244808" lon="-8.208341030403972">
        <ele>80.9</ele>
      </trkpt>
      <trkpt lat="38.23874275200069" lon="-8.20821924135089">
        <ele>82</ele>
      </trkpt>
      <trkpt lat="38.23836548253894" lon="-8.208099883049726">
        <ele>81.9</ele>
      </trkpt>
      <trkpt lat="38.237817976623774" lon="-8.207943812012672">
        <ele>83.2</ele>
      </trkpt>
      <trkpt lat="38.23726267553866" lon="-8.20777022279799">
        <ele>86.5</ele>
      </trkpt>
      <trkpt lat="38.23710626922548" lon="-8.207714734598994">
        <ele>87.2</ele>
      </trkpt>
      <trkpt lat="38.23655909858644" lon="-8.20754542015493">
        <ele>87.5</ele>
      </trkpt>
      <trkpt lat="38.23632448911667" lon="-8.207504348829389">
        <ele>88.1</ele>
      </trkpt>
      <trkpt lat="38.235765080899" lon="-8.207437209784985">
        <ele>86.5</ele>
      </trkpt>
      <trkpt lat="38.235172564163804" lon="-8.20737099274993">
        <ele>82.5</ele>
      </trkpt>
      <trkpt lat="38.234888669103384" lon="-8.207323048263788">
        <ele>80.5</ele>
      </trkpt>
      <trkpt lat="38.23466462083161" lon="-8.207298573106527">
        <ele>79.8</ele>
      </trkpt>
      <trkpt lat="38.234435208141804" lon="-8.207271499559283">
        <ele>79.5</ele>
      </trkpt>
      <trkpt lat="38.234116192907095" lon="-8.207245012745261">
        <ele>79</ele>
      </trkpt>
      <trkpt lat="38.23360858485103" lon="-8.207194050773978">
        <ele>79.9</ele>
      </trkpt>
      <trkpt lat="38.23336165398359" lon="-8.207165552303195">
        <ele>80.8</ele>
      </trkpt>
      <trkpt lat="38.23277307674289" lon="-8.207100927829742">
        <ele>77.1</ele>
      </trkpt>
      <trkpt lat="38.232226241379976" lon="-8.20701777935028">
        <ele>74</ele>
      </trkpt>
      <trkpt lat="38.232136303558946" lon="-8.206989113241434">
        <ele>73.7</ele>
      </trkpt>
      <trkpt lat="38.23175065219402" lon="-8.206689460203052">
        <ele>72.6</ele>
      </trkpt>
      <trkpt lat="38.231681836768985" lon="-8.206604467704892">
        <ele>72.6</ele>
      </trkpt>
      <trkpt lat="38.23124329559505" lon="-8.206045981496572">
        <ele>71.7</ele>
      </trkpt>
      <trkpt lat="38.230818500742316" lon="-8.20550442673266">
        <ele>72.8</ele>
      </trkpt>
      <trkpt lat="38.23039990849793" lon="-8.20498407818377">
        <ele>73.7</ele>
      </trkpt>
      <trkpt lat="38.23006211780012" lon="-8.204550398513675">
        <ele>75.1</ele>
      </trkpt>
      <trkpt lat="38.229718543589115" lon="-8.204115210101008">
        <ele>78.9</ele>
      </trkpt>
      <trkpt lat="38.22934512980282" lon="-8.203645823523402">
        <ele>83.1</ele>
      </trkpt>
      <trkpt lat="38.22895981371403" lon="-8.203152045607567">
        <ele>86.7</ele>
      </trkpt>
      <trkpt lat="38.22867767885327" lon="-8.202791120857">
        <ele>87.5</ele>
      </trkpt>
      <trkpt lat="38.22840970940888" lon="-8.202472943812609">
        <ele>88.2</ele>
      </trkpt>
      <trkpt lat="38.227991284802556" lon="-8.20194186642766">
        <ele>90.1</ele>
      </trkpt>
      <trkpt lat="38.22786974720657" lon="-8.20178939960897">
        <ele>90.6</ele>
      </trkpt>
      <trkpt lat="38.22747345082462" lon="-8.201298136264086">
        <ele>92.1</ele>
      </trkpt>
      <trkpt lat="38.22727547027171" lon="-8.201048523187637">
        <ele>93.4</ele>
      </trkpt>
      <trkpt lat="38.22710523381829" lon="-8.200809890404344">
        <ele>93.6</ele>
      </trkpt>
      <trkpt lat="38.22681723162532" lon="-8.200446115806699">
        <ele>94.4</ele>
      </trkpt>
      <trkpt lat="38.22666535153985" lon="-8.200264563784003">
        <ele>94.2</ele>
      </trkpt>
      <trkpt lat="38.22642940096557" lon="-8.199946973472834">
        <ele>92.9</ele>
      </trkpt>
      <trkpt lat="38.22616159915924" lon="-8.199610691517591">
        <ele>92.6</ele>
      </trkpt>
      <trkpt lat="38.22602229192853" lon="-8.199443807825446">
        <ele>93.2</ele>
      </trkpt>
      <trkpt lat="38.225898910313845" lon="-8.199281617999077">
        <ele>93.3</ele>
      </trkpt>
      <trkpt lat="38.22577033191919" lon="-8.199143987149">
        <ele>93.6</ele>
      </trkpt>
      <trkpt lat="38.22540110908449" lon="-8.198688430711627">
        <ele>92.6</ele>
      </trkpt>
      <trkpt lat="38.22504471056163" lon="-8.198217786848545">
        <ele>93.3</ele>
      </trkpt>
      <trkpt lat="38.2248979434371" lon="-8.198041431605816">
        <ele>93</ele>
      </trkpt>
      <trkpt lat="38.22479040361941" lon="-8.197913272306323">
        <ele>93</ele>
      </trkpt>
      <trkpt lat="38.224361753091216" lon="-8.19738194346428">
        <ele>92.6</ele>
      </trkpt>
      <trkpt lat="38.22391382418573" lon="-8.19686260074377">
        <ele>91.8</ele>
      </trkpt>
      <trkpt lat="38.223481737077236" lon="-8.196345940232277">
        <ele>90.3</ele>
      </trkpt>
      <trkpt lat="38.22305836714804" lon="-8.19586523808539">
        <ele>91.2</ele>
      </trkpt>
      <trkpt lat="38.2226409483701" lon="-8.195385877043009">
        <ele>93</ele>
      </trkpt>
      <trkpt lat="38.22223107330501" lon="-8.19490903057158">
        <ele>92.7</ele>
      </trkpt>
      <trkpt lat="38.22182706557214" lon="-8.19441550411284">
        <ele>93.5</ele>
      </trkpt>
      <trkpt lat="38.22153118439019" lon="-8.194088861346245">
        <ele>94.6</ele>
      </trkpt>
      <trkpt lat="38.221072191372514" lon="-8.193590641021729">
        <ele>94.4</ele>
      </trkpt>
      <trkpt lat="38.220628034323454" lon="-8.193111112341285">
        <ele>97.4</ele>
      </trkpt>
      <trkpt lat="38.22046425193548" lon="-8.192911706864834">
        <ele>96.9</ele>
      </trkpt>
      <trkpt lat="38.22006451897323" lon="-8.192439554259181">
        <ele>97.4</ele>
      </trkpt>
      <trkpt lat="38.219846840947866" lon="-8.192214081063867">
        <ele>98.7</ele>
      </trkpt>
      <trkpt lat="38.21938977576792" lon="-8.191714016720653">
        <ele>101.4</ele>
      </trkpt>
      <trkpt lat="38.21915064007044" lon="-8.191426014527678">
        <ele>100.7</ele>
      </trkpt>
      <trkpt lat="38.218669183552265" lon="-8.191014965996146">
        <ele>99.2</ele>
      </trkpt>
      <trkpt lat="38.21854739449918" lon="-8.190924944356084">
        <ele>99.2</ele>
      </trkpt>
      <trkpt lat="38.218358382582664" lon="-8.190768035128713">
        <ele>99.7</ele>
      </trkpt>
      <trkpt lat="38.21811790578067" lon="-8.190618334338069">
        <ele>99.2</ele>
      </trkpt>
      <trkpt lat="38.21792914532125" lon="-8.190508531406522">
        <ele>98.3</ele>
      </trkpt>
      <trkpt lat="38.21743603795767" lon="-8.190162274986506">
        <ele>97.2</ele>
      </trkpt>
      <trkpt lat="38.21714895777404" lon="-8.189936131238937">
        <ele>98.1</ele>
      </trkpt>
      <trkpt lat="38.2168628834188" lon="-8.189737061038613">
        <ele>98</ele>
      </trkpt>
      <trkpt lat="38.21636508218944" lon="-8.189306566491723">
        <ele>95.5</ele>
      </trkpt>
      <trkpt lat="38.21628059260547" lon="-8.189237415790558">
        <ele>95.1</ele>
      </trkpt>
      <trkpt lat="38.21573426015675" lon="-8.188836593180895">
        <ele>95.8</ele>
      </trkpt>
      <trkpt lat="38.21558288298547" lon="-8.188733328133821">
        <ele>95.8</ele>
      </trkpt>
      <trkpt lat="38.215064546093345" lon="-8.188351700082421">
        <ele>93.3</ele>
      </trkpt>
      <trkpt lat="38.21454897522926" lon="-8.187957582995296">
        <ele>91.9</ele>
      </trkpt>
      <trkpt lat="38.21395251899958" lon="-8.187477048486471">
        <ele>89.6</ele>
      </trkpt>
      <trkpt lat="38.21343032643199" lon="-8.187073795124888">
        <ele>90.4</ele>
      </trkpt>
      <trkpt lat="38.213029420003295" lon="-8.186772465705872">
        <ele>92.7</ele>
      </trkpt>
      <trkpt lat="38.21276446804404" lon="-8.18657347932458">
        <ele>93.8</ele>
      </trkpt>
      <trkpt lat="38.21227856911719" lon="-8.186245830729604">
        <ele>94.3</ele>
      </trkpt>
      <trkpt lat="38.21183491498232" lon="-8.18592756986618">
        <ele>90.9</ele>
      </trkpt>
      <trkpt lat="38.21134968660772" lon="-8.185538733378053">
        <ele>87.3</ele>
      </trkpt>
      <trkpt lat="38.21082757785916" lon="-8.185125421732664">
        <ele>85.6</ele>
      </trkpt>
      <trkpt lat="38.21029867976904" lon="-8.18469618447125">
        <ele>84.9</ele>
      </trkpt>
      <trkpt lat="38.2098223362118" lon="-8.184360656887293">
        <ele>82.6</ele>
      </trkpt>
      <trkpt lat="38.209287486970425" lon="-8.183998977765441">
        <ele>82.3</ele>
      </trkpt>
      <trkpt lat="38.208778873085976" lon="-8.183668311685324">
        <ele>84.2</ele>
      </trkpt>
      <trkpt lat="38.208372350782156" lon="-8.183340495452285">
        <ele>85.2</ele>
      </trkpt>
      <trkpt lat="38.20790790952742" lon="-8.182959705591202">
        <ele>87</ele>
      </trkpt>
      <trkpt lat="38.2076829392463" lon="-8.18278276361525">
        <ele>87.9</ele>
      </trkpt>
      <trkpt lat="38.207202069461346" lon="-8.182423431426287">
        <ele>87.8</ele>
      </trkpt>
      <trkpt lat="38.20669228211045" lon="-8.18203853443265">
        <ele>87.5</ele>
      </trkpt>
      <trkpt lat="38.20647552609444" lon="-8.18187634460628">
        <ele>87.4</ele>
      </trkpt>
      <trkpt lat="38.206191044300795" lon="-8.181658582761884">
        <ele>87.9</ele>
      </trkpt>
      <trkpt lat="38.20570522919297" lon="-8.181306542828679">
        <ele>91</ele>
      </trkpt>
      <trkpt lat="38.205559216439724" lon="-8.181191710755229">
        <ele>91.8</ele>
      </trkpt>
      <trkpt lat="38.205126877874136" lon="-8.180841514840722">
        <ele>93.1</ele>
      </trkpt>
      <trkpt lat="38.205033084377646" lon="-8.180758953094482">
        <ele>93.6</ele>
      </trkpt>
      <trkpt lat="38.20458079688251" lon="-8.180394675582647">
        <ele>94.4</ele>
      </trkpt>
      <trkpt lat="38.20435750298202" lon="-8.180166184902191">
        <ele>93.7</ele>
      </trkpt>
      <trkpt lat="38.204223895445466" lon="-8.18001170642674">
        <ele>93.1</ele>
      </trkpt>
      <trkpt lat="38.20409154519439" lon="-8.179845241829753">
        <ele>92.5</ele>
      </trkpt>
      <trkpt lat="38.20393203757703" lon="-8.179621109738946">
        <ele>91.9</ele>
      </trkpt>
      <trkpt lat="38.20351470261812" lon="-8.179065808653831">
        <ele>90.3</ele>
      </trkpt>
      <trkpt lat="38.203134750947356" lon="-8.178581669926643">
        <ele>88.6</ele>
      </trkpt>
      <trkpt lat="38.20273979566991" lon="-8.178086467087269">
        <ele>89.5</ele>
      </trkpt>
      <trkpt lat="38.202371411025524" lon="-8.177551114931703">
        <ele>87</ele>
      </trkpt>
      <trkpt lat="38.20195038802922" lon="-8.176990868523717">
        <ele>87.4</ele>
      </trkpt>
      <trkpt lat="38.20155803114176" lon="-8.176489295437932">
        <ele>86.4</ele>
      </trkpt>
      <trkpt lat="38.20110423490405" lon="-8.17596391774714">
        <ele>84.6</ele>
      </trkpt>
      <trkpt lat="38.20066208951175" lon="-8.175500901415944">
        <ele>81.6</ele>
      </trkpt>
      <trkpt lat="38.200192200019956" lon="-8.175025144591928">
        <ele>79.6</ele>
      </trkpt>
      <trkpt lat="38.199954153969884" lon="-8.174776621162891">
        <ele>78</ele>
      </trkpt>
      <trkpt lat="38.1994697637856" lon="-8.174294913187623">
        <ele>76.3</ele>
      </trkpt>
      <trkpt lat="38.199140606448054" lon="-8.173956535756588">
        <ele>73.2</ele>
      </trkpt>
      <trkpt lat="38.19872511550784" lon="-8.173510618507862">
        <ele>69.6</ele>
      </trkpt>
      <trkpt lat="38.19864146411419" lon="-8.173425123095512">
        <ele>69</ele>
      </trkpt>
      <trkpt lat="38.19817149080336" lon="-8.172957245260477">
        <ele>68.7</ele>
      </trkpt>
      <trkpt lat="38.19795733317733" lon="-8.17273604683578">
        <ele>68.8</ele>
      </trkpt>
      <trkpt lat="38.1976514775306" lon="-8.172411751002073">
        <ele>70.7</ele>
      </trkpt>
      <trkpt lat="38.19739339873195" lon="-8.172133304178715">
        <ele>73.6</ele>
      </trkpt>
      <trkpt lat="38.19724855944514" lon="-8.171980250626802">
        <ele>74.3</ele>
      </trkpt>
      <trkpt lat="38.19710053503513" lon="-8.171828370541334">
        <ele>74.8</ele>
      </trkpt>
      <trkpt lat="38.19700079038739" lon="-8.171724937856197">
        <ele>75</ele>
      </trkpt>
      <trkpt lat="38.19684882648289" lon="-8.171564843505621">
        <ele>75.4</ele>
      </trkpt>
      <trkpt lat="38.196566021069884" lon="-8.171218670904636">
        <ele>75.7</ele>
      </trkpt>
      <trkpt lat="38.196299728006124" lon="-8.170825894922018">
        <ele>75.2</ele>
      </trkpt>
      <trkpt lat="38.19596386514604" lon="-8.170318957418203">
        <ele>72.5</ele>
      </trkpt>
      <trkpt lat="38.19571106694639" lon="-8.169928947463632">
        <ele>69.6</ele>
      </trkpt>
      <trkpt lat="38.195518953725696" lon="-8.169591994956136">
        <ele>67</ele>
      </trkpt>
      <trkpt lat="38.195433458313346" lon="-8.169408179819584">
        <ele>65.8</ele>
      </trkpt>
      <trkpt lat="38.19535776972771" lon="-8.16920517012477">
        <ele>64</ele>
      </trkpt>
      <trkpt lat="38.195325918495655" lon="-8.169097965583205">
        <ele>62.9</ele>
      </trkpt>
      <trkpt lat="38.19527990184724" lon="-8.16887735389173">
        <ele>60.9</ele>
      </trkpt>
      <trkpt lat="38.19523623213172" lon="-8.168526906520128">
        <ele>59</ele>
      </trkpt>
      <trkpt lat="38.19520706310868" lon="-8.168287435546517">
        <ele>59.5</ele>
      </trkpt>
      <trkpt lat="38.195161717012525" lon="-8.167928103357553">
        <ele>61.1</ele>
      </trkpt>
      <trkpt lat="38.195132464170456" lon="-8.167696008458734">
        <ele>61.1</ele>
      </trkpt>
      <trkpt lat="38.19505493156612" lon="-8.16703568212688">
        <ele>61.6</ele>
      </trkpt>
      <trkpt lat="38.19498661905527" lon="-8.16644542850554">
        <ele>63.8</ele>
      </trkpt>
      <trkpt lat="38.19496490992606" lon="-8.166260858997703">
        <ele>64.3</ele>
      </trkpt>
      <trkpt lat="38.19494169205427" lon="-8.166073439642787">
        <ele>64.8</ele>
      </trkpt>
      <trkpt lat="38.19491998292506" lon="-8.165889037773013">
        <ele>65.1</ele>
      </trkpt>
      <trkpt lat="38.19488452747464" lon="-8.165624756366014">
        <ele>65.2</ele>
      </trkpt>
      <trkpt lat="38.19485158659518" lon="-8.16533767618239">
        <ele>65.3</ele>
      </trkpt>
      <trkpt lat="38.19480515085161" lon="-8.164953952655196">
        <ele>65.4</ele>
      </trkpt>
      <trkpt lat="38.19474941119552" lon="-8.16446989774704">
        <ele>65.2</ele>
      </trkpt>
      <trkpt lat="38.1947245169431" lon="-8.164275772869587">
        <ele>64.9</ele>
      </trkpt>
      <trkpt lat="38.194633489474654" lon="-8.163502626121044">
        <ele>64.5</ele>
      </trkpt>
      <trkpt lat="38.19460675120354" lon="-8.163300789892673">
        <ele>64</ele>
      </trkpt>
      <trkpt lat="38.19451421499252" lon="-8.162512723356485">
        <ele>60.7</ele>
      </trkpt>
      <trkpt lat="38.19446803070605" lon="-8.162156157195568">
        <ele>60.9</ele>
      </trkpt>
      <trkpt lat="38.19438513368368" lon="-8.161441683769226">
        <ele>63.1</ele>
      </trkpt>
      <trkpt lat="38.194314390420914" lon="-8.160750763490796">
        <ele>63.3</ele>
      </trkpt>
      <trkpt lat="38.1942546274513" lon="-8.16041523590684">
        <ele>63</ele>
      </trkpt>
      <trkpt lat="38.19410568103194" lon="-8.160108542069793">
        <ele>62.2</ele>
      </trkpt>
      <trkpt lat="38.193870233371854" lon="-8.159895306453109">
        <ele>60.3</ele>
      </trkpt>
      <trkpt lat="38.193318620324135" lon="-8.159622140228748">
        <ele>57.6</ele>
      </trkpt>
      <trkpt lat="38.19295383989811" lon="-8.159426506608725">
        <ele>59.7</ele>
      </trkpt>
      <trkpt lat="38.19244774058461" lon="-8.15914043225348">
        <ele>66.1</ele>
      </trkpt>
      <trkpt lat="38.1922117061913" lon="-8.159015290439129">
        <ele>66.9</ele>
      </trkpt>
      <trkpt lat="38.191897720098495" lon="-8.1588751450181">
        <ele>68.1</ele>
      </trkpt>
      <trkpt lat="38.19147099740803" lon="-8.158628633245826">
        <ele>70.4</ele>
      </trkpt>
      <trkpt lat="38.19108392111957" lon="-8.158412044867873">
        <ele>72.5</ele>
      </trkpt>
      <trkpt lat="38.19092500023544" lon="-8.158327974379063">
        <ele>73</ele>
      </trkpt>
      <trkpt lat="38.19042602553964" lon="-8.158053886145353">
        <ele>74.1</ele>
      </trkpt>
      <trkpt lat="38.19028512574732" lon="-8.157972833141685">
        <ele>74.5</ele>
      </trkpt>
      <trkpt lat="38.1900998018682" lon="-8.157869819551706">
        <ele>75</ele>
      </trkpt>
      <trkpt lat="38.189905509352684" lon="-8.15777812153101">
        <ele>75.2</ele>
      </trkpt>
      <trkpt lat="38.18902197293937" lon="-8.157274788245559">
        <ele>75.3</ele>
      </trkpt>
      <trkpt lat="38.18874763324857" lon="-8.157123746350408">
        <ele>74.6</ele>
      </trkpt>
      <trkpt lat="38.18846834823489" lon="-8.15697186626494">
        <ele>74.1</ele>
      </trkpt>
      <trkpt lat="38.188197780400515" lon="-8.15683264285326">
        <ele>75</ele>
      </trkpt>
      <trkpt lat="38.18785169161856" lon="-8.156644301488996">
        <ele>78.4</ele>
      </trkpt>
      <trkpt lat="38.187366211786866" lon="-8.156379517167807">
        <ele>81</ele>
      </trkpt>
      <trkpt lat="38.18686589598656" lon="-8.156107608228922">
        <ele>79</ele>
      </trkpt>
      <trkpt lat="38.18671904504299" lon="-8.156027561053634">
        <ele>78.6</ele>
      </trkpt>
      <trkpt lat="38.18620598874986" lon="-8.15574693493545">
        <ele>77.4</ele>
      </trkpt>
      <trkpt lat="38.18598780781031" lon="-8.155630007386208">
        <ele>77.1</ele>
      </trkpt>
      <trkpt lat="38.18563132546842" lon="-8.155426997691393">
        <ele>76.9</ele>
      </trkpt>
      <trkpt lat="38.18540945649147" lon="-8.155316105112433">
        <ele>76.7</ele>
      </trkpt>
      <trkpt lat="38.185112150385976" lon="-8.155146790668368">
        <ele>76.4</ele>
      </trkpt>
      <trkpt lat="38.1849623657763" lon="-8.155063726007938">
        <ele>75.9</ele>
      </trkpt>
      <trkpt lat="38.184813084080815" lon="-8.154981415718794">
        <ele>75.5</ele>
      </trkpt>
      <trkpt lat="38.184663550928235" lon="-8.1548981834203">
        <ele>75.5</ele>
      </trkpt>
      <trkpt lat="38.18451569415629" lon="-8.15481754951179">
        <ele>75.7</ele>
      </trkpt>
      <trkpt lat="38.18436775356531" lon="-8.154737167060375">
        <ele>75.5</ele>
      </trkpt>
      <trkpt lat="38.184146136045456" lon="-8.15461521036923">
        <ele>75.1</ele>
      </trkpt>
      <trkpt lat="38.18378143943846" lon="-8.154418654739857">
        <ele>75</ele>
      </trkpt>
      <trkpt lat="38.183275340124965" lon="-8.154142303392291">
        <ele>75</ele>
      </trkpt>
      <trkpt lat="38.18299303762615" lon="-8.153988746926188">
        <ele>75.6</ele>
      </trkpt>
      <trkpt lat="38.18284819833934" lon="-8.15391305834055">
        <ele>75.8</ele>
      </trkpt>
      <trkpt lat="38.182700173929334" lon="-8.153849607333541">
        <ele>75.9</ele>
      </trkpt>
      <trkpt lat="38.18248207680881" lon="-8.153744665905833">
        <ele>75.6</ele>
      </trkpt>
      <trkpt lat="38.18191914819181" lon="-8.153452388942242">
        <ele>76.6</ele>
      </trkpt>
      <trkpt lat="38.18170155398548" lon="-8.153336551040411">
        <ele>77.1</ele>
      </trkpt>
      <trkpt lat="38.18115689791739" lon="-8.153043603524566">
        <ele>78</ele>
      </trkpt>
      <trkpt lat="38.18062003701925" lon="-8.152746045961976">
        <ele>77.5</ele>
      </trkpt>
      <trkpt lat="38.18027679808438" lon="-8.152540605515242">
        <ele>76.4</ele>
      </trkpt>
      <trkpt lat="38.1797712855041" lon="-8.152287974953651">
        <ele>76</ele>
      </trkpt>
      <trkpt lat="38.1792535353452" lon="-8.152004331350327">
        <ele>76.2</ele>
      </trkpt>
      <trkpt lat="38.17893426865339" lon="-8.151828730478883">
        <ele>75.2</ele>
      </trkpt>
      <trkpt lat="38.178632939234376" lon="-8.151666792109609">
        <ele>74.1</ele>
      </trkpt>
      <trkpt lat="38.178411573171616" lon="-8.15155204385519">
        <ele>73</ele>
      </trkpt>
      <trkpt lat="38.17825114354491" lon="-8.151468727737665">
        <ele>72.1</ele>
      </trkpt>
      <trkpt lat="38.1781448610127" lon="-8.15140837803483">
        <ele>71.6</ele>
      </trkpt>
      <trkpt lat="38.17793204449117" lon="-8.151296228170395">
        <ele>71.8</ele>
      </trkpt>
      <trkpt lat="38.177826683968306" lon="-8.151237722486258">
        <ele>72.4</ele>
      </trkpt>
      <trkpt lat="38.177334666252136" lon="-8.15097151324153">
        <ele>73.9</ele>
      </trkpt>
      <trkpt lat="38.17686419002712" lon="-8.150700107216835">
        <ele>73.1</ele>
      </trkpt>
      <trkpt lat="38.17670946009457" lon="-8.150627855211496">
        <ele>72.4</ele>
      </trkpt>
      <trkpt lat="38.176479041576385" lon="-8.150497432798147">
        <ele>72.1</ele>
      </trkpt>
      <trkpt lat="38.17608014680445" lon="-8.15027916803956">
        <ele>71.8</ele>
      </trkpt>
      <trkpt lat="38.175757862627506" lon="-8.150092335417867">
        <ele>70.8</ele>
      </trkpt>
      <trkpt lat="38.175636157393456" lon="-8.150024274364114">
        <ele>70.7</ele>
      </trkpt>
      <trkpt lat="38.175102481618524" lon="-8.149751024320722">
        <ele>71.3</ele>
      </trkpt>
      <trkpt lat="38.17479461431503" lon="-8.14957651309669">
        <ele>70.8</ele>
      </trkpt>
      <trkpt lat="38.17451264709234" lon="-8.149422872811556">
        <ele>69</ele>
      </trkpt>
      <trkpt lat="38.17418768070638" lon="-8.149301251396537">
        <ele>66.3</ele>
      </trkpt>
      <trkpt lat="38.17391283810139" lon="-8.149310052394867">
        <ele>65.1</ele>
      </trkpt>
      <trkpt lat="38.17337547428906" lon="-8.149505602195859">
        <ele>63</ele>
      </trkpt>
      <trkpt lat="38.17291975021362" lon="-8.1496864836663">
        <ele>60.8</ele>
      </trkpt>
      <trkpt lat="38.172336872667074" lon="-8.14987407065928">
        <ele>58.2</ele>
      </trkpt>
      <trkpt lat="38.17179867066443" lon="-8.149808272719383">
        <ele>53.7</ele>
      </trkpt>
      <trkpt lat="38.17119508981705" lon="-8.149690758436918">
        <ele>50.1</ele>
      </trkpt>
      <trkpt lat="38.170783" lon="-8.149635">
        <ele>54</ele>
      </trkpt>
      <trkpt lat="38.170759" lon="-8.149632">
        <ele>54.3</ele>
      </trkpt>
      <trkpt lat="38.170615" lon="-8.149632">
        <ele>55.8</ele>
      </trkpt>
      <trkpt lat="38.170601" lon="-8.149693">
        <ele>55.8</ele>
      </trkpt>
      <trkpt lat="38.170573" lon="-8.149747">
        <ele>56</ele>
      </trkpt>
      <trkpt lat="38.170535" lon="-8.149788">
        <ele>56.3</ele>
      </trkpt>
      <trkpt lat="38.170488" lon="-8.149813">
        <ele>56.5</ele>
      </trkpt>
      <trkpt lat="38.170458" lon="-8.149817">
        <ele>57</ele>
      </trkpt>
      <trkpt lat="38.170438" lon="-8.149819">
        <ele>57</ele>
      </trkpt>
      <trkpt lat="38.170389" lon="-8.149807">
        <ele>57.5</ele>
      </trkpt>
      <trkpt lat="38.170338" lon="-8.149771">
        <ele>58.3</ele>
      </trkpt>
      <trkpt lat="38.1703" lon="-8.149715">
        <ele>59</ele>
      </trkpt>
      <trkpt lat="38.170279" lon="-8.149646">
        <ele>59.8</ele>
      </trkpt>
      <trkpt lat="38.170278" lon="-8.149625">
        <ele>60</ele>
      </trkpt>
      <trkpt lat="38.170332" lon="-8.149443">
        <ele>60</ele>
      </trkpt>
      <trkpt lat="38.17038" lon="-8.149403">
        <ele>59.8</ele>
      </trkpt>
      <trkpt lat="38.170437" lon="-8.149386">
        <ele>59</ele>
      </trkpt>
      <trkpt lat="38.170494" lon="-8.149395">
        <ele>58.3</ele>
      </trkpt>
      <trkpt lat="38.170501" lon="-8.149364">
        <ele>57</ele>
      </trkpt>
      <trkpt lat="38.170634" lon="-8.148769">
        <ele>57</ele>
      </trkpt>
      <trkpt lat="38.17065" lon="-8.14866">
        <ele>56.5</ele>
      </trkpt>
      <trkpt lat="38.170664766803384" lon="-8.148325849324465">
        <ele>54</ele>
      </trkpt>
      <trkpt lat="38.170681865885854" lon="-8.147601736709476">
        <ele>55.4</ele>
      </trkpt>
      <trkpt lat="38.17066309042275" lon="-8.147260760888457">
        <ele>56.7</ele>
      </trkpt>
      <trkpt lat="38.170577427372336" lon="-8.146505383774638">
        <ele>57.5</ele>
      </trkpt>
      <trkpt lat="38.170514395460486" lon="-8.14630857668817">
        <ele>58</ele>
      </trkpt>
      <trkpt lat="38.170277774333954" lon="-8.145840363577008">
        <ele>57.9</ele>
      </trkpt>
      <trkpt lat="38.17002464085817" lon="-8.145364942029119">
        <ele>57.4</ele>
      </trkpt>
      <trkpt lat="38.16981668584049" lon="-8.14498532563448">
        <ele>58.1</ele>
      </trkpt>
      <trkpt lat="38.16951694898307" lon="-8.144517447799444">
        <ele>58.4</ele>
      </trkpt>
      <trkpt lat="38.16944167949259" lon="-8.144438154995441">
        <ele>58.7</ele>
      </trkpt>
      <trkpt lat="38.16918636672199" lon="-8.144285352900624">
        <ele>59.1</ele>
      </trkpt>
      <trkpt lat="38.16909894347191" lon="-8.14424210228026">
        <ele>59.4</ele>
      </trkpt>
      <trkpt lat="38.168827537447214" lon="-8.144120397046208">
        <ele>60.9</ele>
      </trkpt>
      <trkpt lat="38.16825262270868" lon="-8.14387514255941">
        <ele>60.5</ele>
      </trkpt>
      <trkpt lat="38.1677021831274" lon="-8.143651094287634">
        <ele>62.4</ele>
      </trkpt>
      <trkpt lat="38.16741527058184" lon="-8.143528550863266">
        <ele>62.5</ele>
      </trkpt>
      <trkpt lat="38.16686734557152" lon="-8.143299389630556">
        <ele>63.6</ele>
      </trkpt>
      <trkpt lat="38.16659384407103" lon="-8.143190257251263">
        <ele>65.8</ele>
      </trkpt>
      <trkpt lat="38.16598397679627" lon="-8.143006274476647">
        <ele>68.5</ele>
      </trkpt>
      <trkpt lat="38.165454575791955" lon="-8.14291256479919">
        <ele>69.4</ele>
      </trkpt>
      <trkpt lat="38.16489499993622" lon="-8.142783734947443">
        <ele>68.8</ele>
      </trkpt>
      <trkpt lat="38.16480045206845" lon="-8.142760265618563">
        <ele>68.8</ele>
      </trkpt>
      <trkpt lat="38.164547737687826" lon="-8.142708046361804">
        <ele>69.1</ele>
      </trkpt>
      <trkpt lat="38.1643158942461" lon="-8.142652809619904">
        <ele>69.2</ele>
      </trkpt>
      <trkpt lat="38.16416518762708" lon="-8.142620036378503">
        <ele>69.2</ele>
      </trkpt>
      <trkpt lat="38.1638549733907" lon="-8.142549125477672">
        <ele>70.5</ele>
      </trkpt>
      <trkpt lat="38.1637444999069" lon="-8.142523393034935">
        <ele>71.1</ele>
      </trkpt>
      <trkpt lat="38.16357987932861" lon="-8.142488859593868">
        <ele>71.9</ele>
      </trkpt>
      <trkpt lat="38.163228845223784" lon="-8.142406968399882">
        <ele>72.4</ele>
      </trkpt>
      <trkpt lat="38.16308434121311" lon="-8.14237310551107">
        <ele>72.5</ele>
      </trkpt>
      <trkpt lat="38.16298929043114" lon="-8.14234678633511">
        <ele>72.6</ele>
      </trkpt>
      <trkpt lat="38.16275216639042" lon="-8.142300685867667">
        <ele>73.3</ele>
      </trkpt>
      <trkpt lat="38.16243281587958" lon="-8.14222457818687">
        <ele>74.7</ele>
      </trkpt>
      <trkpt lat="38.162250677123666" lon="-8.142184177413583">
        <ele>75.3</ele>
      </trkpt>
      <trkpt lat="38.16171490587294" lon="-8.14206037670374">
        <ele>76.2</ele>
      </trkpt>
      <trkpt lat="38.16140167415142" lon="-8.141976138576865">
        <ele>76.4</ele>
      </trkpt>
      <trkpt lat="38.16100738942623" lon="-8.141875304281712">
        <ele>76.6</ele>
      </trkpt>
      <trkpt lat="38.160751070827246" lon="-8.141831299290061">
        <ele>76.5</ele>
      </trkpt>
      <trkpt lat="38.16030574031174" lon="-8.141727866604924">
        <ele>77.2</ele>
      </trkpt>
      <trkpt lat="38.15988656133413" lon="-8.141646143049002">
        <ele>79.4</ele>
      </trkpt>
      <trkpt lat="38.15934173762798" lon="-8.141519324854016">
        <ele>81.5</ele>
      </trkpt>
      <trkpt lat="38.159051556140184" lon="-8.141438104212284">
        <ele>81.7</ele>
      </trkpt>
      <trkpt lat="38.15848317928612" lon="-8.1413181591779">
        <ele>80.7</ele>
      </trkpt>
      <trkpt lat="38.15822669304907" lon="-8.141259737312794">
        <ele>81.8</ele>
      </trkpt>
      <trkpt lat="38.15769142471254" lon="-8.141132164746523">
        <ele>83.9</ele>
      </trkpt>
      <trkpt lat="38.15724718384445" lon="-8.141030659899116">
        <ele>83.4</ele>
      </trkpt>
      <trkpt lat="38.15703570842743" lon="-8.14097860828042">
        <ele>83.4</ele>
      </trkpt>
      <trkpt lat="38.15666103735566" lon="-8.14090434461832">
        <ele>85.1</ele>
      </trkpt>
      <trkpt lat="38.15644889138639" lon="-8.140846928581595">
        <ele>85.7</ele>
      </trkpt>
      <trkpt lat="38.15589183010161" lon="-8.140726396813989">
        <ele>84.8</ele>
      </trkpt>
      <trkpt lat="38.1555019877851" lon="-8.140634866431355">
        <ele>85.8</ele>
      </trkpt>
      <trkpt lat="38.155324375256896" lon="-8.140587089583278">
        <ele>86.5</ele>
      </trkpt>
      <trkpt lat="38.15490192733705" lon="-8.14049388282001">
        <ele>87.6</ele>
      </trkpt>
      <trkpt lat="38.15444930456579" lon="-8.140382906422019">
        <ele>89.8</ele>
      </trkpt>
      <trkpt lat="38.15415417775512" lon="-8.14030579291284">
        <ele>91.2</ele>
      </trkpt>
      <trkpt lat="38.153974302113056" lon="-8.14027444459498">
        <ele>91.8</ele>
      </trkpt>
      <trkpt lat="38.153630224987864" lon="-8.14019976183772">
        <ele>93.2</ele>
      </trkpt>
      <trkpt lat="38.15335596911609" lon="-8.140135975554585">
        <ele>94.3</ele>
      </trkpt>
      <trkpt lat="38.15280041657388" lon="-8.140013180673122">
        <ele>95.3</ele>
      </trkpt>
      <trkpt lat="38.15227009356022" lon="-8.139860462397337">
        <ele>96.5</ele>
      </trkpt>
      <trkpt lat="38.152075381949544" lon="-8.139834394678473">
        <ele>97</ele>
      </trkpt>
      <trkpt lat="38.1519447080791" lon="-8.139798771589994">
        <ele>97.4</ele>
      </trkpt>
      <trkpt lat="38.15138907171786" lon="-8.139666002243757">
        <ele>98.8</ele>
      </trkpt>
      <trkpt lat="38.151138788089156" lon="-8.139607580378652">
        <ele>100.8</ele>
      </trkpt>
      <trkpt lat="38.15094005316496" lon="-8.139561731368303">
        <ele>102.3</ele>
      </trkpt>
      <trkpt lat="38.15073327161372" lon="-8.139516552910209">
        <ele>103.3</ele>
      </trkpt>
      <trkpt lat="38.150455160066485" lon="-8.139452515169978">
        <ele>104.2</ele>
      </trkpt>
      <trkpt lat="38.15018811263144" lon="-8.139390153810382">
        <ele>104.6</ele>
      </trkpt>
      <trkpt lat="38.14962895587087" lon="-8.13925914466381">
        <ele>104.3</ele>
      </trkpt>
      <trkpt lat="38.14947414211929" lon="-8.139219582080841">
        <ele>104.2</ele>
      </trkpt>
      <trkpt lat="38.148981872946024" lon="-8.139101229608059">
        <ele>105.7</ele>
      </trkpt>
      <trkpt lat="38.148449873551726" lon="-8.138973992317915">
        <ele>103.9</ele>
      </trkpt>
      <trkpt lat="38.147824332118034" lon="-8.138832254335284">
        <ele>103.3</ele>
      </trkpt>
      <trkpt lat="38.14771955832839" lon="-8.138807024806738">
        <ele>103.6</ele>
      </trkpt>
      <trkpt lat="38.14715822227299" lon="-8.138680709525943">
        <ele>105.9</ele>
      </trkpt>
      <trkpt lat="38.1467657815665" lon="-8.138585658743978">
        <ele>106.1</ele>
      </trkpt>
      <trkpt lat="38.14643218182027" lon="-8.138507036492229">
        <ele>105.6</ele>
      </trkpt>
      <trkpt lat="38.14609891735017" lon="-8.138424223288894">
        <ele>104.2</ele>
      </trkpt>
      <trkpt lat="38.14555744640529" lon="-8.138302015140653">
        <ele>105.7</ele>
      </trkpt>
      <trkpt lat="38.1451406981796" lon="-8.138221800327301">
        <ele>105.8</ele>
      </trkpt>
      <trkpt lat="38.1445952039212" lon="-8.138078302145004">
        <ele>104.7</ele>
      </trkpt>
      <trkpt lat="38.14411642961204" lon="-8.137954417616129">
        <ele>103.2</ele>
      </trkpt>
      <trkpt lat="38.1435795687139" lon="-8.13782449811697">
        <ele>103.3</ele>
      </trkpt>
      <trkpt lat="38.14299501478672" lon="-8.137672953307629">
        <ele>104.3</ele>
      </trkpt>
      <trkpt lat="38.14257583580911" lon="-8.137573963031173">
        <ele>104.4</ele>
      </trkpt>
      <trkpt lat="38.142401576042175" lon="-8.137535490095615">
        <ele>104.4</ele>
      </trkpt>
      <trkpt lat="38.14210770651698" lon="-8.137463321909308">
        <ele>103.8</ele>
      </trkpt>
      <trkpt lat="38.14186521805823" lon="-8.137397859245539">
        <ele>102.8</ele>
      </trkpt>
      <trkpt lat="38.14160571433604" lon="-8.13734027557075">
        <ele>101.2</ele>
      </trkpt>
      <trkpt lat="38.141395999118686" lon="-8.137294929474592">
        <ele>99.9</ele>
      </trkpt>
      <trkpt lat="38.140839356929064" lon="-8.13721027225256">
        <ele>96.2</ele>
      </trkpt>
      <trkpt lat="38.14048605971038" lon="-8.137177499011159">
        <ele>94.2</ele>
      </trkpt>
      <trkpt lat="38.13991575501859" lon="-8.137129470705986">
        <ele>91.3</ele>
      </trkpt>
      <trkpt lat="38.13936154358089" lon="-8.137080268934369">
        <ele>89.2</ele>
      </trkpt>
      <trkpt lat="38.13893532380462" lon="-8.13703827559948">
        <ele>89.1</ele>
      </trkpt>
      <trkpt lat="38.138294611126184" lon="-8.136998964473605">
        <ele>88.8</ele>
      </trkpt>
      <trkpt lat="38.13791574910283" lon="-8.13696401193738">
        <ele>87.9</ele>
      </trkpt>
      <trkpt lat="38.13745382241905" lon="-8.136921264231205">
        <ele>87.1</ele>
      </trkpt>
      <trkpt lat="38.13707420602441" lon="-8.136886646971107">
        <ele>87.6</ele>
      </trkpt>
      <trkpt lat="38.136778408661485" lon="-8.136860998347402">
        <ele>87.1</ele>
      </trkpt>
      <trkpt lat="38.13641061075032" lon="-8.136815065518022">
        <ele>86.2</ele>
      </trkpt>
      <trkpt lat="38.135981457307935" lon="-8.13669336028397">
        <ele>86.8</ele>
      </trkpt>
      <trkpt lat="38.13549782149494" lon="-8.136431761085987">
        <ele>86.9</ele>
      </trkpt>
      <trkpt lat="38.135052071884274" lon="-8.136042756959796">
        <ele>85.3</ele>
      </trkpt>
      <trkpt lat="38.13458235003054" lon="-8.135543279349804">
        <ele>84.8</ele>
      </trkpt>
      <trkpt lat="38.13416895456612" lon="-8.13509895466268">
        <ele>83</ele>
      </trkpt>
      <trkpt lat="38.13371482305229" lon="-8.134611882269382">
        <ele>85.2</ele>
      </trkpt>
      <trkpt lat="38.13320126384497" lon="-8.134249532595277">
        <ele>89.3</ele>
      </trkpt>
      <trkpt lat="38.13271377235651" lon="-8.134140903130174">
        <ele>91.8</ele>
      </trkpt>
      <trkpt lat="38.13221831806004" lon="-8.134111650288105">
        <ele>91.5</ele>
      </trkpt>
      <trkpt lat="38.13194129616022" lon="-8.134097903966904">
        <ele>91.8</ele>
      </trkpt>
      <trkpt lat="38.13139538280666" lon="-8.134067729115486">
        <ele>92.3</ele>
      </trkpt>
      <trkpt lat="38.130946699529886" lon="-8.13404149375856">
        <ele>93.7</ele>
      </trkpt>
      <trkpt lat="38.130378825590014" lon="-8.134002853184938">
        <ele>94</ele>
      </trkpt>
      <trkpt lat="38.13025703653693" lon="-8.133997153490782">
        <ele>94.5</ele>
      </trkpt>
      <trkpt lat="38.12980064190924" lon="-8.133964464068413">
        <ele>97.3</ele>
      </trkpt>
      <trkpt lat="38.1292849034071" lon="-8.133921716362238">
        <ele>96.7</ele>
      </trkpt>
      <trkpt lat="38.12913713045418" lon="-8.133925572037697">
        <ele>97</ele>
      </trkpt>
      <trkpt lat="38.12871183268726" lon="-8.133900426328182">
        <ele>97.8</ele>
      </trkpt>
      <trkpt lat="38.12848485074937" lon="-8.133889697492123">
        <ele>97.8</ele>
      </trkpt>
      <trkpt lat="38.128214702010155" lon="-8.133872095495462">
        <ele>98.7</ele>
      </trkpt>
      <trkpt lat="38.12785101123154" lon="-8.13385533168912">
        <ele>101.2</ele>
      </trkpt>
      <trkpt lat="38.12729386612773" lon="-8.133819960057735">
        <ele>101.1</ele>
      </trkpt>
      <trkpt lat="38.1271056085825" lon="-8.133808141574264">
        <ele>101.9</ele>
      </trkpt>
      <trkpt lat="38.12653496861458" lon="-8.133771177381277">
        <ele>105</ele>
      </trkpt>
      <trkpt lat="38.125923089683056" lon="-8.133731950074434">
        <ele>105</ele>
      </trkpt>
      <trkpt lat="38.12535001896322" lon="-8.133701356127858">
        <ele>103.6</ele>
      </trkpt>
      <trkpt lat="38.12483025714755" lon="-8.13366481103003">
        <ele>103</ele>
      </trkpt>
      <trkpt lat="38.12424696050584" lon="-8.133611250668764">
        <ele>101.6</ele>
      </trkpt>
      <trkpt lat="38.12387354671955" lon="-8.133575040847063">
        <ele>100.2</ele>
      </trkpt>
      <trkpt lat="38.12355143018067" lon="-8.133548805490136">
        <ele>98.5</ele>
      </trkpt>
      <trkpt lat="38.123135352507234" lon="-8.13351720571518">
        <ele>96.6</ele>
      </trkpt>
      <trkpt lat="38.1225155107677" lon="-8.133471859619021">
        <ele>93.9</ele>
      </trkpt>
      <trkpt lat="38.12205953523517" lon="-8.133433721959591">
        <ele>93</ele>
      </trkpt>
      <trkpt lat="38.12137758359313" lon="-8.133370941504836">
        <ele>91.7</ele>
      </trkpt>
      <trkpt lat="38.12080434523523" lon="-8.133321404457092">
        <ele>91</ele>
      </trkpt>
      <trkpt lat="38.120478205382824" lon="-8.133285865187645">
        <ele>90</ele>
      </trkpt>
      <trkpt lat="38.11988862231374" lon="-8.133234651759267">
        <ele>86.2</ele>
      </trkpt>
      <trkpt lat="38.1192981172353" lon="-8.133189473301172">
        <ele>85.2</ele>
      </trkpt>
      <trkpt lat="38.11869847588241" lon="-8.133147731423378">
        <ele>83.9</ele>
      </trkpt>
      <trkpt lat="38.118109898641706" lon="-8.133105570450425">
        <ele>80.2</ele>
      </trkpt>
      <trkpt lat="38.11755342409015" lon="-8.133070450276136">
        <ele>80.5</ele>
      </trkpt>
      <trkpt lat="38.11697096563876" lon="-8.1330291274935">
        <ele>82.7</ele>
      </trkpt>
      <trkpt lat="38.116619009524584" lon="-8.13300758600235">
        <ele>84.5</ele>
      </trkpt>
      <trkpt lat="38.116215923801064" lon="-8.132976992055774">
        <ele>86.1</ele>
      </trkpt>
      <trkpt lat="38.11569808982313" lon="-8.132941704243422">
        <ele>84</ele>
      </trkpt>
      <trkpt lat="38.11538452282548" lon="-8.132923012599349">
        <ele>82.3</ele>
      </trkpt>
      <trkpt lat="38.11513046734035" lon="-8.13290448859334">
        <ele>82.3</ele>
      </trkpt>
      <trkpt lat="38.115005660802126" lon="-8.132895519956946">
        <ele>82.8</ele>
      </trkpt>
      <trkpt lat="38.114664014428854" lon="-8.13286635093391">
        <ele>82.7</ele>
      </trkpt>
      <trkpt lat="38.114103181287646" lon="-8.132831398397684">
        <ele>85.9</ele>
      </trkpt>
      <trkpt lat="38.113556345924735" lon="-8.132786974310875">
        <ele>90.6</ele>
      </trkpt>
      <trkpt lat="38.11308905482292" lon="-8.132757972925901">
        <ele>91.8</ele>
      </trkpt>
      <trkpt lat="38.11254724860191" lon="-8.13271053135395">
        <ele>93.4</ele>
      </trkpt>
      <trkpt lat="38.11196269467473" lon="-8.132671136409044">
        <ele>93.4</ele>
      </trkpt>
      <trkpt lat="38.111376548185945" lon="-8.13262210227549">
        <ele>94.5</ele>
      </trkpt>
      <trkpt lat="38.11108569614589" lon="-8.13260206952691">
        <ele>94.3</ele>
      </trkpt>
      <trkpt lat="38.110506338998675" lon="-8.132561249658465">
        <ele>98</ele>
      </trkpt>
      <trkpt lat="38.11010794714093" lon="-8.132533924654126">
        <ele>100</ele>
      </trkpt>
      <trkpt lat="38.109552981331944" lon="-8.132500480860472">
        <ele>100.4</ele>
      </trkpt>
      <trkpt lat="38.10897454619408" lon="-8.132459074258804">
        <ele>98.5</ele>
      </trkpt>
      <trkpt lat="38.10865226201713" lon="-8.132416158914566">
        <ele>98.4</ele>
      </trkpt>
      <trkpt lat="38.10806963592768" lon="-8.132382966578007">
        <ele>100.1</ele>
      </trkpt>
      <trkpt lat="38.10772279277444" lon="-8.132358323782682">
        <ele>101.6</ele>
      </trkpt>
      <trkpt lat="38.10713320970535" lon="-8.132311468943954">
        <ele>102.9</ele>
      </trkpt>
      <trkpt lat="38.10683649033308" lon="-8.132288921624422">
        <ele>102.2</ele>
      </trkpt>
      <trkpt lat="38.10624472796917" lon="-8.132247598841786">
        <ele>100.6</ele>
      </trkpt>
      <trkpt lat="38.10567107051611" lon="-8.132205689325929">
        <ele>99.1</ele>
      </trkpt>
      <trkpt lat="38.10508517548442" lon="-8.132160510867834">
        <ele>102.5</ele>
      </trkpt>
      <trkpt lat="38.10450556688011" lon="-8.132119523361325">
        <ele>102.6</ele>
      </trkpt>
      <trkpt lat="38.10397465713322" lon="-8.132084151729941">
        <ele>102</ele>
      </trkpt>
      <trkpt lat="38.1033955514431" lon="-8.132040314376354">
        <ele>103.8</ele>
      </trkpt>
      <trkpt lat="38.1032832339406" lon="-8.132031932473183">
        <ele>104.5</ele>
      </trkpt>
      <trkpt lat="38.102724412456155" lon="-8.13199169933796">
        <ele>105.9</ele>
      </trkpt>
      <trkpt lat="38.10261586681008" lon="-8.131983736529946">
        <ele>106.3</ele>
      </trkpt>
      <trkpt lat="38.10230162926018" lon="-8.131961608305573">
        <ele>107.3</ele>
      </trkpt>
      <trkpt lat="38.10186970978975" lon="-8.131932523101568">
        <ele>105.6</ele>
      </trkpt>
      <trkpt lat="38.10176024213433" lon="-8.131924644112587">
        <ele>105.1</ele>
      </trkpt>
      <trkpt lat="38.101217010989785" lon="-8.131873598322272">
        <ele>105.4</ele>
      </trkpt>
      <trkpt lat="38.1006583571434" lon="-8.13184417784214">
        <ele>106.4</ele>
      </trkpt>
      <trkpt lat="38.100081849843264" lon="-8.131799083203077">
        <ele>105.4</ele>
      </trkpt>
      <trkpt lat="38.09959318488836" lon="-8.131762957200408">
        <ele>105.1</ele>
      </trkpt>
      <trkpt lat="38.09897937811911" lon="-8.131720460951328">
        <ele>104.4</ele>
      </trkpt>
      <trkpt lat="38.098398093134165" lon="-8.131693806499243">
        <ele>104.2</ele>
      </trkpt>
      <trkpt lat="38.09779928997159" lon="-8.131691962480545">
        <ele>107.3</ele>
      </trkpt>
      <trkpt lat="38.097597202286124" lon="-8.131690202280879">
        <ele>108.3</ele>
      </trkpt>
      <trkpt lat="38.09699680656195" lon="-8.13168634660542">
        <ele>107.2</ele>
      </trkpt>
      <trkpt lat="38.09640923514962" lon="-8.131681149825454">
        <ele>105.9</ele>
      </trkpt>
      <trkpt lat="38.09601637534797" lon="-8.13167754560709">
        <ele>105.7</ele>
      </trkpt>
      <trkpt lat="38.0957973562181" lon="-8.131666649132967">
        <ele>106</ele>
      </trkpt>
      <trkpt lat="38.09558873064816" lon="-8.131673773750663">
        <ele>106.3</ele>
      </trkpt>
      <trkpt lat="38.09499009512365" lon="-8.131674192845821">
        <ele>103</ele>
      </trkpt>
      <trkpt lat="38.09442088007927" lon="-8.131663715466857">
        <ele>101.6</ele>
      </trkpt>
      <trkpt lat="38.094061464071274" lon="-8.131677461788058">
        <ele>103.4</ele>
      </trkpt>
      <trkpt lat="38.09393338859081" lon="-8.131678802892566">
        <ele>103.8</ele>
      </trkpt>
      <trkpt lat="38.0933519359678" lon="-8.131675533950329">
        <ele>102.7</ele>
      </trkpt>
      <trkpt lat="38.09296075254679" lon="-8.131673857569695">
        <ele>102.1</ele>
      </trkpt>
      <trkpt lat="38.09264861047268" lon="-8.131671091541648">
        <ele>101.4</ele>
      </trkpt>
      <trkpt lat="38.09240788221359" lon="-8.13166824169457">
        <ele>101.1</ele>
      </trkpt>
      <trkpt lat="38.0921433493495" lon="-8.131667235866189">
        <ele>101.8</ele>
      </trkpt>
      <trkpt lat="38.0915666744113" lon="-8.131667152047157">
        <ele>102.8</ele>
      </trkpt>
      <trkpt lat="38.09145192615688" lon="-8.131665643304586">
        <ele>102.9</ele>
      </trkpt>
      <trkpt lat="38.090854715555906" lon="-8.131663464009762">
        <ele>104.6</ele>
      </trkpt>
      <trkpt lat="38.09029656462371" lon="-8.131662542000413">
        <ele>104.1</ele>
      </trkpt>
      <trkpt lat="38.08972072787583" lon="-8.131667068228126">
        <ele>103.3</ele>
      </trkpt>
      <trkpt lat="38.089115554466844" lon="-8.131665894761682">
        <ele>103</ele>
      </trkpt>
      <trkpt lat="38.08850912377238" lon="-8.131662290543318">
        <ele>105.4</ele>
      </trkpt>
      <trkpt lat="38.08790545910597" lon="-8.131660195067525">
        <ele>107</ele>
      </trkpt>
      <trkpt lat="38.08736750856042" lon="-8.131603198125958">
        <ele>107.8</ele>
      </trkpt>
      <trkpt lat="38.0868417955935" lon="-8.131373953074217">
        <ele>107.1</ele>
      </trkpt>
      <trkpt lat="38.086447259411216" lon="-8.131190137937665">
        <ele>107.1</ele>
      </trkpt>
      <trkpt lat="38.08611701242626" lon="-8.13103448599577">
        <ele>107.3</ele>
      </trkpt>
      <trkpt lat="38.085598004981875" lon="-8.130797278136015">
        <ele>107.9</ele>
      </trkpt>
      <trkpt lat="38.08502686209977" lon="-8.130534086376429">
        <ele>107</ele>
      </trkpt>
      <trkpt lat="38.08446460403502" lon="-8.130272570997477">
        <ele>107.6</ele>
      </trkpt>
      <trkpt lat="38.08390251360834" lon="-8.130016420036554">
        <ele>108</ele>
      </trkpt>
      <trkpt lat="38.08329977095127" lon="-8.12973814085126">
        <ele>109.5</ele>
      </trkpt>
      <trkpt lat="38.082755617797375" lon="-8.129485761746764">
        <ele>109.1</ele>
      </trkpt>
      <trkpt lat="38.08221850544214" lon="-8.129237741231918">
        <ele>108.6</ele>
      </trkpt>
      <trkpt lat="38.081926396116614" lon="-8.129103127866983">
        <ele>108.7</ele>
      </trkpt>
      <trkpt lat="38.081400599330664" lon="-8.128860387951136">
        <ele>109</ele>
      </trkpt>
      <trkpt lat="38.080866085365415" lon="-8.128618570044637">
        <ele>110.1</ele>
      </trkpt>
      <trkpt lat="38.08031287975609" lon="-8.128363592550159">
        <ele>109.9</ele>
      </trkpt>
      <trkpt lat="38.07977342046797" lon="-8.12810811214149">
        <ele>109.9</ele>
      </trkpt>
      <trkpt lat="38.07953872717917" lon="-8.127979785203934">
        <ele>111.1</ele>
      </trkpt>
      <trkpt lat="38.079073363915086" lon="-8.127663033083081">
        <ele>112</ele>
      </trkpt>
      <trkpt lat="38.078781170770526" lon="-8.127453904598951">
        <ele>109.5</ele>
      </trkpt>
      <trkpt lat="38.07842468842864" lon="-8.12719683162868">
        <ele>108.8</ele>
      </trkpt>
      <trkpt lat="38.077940633520484" lon="-8.126849234104156">
        <ele>109.3</ele>
      </trkpt>
      <trkpt lat="38.077456913888454" lon="-8.126490069553256">
        <ele>109.7</ele>
      </trkpt>
      <trkpt lat="38.07733562774956" lon="-8.126402227208018">
        <ele>109.9</ele>
      </trkpt>
      <trkpt lat="38.07684746570885" lon="-8.126052366569638">
        <ele>110</ele>
      </trkpt>
      <trkpt lat="38.07632267475128" lon="-8.125670906156301">
        <ele>109.7</ele>
      </trkpt>
      <trkpt lat="38.07583627291024" lon="-8.125315681099892">
        <ele>109.3</ele>
      </trkpt>
      <trkpt lat="38.07560191489756" lon="-8.125141588971019">
        <ele>109.6</ele>
      </trkpt>
      <trkpt lat="38.075280133634806" lon="-8.124867919832468">
        <ele>109.1</ele>
      </trkpt>
      <trkpt lat="38.07508726604283" lon="-8.124631885439157">
        <ele>110</ele>
      </trkpt>
      <trkpt lat="38.07485022582114" lon="-8.124324018135667">
        <ele>109.8</ele>
      </trkpt>
      <trkpt lat="38.07460782118142" lon="-8.124008188024163">
        <ele>107.9</ele>
      </trkpt>
      <trkpt lat="38.074411852285266" lon="-8.123751282691956">
        <ele>107.3</ele>
      </trkpt>
      <trkpt lat="38.07411395944655" lon="-8.123376946896315">
        <ele>107.7</ele>
      </trkpt>
      <trkpt lat="38.07373736053705" lon="-8.122898591682315">
        <ele>107.8</ele>
      </trkpt>
      <trkpt lat="38.07364398613572" lon="-8.122780239209533">
        <ele>107.5</ele>
      </trkpt>
      <trkpt lat="38.073327569290996" lon="-8.12237455509603">
        <ele>108.5</ele>
      </trkpt>
      <trkpt lat="38.07294183410704" lon="-8.121879938989878">
        <ele>109.6</ele>
      </trkpt>
      <trkpt lat="38.072594655677676" lon="-8.121462604030967">
        <ele>111.2</ele>
      </trkpt>
      <trkpt lat="38.07232953608036" lon="-8.121279878541827">
        <ele>112.7</ele>
      </trkpt>
      <trkpt lat="38.0721150431782" lon="-8.121146941557527">
        <ele>113.1</ele>
      </trkpt>
      <trkpt lat="38.07158933021128" lon="-8.120814431458712">
        <ele>114.4</ele>
      </trkpt>
      <trkpt lat="38.07107954286039" lon="-8.120496002957225">
        <ele>115.4</ele>
      </trkpt>
      <trkpt lat="38.070584926754236" lon="-8.120180508121848">
        <ele>115</ele>
      </trkpt>
      <trkpt lat="38.07044050656259" lon="-8.120088977739215">
        <ele>114.6</ele>
      </trkpt>
      <trkpt lat="38.07015418075025" lon="-8.119899882003665">
        <ele>114.3</ele>
      </trkpt>
      <trkpt lat="38.06966023519635" lon="-8.119591511785984">
        <ele>115.2</ele>
      </trkpt>
      <trkpt lat="38.0691397190094" lon="-8.119362518191338">
        <ele>115</ele>
      </trkpt>
      <trkpt lat="38.06859305128455" lon="-8.119186833500862">
        <ele>115.9</ele>
      </trkpt>
      <trkpt lat="38.06820563971996" lon="-8.119061859324574">
        <ele>117.3</ele>
      </trkpt>
      <trkpt lat="38.06783105246723" lon="-8.118940237909555">
        <ele>118.5</ele>
      </trkpt>
      <trkpt lat="38.06747792288661" lon="-8.118826914578676">
        <ele>119.5</ele>
      </trkpt>
      <trkpt lat="38.06727021932602" lon="-8.118758602067828">
        <ele>119.3</ele>
      </trkpt>
      <trkpt lat="38.067065281793475" lon="-8.118722392246127">
        <ele>118.6</ele>
      </trkpt>
      <trkpt lat="38.06681013666093" lon="-8.118875110521913">
        <ele>117.5</ele>
      </trkpt>
      <trkpt lat="38.066575191915035" lon="-8.118933532387018">
        <ele>116.6</ele>
      </trkpt>
      <trkpt lat="38.06646890938282" lon="-8.118917858228087">
        <ele>116.5</ele>
      </trkpt>
      <trkpt lat="38.06630521081388" lon="-8.11894191429019">
        <ele>116.2</ele>
      </trkpt>
      <trkpt lat="38.06594805791974" lon="-8.11910267919302">
        <ele>117.9</ele>
      </trkpt>
      <trkpt lat="38.06569836102426" lon="-8.119222205132246">
        <ele>120.1</ele>
      </trkpt>
      <trkpt lat="38.06550038047135" lon="-8.119310298934579">
        <ele>121.1</ele>
      </trkpt>
      <trkpt lat="38.065213384106755" lon="-8.11944818124175">
        <ele>120.4</ele>
      </trkpt>
      <trkpt lat="38.065116237849" lon="-8.119494281709194">
        <ele>120.6</ele>
      </trkpt>
      <trkpt lat="38.06491951458156" lon="-8.119588326662779">
        <ele>121.7</ele>
      </trkpt>
      <trkpt lat="38.064679792150855" lon="-8.119701566174626">
        <ele>122.6</ele>
      </trkpt>
      <trkpt lat="38.06443923152983" lon="-8.119814805686474">
        <ele>123.4</ele>
      </trkpt>
      <trkpt lat="38.064245441928506" lon="-8.119909856468439">
        <ele>124</ele>
      </trkpt>
      <trkpt lat="38.064053412526846" lon="-8.120005745440722">
        <ele>124.6</ele>
      </trkpt>
      <trkpt lat="38.063856940716505" lon="-8.120102556422353">
        <ele>125.3</ele>
      </trkpt>
      <trkpt lat="38.06361252442002" lon="-8.120229542255402">
        <ele>125.8</ele>
      </trkpt>
      <trkpt lat="38.063451843336225" lon="-8.120407238602638">
        <ele>125.3</ele>
      </trkpt>
      <trkpt lat="38.06318395771086" lon="-8.12045426107943">
        <ele>125.4</ele>
      </trkpt>
      <trkpt lat="38.062748769298196" lon="-8.120649140328169">
        <ele>124.9</ele>
      </trkpt>
      <trkpt lat="38.06247937493026" lon="-8.120782831683755">
        <ele>123.9</ele>
      </trkpt>
      <trkpt lat="38.062315843999386" lon="-8.120859693735838">
        <ele>123</ele>
      </trkpt>
      <trkpt lat="38.062100764364004" lon="-8.120967485010624">
        <ele>122.5</ele>
      </trkpt>
      <trkpt lat="38.0618280172348" lon="-8.121098661795259">
        <ele>122.5</ele>
      </trkpt>
      <trkpt lat="38.06126701645553" lon="-8.121355650946498">
        <ele>123.1</ele>
      </trkpt>
      <trkpt lat="38.06110482662916" lon="-8.121419018134475">
        <ele>123.1</ele>
      </trkpt>
      <trkpt lat="38.06091011501849" lon="-8.121478445827961">
        <ele>123.9</ele>
      </trkpt>
      <trkpt lat="38.06073686107993" lon="-8.121508620679379">
        <ele>124.5</ele>
      </trkpt>
      <trkpt lat="38.06063770316541" lon="-8.121529826894403">
        <ele>124.5</ele>
      </trkpt>
      <trkpt lat="38.060544580221176" lon="-8.12153267674148">
        <ele>124.5</ele>
      </trkpt>
      <trkpt lat="38.060439890250564" lon="-8.121549021452665">
        <ele>124.8</ele>
      </trkpt>
      <trkpt lat="38.060144344344735" lon="-8.121564192697406">
        <ele>125.3</ele>
      </trkpt>
      <trkpt lat="38.060045689344406" lon="-8.121563605964184">
        <ele>125.4</ele>
      </trkpt>
      <trkpt lat="38.05981082841754" lon="-8.121564695611596">
        <ele>124.7</ele>
      </trkpt>
      <trkpt lat="38.05954612791538" lon="-8.121550111100078">
        <ele>124.2</ele>
      </trkpt>
      <trkpt lat="38.05934370495379" lon="-8.12151163816452">
        <ele>124.3</ele>
      </trkpt>
      <trkpt lat="38.059196351096034" lon="-8.121499652042985">
        <ele>124.5</ele>
      </trkpt>
      <trkpt lat="38.05904363282025" lon="-8.121473081409931">
        <ele>124.8</ele>
      </trkpt>
      <trkpt lat="38.058930644765496" lon="-8.121428908780217">
        <ele>125</ele>
      </trkpt>
      <trkpt lat="38.05877725593746" lon="-8.121386915445328">
        <ele>125.4</ele>
      </trkpt>
      <trkpt lat="38.05867239832878" lon="-8.121353890746832">
        <ele>125.9</ele>
      </trkpt>
      <trkpt lat="38.058544993400574" lon="-8.121300162747502">
        <ele>126.5</ele>
      </trkpt>
      <trkpt lat="38.05845798924565" lon="-8.121256912127137">
        <ele>126.8</ele>
      </trkpt>
      <trkpt lat="38.058331087231636" lon="-8.121190192177892">
        <ele>127.2</ele>
      </trkpt>
      <trkpt lat="38.05820384994149" lon="-8.12111291103065">
        <ele>127.4</ele>
      </trkpt>
      <trkpt lat="38.05811382830143" lon="-8.12105423770845">
        <ele>127.6</ele>
      </trkpt>
      <trkpt lat="38.05801953189075" lon="-8.120985673740506">
        <ele>127.9</ele>
      </trkpt>
      <trkpt lat="38.057920038700104" lon="-8.120916523039341">
        <ele>127.5</ele>
      </trkpt>
      <trkpt lat="38.057782743126154" lon="-8.120821891352534">
        <ele>127</ele>
      </trkpt>
      <trkpt lat="38.05768291465938" lon="-8.120751567184925">
        <ele>126.2</ele>
      </trkpt>
      <trkpt lat="38.05758082307875" lon="-8.120678309351206">
        <ele>125.4</ele>
      </trkpt>
      <trkpt lat="38.05742181837559" lon="-8.120578648522496">
        <ele>125.3</ele>
      </trkpt>
      <trkpt lat="38.05729391053319" lon="-8.12051092274487">
        <ele>125.3</ele>
      </trkpt>
      <trkpt lat="38.05710908956826" lon="-8.120496086776257">
        <ele>125.2</ele>
      </trkpt>
      <trkpt lat="38.05693147704005" lon="-8.120345547795296">
        <ele>125</ele>
      </trkpt>
      <trkpt lat="38.056819746270776" lon="-8.120179669931531">
        <ele>124.8</ele>
      </trkpt>
      <trkpt lat="38.05663459002972" lon="-8.12002720311284">
        <ele>125.1</ele>
      </trkpt>
      <trkpt lat="38.05643040686846" lon="-8.119886303320527">
        <ele>125.9</ele>
      </trkpt>
      <trkpt lat="38.0562605895102" lon="-8.11976577155292">
        <ele>126.3</ele>
      </trkpt>
      <trkpt lat="38.05608934722841" lon="-8.11964507214725">
        <ele>126.5</ele>
      </trkpt>
      <trkpt lat="38.05591399781406" lon="-8.119522780179977">
        <ele>126.7</ele>
      </trkpt>
      <trkpt lat="38.05568827316165" lon="-8.119368217885494">
        <ele>127.1</ele>
      </trkpt>
      <trkpt lat="38.05542876943946" lon="-8.119185408577323">
        <ele>127.6</ele>
      </trkpt>
      <trkpt lat="38.05520346388221" lon="-8.11902690678835">
        <ele>128</ele>
      </trkpt>
      <trkpt lat="38.054724438115954" lon="-8.118687272071838">
        <ele>129.1</ele>
      </trkpt>
      <trkpt lat="38.05424407124519" lon="-8.118355264887214">
        <ele>129.2</ele>
      </trkpt>
      <trkpt lat="38.05398289114237" lon="-8.11816114000976">
        <ele>129.3</ele>
      </trkpt>
      <trkpt lat="38.05389806628227" lon="-8.118100203573704">
        <ele>129.2</ele>
      </trkpt>
      <trkpt lat="38.053811648860574" lon="-8.118040272966027">
        <ele>129</ele>
      </trkpt>
      <trkpt lat="38.05333153344691" lon="-8.117707595229149">
        <ele>131.3</ele>
      </trkpt>
      <trkpt lat="38.053106144070625" lon="-8.117559403181076">
        <ele>132.7</ele>
      </trkpt>
      <trkpt lat="38.05283180437982" lon="-8.117396626621485">
        <ele>133.4</ele>
      </trkpt>
      <trkpt lat="38.05229444056749" lon="-8.117138044908643">
        <ele>136.2</ele>
      </trkpt>
      <trkpt lat="38.05173880420625" lon="-8.116929670795798">
        <ele>135.3</ele>
      </trkpt>
      <trkpt lat="38.05120646953583" lon="-8.116746610030532">
        <ele>133.2</ele>
      </trkpt>
      <trkpt lat="38.05091058835387" lon="-8.11665072105825">
        <ele>132.5</ele>
      </trkpt>
      <trkpt lat="38.0506035592407" lon="-8.116548713296652">
        <ele>131.5</ele>
      </trkpt>
      <trkpt lat="38.05041437968612" lon="-8.116484675556421">
        <ele>131</ele>
      </trkpt>
      <trkpt lat="38.0498765129596" lon="-8.116300189867616">
        <ele>131</ele>
      </trkpt>
      <trkpt lat="38.04928726516664" lon="-8.116102209314704">
        <ele>130.5</ele>
      </trkpt>
      <trkpt lat="38.048969339579344" lon="-8.115986287593842">
        <ele>130.3</ele>
      </trkpt>
      <trkpt lat="38.04864143952727" lon="-8.115880591794848">
        <ele>129.3</ele>
      </trkpt>
      <trkpt lat="38.048250088468194" lon="-8.115750253200531">
        <ele>129.7</ele>
      </trkpt>
      <trkpt lat="38.04802268743515" lon="-8.115673139691353">
        <ele>130.6</ele>
      </trkpt>
      <trkpt lat="38.04766008630395" lon="-8.115553446114063">
        <ele>131.8</ele>
      </trkpt>
      <trkpt lat="38.04730544798076" lon="-8.11544724740088">
        <ele>131.5</ele>
      </trkpt>
      <trkpt lat="38.047022726386786" lon="-8.115343311801553">
        <ele>131</ele>
      </trkpt>
      <trkpt lat="38.04645820520818" lon="-8.11516041867435">
        <ele>127.7</ele>
      </trkpt>
      <trkpt lat="38.04589024744928" lon="-8.114974424242973">
        <ele>129.1</ele>
      </trkpt>
      <trkpt lat="38.04560350254178" lon="-8.114879708737135">
        <ele>129.3</ele>
      </trkpt>
      <trkpt lat="38.04531902074814" lon="-8.114783987402916">
        <ele>128</ele>
      </trkpt>
      <trkpt lat="38.04465911351144" lon="-8.114557340741158">
        <ele>124.5</ele>
      </trkpt>
      <trkpt lat="38.04412669502199" lon="-8.114390792325139">
        <ele>126.1</ele>
      </trkpt>
      <trkpt lat="38.04359729401767" lon="-8.114215610548854">
        <ele>126.1</ele>
      </trkpt>
      <trkpt lat="38.043446000665426" lon="-8.114164983853698">
        <ele>126</ele>
      </trkpt>
      <trkpt lat="38.04290637373924" lon="-8.11398628167808">
        <ele>126.4</ele>
      </trkpt>
      <trkpt lat="38.042449140921235" lon="-8.113828115165234">
        <ele>126</ele>
      </trkpt>
      <trkpt lat="38.04192267358303" lon="-8.113651173189282">
        <ele>124.9</ele>
      </trkpt>
      <trkpt lat="38.04138841107488" lon="-8.113474985584617">
        <ele>124.5</ele>
      </trkpt>
      <trkpt lat="38.04107727482915" lon="-8.113374654203653">
        <ele>125</ele>
      </trkpt>
      <trkpt lat="38.040536222979426" lon="-8.113190419971943">
        <ele>123.6</ele>
      </trkpt>
      <trkpt lat="38.0403857678175" lon="-8.113139122724533">
        <ele>123.1</ele>
      </trkpt>
      <trkpt lat="38.0398587975651" lon="-8.112965198233724">
        <ele>122</ele>
      </trkpt>
      <trkpt lat="38.03927122615278" lon="-8.112771911546588">
        <ele>122.5</ele>
      </trkpt>
      <trkpt lat="38.03874601610005" lon="-8.11259320937097">
        <ele>122.7</ele>
      </trkpt>
      <trkpt lat="38.03815978579223" lon="-8.112395647913218">
        <ele>123.9</ele>
      </trkpt>
      <trkpt lat="38.03759551607072" lon="-8.112209821119905">
        <ele>124</ele>
      </trkpt>
      <trkpt lat="38.037036107853055" lon="-8.112023826688528">
        <ele>124.4</ele>
      </trkpt>
      <trkpt lat="38.03649539127946" lon="-8.111842777580023">
        <ele>124.7</ele>
      </trkpt>
      <trkpt lat="38.03594880737364" lon="-8.111657118424773">
        <ele>125.1</ele>
      </trkpt>
      <trkpt lat="38.035398283973336" lon="-8.111476991325617">
        <ele>127.1</ele>
      </trkpt>
      <trkpt lat="38.03482001647353" lon="-8.111284710466862">
        <ele>127.2</ele>
      </trkpt>
      <trkpt lat="38.034311486408114" lon="-8.11111455783248">
        <ele>125.1</ele>
      </trkpt>
      <trkpt lat="38.03378166630864" lon="-8.110940214246511">
        <ele>123.4</ele>
      </trkpt>
      <trkpt lat="38.033193508163095" lon="-8.110743490979075">
        <ele>126.1</ele>
      </trkpt>
      <trkpt lat="38.03265220485628" lon="-8.110561268404126">
        <ele>126.8</ele>
      </trkpt>
      <trkpt lat="38.03209103643894" lon="-8.110376531258225">
        <ele>126</ele>
      </trkpt>
      <trkpt lat="38.031716868281364" lon="-8.110256167128682">
        <ele>126.2</ele>
      </trkpt>
      <trkpt lat="38.03131780587137" lon="-8.110132534056902">
        <ele>125.6</ele>
      </trkpt>
      <trkpt lat="38.03089125081897" lon="-8.109986186027527">
        <ele>123.2</ele>
      </trkpt>
      <trkpt lat="38.03063124418259" lon="-8.109899014234543">
        <ele>121.2</ele>
      </trkpt>
      <trkpt lat="38.03027995862067" lon="-8.109779488295317">
        <ele>119.4</ele>
      </trkpt>
      <trkpt lat="38.03010284900665" lon="-8.109718300402164">
        <ele>118.8</ele>
      </trkpt>
      <trkpt lat="38.02983781322837" lon="-8.1096301227808">
        <ele>117.8</ele>
      </trkpt>
      <trkpt lat="38.02940731868148" lon="-8.109472207725048">
        <ele>115.2</ele>
      </trkpt>
      <trkpt lat="38.028818825259805" lon="-8.109290823340416">
        <ele>113.8</ele>
      </trkpt>
      <trkpt lat="38.02840819582343" lon="-8.10929249972105">
        <ele>113.3</ele>
      </trkpt>
      <trkpt lat="38.02781735546887" lon="-8.109449492767453">
        <ele>117.2</ele>
      </trkpt>
      <trkpt lat="38.02726222202182" lon="-8.10938042588532">
        <ele>119.3</ele>
      </trkpt>
      <trkpt lat="38.0268297996372" lon="-8.109284788370132">
        <ele>120.3</ele>
      </trkpt>
      <trkpt lat="38.0265377741307" lon="-8.109161490574479">
        <ele>121.6</ele>
      </trkpt>
      <trkpt lat="38.026301488280296" lon="-8.10908772982657">
        <ele>122.2</ele>
      </trkpt>
      <trkpt lat="38.02606821991503" lon="-8.109020171687007">
        <ele>122.5</ele>
      </trkpt>
      <trkpt lat="38.02580276504159" lon="-8.108951272442937">
        <ele>123.4</ele>
      </trkpt>
      <trkpt lat="38.0256415810436" lon="-8.10889427550137">
        <ele>124.2</ele>
      </trkpt>
      <trkpt lat="38.02547737956047" lon="-8.10883074067533">
        <ele>125.2</ele>
      </trkpt>
      <trkpt lat="38.025353495031595" lon="-8.10879746451974">
        <ele>126</ele>
      </trkpt>
      <trkpt lat="38.02526732906699" lon="-8.108762763440609">
        <ele>126.7</ele>
      </trkpt>
      <trkpt lat="38.024889305233955" lon="-8.108642315492034">
        <ele>129.6</ele>
      </trkpt>
      <trkpt lat="38.024433413520455" lon="-8.10848817229271">
        <ele>132.5</ele>
      </trkpt>
      <trkpt lat="38.02410031668842" lon="-8.108379291370511">
        <ele>132.9</ele>
      </trkpt>
      <trkpt lat="38.02391021512449" lon="-8.108310475945473">
        <ele>133.6</ele>
      </trkpt>
      <trkpt lat="38.023798149079084" lon="-8.108284492045641">
        <ele>134</ele>
      </trkpt>
      <trkpt lat="38.02361165173352" lon="-8.10822238214314">
        <ele>134.8</ele>
      </trkpt>
      <trkpt lat="38.02337628789246" lon="-8.108142502605915">
        <ele>136.4</ele>
      </trkpt>
      <trkpt lat="38.02311326377094" lon="-8.108059018850327">
        <ele>137.9</ele>
      </trkpt>
      <trkpt lat="38.02297320216894" lon="-8.108026999980211">
        <ele>138.9</ele>
      </trkpt>
      <trkpt lat="38.022729037329555" lon="-8.10795952565968">
        <ele>140.2</ele>
      </trkpt>
      <trkpt lat="38.02248445339501" lon="-8.107873862609267">
        <ele>140.5</ele>
      </trkpt>
      <trkpt lat="38.02223735488951" lon="-8.107796413823962">
        <ele>139.8</ele>
      </trkpt>
      <trkpt lat="38.02204423584044" lon="-8.107734471559525">
        <ele>139.5</ele>
      </trkpt>
      <trkpt lat="38.021704433485866" lon="-8.107628608122468">
        <ele>141.9</ele>
      </trkpt>
      <trkpt lat="38.021574430167675" lon="-8.107588039711118">
        <ele>143</ele>
      </trkpt>
      <trkpt lat="38.021280728280544" lon="-8.107491983100772">
        <ele>143.6</ele>
      </trkpt>
      <trkpt lat="38.02090614102781" lon="-8.107383102178574">
        <ele>143.5</ele>
      </trkpt>
      <trkpt lat="38.020654767751694" lon="-8.107300456613302">
        <ele>144.9</ele>
      </trkpt>
      <trkpt lat="38.020451003685594" lon="-8.107240190729499">
        <ele>146.3</ele>
      </trkpt>
      <trkpt lat="38.02033122628927" lon="-8.107216721400619">
        <ele>147</ele>
      </trkpt>
      <trkpt lat="38.02008680999279" lon="-8.107138853520155">
        <ele>147.7</ele>
      </trkpt>
      <trkpt lat="38.01989343948662" lon="-8.107073558494449">
        <ele>148.2</ele>
      </trkpt>
      <trkpt lat="38.01965958438814" lon="-8.107005748897791">
        <ele>148.5</ele>
      </trkpt>
      <trkpt lat="38.01950292661786" lon="-8.106954200193286">
        <ele>148.2</ele>
      </trkpt>
      <trkpt lat="38.01936739124358" lon="-8.106914553791285">
        <ele>147.8</ele>
      </trkpt>
      <trkpt lat="38.019209895282984" lon="-8.10686401091516">
        <ele>147.3</ele>
      </trkpt>
      <trkpt lat="38.01901736296713" lon="-8.106803325936198">
        <ele>147.1</ele>
      </trkpt>
      <trkpt lat="38.0188721884042" lon="-8.106749514117837">
        <ele>147.2</ele>
      </trkpt>
      <trkpt lat="38.0186462122947" lon="-8.1066754180938">
        <ele>147.8</ele>
      </trkpt>
      <trkpt lat="38.018114967271686" lon="-8.106515239924192">
        <ele>149.2</ele>
      </trkpt>
      <trkpt lat="38.01789586432278" lon="-8.106437288224697">
        <ele>149.6</ele>
      </trkpt>
      <trkpt lat="38.01773987710476" lon="-8.106385404244065">
        <ele>150.4</ele>
      </trkpt>
      <trkpt lat="38.01759813912213" lon="-8.106346847489476">
        <ele>151.3</ele>
      </trkpt>
      <trkpt lat="38.01725473254919" lon="-8.106243666261435">
        <ele>154.4</ele>
      </trkpt>
      <trkpt lat="38.01693219691515" lon="-8.106156075373292">
        <ele>156.5</ele>
      </trkpt>
      <trkpt lat="38.01651938818395" lon="-8.106049541383982">
        <ele>156.9</ele>
      </trkpt>
      <trkpt lat="38.0161558650434" lon="-8.105954490602016">
        <ele>155.8</ele>
      </trkpt>
      <trkpt lat="38.015927877277136" lon="-8.105865977704525">
        <ele>155.1</ele>
      </trkpt>
      <trkpt lat="38.01583726890385" lon="-8.10583638958633">
        <ele>154.9</ele>
      </trkpt>
      <trkpt lat="38.015460167080164" lon="-8.105712085962296">
        <ele>153.3</ele>
      </trkpt>
      <trkpt lat="38.01491282880306" lon="-8.105533299967647">
        <ele>154.2</ele>
      </trkpt>
      <trkpt lat="38.01438317634165" lon="-8.105371864512563">
        <ele>155.8</ele>
      </trkpt>
      <trkpt lat="38.01386810839176" lon="-8.105208585038781">
        <ele>156.4</ele>
      </trkpt>
      <trkpt lat="38.01330459304154" lon="-8.105036253109574">
        <ele>155.2</ele>
      </trkpt>
      <trkpt lat="38.012860268354416" lon="-8.104895520955324">
        <ele>156.3</ele>
      </trkpt>
      <trkpt lat="38.012706376612186" lon="-8.104851180687547">
        <ele>157.6</ele>
      </trkpt>
      <trkpt lat="38.01254871301353" lon="-8.104804242029786">
        <ele>159</ele>
      </trkpt>
      <trkpt lat="38.01232986152172" lon="-8.104739533737302">
        <ele>160.4</ele>
      </trkpt>
      <trkpt lat="38.01216909661889" lon="-8.104684380814433">
        <ele>161.3</ele>
      </trkpt>
      <trkpt lat="38.01184848882258" lon="-8.104579607024789">
        <ele>163.3</ele>
      </trkpt>
      <trkpt lat="38.011295618489385" lon="-8.104389421641827">
        <ele>161.2</ele>
      </trkpt>
      <trkpt lat="38.01108028739691" lon="-8.104326473549008">
        <ele>160.6</ele>
      </trkpt>
      <trkpt lat="38.010800667107105" lon="-8.104257490485907">
        <ele>161.2</ele>
      </trkpt>
      <trkpt lat="38.01023363135755" lon="-8.104072585701942">
        <ele>162.2</ele>
      </trkpt>
      <trkpt lat="38.00988259725273" lon="-8.103965381160378">
        <ele>165</ele>
      </trkpt>
      <trkpt lat="38.00947766751051" lon="-8.10382129624486">
        <ele>167.1</ele>
      </trkpt>
      <trkpt lat="38.00895296037197" lon="-8.10365122742951">
        <ele>165.9</ele>
      </trkpt>
      <trkpt lat="38.00839799456298" lon="-8.103475123643875">
        <ele>163.1</ele>
      </trkpt>
      <trkpt lat="38.00829665735364" lon="-8.103441931307316">
        <ele>162.5</ele>
      </trkpt>
      <trkpt lat="38.00774093717337" lon="-8.103283261880279">
        <ele>161.9</ele>
      </trkpt>
      <trkpt lat="38.0072161462158" lon="-8.10312987305224">
        <ele>167.6</ele>
      </trkpt>
      <trkpt lat="38.0069222766906" lon="-8.103033313527703">
        <ele>169.5</ele>
      </trkpt>
      <trkpt lat="38.00671448931098" lon="-8.102965503931046">
        <ele>169.8</ele>
      </trkpt>
      <trkpt lat="38.00648591481149" lon="-8.102894090116024">
        <ele>169.3</ele>
      </trkpt>
      <trkpt lat="38.005939833819866" lon="-8.10272729024291">
        <ele>167.9</ele>
      </trkpt>
      <trkpt lat="38.005388639867306" lon="-8.102562753483653">
        <ele>167.8</ele>
      </trkpt>
      <trkpt lat="38.00515386275947" lon="-8.1024946924299">
        <ele>167.3</ele>
      </trkpt>
      <trkpt lat="38.0049710534513" lon="-8.1024497654289">
        <ele>166.8</ele>
      </trkpt>
      <trkpt lat="38.004688415676355" lon="-8.10236225835979">
        <ele>167.4</ele>
      </trkpt>
      <trkpt lat="38.00426194444299" lon="-8.1022356916219">
        <ele>170.1</ele>
      </trkpt>
      <trkpt lat="38.00383547320962" lon="-8.102098815143108">
        <ele>171.6</ele>
      </trkpt>
      <trkpt lat="38.00330665893853" lon="-8.10191952623427">
        <ele>171.8</ele>
      </trkpt>
      <trkpt lat="38.002781281247735" lon="-8.10173881240189">
        <ele>172</ele>
      </trkpt>
      <trkpt lat="38.002520855516195" lon="-8.101666225120425">
        <ele>174.4</ele>
      </trkpt>
      <trkpt lat="38.00220594741404" lon="-8.101566480472684">
        <ele>175.4</ele>
      </trkpt>
      <trkpt lat="38.00190604291856" lon="-8.101475201547146">
        <ele>175.3</ele>
      </trkpt>
      <trkpt lat="38.001777213066816" lon="-8.101434465497732">
        <ele>175.6</ele>
      </trkpt>
      <trkpt lat="38.0015432741493" lon="-8.101356932893395">
        <ele>176.6</ele>
      </trkpt>
      <trkpt lat="38.0014343932271" lon="-8.101327512413263">
        <ele>177.1</ele>
      </trkpt>
      <trkpt lat="38.00113013014197" lon="-8.101219804957509">
        <ele>178.3</ele>
      </trkpt>
      <trkpt lat="38.000794015824795" lon="-8.1011201441288">
        <ele>178.9</ele>
      </trkpt>
      <trkpt lat="38.00060383044183" lon="-8.101059375330806">
        <ele>178.8</ele>
      </trkpt>
      <trkpt lat="38.00035681575537" lon="-8.100983602926135">
        <ele>178.2</ele>
      </trkpt>
      <trkpt lat="38.000226225703955" lon="-8.100943118333817">
        <ele>177.8</ele>
      </trkpt>
      <trkpt lat="38.0000339448452" lon="-8.10087924823165">
        <ele>177.1</ele>
      </trkpt>
      <trkpt lat="37.99988985992968" lon="-8.10082744807005">
        <ele>176.8</ele>
      </trkpt>
      <trkpt lat="37.9996282607317" lon="-8.100764332339168">
        <ele>176.3</ele>
      </trkpt>
      <trkpt lat="37.9994485527277" lon="-8.100711777806282">
        <ele>175.9</ele>
      </trkpt>
      <trkpt lat="37.99910447560251" lon="-8.100590072572231">
        <ele>174.5</ele>
      </trkpt>
      <trkpt lat="37.99899215810001" lon="-8.100557634606957">
        <ele>174</ele>
      </trkpt>
      <trkpt lat="37.998417327180505" lon="-8.100410280749202">
        <ele>173.1</ele>
      </trkpt>
      <trkpt lat="37.99785666167736" lon="-8.100231494754553">
        <ele>175.9</ele>
      </trkpt>
      <trkpt lat="37.99771408550441" lon="-8.10017759911716">
        <ele>177.1</ele>
      </trkpt>
      <trkpt lat="37.99752490594983" lon="-8.100116830319166">
        <ele>178.8</ele>
      </trkpt>
      <trkpt lat="37.997374618425965" lon="-8.100083554163575">
        <ele>179.2</ele>
      </trkpt>
      <trkpt lat="37.99707664176822" lon="-8.09997827745974">
        <ele>179</ele>
      </trkpt>
      <trkpt lat="37.996887378394604" lon="-8.099920442327857">
        <ele>178.7</ele>
      </trkpt>
      <trkpt lat="37.99668872728944" lon="-8.099876437336206">
        <ele>178.7</ele>
      </trkpt>
      <trkpt lat="37.99650751054287" lon="-8.099807370454073">
        <ele>178.9</ele>
      </trkpt>
      <trkpt lat="37.99612831324339" lon="-8.099679965525866">
        <ele>179.9</ele>
      </trkpt>
      <trkpt lat="37.99587970599532" lon="-8.09959757141769">
        <ele>180.7</ele>
      </trkpt>
      <trkpt lat="37.995455246418715" lon="-8.099454492330551">
        <ele>182.3</ele>
      </trkpt>
      <trkpt lat="37.99526933580637" lon="-8.099414762109518">
        <ele>182.8</ele>
      </trkpt>
      <trkpt lat="37.995170848444104" lon="-8.099391711875796">
        <ele>182.8</ele>
      </trkpt>
      <trkpt lat="37.99492391757667" lon="-8.099330104887486">
        <ele>182.2</ele>
      </trkpt>
      <trkpt lat="37.994818640872836" lon="-8.099302696064115">
        <ele>181.6</ele>
      </trkpt>
      <trkpt lat="37.99440365284681" lon="-8.099151067435741">
        <ele>181.3</ele>
      </trkpt>
      <trkpt lat="37.99419988878071" lon="-8.09908116236329">
        <ele>180.6</ele>
      </trkpt>
      <trkpt lat="37.99399729818106" lon="-8.099011173471808">
        <ele>179.7</ele>
      </trkpt>
      <trkpt lat="37.993852542713284" lon="-8.098961804062128">
        <ele>179.9</ele>
      </trkpt>
      <trkpt lat="37.99361885525286" lon="-8.09887488372624">
        <ele>180.7</ele>
      </trkpt>
      <trkpt lat="37.9932402446866" lon="-8.09876885265112">
        <ele>182.6</ele>
      </trkpt>
      <trkpt lat="37.99267706461251" lon="-8.098575985059142">
        <ele>183.9</ele>
      </trkpt>
      <trkpt lat="37.99217431806028" lon="-8.098419830203056">
        <ele>183.6</ele>
      </trkpt>
      <trkpt lat="37.991621531546116" lon="-8.098235931247473">
        <ele>181</ele>
      </trkpt>
      <trkpt lat="37.99104410223663" lon="-8.098064102232456">
        <ele>181.3</ele>
      </trkpt>
      <trkpt lat="37.99079113639891" lon="-8.09798321686685">
        <ele>180.7</ele>
      </trkpt>
      <trkpt lat="37.990238601341844" lon="-8.097812309861183">
        <ele>178.9</ele>
      </trkpt>
      <trkpt lat="37.989815482869744" lon="-8.097677445039153">
        <ele>177.7</ele>
      </trkpt>
      <trkpt lat="37.989322962239385" lon="-8.097527995705605">
        <ele>178.3</ele>
      </trkpt>
      <trkpt lat="37.98881342634559" lon="-8.097364297136664">
        <ele>178.8</ele>
      </trkpt>
      <trkpt lat="37.98842308111489" lon="-8.09723949059844">
        <ele>179.9</ele>
      </trkpt>
      <trkpt lat="37.9878818616271" lon="-8.097060536965728">
        <ele>179.6</ele>
      </trkpt>
      <trkpt lat="37.98765689134598" lon="-8.096987111493945">
        <ele>177.7</ele>
      </trkpt>
      <trkpt lat="37.9872517939657" lon="-8.096858952194452">
        <ele>175.9</ele>
      </trkpt>
      <trkpt lat="37.9869959782809" lon="-8.096781587228179">
        <ele>176</ele>
      </trkpt>
      <trkpt lat="37.98673748038709" lon="-8.096700618043542">
        <ele>176</ele>
      </trkpt>
      <trkpt lat="37.986563220620155" lon="-8.096645716577768">
        <ele>176</ele>
      </trkpt>
      <trkpt lat="37.98638619482517" lon="-8.096589809283614">
        <ele>175.8</ele>
      </trkpt>
      <trkpt lat="37.98602853901684" lon="-8.096478497609496">
        <ele>173.9</ele>
      </trkpt>
      <trkpt lat="37.98575872555375" lon="-8.096395768225193">
        <ele>171.9</ele>
      </trkpt>
      <trkpt lat="37.98540945164859" lon="-8.096278505399823">
        <ele>170.6</ele>
      </trkpt>
      <trkpt lat="37.98508297652006" lon="-8.096175659447908">
        <ele>169</ele>
      </trkpt>
      <trkpt lat="37.98453572206199" lon="-8.096001232042909">
        <ele>170.6</ele>
      </trkpt>
      <trkpt lat="37.98402107320726" lon="-8.095840970054269">
        <ele>172.3</ele>
      </trkpt>
      <trkpt lat="37.98345076851547" lon="-8.095660675317049">
        <ele>172.1</ele>
      </trkpt>
      <trkpt lat="37.982836458832026" lon="-8.095469735562801">
        <ele>171.6</ele>
      </trkpt>
      <trkpt lat="37.982301358133554" lon="-8.095303690060973">
        <ele>172.6</ele>
      </trkpt>
      <trkpt lat="37.982186526060104" lon="-8.095265217125416">
        <ele>173</ele>
      </trkpt>
      <trkpt lat="37.98196650110185" lon="-8.095186846330762">
        <ele>173.9</ele>
      </trkpt>
      <trkpt lat="37.98180364072323" lon="-8.095120042562485">
        <ele>174.9</ele>
      </trkpt>
      <trkpt lat="37.981596356257796" lon="-8.095020717009902">
        <ele>176</ele>
      </trkpt>
      <trkpt lat="37.98144028522074" lon="-8.09493262320757">
        <ele>176.4</ele>
      </trkpt>
      <trkpt lat="37.9810765106231" lon="-8.094649901613593">
        <ele>176.4</ele>
      </trkpt>
      <trkpt lat="37.98064425587654" lon="-8.094158135354519">
        <ele>177.2</ele>
      </trkpt>
      <trkpt lat="37.98034661449492" lon="-8.093720767647028">
        <ele>175.5</ele>
      </trkpt>
      <trkpt lat="37.97998518683016" lon="-8.093184074386954">
        <ele>174.2</ele>
      </trkpt>
      <trkpt lat="37.97973942942917" lon="-8.092819461598992">
        <ele>173.5</ele>
      </trkpt>
      <trkpt lat="37.97947263345122" lon="-8.092425093054771">
        <ele>171.2</ele>
      </trkpt>
      <trkpt lat="37.97930667176843" lon="-8.092179419472814">
        <ele>170.2</ele>
      </trkpt>
      <trkpt lat="37.97890618443489" lon="-8.091591848060489">
        <ele>170.2</ele>
      </trkpt>
      <trkpt lat="37.97862111590803" lon="-8.091169986873865">
        <ele>170.1</ele>
      </trkpt>
      <trkpt lat="37.97821417450905" lon="-8.090569591149688">
        <ele>169</ele>
      </trkpt>
      <trkpt lat="37.97791142016649" lon="-8.090120404958725">
        <ele>169.2</ele>
      </trkpt>
      <trkpt lat="37.97753264196217" lon="-8.089556051418185">
        <ele>167.3</ele>
      </trkpt>
      <trkpt lat="37.97734756954014" lon="-8.089258326217532">
        <ele>166.5</ele>
      </trkpt>
      <trkpt lat="37.97704632394016" lon="-8.088740911334753">
        <ele>165.8</ele>
      </trkpt>
      <trkpt lat="37.97692386433482" lon="-8.088529268279672">
        <ele>165.1</ele>
      </trkpt>
      <trkpt lat="37.97673820517957" lon="-8.088208911940455">
        <ele>164</ele>
      </trkpt>
      <trkpt lat="37.97649001702666" lon="-8.08777623809874">
        <ele>163.2</ele>
      </trkpt>
      <trkpt lat="37.97611375339329" lon="-8.087124545127153">
        <ele>163</ele>
      </trkpt>
      <trkpt lat="37.975871097296476" lon="-8.0867041926831">
        <ele>160.9</ele>
      </trkpt>
      <trkpt lat="37.97552232630551" lon="-8.08609876781702">
        <ele>160.3</ele>
      </trkpt>
      <trkpt lat="37.97517313621938" lon="-8.085496611893177">
        <ele>160.6</ele>
      </trkpt>
      <trkpt lat="37.97481288202107" lon="-8.084868555888534">
        <ele>159.7</ele>
      </trkpt>
      <trkpt lat="37.97469511628151" lon="-8.084660600870848">
        <ele>158.4</ele>
      </trkpt>
      <trkpt lat="37.97451909631491" lon="-8.084358097985387">
        <ele>158.6</ele>
      </trkpt>
      <trkpt lat="37.974170660600066" lon="-8.083757115527987">
        <ele>158</ele>
      </trkpt>
      <trkpt lat="37.974054822698236" lon="-8.083556285127997">
        <ele>158.5</ele>
      </trkpt>
      <trkpt lat="37.9737698379904" lon="-8.083066530525684">
        <ele>158.2</ele>
      </trkpt>
      <trkpt lat="37.973602870479226" lon="-8.082780288532376">
        <ele>157.1</ele>
      </trkpt>
      <trkpt lat="37.9732777364552" lon="-8.082222724333405">
        <ele>158.4</ele>
      </trkpt>
      <trkpt lat="37.97291060909629" lon="-8.081581424921751">
        <ele>158.2</ele>
      </trkpt>
      <trkpt lat="37.97254851087928" lon="-8.080952195450664">
        <ele>154.2</ele>
      </trkpt>
      <trkpt lat="37.972316751256585" lon="-8.080630917102098">
        <ele>153.5</ele>
      </trkpt>
      <trkpt lat="37.971857" lon="-8.080457">
        <ele>156.3</ele>
      </trkpt>
      <trkpt lat="37.971743" lon="-8.080464">
        <ele>157</ele>
      </trkpt>
      <trkpt lat="37.971557" lon="-8.080489">
        <ele>157.5</ele>
      </trkpt>
      <trkpt lat="37.96999" lon="-8.080788">
        <ele>158.5</ele>
      </trkpt>
      <trkpt lat="37.966893579053135" lon="-8.081339798091811">
        <ele>156.01889347977504</ele>
      </trkpt>
      <trkpt lat="37.966892" lon="-8.08134">
        <ele>156</ele>
      </trkpt>
      <trkpt lat="37.96687" lon="-8.081344">
        <ele>156</ele>
      </trkpt>
      <trkpt lat="37.96687" lon="-8.081344">
        <ele>155.65</ele>
      </trkpt>
      <trkpt lat="37.966626" lon="-8.081394">
        <ele>155.47</ele>
      </trkpt>
      <trkpt lat="37.966625" lon="-8.081664">
        <ele>156.12</ele>
      </trkpt>
      <trkpt lat="37.96656" lon="-8.081882">
        <ele>156.56</ele>
      </trkpt>
      <trkpt lat="37.966651" lon="-8.082429">
        <ele>158.05</ele>
      </trkpt>
      <trkpt lat="37.966513" lon="-8.082635">
        <ele>158.61</ele>
      </trkpt>
      <trkpt lat="37.964346" lon="-8.084063">
        <ele>168.78</ele>
      </trkpt>
      <trkpt lat="37.964204" lon="-8.08441">
        <ele>170.48</ele>
      </trkpt>
      <trkpt lat="37.96415" lon="-8.084727">
        <ele>171.12</ele>
      </trkpt>
      <trkpt lat="37.964121" lon="-8.08521">
        <ele>171.58</ele>
      </trkpt>
    </trkseg>
  </trk>
</gpx>
