<?xml version="1.0" encoding="UTF-8"?>
<gpx schemaLocation="http://www.topografix.com/GPX/1/1 http://www.topografix.com/GPX/1/1/gpx.xsd http://www.garmin.com/xmlschemas/GpxExtensions/v3 http://www.garmin.com/xmlschemas/GpxExtensionsv3.xsd http://www.garmin.com/xmlschemas/TrackPointExtension/v1 http://www.garmin.com/xmlschemas/TrackPointExtensionv1.xsd http://www.garmin.com/xmlschemas/PowerExtension/v1 http://www.garmin.com/xmlschemas/PowerExtensionv1.xsd http://www.topografix.com/GPX/gpx_style/0/2 http://www.topografix.com/GPX/gpx_style/0/2/gpx_style.xsd" version="1.1" creator="Garmin Desktop App" xmlns="http://www.topografix.com/GPX/1/1" xmlns:xsi="http://www.w3.org/2001/XMLSchema-instance" xsi:schemaLocation="http://www.topografix.com/GPX/1/1 http://www.topografix.com/GPX/1/1/gpx.xsd http://www.garmin.com/xmlschemas/GpxExtensions/v3 http://www.garmin.com/xmlschemas/GpxExtensionsv3.xsd http://www.garmin.com/xmlschemas/TrackPointExtension/v1 http://www.garmin.com/xmlschemas/TrackPointExtensionv1.xsd http://www.garmin.com/xmlschemas/PowerExtension/v1 http://www.garmin.com/xmlschemas/PowerExtensionv1.xsd http://www.topografix.com/GPX/gpx_style/0/2 http://www.topografix.com/GPX/gpx_style/0/2/gpx_style.xsd" xmlns:gpxtpx="http://www.garmin.com/xmlschemas/TrackPointExtension/v1" xmlns:gpxx="http://www.garmin.com/xmlschemas/GpxExtensions/v3" xmlns:gpxpx="http://www.garmin.com/xmlschemas/PowerExtension/v1" xmlns:gpx_style="http://www.topografix.com/GPX/gpx_style/0/2">
  <metadata>
    <name>Day6-2026 </name>
    <author>
      <name>gpx.studio</name>
      <link href="https://gpx.studio"/>
    </author>
  </metadata>
  <wpt lat="37.36831" lon="-7.969566">
    <ele>385.87323891486875</ele>
    <name>Fonte da Seiceira</name>
    <cmt>https://maps.app.goo.gl/qR7QMr3H4mVp9ABo8</cmt>
    <desc>https://maps.app.goo.gl/qR7QMr3H4mVp9ABo8</desc>
    <sym>Restaurant</sym>
  </wpt>
  <wpt lat="37.699661" lon="-8.084821">
    <ele>248.2293309311778</ele>
    <name>La Praça</name>
    <sym>Restaurant</sym>
  </wpt>
  <wpt lat="37.302045031429316" lon="-7.9506720086374685">
    <ele>573.5460966839057</ele>
    <name>Pinic Area</name>
    <sym>Restaurant</sym>
  </wpt>
  <wpt lat="37.236414" lon="-7.937955">
    <ele>464.1303119900126</ele>
    <name>turn right</name>
    <sym>Alert</sym>
  </wpt>
  <trk>
    <name>Day6-2026 </name>
    <type>Cycling</type>
    <extensions>
      <gpx_style:line>
        <gpx_style:color>1c71d8</gpx_style:color>
      </gpx_style:line>
    </extensions>
    <trkseg>
      <trkpt lat="37.966582" lon="-8.082016">
        <ele>156.5</ele>
      </trkpt>
      <trkpt lat="37.96656" lon="-8.081882">
        <ele>156.25</ele>
      </trkpt>
      <trkpt lat="37.96649" lon="-8.081709">
        <ele>155.75</ele>
      </trkpt>
      <trkpt lat="37.966429" lon="-8.081599">
        <ele>155.5</ele>
      </trkpt>
      <trkpt lat="37.966361" lon="-8.081523">
        <ele>155.5</ele>
      </trkpt>
      <trkpt lat="37.966267" lon="-8.081455">
        <ele>155.25</ele>
      </trkpt>
      <trkpt lat="37.966231" lon="-8.081462">
        <ele>155.5</ele>
      </trkpt>
      <trkpt lat="37.96623248237196" lon="-8.08146125675946">
        <ele>155.2587875823792</ele>
      </trkpt>
      <trkpt lat="37.965285" lon="-8.081633">
        <ele>155.5</ele>
      </trkpt>
      <trkpt lat="37.964932" lon="-8.081697">
        <ele>156</ele>
      </trkpt>
      <trkpt lat="37.964715" lon="-8.081737">
        <ele>156.5</ele>
      </trkpt>
      <trkpt lat="37.963896" lon="-8.081885">
        <ele>158.5</ele>
      </trkpt>
      <trkpt lat="37.963793" lon="-8.081903">
        <ele>158.75</ele>
      </trkpt>
      <trkpt lat="37.963443" lon="-8.08201">
        <ele>160</ele>
      </trkpt>
      <trkpt lat="37.963151" lon="-8.082191">
        <ele>161</ele>
      </trkpt>
      <trkpt lat="37.962851" lon="-8.082492">
        <ele>162</ele>
      </trkpt>
      <trkpt lat="37.962621" lon="-8.082884">
        <ele>162.75</ele>
      </trkpt>
      <trkpt lat="37.962621" lon="-8.082882">
        <ele>162.75</ele>
      </trkpt>
      <trkpt lat="37.962592" lon="-8.082933">
        <ele>162.75</ele>
      </trkpt>
      <trkpt lat="37.9614" lon="-8.085587">
        <ele>163</ele>
      </trkpt>
      <trkpt lat="37.961165" lon="-8.085888">
        <ele>162.5</ele>
      </trkpt>
      <trkpt lat="37.961165" lon="-8.085888">
        <ele>162.5</ele>
      </trkpt>
      <trkpt lat="37.96100886386883" lon="-8.086022450611164">
        <ele>162.06628547264296</ele>
      </trkpt>
      <trkpt lat="37.960985" lon="-8.086043">
        <ele>162</ele>
      </trkpt>
      <trkpt lat="37.96052525751293" lon="-8.086466565728188">
        <ele>160.1</ele>
      </trkpt>
      <trkpt lat="37.960211019963026" lon="-8.086707461625338">
        <ele>157.9</ele>
      </trkpt>
      <trkpt lat="37.95974414795637" lon="-8.087062435224652">
        <ele>156.7</ele>
      </trkpt>
      <trkpt lat="37.95954239554703" lon="-8.087214063853025">
        <ele>156</ele>
      </trkpt>
      <trkpt lat="37.959262523800135" lon="-8.087423276156187">
        <ele>155.2</ele>
      </trkpt>
      <trkpt lat="37.95879062265158" lon="-8.087784787639976">
        <ele>151.9</ele>
      </trkpt>
      <trkpt lat="37.95870571397245" lon="-8.087851088494062">
        <ele>151.1</ele>
      </trkpt>
      <trkpt lat="37.95853371731937" lon="-8.087983438745141">
        <ele>149.7</ele>
      </trkpt>
      <trkpt lat="37.95844813808799" lon="-8.088049069046974">
        <ele>149.4</ele>
      </trkpt>
      <trkpt lat="37.95836322940886" lon="-8.088114112615585">
        <ele>149.1</ele>
      </trkpt>
      <trkpt lat="37.95819223858416" lon="-8.088242774829268">
        <ele>148.4</ele>
      </trkpt>
      <trkpt lat="37.958020493388176" lon="-8.088374622166157">
        <ele>147.4</ele>
      </trkpt>
      <trkpt lat="37.95784690417349" lon="-8.088505882769823">
        <ele>145.9</ele>
      </trkpt>
      <trkpt lat="37.95767281204462" lon="-8.088639406487346">
        <ele>144.8</ele>
      </trkpt>
      <trkpt lat="37.95749846845865" lon="-8.088774187490344">
        <ele>144.2</ele>
      </trkpt>
      <trkpt lat="37.957326052710414" lon="-8.088905112817883">
        <ele>143.9</ele>
      </trkpt>
      <trkpt lat="37.95699496753514" lon="-8.089154055342078">
        <ele>143</ele>
      </trkpt>
      <trkpt lat="37.95662431977689" lon="-8.089436022564769">
        <ele>142.9</ele>
      </trkpt>
      <trkpt lat="37.95615023933351" lon="-8.089793846011162">
        <ele>142</ele>
      </trkpt>
      <trkpt lat="37.95576894655824" lon="-8.090086793527007">
        <ele>141.8</ele>
      </trkpt>
      <trkpt lat="37.955266535282135" lon="-8.090470265597105">
        <ele>141.8</ele>
      </trkpt>
      <trkpt lat="37.95488331466913" lon="-8.090761788189411">
        <ele>140.5</ele>
      </trkpt>
      <trkpt lat="37.95441769994795" lon="-8.091113828122616">
        <ele>139</ele>
      </trkpt>
      <trkpt lat="37.95387522317469" lon="-8.091527726501226">
        <ele>138.2</ele>
      </trkpt>
      <trkpt lat="37.95348177663982" lon="-8.091826038435102">
        <ele>137.1</ele>
      </trkpt>
      <trkpt lat="37.95297894626856" lon="-8.092209342867136">
        <ele>136.9</ele>
      </trkpt>
      <trkpt lat="37.95247871428728" lon="-8.092589797452092">
        <ele>134.6</ele>
      </trkpt>
      <trkpt lat="37.95197261497378" lon="-8.092974945902824">
        <ele>135.4</ele>
      </trkpt>
      <trkpt lat="37.95138948597014" lon="-8.093418348580599">
        <ele>134.7</ele>
      </trkpt>
      <trkpt lat="37.95098598115146" lon="-8.093723366037011">
        <ele>133.2</ele>
      </trkpt>
      <trkpt lat="37.95078791677952" lon="-8.093875413760543">
        <ele>132.3</ele>
      </trkpt>
      <trkpt lat="37.950459346175194" lon="-8.09412544593215">
        <ele>132.1</ele>
      </trkpt>
      <trkpt lat="37.94994419440627" lon="-8.094516629353166">
        <ele>133</ele>
      </trkpt>
      <trkpt lat="37.94945511035621" lon="-8.094890294596553">
        <ele>131.7</ele>
      </trkpt>
      <trkpt lat="37.94916610233486" lon="-8.095108978450298">
        <ele>132.7</ele>
      </trkpt>
      <trkpt lat="37.948694452643394" lon="-8.095469065010548">
        <ele>133</ele>
      </trkpt>
      <trkpt lat="37.94820964336395" lon="-8.095835270360112">
        <ele>132.6</ele>
      </trkpt>
      <trkpt lat="37.94772273860872" lon="-8.096202397719026">
        <ele>131.3</ele>
      </trkpt>
      <trkpt lat="37.94724656268954" lon="-8.0965646635741">
        <ele>132.3</ele>
      </trkpt>
      <trkpt lat="37.946697464212775" lon="-8.096979651600122">
        <ele>131.1</ele>
      </trkpt>
      <trkpt lat="37.94629806652665" lon="-8.097280310466886">
        <ele>132.5</ele>
      </trkpt>
      <trkpt lat="37.94600956141949" lon="-8.097506370395422">
        <ele>133.5</ele>
      </trkpt>
      <trkpt lat="37.94571636244655" lon="-8.097729245200753">
        <ele>134.6</ele>
      </trkpt>
      <trkpt lat="37.945412853732705" lon="-8.09795974753797">
        <ele>134.9</ele>
      </trkpt>
      <trkpt lat="37.944910023361444" lon="-8.098338944837451">
        <ele>134.2</ele>
      </trkpt>
      <trkpt lat="37.944523533806205" lon="-8.09863013215363">
        <ele>135.9</ele>
      </trkpt>
      <trkpt lat="37.94423351995647" lon="-8.098851749673486">
        <ele>137.3</ele>
      </trkpt>
      <trkpt lat="37.943985499441624" lon="-8.09904109686613">
        <ele>137.9</ele>
      </trkpt>
      <trkpt lat="37.94348007068038" lon="-8.099421635270119">
        <ele>136.1</ele>
      </trkpt>
      <trkpt lat="37.94300263747573" lon="-8.09987023472786">
        <ele>134.4</ele>
      </trkpt>
      <trkpt lat="37.94283751398325" lon="-8.100197967141867">
        <ele>134.4</ele>
      </trkpt>
      <trkpt lat="37.94266660697758" lon="-8.100696858018637">
        <ele>132.3</ele>
      </trkpt>
      <trkpt lat="37.942571975290775" lon="-8.10097211971879">
        <ele>130.3</ele>
      </trkpt>
      <trkpt lat="37.94247508049011" lon="-8.101254422217607">
        <ele>127.6</ele>
      </trkpt>
      <trkpt lat="37.9423719830811" lon="-8.10154628008604">
        <ele>127.1</ele>
      </trkpt>
      <trkpt lat="37.942286068573594" lon="-8.101743422448635">
        <ele>126.7</ele>
      </trkpt>
      <trkpt lat="37.94217291288078" lon="-8.101929081603885">
        <ele>126.6</ele>
      </trkpt>
      <trkpt lat="37.94187870807946" lon="-8.102198140695691">
        <ele>126.8</ele>
      </trkpt>
      <trkpt lat="37.94172280468047" lon="-8.102286318317056">
        <ele>127.3</ele>
      </trkpt>
      <trkpt lat="37.9413135163486" lon="-8.102517575025558">
        <ele>130.1</ele>
      </trkpt>
      <trkpt lat="37.94116733595729" lon="-8.102680016309023">
        <ele>131.1</ele>
      </trkpt>
      <trkpt lat="37.94107052497566" lon="-8.102880595251918">
        <ele>131.7</ele>
      </trkpt>
      <trkpt lat="37.94102434068918" lon="-8.103124676272273">
        <ele>130.9</ele>
      </trkpt>
      <trkpt lat="37.94100573286414" lon="-8.10331167653203">
        <ele>129.8</ele>
      </trkpt>
      <trkpt lat="37.94097279198468" lon="-8.1037259940058">
        <ele>127.5</ele>
      </trkpt>
      <trkpt lat="37.94091579504311" lon="-8.104304177686572">
        <ele>125.4</ele>
      </trkpt>
      <trkpt lat="37.94078025966883" lon="-8.104622773826122">
        <ele>124.4</ele>
      </trkpt>
      <trkpt lat="37.94054975733161" lon="-8.104850174859166">
        <ele>123.8</ele>
      </trkpt>
      <trkpt lat="37.94018187560141" lon="-8.10496374964714">
        <ele>126.7</ele>
      </trkpt>
      <trkpt lat="37.93970880098641" lon="-8.10477658174932">
        <ele>127.8</ele>
      </trkpt>
      <trkpt lat="37.939454074949026" lon="-8.104576338082552">
        <ele>128.7</ele>
      </trkpt>
      <trkpt lat="37.93933077715337" lon="-8.104488160461187">
        <ele>129.7</ele>
      </trkpt>
      <trkpt lat="37.939199432730675" lon="-8.104415154084563">
        <ele>130.8</ele>
      </trkpt>
      <trkpt lat="37.93899340555072" lon="-8.104343824088573">
        <ele>129.9</ele>
      </trkpt>
      <trkpt lat="37.93870909139514" lon="-8.10435681603849">
        <ele>128.3</ele>
      </trkpt>
      <trkpt lat="37.9381619207561" lon="-8.104543313384056">
        <ele>127.7</ele>
      </trkpt>
      <trkpt lat="37.93763553723693" lon="-8.104761829599738">
        <ele>128.1</ele>
      </trkpt>
      <trkpt lat="37.93721635825932" lon="-8.104934748262167">
        <ele>127.2</ele>
      </trkpt>
      <trkpt lat="37.93686842545867" lon="-8.105077827349305">
        <ele>124.6</ele>
      </trkpt>
      <trkpt lat="37.93659768998623" lon="-8.105185450986028">
        <ele>124.6</ele>
      </trkpt>
      <trkpt lat="37.93622067198157" lon="-8.105341270565987">
        <ele>124.4</ele>
      </trkpt>
      <trkpt lat="37.935824543237686" lon="-8.1055046338588">
        <ele>120.9</ele>
      </trkpt>
      <trkpt lat="37.93562438338995" lon="-8.105585183948278">
        <ele>118.9</ele>
      </trkpt>
      <trkpt lat="37.93552388437092" lon="-8.105623489245772">
        <ele>118.2</ele>
      </trkpt>
      <trkpt lat="37.93542254716158" lon="-8.105664225295186">
        <ele>117.5</ele>
      </trkpt>
      <trkpt lat="37.935320707038045" lon="-8.105706302449107">
        <ele>117.1</ele>
      </trkpt>
      <trkpt lat="37.93500973843038" lon="-8.105831863358617">
        <ele>116.5</ele>
      </trkpt>
      <trkpt lat="37.93480639345944" lon="-8.105923645198345">
        <ele>115.3</ele>
      </trkpt>
      <trkpt lat="37.934707906097174" lon="-8.105979049578309">
        <ele>114.6</ele>
      </trkpt>
      <trkpt lat="37.934613190591335" lon="-8.106047781184316">
        <ele>113.8</ele>
      </trkpt>
      <trkpt lat="37.934439769014716" lon="-8.10621458105743">
        <ele>112.1</ele>
      </trkpt>
      <trkpt lat="37.934292079880834" lon="-8.106419015675783">
        <ele>111.1</ele>
      </trkpt>
      <trkpt lat="37.9341574665159" lon="-8.10663091018796">
        <ele>111.1</ele>
      </trkpt>
      <trkpt lat="37.934028804302216" lon="-8.106836518272758">
        <ele>111.5</ele>
      </trkpt>
      <trkpt lat="37.93377541936934" lon="-8.10724614188075">
        <ele>112.6</ele>
      </trkpt>
      <trkpt lat="37.93359722010791" lon="-8.107548896223307">
        <ele>113.9</ele>
      </trkpt>
      <trkpt lat="37.93325264006853" lon="-8.108108974993229">
        <ele>113</ele>
      </trkpt>
      <trkpt lat="37.932927422225475" lon="-8.108639968559146">
        <ele>109.1</ele>
      </trkpt>
      <trkpt lat="37.93255006894469" lon="-8.10925335623324">
        <ele>108.1</ele>
      </trkpt>
      <trkpt lat="37.93238368816674" lon="-8.109521074220538">
        <ele>107.8</ele>
      </trkpt>
      <trkpt lat="37.93215871788561" lon="-8.109889291226864">
        <ele>108.1</ele>
      </trkpt>
      <trkpt lat="37.93185948394239" lon="-8.110368316993117">
        <ele>107.4</ele>
      </trkpt>
      <trkpt lat="37.93164708651602" lon="-8.110640477389097">
        <ele>105</ele>
      </trkpt>
      <trkpt lat="37.93147634714842" lon="-8.110785568132997">
        <ele>103.1</ele>
      </trkpt>
      <trkpt lat="37.93138397857547" lon="-8.110843570902944">
        <ele>101.9</ele>
      </trkpt>
      <trkpt lat="37.93119052425027" lon="-8.11094163917005">
        <ele>97.9</ele>
      </trkpt>
      <trkpt lat="37.9308105725795" lon="-8.111122017726302">
        <ele>93.6</ele>
      </trkpt>
      <trkpt lat="37.930557103827596" lon="-8.11124456115067">
        <ele>95.8</ele>
      </trkpt>
      <trkpt lat="37.93024521321058" lon="-8.11141312122345">
        <ele>99.3</ele>
      </trkpt>
      <trkpt lat="37.92967767454684" lon="-8.111574305221438">
        <ele>103.9</ele>
      </trkpt>
      <trkpt lat="37.929427810013294" lon="-8.111616298556328">
        <ele>105</ele>
      </trkpt>
      <trkpt lat="37.92931088246405" lon="-8.111659632995725">
        <ele>105.5</ele>
      </trkpt>
      <trkpt lat="37.92915062047541" lon="-8.111743116751313">
        <ele>105.7</ele>
      </trkpt>
      <trkpt lat="37.928929924964905" lon="-8.111923076212406">
        <ele>106</ele>
      </trkpt>
      <trkpt lat="37.928817607462406" lon="-8.112035728991032">
        <ele>105.8</ele>
      </trkpt>
      <trkpt lat="37.92871358804405" lon="-8.112143771722913">
        <ele>106.3</ele>
      </trkpt>
      <trkpt lat="37.92852600105107" lon="-8.112299423664808">
        <ele>107.3</ele>
      </trkpt>
      <trkpt lat="37.928361631929874" lon="-8.11237670481205">
        <ele>108</ele>
      </trkpt>
      <trkpt lat="37.928231712430716" lon="-8.11239774338901">
        <ele>108.5</ele>
      </trkpt>
      <trkpt lat="37.92806985788047" lon="-8.112404281273484">
        <ele>109</ele>
      </trkpt>
      <trkpt lat="37.92791496030986" lon="-8.112376118078828">
        <ele>109.6</ele>
      </trkpt>
      <trkpt lat="37.92769141495228" lon="-8.112289784476161">
        <ele>111.2</ele>
      </trkpt>
      <trkpt lat="37.92749427258968" lon="-8.112142095342278">
        <ele>112.9</ele>
      </trkpt>
      <trkpt lat="37.92731246910989" lon="-8.111967332661152">
        <ele>114.9</ele>
      </trkpt>
      <trkpt lat="37.92715991847217" lon="-8.111822828650475">
        <ele>116.1</ele>
      </trkpt>
      <trkpt lat="37.92698264122009" lon="-8.111692992970347">
        <ele>117.1</ele>
      </trkpt>
      <trkpt lat="37.92661073617637" lon="-8.111463580280542">
        <ele>119.5</ele>
      </trkpt>
      <trkpt lat="37.926515098661184" lon="-8.111428041011095">
        <ele>119.9</ele>
      </trkpt>
      <trkpt lat="37.92627101764083" lon="-8.11139794997871">
        <ele>120.5</ele>
      </trkpt>
      <trkpt lat="37.92614679783583" lon="-8.111415719613433">
        <ele>120.8</ele>
      </trkpt>
      <trkpt lat="37.925833985209465" lon="-8.111553015187383">
        <ele>121</ele>
      </trkpt>
      <trkpt lat="37.92560750618577" lon="-8.111713444814086">
        <ele>122.3</ele>
      </trkpt>
      <trkpt lat="37.92538119480014" lon="-8.111982755362988">
        <ele>123.4</ele>
      </trkpt>
      <trkpt lat="37.925258399918675" lon="-8.112222729250789">
        <ele>123.5</ele>
      </trkpt>
      <trkpt lat="37.92507793754339" lon="-8.112670490518212">
        <ele>125.7</ele>
      </trkpt>
      <trkpt lat="37.92500149458647" lon="-8.112869644537568">
        <ele>126.6</ele>
      </trkpt>
      <trkpt lat="37.92489378713071" lon="-8.113149600103498">
        <ele>127.6</ele>
      </trkpt>
      <trkpt lat="37.924799406901" lon="-8.113414468243718">
        <ele>128.5</ele>
      </trkpt>
      <trkpt lat="37.92468935251236" lon="-8.113783523440361">
        <ele>129.5</ele>
      </trkpt>
      <trkpt lat="37.924644174054265" lon="-8.113942863419652">
        <ele>130.1</ele>
      </trkpt>
      <trkpt lat="37.92454526759684" lon="-8.114295825362206">
        <ele>131.7</ele>
      </trkpt>
      <trkpt lat="37.92447150684893" lon="-8.11448466964066">
        <ele>133.2</ele>
      </trkpt>
      <trkpt lat="37.92445667088032" lon="-8.114622216671705">
        <ele>134.1</ele>
      </trkpt>
      <trkpt lat="37.924350472167134" lon="-8.115001246333122">
        <ele>136.4</ele>
      </trkpt>
      <trkpt lat="37.92427704669535" lon="-8.115268126130104">
        <ele>135.7</ele>
      </trkpt>
      <trkpt lat="37.92419448494911" lon="-8.115530228242278">
        <ele>136.5</ele>
      </trkpt>
      <trkpt lat="37.924058362841606" lon="-8.115920154377818">
        <ele>138.3</ele>
      </trkpt>
      <trkpt lat="37.92399214580655" lon="-8.116097431629896">
        <ele>138.4</ele>
      </trkpt>
      <trkpt lat="37.9239100869745" lon="-8.116291724145412">
        <ele>138.4</ele>
      </trkpt>
      <trkpt lat="37.9237065743655" lon="-8.116837218403816">
        <ele>138.9</ele>
      </trkpt>
      <trkpt lat="37.92347456328571" lon="-8.117456892505288">
        <ele>136.3</ele>
      </trkpt>
      <trkpt lat="37.92324163019657" lon="-8.117901971563697">
        <ele>135.6</ele>
      </trkpt>
      <trkpt lat="37.923145070672035" lon="-8.118033818900585">
        <ele>135.3</ele>
      </trkpt>
      <trkpt lat="37.9230828769505" lon="-8.118129121139646">
        <ele>135.2</ele>
      </trkpt>
      <trkpt lat="37.92301330715418" lon="-8.118214784190059">
        <ele>134.9</ele>
      </trkpt>
      <trkpt lat="37.922908617183566" lon="-8.11833799816668">
        <ele>134.7</ele>
      </trkpt>
      <trkpt lat="37.922806441783905" lon="-8.118465906009078">
        <ele>134.6</ele>
      </trkpt>
      <trkpt lat="37.92273863218725" lon="-8.118553329259157">
        <ele>134.5</ele>
      </trkpt>
      <trkpt lat="37.922556325793266" lon="-8.118761032819748">
        <ele>134.4</ele>
      </trkpt>
      <trkpt lat="37.92247678153217" lon="-8.118837224319577">
        <ele>134.5</ele>
      </trkpt>
      <trkpt lat="37.92218375019729" lon="-8.119019698351622">
        <ele>134</ele>
      </trkpt>
      <trkpt lat="37.92189775966108" lon="-8.119086837396026">
        <ele>132.9</ele>
      </trkpt>
      <trkpt lat="37.92171503417194" lon="-8.119065966457129">
        <ele>132.8</ele>
      </trkpt>
      <trkpt lat="37.92153884656727" lon="-8.118977537378669">
        <ele>132.9</ele>
      </trkpt>
      <trkpt lat="37.92142543941736" lon="-8.118893718346953">
        <ele>133.2</ele>
      </trkpt>
      <trkpt lat="37.92132074944675" lon="-8.118790620937943">
        <ele>133.2</ele>
      </trkpt>
      <trkpt lat="37.92123433202505" lon="-8.118657851591706">
        <ele>132.4</ele>
      </trkpt>
      <trkpt lat="37.921151937916875" lon="-8.118514018133283">
        <ele>131.5</ele>
      </trkpt>
      <trkpt lat="37.920988406986" lon="-8.118208330124617">
        <ele>129.6</ele>
      </trkpt>
      <trkpt lat="37.920672660693526" lon="-8.117976738139987">
        <ele>130.1</ele>
      </trkpt>
      <trkpt lat="37.92038708925247" lon="-8.118010265752673">
        <ele>128.7</ele>
      </trkpt>
      <trkpt lat="37.920179553329945" lon="-8.11805703677237">
        <ele>127</ele>
      </trkpt>
      <trkpt lat="37.91961193084717" lon="-8.118238588795066">
        <ele>126</ele>
      </trkpt>
      <trkpt lat="37.91951855644584" lon="-8.118283599615097">
        <ele>126.3</ele>
      </trkpt>
      <trkpt lat="37.919428115710616" lon="-8.118329867720604">
        <ele>126.5</ele>
      </trkpt>
      <trkpt lat="37.919335663318634" lon="-8.118380913510919">
        <ele>126.8</ele>
      </trkpt>
      <trkpt lat="37.91901111602783" lon="-8.118564141914248">
        <ele>127.7</ele>
      </trkpt>
      <trkpt lat="37.918845573440194" lon="-8.118680231273174">
        <ele>128.9</ele>
      </trkpt>
      <trkpt lat="37.918735686689615" lon="-8.11877142637968">
        <ele>129.9</ele>
      </trkpt>
      <trkpt lat="37.91865815408528" lon="-8.118834123015404">
        <ele>130.4</ele>
      </trkpt>
      <trkpt lat="37.918590093031526" lon="-8.118912409991026">
        <ele>130.9</ele>
      </trkpt>
      <trkpt lat="37.918517254292965" lon="-8.118980135768652">
        <ele>131.5</ele>
      </trkpt>
      <trkpt lat="37.918444499373436" lon="-8.11904995702207">
        <ele>132</ele>
      </trkpt>
      <trkpt lat="37.918341401964426" lon="-8.119156323373318">
        <ele>132.7</ele>
      </trkpt>
      <trkpt lat="37.91821416467428" lon="-8.119296804070473">
        <ele>133.3</ele>
      </trkpt>
      <trkpt lat="37.91783094406128" lon="-8.119778260588646">
        <ele>133.7</ele>
      </trkpt>
      <trkpt lat="37.91769666597247" lon="-8.119954196736217">
        <ele>134.1</ele>
      </trkpt>
      <trkpt lat="37.917579151690006" lon="-8.120097443461418">
        <ele>134.3</ele>
      </trkpt>
      <trkpt lat="37.91746591217816" lon="-8.120245803147554">
        <ele>134.9</ele>
      </trkpt>
      <trkpt lat="37.91727631352842" lon="-8.120440430939198">
        <ele>135.1</ele>
      </trkpt>
      <trkpt lat="37.9170389380306" lon="-8.120584767311811">
        <ele>135.5</ele>
      </trkpt>
      <trkpt lat="37.91669142432511" lon="-8.120677722617984">
        <ele>137</ele>
      </trkpt>
      <trkpt lat="37.916501155123115" lon="-8.12073078006506">
        <ele>138.1</ele>
      </trkpt>
      <trkpt lat="37.916272496804595" lon="-8.120789034292102">
        <ele>139.8</ele>
      </trkpt>
      <trkpt lat="37.91607091203332" lon="-8.120845193043351">
        <ele>141.2</ele>
      </trkpt>
      <trkpt lat="37.91591207496822" lon="-8.120884504169226">
        <ele>141.8</ele>
      </trkpt>
      <trkpt lat="37.91567796841264" lon="-8.120941082015634">
        <ele>141.8</ele>
      </trkpt>
      <trkpt lat="37.91550764814019" lon="-8.120992463082075">
        <ele>141.7</ele>
      </trkpt>
      <trkpt lat="37.915310338139534" lon="-8.12106211669743">
        <ele>141.9</ele>
      </trkpt>
      <trkpt lat="37.914907252416015" lon="-8.121334025636315">
        <ele>143.8</ele>
      </trkpt>
      <trkpt lat="37.91480474174023" lon="-8.121414575725794">
        <ele>144.2</ele>
      </trkpt>
      <trkpt lat="37.914338037371635" lon="-8.121773740276694">
        <ele>144.6</ele>
      </trkpt>
      <trkpt lat="37.91408121585846" lon="-8.121982784941792">
        <ele>145.7</ele>
      </trkpt>
      <trkpt lat="37.91393369436264" lon="-8.122100550681353">
        <ele>146.5</ele>
      </trkpt>
      <trkpt lat="37.913568913936615" lon="-8.12239844352007">
        <ele>147.7</ele>
      </trkpt>
      <trkpt lat="37.91327361948788" lon="-8.122604470700026">
        <ele>149.4</ele>
      </trkpt>
      <trkpt lat="37.91314160451293" lon="-8.122637998312712">
        <ele>149.8</ele>
      </trkpt>
      <trkpt lat="37.912936666980386" lon="-8.122614361345768">
        <ele>149.9</ele>
      </trkpt>
      <trkpt lat="37.91253140196204" lon="-8.122495086863637">
        <ele>149.9</ele>
      </trkpt>
      <trkpt lat="37.91232311166823" lon="-8.122456446290016">
        <ele>149.8</ele>
      </trkpt>
      <trkpt lat="37.91207525879145" lon="-8.122547809034586">
        <ele>150.1</ele>
      </trkpt>
      <trkpt lat="37.91168591938913" lon="-8.122963048517704">
        <ele>151</ele>
      </trkpt>
      <trkpt lat="37.91149917058647" lon="-8.12317293137312">
        <ele>149.5</ele>
      </trkpt>
      <trkpt lat="37.91141183115542" lon="-8.123290278017521">
        <ele>148.5</ele>
      </trkpt>
      <trkpt lat="37.91133999824524" lon="-8.12341969460249">
        <ele>148.1</ele>
      </trkpt>
      <trkpt lat="37.91121820919216" lon="-8.123697973787785">
        <ele>147.8</ele>
      </trkpt>
      <trkpt lat="37.911117961630225" lon="-8.124004919081926">
        <ele>147.5</ele>
      </trkpt>
      <trkpt lat="37.91095208376646" lon="-8.124686451628804">
        <ele>147.1</ele>
      </trkpt>
      <trkpt lat="37.91088695637882" lon="-8.124954756349325">
        <ele>147</ele>
      </trkpt>
      <trkpt lat="37.91082467883825" lon="-8.125229179859161">
        <ele>146</ele>
      </trkpt>
      <trkpt lat="37.91067397221923" lon="-8.125829240307212">
        <ele>142</ele>
      </trkpt>
      <trkpt lat="37.910296032205224" lon="-8.126287562772632">
        <ele>142</ele>
      </trkpt>
      <trkpt lat="37.91017566807568" lon="-8.126333830878139">
        <ele>142.3</ele>
      </trkpt>
      <trkpt lat="37.9098569881171" lon="-8.126259483397007">
        <ele>143.4</ele>
      </trkpt>
      <trkpt lat="37.90951534174383" lon="-8.126043817028403">
        <ele>144.1</ele>
      </trkpt>
      <trkpt lat="37.909301687031984" lon="-8.125911550596356">
        <ele>144.3</ele>
      </trkpt>
      <trkpt lat="37.90916900150478" lon="-8.125835191458464">
        <ele>143.9</ele>
      </trkpt>
      <trkpt lat="37.90899298153818" lon="-8.125719018280506">
        <ele>143.2</ele>
      </trkpt>
      <trkpt lat="37.90890865959227" lon="-8.125661602243781">
        <ele>143.4</ele>
      </trkpt>
      <trkpt lat="37.908695843070745" lon="-8.125526066869497">
        <ele>144.4</ele>
      </trkpt>
      <trkpt lat="37.90860892273486" lon="-8.125473009422421">
        <ele>145.8</ele>
      </trkpt>
      <trkpt lat="37.908302899450064" lon="-8.125284416601062">
        <ele>151.7</ele>
      </trkpt>
      <trkpt lat="37.90803794749081" lon="-8.125117449089885">
        <ele>154.3</ele>
      </trkpt>
      <trkpt lat="37.90786846540868" lon="-8.12501510605216">
        <ele>154.1</ele>
      </trkpt>
      <trkpt lat="37.907607620581985" lon="-8.124851575121284">
        <ele>153.2</ele>
      </trkpt>
      <trkpt lat="37.907384326681495" lon="-8.124710340052843">
        <ele>153</ele>
      </trkpt>
      <trkpt lat="37.90693061426282" lon="-8.124428791925311">
        <ele>154.5</ele>
      </trkpt>
      <trkpt lat="37.9067019559443" lon="-8.124285796657205">
        <ele>155</ele>
      </trkpt>
      <trkpt lat="37.90632124990225" lon="-8.124081613495946">
        <ele>155</ele>
      </trkpt>
      <trkpt lat="37.90587700903416" lon="-8.124078512191772">
        <ele>154.5</ele>
      </trkpt>
      <trkpt lat="37.90570518001914" lon="-8.124114973470569">
        <ele>154.2</ele>
      </trkpt>
      <trkpt lat="37.90558699518442" lon="-8.124141041189432">
        <ele>153.9</ele>
      </trkpt>
      <trkpt lat="37.905405946075916" lon="-8.124179933220148">
        <ele>153.6</ele>
      </trkpt>
      <trkpt lat="37.90522003546357" lon="-8.12422108836472">
        <ele>153.7</ele>
      </trkpt>
      <trkpt lat="37.90495499968529" lon="-8.12427137978375">
        <ele>153.5</ele>
      </trkpt>
      <trkpt lat="37.90451964363456" lon="-8.124352348968387">
        <ele>151.6</ele>
      </trkpt>
      <trkpt lat="37.90422166697681" lon="-8.124400712549686">
        <ele>150.8</ele>
      </trkpt>
      <trkpt lat="37.90399493649602" lon="-8.124441029503942">
        <ele>149.7</ele>
      </trkpt>
      <trkpt lat="37.90368388406932" lon="-8.12449760735035">
        <ele>147.8</ele>
      </trkpt>
      <trkpt lat="37.90352554991841" lon="-8.124536834657192">
        <ele>147.2</ele>
      </trkpt>
      <trkpt lat="37.90300318971276" lon="-8.124786783009768">
        <ele>146</ele>
      </trkpt>
      <trkpt lat="37.90279297158122" lon="-8.12491687014699">
        <ele>144.5</ele>
      </trkpt>
      <trkpt lat="37.90265081450343" lon="-8.125004544854164">
        <ele>143.8</ele>
      </trkpt>
      <trkpt lat="37.90214253589511" lon="-8.125317776575685">
        <ele>144.1</ele>
      </trkpt>
      <trkpt lat="37.90192477405071" lon="-8.125451048836112">
        <ele>143.5</ele>
      </trkpt>
      <trkpt lat="37.90142512880266" lon="-8.125763526186347">
        <ele>143</ele>
      </trkpt>
      <trkpt lat="37.90088499896228" lon="-8.12610131688416">
        <ele>145.7</ele>
      </trkpt>
      <trkpt lat="37.90044251829386" lon="-8.126420751214027">
        <ele>143.5</ele>
      </trkpt>
      <trkpt lat="37.90002325549722" lon="-8.126928191632032">
        <ele>142.2</ele>
      </trkpt>
      <trkpt lat="37.89966627024114" lon="-8.127363547682762">
        <ele>143.5</ele>
      </trkpt>
      <trkpt lat="37.89927005767822" lon="-8.127850787714124">
        <ele>141.4</ele>
      </trkpt>
      <trkpt lat="37.89887007325888" lon="-8.128346661105752">
        <ele>142.6</ele>
      </trkpt>
      <trkpt lat="37.898405799642205" lon="-8.128829123452306">
        <ele>141.3</ele>
      </trkpt>
      <trkpt lat="37.89791252464056" lon="-8.12918703071773">
        <ele>139.5</ele>
      </trkpt>
      <trkpt lat="37.89763826876879" lon="-8.129379311576486">
        <ele>138.5</ele>
      </trkpt>
      <trkpt lat="37.89742738008499" lon="-8.12952859327197">
        <ele>138.1</ele>
      </trkpt>
      <trkpt lat="37.897216407582164" lon="-8.129678796976805">
        <ele>137.7</ele>
      </trkpt>
      <trkpt lat="37.89671340957284" lon="-8.130038045346737">
        <ele>135.1</ele>
      </trkpt>
      <trkpt lat="37.8965806402266" lon="-8.130160169675946">
        <ele>134.6</ele>
      </trkpt>
      <trkpt lat="37.8963874373585" lon="-8.130484716966748">
        <ele>133.4</ele>
      </trkpt>
      <trkpt lat="37.89613304659724" lon="-8.13100079074502">
        <ele>131.7</ele>
      </trkpt>
      <trkpt lat="37.89593204855919" lon="-8.131424244493246">
        <ele>133.1</ele>
      </trkpt>
      <trkpt lat="37.89572945795953" lon="-8.132068226113915">
        <ele>133.4</ele>
      </trkpt>
      <trkpt lat="37.89560473524034" lon="-8.132560914382339">
        <ele>130</ele>
      </trkpt>
      <trkpt lat="37.89550951682031" lon="-8.132943380624056">
        <ele>130.5</ele>
      </trkpt>
      <trkpt lat="37.89539862424135" lon="-8.13330128788948">
        <ele>129.6</ele>
      </trkpt>
      <trkpt lat="37.89502244442701" lon="-8.133750390261412">
        <ele>128.3</ele>
      </trkpt>
      <trkpt lat="37.89453855715692" lon="-8.13398826867342">
        <ele>127.5</ele>
      </trkpt>
      <trkpt lat="37.89430545642972" lon="-8.13466309569776">
        <ele>124</ele>
      </trkpt>
      <trkpt lat="37.89438567124307" lon="-8.134843055158854">
        <ele>122.7</ele>
      </trkpt>
      <trkpt lat="37.894567642360926" lon="-8.135204399004579">
        <ele>121.7</ele>
      </trkpt>
      <trkpt lat="37.89472404867411" lon="-8.135779649019241">
        <ele>121.8</ele>
      </trkpt>
      <trkpt lat="37.894820775836706" lon="-8.136249789968133">
        <ele>121.9</ele>
      </trkpt>
      <trkpt lat="37.895306926220655" lon="-8.136607026681304">
        <ele>120.7</ele>
      </trkpt>
      <trkpt lat="37.89540004916489" lon="-8.136617001146078">
        <ele>120.6</ele>
      </trkpt>
      <trkpt lat="37.895494094118476" lon="-8.136633010581136">
        <ele>120.6</ele>
      </trkpt>
      <trkpt lat="37.895834650844336" lon="-8.137165009975433">
        <ele>116.8</ele>
      </trkpt>
      <trkpt lat="37.89585795253515" lon="-8.137440020218492">
        <ele>118.1</ele>
      </trkpt>
      <trkpt lat="37.895796010270715" lon="-8.137692147865891">
        <ele>120</ele>
      </trkpt>
      <trkpt lat="37.89563859812915" lon="-8.137855175882578">
        <ele>121.3</ele>
      </trkpt>
      <trkpt lat="37.89554505608976" lon="-8.13791485503316">
        <ele>121.9</ele>
      </trkpt>
      <trkpt lat="37.89534724317491" lon="-8.138009151443839">
        <ele>122.5</ele>
      </trkpt>
      <trkpt lat="37.895136354491115" lon="-8.138082241639495">
        <ele>122.5</ele>
      </trkpt>
      <trkpt lat="37.89492420852184" lon="-8.138152733445168">
        <ele>122.1</ele>
      </trkpt>
      <trkpt lat="37.894822200760245" lon="-8.138200677931309">
        <ele>122.3</ele>
      </trkpt>
      <trkpt lat="37.89467526599765" lon="-8.138359766453505">
        <ele>124.1</ele>
      </trkpt>
      <trkpt lat="37.89467887021601" lon="-8.138559171929955">
        <ele>127</ele>
      </trkpt>
      <trkpt lat="37.894819686189294" lon="-8.138644499704242">
        <ele>127.8</ele>
      </trkpt>
      <trkpt lat="37.89496167562902" lon="-8.138620611280203">
        <ele>127.5</ele>
      </trkpt>
      <trkpt lat="37.89510282687843" lon="-8.138561183586717">
        <ele>126.5</ele>
      </trkpt>
      <trkpt lat="37.89533391594887" lon="-8.13856772147119">
        <ele>125.6</ele>
      </trkpt>
      <trkpt lat="37.89553499780595" lon="-8.138727815821767">
        <ele>125.9</ele>
      </trkpt>
      <trkpt lat="37.89566676132381" lon="-8.139084465801716">
        <ele>127</ele>
      </trkpt>
      <trkpt lat="37.895669946447015" lon="-8.139320751652122">
        <ele>128.4</ele>
      </trkpt>
      <trkpt lat="37.89562719874084" lon="-8.139501381665468">
        <ele>130.2</ele>
      </trkpt>
      <trkpt lat="37.895520497113466" lon="-8.139624428004026">
        <ele>131.5</ele>
      </trkpt>
      <trkpt lat="37.89543131366372" lon="-8.139676982536912">
        <ele>132.2</ele>
      </trkpt>
      <trkpt lat="37.89530022069812" lon="-8.139713359996676">
        <ele>133.3</ele>
      </trkpt>
      <trkpt lat="37.89503384381533" lon="-8.139703469350934">
        <ele>135.1</ele>
      </trkpt>
      <trkpt lat="37.89486260153353" lon="-8.13974923454225">
        <ele>136.4</ele>
      </trkpt>
      <trkpt lat="37.894701501354575" lon="-8.139922991394997">
        <ele>138.4</ele>
      </trkpt>
      <trkpt lat="37.89463637396693" lon="-8.140062214806676">
        <ele>139.6</ele>
      </trkpt>
      <trkpt lat="37.89457803592086" lon="-8.140197163447738">
        <ele>140.6</ele>
      </trkpt>
      <trkpt lat="37.89452229626477" lon="-8.140327837318182">
        <ele>141.5</ele>
      </trkpt>
      <trkpt lat="37.894425904378295" lon="-8.140509137883782">
        <ele>142.6</ele>
      </trkpt>
      <trkpt lat="37.89434828795493" lon="-8.140641571953893">
        <ele>142.6</ele>
      </trkpt>
      <trkpt lat="37.89423127658665" lon="-8.140780460089445">
        <ele>143.3</ele>
      </trkpt>
      <trkpt lat="37.89411066100001" lon="-8.140882886946201">
        <ele>144</ele>
      </trkpt>
      <trkpt lat="37.89395350031555" lon="-8.140997048467398">
        <ele>144.5</ele>
      </trkpt>
      <trkpt lat="37.89379038847983" lon="-8.141122525557876">
        <ele>144.9</ele>
      </trkpt>
      <trkpt lat="37.89365476928651" lon="-8.141228724271059">
        <ele>144.8</ele>
      </trkpt>
      <trkpt lat="37.89354999549687" lon="-8.141305334866047">
        <ele>144.6</ele>
      </trkpt>
      <trkpt lat="37.8932791762054" lon="-8.141510523855686">
        <ele>145</ele>
      </trkpt>
      <trkpt lat="37.89277609437704" lon="-8.141885362565517">
        <ele>142.8</ele>
      </trkpt>
      <trkpt lat="37.89255355484784" lon="-8.142051240429282">
        <ele>140.1</ele>
      </trkpt>
      <trkpt lat="37.89243411272764" lon="-8.14213908277452">
        <ele>138.8</ele>
      </trkpt>
      <trkpt lat="37.8921876847744" lon="-8.142331028357148">
        <ele>137.3</ele>
      </trkpt>
      <trkpt lat="37.89206153713167" lon="-8.142425240948796">
        <ele>136.9</ele>
      </trkpt>
      <trkpt lat="37.89193949662149" lon="-8.142515178769827">
        <ele>136.8</ele>
      </trkpt>
      <trkpt lat="37.89182726293802" lon="-8.142594303935766">
        <ele>136.5</ele>
      </trkpt>
      <trkpt lat="37.8917249199003" lon="-8.142670663073659">
        <ele>136.2</ele>
      </trkpt>
      <trkpt lat="37.89143616333604" lon="-8.143017254769802">
        <ele>136.6</ele>
      </trkpt>
      <trkpt lat="37.891314793378115" lon="-8.143322775140405">
        <ele>137.6</ele>
      </trkpt>
      <trkpt lat="37.891234243288636" lon="-8.143537184223533">
        <ele>137.9</ele>
      </trkpt>
      <trkpt lat="37.891161823645234" lon="-8.143741199746728">
        <ele>138.4</ele>
      </trkpt>
      <trkpt lat="37.891105664893985" lon="-8.143904730677605">
        <ele>139</ele>
      </trkpt>
      <trkpt lat="37.89106199517846" lon="-8.144035404548049">
        <ele>139.5</ele>
      </trkpt>
      <trkpt lat="37.890832498669624" lon="-8.14468290656805">
        <ele>141.3</ele>
      </trkpt>
      <trkpt lat="37.89065622724593" lon="-8.145056907087564">
        <ele>141.7</ele>
      </trkpt>
      <trkpt lat="37.890561344102025" lon="-8.145198225975037">
        <ele>142.3</ele>
      </trkpt>
      <trkpt lat="37.890383983030915" lon="-8.145411713048816">
        <ele>143.6</ele>
      </trkpt>
      <trkpt lat="37.890212992206216" lon="-8.14560441300273">
        <ele>144.9</ele>
      </trkpt>
      <trkpt lat="37.89001626893878" lon="-8.145823767408729">
        <ele>146.3</ele>
      </trkpt>
      <trkpt lat="37.88977394811809" lon="-8.146058293059468">
        <ele>147.3</ele>
      </trkpt>
      <trkpt lat="37.88968694396317" lon="-8.146171616390347">
        <ele>147.7</ele>
      </trkpt>
      <trkpt lat="37.88955518044531" lon="-8.146308660507202">
        <ele>148.4</ele>
      </trkpt>
      <trkpt lat="37.889405312016606" lon="-8.146467078477144">
        <ele>149.1</ele>
      </trkpt>
      <trkpt lat="37.88926558569074" lon="-8.146628765389323">
        <ele>149.1</ele>
      </trkpt>
      <trkpt lat="37.88914010860026" lon="-8.146762875840068">
        <ele>148.3</ele>
      </trkpt>
      <trkpt lat="37.88906651549041" lon="-8.146843845024705">
        <ele>147.7</ele>
      </trkpt>
      <trkpt lat="37.888970291242" lon="-8.14695649780333">
        <ele>147.5</ele>
      </trkpt>
      <trkpt lat="37.88889720104635" lon="-8.14704048447311">
        <ele>147.7</ele>
      </trkpt>
      <trkpt lat="37.888759737834334" lon="-8.147201165556908">
        <ele>148.6</ele>
      </trkpt>
      <trkpt lat="37.88851875811815" lon="-8.147420100867748">
        <ele>150.4</ele>
      </trkpt>
      <trkpt lat="37.888383558019996" lon="-8.14757851883769">
        <ele>151.8</ele>
      </trkpt>
      <trkpt lat="37.88830837234855" lon="-8.14766250550747">
        <ele>152.3</ele>
      </trkpt>
      <trkpt lat="37.888197395950556" lon="-8.147779935970902">
        <ele>152.7</ele>
      </trkpt>
      <trkpt lat="37.88808507844806" lon="-8.147917231544852">
        <ele>152.7</ele>
      </trkpt>
      <trkpt lat="37.88796454668045" lon="-8.148062992841005">
        <ele>152.8</ele>
      </trkpt>
      <trkpt lat="37.88753882981837" lon="-8.148519555106759">
        <ele>151.9</ele>
      </trkpt>
      <trkpt lat="37.88710154592991" lon="-8.149001514539123">
        <ele>150.4</ele>
      </trkpt>
      <trkpt lat="37.886665519326925" lon="-8.149478025734425">
        <ele>151.4</ele>
      </trkpt>
      <trkpt lat="37.8865856397897" lon="-8.149561006575823">
        <ele>151</ele>
      </trkpt>
      <trkpt lat="37.88614626042545" lon="-8.150055622681975">
        <ele>149.8</ele>
      </trkpt>
      <trkpt lat="37.88570897653699" lon="-8.150493493303657">
        <ele>151.8</ele>
      </trkpt>
      <trkpt lat="37.88553077727556" lon="-8.15063045360148">
        <ele>151.7</ele>
      </trkpt>
      <trkpt lat="37.88527177646756" lon="-8.1507399212569">
        <ele>151.5</ele>
      </trkpt>
      <trkpt lat="37.88507387973368" lon="-8.150803372263908">
        <ele>151.3</ele>
      </trkpt>
      <trkpt lat="37.88485310040414" lon="-8.150866823270917">
        <ele>151.4</ele>
      </trkpt>
      <trkpt lat="37.88462921977043" lon="-8.150925245136023">
        <ele>152</ele>
      </trkpt>
      <trkpt lat="37.8842612542212" lon="-8.151021217927337">
        <ele>152.2</ele>
      </trkpt>
      <trkpt lat="37.88372380658984" lon="-8.151157172396779">
        <ele>151.2</ele>
      </trkpt>
      <trkpt lat="37.883140090852976" lon="-8.15130720846355">
        <ele>146.3</ele>
      </trkpt>
      <trkpt lat="37.882659723982215" lon="-8.151436960324645">
        <ele>144.7</ele>
      </trkpt>
      <trkpt lat="37.882357221096754" lon="-8.151513235643506">
        <ele>144.7</ele>
      </trkpt>
      <trkpt lat="37.88215773180127" lon="-8.151564784348011">
        <ele>144.8</ele>
      </trkpt>
      <trkpt lat="37.881966372951865" lon="-8.151612309738994">
        <ele>145.2</ele>
      </trkpt>
      <trkpt lat="37.88178347982466" lon="-8.151654554530978">
        <ele>146</ele>
      </trkpt>
      <trkpt lat="37.88143537938595" lon="-8.151731165125966">
        <ele>148.1</ele>
      </trkpt>
      <trkpt lat="37.88090681657195" lon="-8.151874747127295">
        <ele>149.8</ele>
      </trkpt>
      <trkpt lat="37.88056424818933" lon="-8.151962673291564">
        <ele>151.8</ele>
      </trkpt>
      <trkpt lat="37.88037129677832" lon="-8.152003828436136">
        <ele>152.2</ele>
      </trkpt>
      <trkpt lat="37.88024757988751" lon="-8.152025956660509">
        <ele>152.3</ele>
      </trkpt>
      <trkpt lat="37.880035769194365" lon="-8.15209049731493">
        <ele>151.9</ele>
      </trkpt>
      <trkpt lat="37.8797041811049" lon="-8.152186805382371">
        <ele>149.8</ele>
      </trkpt>
      <trkpt lat="37.879262287169695" lon="-8.152301302179694">
        <ele>149.6</ele>
      </trkpt>
      <trkpt lat="37.87876113317907" lon="-8.152444968000054">
        <ele>153.4</ele>
      </trkpt>
      <trkpt lat="37.878466844558716" lon="-8.152520405128598">
        <ele>153.2</ele>
      </trkpt>
      <trkpt lat="37.878224020823836" lon="-8.152583604678512">
        <ele>154.6</ele>
      </trkpt>
      <trkpt lat="37.87813232280314" lon="-8.152608834207058">
        <ele>156</ele>
      </trkpt>
      <trkpt lat="37.877770476043224" lon="-8.15269198268652">
        <ele>161</ele>
      </trkpt>
      <trkpt lat="37.877599988132715" lon="-8.15272961743176">
        <ele>161.6</ele>
      </trkpt>
      <trkpt lat="37.87747920490801" lon="-8.152728024870157">
        <ele>161.8</ele>
      </trkpt>
      <trkpt lat="37.877439726144075" lon="-8.152730204164982">
        <ele>161.8</ele>
      </trkpt>
      <trkpt lat="37.87735607475042" lon="-8.152784099802375">
        <ele>162.1</ele>
      </trkpt>
      <trkpt lat="37.877154322341084" lon="-8.15279072150588">
        <ele>162.8</ele>
      </trkpt>
      <trkpt lat="37.876958856359124" lon="-8.15289817750454">
        <ele>163.9</ele>
      </trkpt>
      <trkpt lat="37.876680828630924" lon="-8.152765408158302">
        <ele>165.1</ele>
      </trkpt>
      <trkpt lat="37.87613147869706" lon="-8.152320245280862">
        <ele>161.4</ele>
      </trkpt>
      <trkpt lat="37.875785222277045" lon="-8.152055377140641">
        <ele>160.9</ele>
      </trkpt>
      <trkpt lat="37.87532824091613" lon="-8.151693111285567">
        <ele>157.6</ele>
      </trkpt>
      <trkpt lat="37.875165631994605" lon="-8.151570316404104">
        <ele>156.6</ele>
      </trkpt>
      <trkpt lat="37.874997071921825" lon="-8.151445174589753">
        <ele>155.9</ele>
      </trkpt>
      <trkpt lat="37.87482683546841" lon="-8.151315338909626">
        <ele>154.9</ele>
      </trkpt>
      <trkpt lat="37.874493822455406" lon="-8.151051308959723">
        <ele>155.6</ele>
      </trkpt>
      <trkpt lat="37.87433582358062" lon="-8.150935722514987">
        <ele>156.1</ele>
      </trkpt>
      <trkpt lat="37.87379787303507" lon="-8.150520650669932">
        <ele>152.8</ele>
      </trkpt>
      <trkpt lat="37.873636269941926" lon="-8.150396766141057">
        <ele>151</ele>
      </trkpt>
      <trkpt lat="37.87312086671591" lon="-8.149992004036903">
        <ele>148</ele>
      </trkpt>
      <trkpt lat="37.87295624613762" lon="-8.149867532774806">
        <ele>146.6</ele>
      </trkpt>
      <trkpt lat="37.87272138521075" lon="-8.149685896933079">
        <ele>146.5</ele>
      </trkpt>
      <trkpt lat="37.87243640050292" lon="-8.149470230564475">
        <ele>148.8</ele>
      </trkpt>
      <trkpt lat="37.871922589838505" lon="-8.149078879505396">
        <ele>152.8</ele>
      </trkpt>
      <trkpt lat="37.87171354517341" lon="-8.148914761841297">
        <ele>151.3</ele>
      </trkpt>
      <trkpt lat="37.87155931815505" lon="-8.148795990273356">
        <ele>150.1</ele>
      </trkpt>
      <trkpt lat="37.87125983275473" lon="-8.14856842160225">
        <ele>150.5</ele>
      </trkpt>
      <trkpt lat="37.8709661308676" lon="-8.148346804082394">
        <ele>153.1</ele>
      </trkpt>
      <trkpt lat="37.87054577842355" lon="-8.148016473278403">
        <ele>155.1</ele>
      </trkpt>
      <trkpt lat="37.87035793997347" lon="-8.147883284837008">
        <ele>156.4</ele>
      </trkpt>
      <trkpt lat="37.870008582249284" lon="-8.147617829963565">
        <ele>158.2</ele>
      </trkpt>
      <trkpt lat="37.869836166501045" lon="-8.147486401721835">
        <ele>158.9</ele>
      </trkpt>
      <trkpt lat="37.86953693255782" lon="-8.147258162498474">
        <ele>159.7</ele>
      </trkpt>
      <trkpt lat="37.86920618265867" lon="-8.14700041897595">
        <ele>160.2</ele>
      </trkpt>
      <trkpt lat="37.86895195953548" lon="-8.146801432594657">
        <ele>161.3</ele>
      </trkpt>
      <trkpt lat="37.868742076680064" lon="-8.146642427891493">
        <ele>162.2</ele>
      </trkpt>
      <trkpt lat="37.868482656776905" lon="-8.146442687138915">
        <ele>163.2</ele>
      </trkpt>
      <trkpt lat="37.86800899542868" lon="-8.14607547596097">
        <ele>167.2</ele>
      </trkpt>
      <trkpt lat="37.86770414561033" lon="-8.145844973623753">
        <ele>166.1</ele>
      </trkpt>
      <trkpt lat="37.8672241140157" lon="-8.145472733303905">
        <ele>165.2</ele>
      </trkpt>
      <trkpt lat="37.86687031388283" lon="-8.14519596286118">
        <ele>164.3</ele>
      </trkpt>
      <trkpt lat="37.866371842101216" lon="-8.144819028675556">
        <ele>168.5</ele>
      </trkpt>
      <trkpt lat="37.86596582271159" lon="-8.144507808610797">
        <ele>169.6</ele>
      </trkpt>
      <trkpt lat="37.865835735574365" lon="-8.144403286278248">
        <ele>170.4</ele>
      </trkpt>
      <trkpt lat="37.86574705503881" lon="-8.144333800300956">
        <ele>171.1</ele>
      </trkpt>
      <trkpt lat="37.86565409973264" lon="-8.144264817237854">
        <ele>171.6</ele>
      </trkpt>
      <trkpt lat="37.865285044535995" lon="-8.14396122470498">
        <ele>172.1</ele>
      </trkpt>
      <trkpt lat="37.864820854738355" lon="-8.143608011305332">
        <ele>169.5</ele>
      </trkpt>
      <trkpt lat="37.86468464881182" lon="-8.143506087362766">
        <ele>169.5</ele>
      </trkpt>
      <trkpt lat="37.864302853122354" lon="-8.143209284171462">
        <ele>171.4</ele>
      </trkpt>
      <trkpt lat="37.86415952257812" lon="-8.143094703555107">
        <ele>172.9</ele>
      </trkpt>
      <trkpt lat="37.863674126565456" lon="-8.142719529569149">
        <ele>175.4</ele>
      </trkpt>
      <trkpt lat="37.863171296194196" lon="-8.142331782728434">
        <ele>177.2</ele>
      </trkpt>
      <trkpt lat="37.86265346221626" lon="-8.14196272753179">
        <ele>174.8</ele>
      </trkpt>
      <trkpt lat="37.86212372593582" lon="-8.141733314841986">
        <ele>171.9</ele>
      </trkpt>
      <trkpt lat="37.8619122505188" lon="-8.141661649569869">
        <ele>172.5</ele>
      </trkpt>
      <trkpt lat="37.86134018562734" lon="-8.141475236043334">
        <ele>176.6</ele>
      </trkpt>
      <trkpt lat="37.861193334683776" lon="-8.141421340405941">
        <ele>176.8</ele>
      </trkpt>
      <trkpt lat="37.860601991415024" lon="-8.141211625188589">
        <ele>173.9</ele>
      </trkpt>
      <trkpt lat="37.86008038558066" lon="-8.141029989346862">
        <ele>169</ele>
      </trkpt>
      <trkpt lat="37.85955769009888" lon="-8.14084617421031">
        <ele>172.2</ele>
      </trkpt>
      <trkpt lat="37.85903608426452" lon="-8.140661101788282">
        <ele>169.7</ele>
      </trkpt>
      <trkpt lat="37.858503414317966" lon="-8.140469742938876">
        <ele>168.3</ele>
      </trkpt>
      <trkpt lat="37.85795582458377" lon="-8.14027301967144">
        <ele>173.2</ele>
      </trkpt>
      <trkpt lat="37.85746472887695" lon="-8.140096748247743">
        <ele>175.5</ele>
      </trkpt>
      <trkpt lat="37.85731385461986" lon="-8.14004234969616">
        <ele>176.5</ele>
      </trkpt>
      <trkpt lat="37.857108078897" lon="-8.139968253672123">
        <ele>177.9</ele>
      </trkpt>
      <trkpt lat="37.856892915442586" lon="-8.139892565086484">
        <ele>179.2</ele>
      </trkpt>
      <trkpt lat="37.856357395648956" lon="-8.139710677787662">
        <ele>176.9</ele>
      </trkpt>
      <trkpt lat="37.85614508204162" lon="-8.139636162668467">
        <ele>175.8</ele>
      </trkpt>
      <trkpt lat="37.85557150840759" lon="-8.13944136723876">
        <ele>175.1</ele>
      </trkpt>
      <trkpt lat="37.8550115134567" lon="-8.139245649799705">
        <ele>175.6</ele>
      </trkpt>
      <trkpt lat="37.854626616463065" lon="-8.139111790806055">
        <ele>176.5</ele>
      </trkpt>
      <trkpt lat="37.85406067036092" lon="-8.138914313167334">
        <ele>178</ele>
      </trkpt>
      <trkpt lat="37.853502770885825" lon="-8.13871725462377">
        <ele>178.7</ele>
      </trkpt>
      <trkpt lat="37.8532658983022" lon="-8.138632765039802">
        <ele>179.1</ele>
      </trkpt>
      <trkpt lat="37.85309406928718" lon="-8.138564201071858">
        <ele>179.2</ele>
      </trkpt>
      <trkpt lat="37.852732222527266" lon="-8.138451129198074">
        <ele>178.4</ele>
      </trkpt>
      <trkpt lat="37.85241664387286" lon="-8.13833998516202">
        <ele>177.4</ele>
      </trkpt>
      <trkpt lat="37.85228353925049" lon="-8.138294806703925">
        <ele>177.9</ele>
      </trkpt>
      <trkpt lat="37.851797388866544" lon="-8.138122139498591">
        <ele>181.3</ele>
      </trkpt>
      <trkpt lat="37.851242925971746" lon="-8.13792608678341">
        <ele>182.9</ele>
      </trkpt>
      <trkpt lat="37.85096841864288" lon="-8.13783279620111">
        <ele>182.9</ele>
      </trkpt>
      <trkpt lat="37.850422421470284" lon="-8.137642359361053">
        <ele>180.7</ele>
      </trkpt>
      <trkpt lat="37.849897714331746" lon="-8.137436164543033">
        <ele>182.1</ele>
      </trkpt>
      <trkpt lat="37.849403684958816" lon="-8.137153275310993">
        <ele>184.2</ele>
      </trkpt>
      <trkpt lat="37.84922515042126" lon="-8.137027965858579">
        <ele>185.3</ele>
      </trkpt>
      <trkpt lat="37.84879591315985" lon="-8.136674584820867">
        <ele>185.7</ele>
      </trkpt>
      <trkpt lat="37.84860354848206" lon="-8.136519771069288">
        <ele>185.9</ele>
      </trkpt>
      <trkpt lat="37.84834018908441" lon="-8.136293208226562">
        <ele>188.2</ele>
      </trkpt>
      <trkpt lat="37.84821638837457" lon="-8.1361910328269">
        <ele>190.3</ele>
      </trkpt>
      <trkpt lat="37.84805386327207" lon="-8.136062789708376">
        <ele>192.2</ele>
      </trkpt>
      <trkpt lat="37.847936265170574" lon="-8.135959105566144">
        <ele>193.2</ele>
      </trkpt>
      <trkpt lat="37.84774985164404" lon="-8.135806638747454">
        <ele>194.4</ele>
      </trkpt>
      <trkpt lat="37.84753493964672" lon="-8.135625757277012">
        <ele>195.9</ele>
      </trkpt>
      <trkpt lat="37.84727929159999" lon="-8.135409420356154">
        <ele>197.5</ele>
      </trkpt>
      <trkpt lat="37.84712095744908" lon="-8.135288637131453">
        <ele>197.7</ele>
      </trkpt>
      <trkpt lat="37.846920965239406" lon="-8.135130302980542">
        <ele>196.5</ele>
      </trkpt>
      <trkpt lat="37.846797332167625" lon="-8.135017147287726">
        <ele>196</ele>
      </trkpt>
      <trkpt lat="37.84646633081138" lon="-8.134748004376888">
        <ele>195.6</ele>
      </trkpt>
      <trkpt lat="37.84604949876666" lon="-8.134410884231329">
        <ele>195.2</ele>
      </trkpt>
      <trkpt lat="37.84560048021376" lon="-8.13403369858861">
        <ele>197</ele>
      </trkpt>
      <trkpt lat="37.84511122852564" lon="-8.133646370843053">
        <ele>197.4</ele>
      </trkpt>
      <trkpt lat="37.84461208619177" lon="-8.133236160501838">
        <ele>201.9</ele>
      </trkpt>
      <trkpt lat="37.84446028992534" lon="-8.133106576278806">
        <ele>202.4</ele>
      </trkpt>
      <trkpt lat="37.84400808624923" lon="-8.13272712752223">
        <ele>202.2</ele>
      </trkpt>
      <trkpt lat="37.843522941693664" lon="-8.132324712350965">
        <ele>201.2</ele>
      </trkpt>
      <trkpt lat="37.8430185187608" lon="-8.131913915276527">
        <ele>203.7</ele>
      </trkpt>
      <trkpt lat="37.84255474805832" lon="-8.131528431549668">
        <ele>198.5</ele>
      </trkpt>
      <trkpt lat="37.84208435565233" lon="-8.1311400141567">
        <ele>196.6</ele>
      </trkpt>
      <trkpt lat="37.84163190051913" lon="-8.130757045000792">
        <ele>196.5</ele>
      </trkpt>
      <trkpt lat="37.84146803431213" lon="-8.130623772740364">
        <ele>196.9</ele>
      </trkpt>
      <trkpt lat="37.84106628969312" lon="-8.130286317318678">
        <ele>196.7</ele>
      </trkpt>
      <trkpt lat="37.84083981066942" lon="-8.130097556859255">
        <ele>195.9</ele>
      </trkpt>
      <trkpt lat="37.84033429808915" lon="-8.129685251042247">
        <ele>195.1</ele>
      </trkpt>
      <trkpt lat="37.83984571695328" lon="-8.129292642697692">
        <ele>195.7</ele>
      </trkpt>
      <trkpt lat="37.83937465399504" lon="-8.12890162691474">
        <ele>196.5</ele>
      </trkpt>
      <trkpt lat="37.838920606300235" lon="-8.128531649708748">
        <ele>197.8</ele>
      </trkpt>
      <trkpt lat="37.83844476565719" lon="-8.128117164596915">
        <ele>196.5</ele>
      </trkpt>
      <trkpt lat="37.838264890015125" lon="-8.127974085509777">
        <ele>195.5</ele>
      </trkpt>
      <trkpt lat="37.837809417396784" lon="-8.127587512135506">
        <ele>196.3</ele>
      </trkpt>
      <trkpt lat="37.83769542351365" lon="-8.127497993409634">
        <ele>197.6</ele>
      </trkpt>
      <trkpt lat="37.83741194754839" lon="-8.127264473587275">
        <ele>199.3</ele>
      </trkpt>
      <trkpt lat="37.83723793923855" lon="-8.127123322337866">
        <ele>198.2</ele>
      </trkpt>
      <trkpt lat="37.836757991462946" lon="-8.126737419515848">
        <ele>196</ele>
      </trkpt>
      <trkpt lat="37.836285419762135" lon="-8.12628848478198">
        <ele>194.9</ele>
      </trkpt>
      <trkpt lat="37.83592013642192" lon="-8.125707702711225">
        <ele>195</ele>
      </trkpt>
      <trkpt lat="37.83567287027836" lon="-8.125260444357991">
        <ele>193.3</ele>
      </trkpt>
      <trkpt lat="37.83533533103764" lon="-8.124637082219124">
        <ele>194.3</ele>
      </trkpt>
      <trkpt lat="37.83499049954116" lon="-8.123978851363063">
        <ele>195.1</ele>
      </trkpt>
      <trkpt lat="37.83463359810412" lon="-8.123326655477285">
        <ele>191.5</ele>
      </trkpt>
      <trkpt lat="37.83450946211815" lon="-8.123101266101003">
        <ele>190.7</ele>
      </trkpt>
      <trkpt lat="37.834386583417654" lon="-8.122875206172466">
        <ele>189.6</ele>
      </trkpt>
      <trkpt lat="37.83426529727876" lon="-8.122651409357786">
        <ele>188.1</ele>
      </trkpt>
      <trkpt lat="37.83414702862501" lon="-8.122434737160802">
        <ele>187.9</ele>
      </trkpt>
      <trkpt lat="37.83380596898496" lon="-8.121811458840966">
        <ele>188.4</ele>
      </trkpt>
      <trkpt lat="37.83347739838064" lon="-8.121207375079393">
        <ele>187.6</ele>
      </trkpt>
      <trkpt lat="37.83315813168883" lon="-8.12059884890914">
        <ele>185.8</ele>
      </trkpt>
      <trkpt lat="37.832827381789684" lon="-8.119989819824696">
        <ele>185.1</ele>
      </trkpt>
      <trkpt lat="37.832772731781006" lon="-8.119888566434383">
        <ele>185</ele>
      </trkpt>
      <trkpt lat="37.83244952559471" lon="-8.119296049699187">
        <ele>184.5</ele>
      </trkpt>
      <trkpt lat="37.83239621669054" lon="-8.119201334193349">
        <ele>184.7</ele>
      </trkpt>
      <trkpt lat="37.8320562466979" lon="-8.118589203804731">
        <ele>188</ele>
      </trkpt>
      <trkpt lat="37.83170965500176" lon="-8.117947233840823">
        <ele>187.1</ele>
      </trkpt>
      <trkpt lat="37.83145350404084" lon="-8.117469884455204">
        <ele>184.7</ele>
      </trkpt>
      <trkpt lat="37.83110573887825" lon="-8.116830429062247">
        <ele>187.2</ele>
      </trkpt>
      <trkpt lat="37.83075973391533" lon="-8.116197511553764">
        <ele>186.1</ele>
      </trkpt>
      <trkpt lat="37.83062872476876" lon="-8.115949742496014">
        <ele>186.4</ele>
      </trkpt>
      <trkpt lat="37.83030836842954" lon="-8.115373235195875">
        <ele>186.2</ele>
      </trkpt>
      <trkpt lat="37.82997015863657" lon="-8.114753225818276">
        <ele>184.2</ele>
      </trkpt>
      <trkpt lat="37.82962281256914" lon="-8.114127097651362">
        <ele>185.4</ele>
      </trkpt>
      <trkpt lat="37.829498928040266" lon="-8.113904558122158">
        <ele>183.8</ele>
      </trkpt>
      <trkpt lat="37.8293729480356" lon="-8.113678833469748">
        <ele>180.9</ele>
      </trkpt>
      <trkpt lat="37.829245710745454" lon="-8.11344782821834">
        <ele>178.7</ele>
      </trkpt>
      <trkpt lat="37.82911939546466" lon="-8.11321523040533">
        <ele>178.1</ele>
      </trkpt>
      <trkpt lat="37.82899693585932" lon="-8.112988919019699">
        <ele>178.2</ele>
      </trkpt>
      <trkpt lat="37.82882175408304" lon="-8.112665377557278">
        <ele>179.3</ele>
      </trkpt>
      <trkpt lat="37.82856769859791" lon="-8.112190291285515">
        <ele>180.9</ele>
      </trkpt>
      <trkpt lat="37.8282571490854" lon="-8.111627027392387">
        <ele>182.2</ele>
      </trkpt>
      <trkpt lat="37.82816846854985" lon="-8.111464753746986">
        <ele>182.7</ele>
      </trkpt>
      <trkpt lat="37.82803678885102" lon="-8.111211284995079">
        <ele>183.6</ele>
      </trkpt>
      <trkpt lat="37.82781131565571" lon="-8.110794955864549">
        <ele>183.4</ele>
      </trkpt>
      <trkpt lat="37.82740496098995" lon="-8.11007134616375">
        <ele>182.5</ele>
      </trkpt>
      <trkpt lat="37.82729247584939" lon="-8.109871186316013">
        <ele>182.1</ele>
      </trkpt>
      <trkpt lat="37.82697991468012" lon="-8.109386712312698">
        <ele>180.1</ele>
      </trkpt>
      <trkpt lat="37.826732313260436" lon="-8.108981112018228">
        <ele>178.7</ele>
      </trkpt>
      <trkpt lat="37.82656090334058" lon="-8.108667377382517">
        <ele>176.4</ele>
      </trkpt>
      <trkpt lat="37.826337441802025" lon="-8.108250964432955">
        <ele>175.2</ele>
      </trkpt>
      <trkpt lat="37.826127391308546" lon="-8.107829606160522">
        <ele>174.8</ele>
      </trkpt>
      <trkpt lat="37.825830252841115" lon="-8.107209261506796">
        <ele>175.4</ele>
      </trkpt>
      <trkpt lat="37.82577903941274" lon="-8.10711513273418">
        <ele>175.6</ele>
      </trkpt>
      <trkpt lat="37.82543680630624" lon="-8.106467546895146">
        <ele>175.9</ele>
      </trkpt>
      <trkpt lat="37.82511284574866" lon="-8.105870755389333">
        <ele>174.5</ele>
      </trkpt>
      <trkpt lat="37.82478570006788" lon="-8.105266503989697">
        <ele>176.4</ele>
      </trkpt>
      <trkpt lat="37.82459492795169" lon="-8.104920918121934">
        <ele>178</ele>
      </trkpt>
      <trkpt lat="37.824446484446526" lon="-8.104650937020779">
        <ele>179.1</ele>
      </trkpt>
      <trkpt lat="37.82428605481982" lon="-8.104389505460858">
        <ele>179.4</ele>
      </trkpt>
      <trkpt lat="37.82411531545222" lon="-8.104136371985078">
        <ele>179.1</ele>
      </trkpt>
      <trkpt lat="37.82380602322519" lon="-8.10371576808393">
        <ele>178.1</ele>
      </trkpt>
      <trkpt lat="37.82334568910301" lon="-8.103243364021182">
        <ele>179.2</ele>
      </trkpt>
      <trkpt lat="37.8231733571738" lon="-8.10309617780149">
        <ele>179.4</ele>
      </trkpt>
      <trkpt lat="37.8226830996573" lon="-8.10275411233306">
        <ele>181.2</ele>
      </trkpt>
      <trkpt lat="37.822341872379184" lon="-8.102561412379146">
        <ele>181.8</ele>
      </trkpt>
      <trkpt lat="37.82180895097554" lon="-8.102359659969807">
        <ele>181.8</ele>
      </trkpt>
      <trkpt lat="37.82149722799659" lon="-8.102284809574485">
        <ele>182.5</ele>
      </trkpt>
      <trkpt lat="37.82096757553518" lon="-8.102211887016892">
        <ele>184.5</ele>
      </trkpt>
      <trkpt lat="37.820386458188295" lon="-8.102229740470648">
        <ele>185.9</ele>
      </trkpt>
      <trkpt lat="37.82002209685743" lon="-8.10229042544961">
        <ele>184.9</ele>
      </trkpt>
      <trkpt lat="37.81980567611754" lon="-8.102346751838923">
        <ele>183.7</ele>
      </trkpt>
      <trkpt lat="37.81945623457432" lon="-8.10245512984693">
        <ele>182.2</ele>
      </trkpt>
      <trkpt lat="37.81892909668386" lon="-8.102700049057603">
        <ele>182.7</ele>
      </trkpt>
      <trkpt lat="37.81839366070926" lon="-8.103006659075618">
        <ele>185.1</ele>
      </trkpt>
      <trkpt lat="37.81794849783182" lon="-8.103274209424853">
        <ele>184.9</ele>
      </trkpt>
      <trkpt lat="37.81745002605021" lon="-8.103559697046876">
        <ele>183.5</ele>
      </trkpt>
      <trkpt lat="37.816917691379786" lon="-8.103875359520316">
        <ele>184.8</ele>
      </trkpt>
      <trkpt lat="37.81632676720619" lon="-8.104221364483237">
        <ele>186.8</ele>
      </trkpt>
      <trkpt lat="37.81610682606697" lon="-8.104353547096252">
        <ele>186.5</ele>
      </trkpt>
      <trkpt lat="37.815609611570835" lon="-8.104638699442148">
        <ele>187.3</ele>
      </trkpt>
      <trkpt lat="37.81517216004431" lon="-8.104842714965343">
        <ele>186.5</ele>
      </trkpt>
      <trkpt lat="37.81459121033549" lon="-8.10505268163979">
        <ele>186.3</ele>
      </trkpt>
      <trkpt lat="37.81400330364704" lon="-8.105192156508565">
        <ele>185.6</ele>
      </trkpt>
      <trkpt lat="37.81341698952019" lon="-8.105265498161316">
        <ele>187.7</ele>
      </trkpt>
      <trkpt lat="37.81282958574593" lon="-8.105281759053469">
        <ele>188.1</ele>
      </trkpt>
      <trkpt lat="37.81223681755364" lon="-8.105227025225759">
        <ele>188.8</ele>
      </trkpt>
      <trkpt lat="37.811685958877206" lon="-8.105132980272174">
        <ele>189.4</ele>
      </trkpt>
      <trkpt lat="37.811104506254196" lon="-8.10502233915031">
        <ele>190</ele>
      </trkpt>
      <trkpt lat="37.81060838140547" lon="-8.104927875101566">
        <ele>187.2</ele>
      </trkpt>
      <trkpt lat="37.810333454981446" lon="-8.104881774634123">
        <ele>187.4</ele>
      </trkpt>
      <trkpt lat="37.81000396236777" lon="-8.104815138503909">
        <ele>186.1</ele>
      </trkpt>
      <trkpt lat="37.8095206618309" lon="-8.104721512645483">
        <ele>189</ele>
      </trkpt>
      <trkpt lat="37.809187062084675" lon="-8.104649093002081">
        <ele>189.3</ele>
      </trkpt>
      <trkpt lat="37.80907725915313" lon="-8.104631658643484">
        <ele>189.1</ele>
      </trkpt>
      <trkpt lat="37.808857737109065" lon="-8.104598801583052">
        <ele>187.7</ele>
      </trkpt>
      <trkpt lat="37.808534782379866" lon="-8.104538451880217">
        <ele>187.7</ele>
      </trkpt>
      <trkpt lat="37.80843143351376" lon="-8.104518335312605">
        <ele>188.9</ele>
      </trkpt>
      <trkpt lat="37.808232782408595" lon="-8.104479610919952">
        <ele>190.9</ele>
      </trkpt>
      <trkpt lat="37.80803949572146" lon="-8.104441808536649">
        <ele>192.6</ele>
      </trkpt>
      <trkpt lat="37.807837491855025" lon="-8.104397971183062">
        <ele>192.2</ele>
      </trkpt>
      <trkpt lat="37.80727917328477" lon="-8.104300489649177">
        <ele>193.5</ele>
      </trkpt>
      <trkpt lat="37.806964851915836" lon="-8.104260424152017">
        <ele>194</ele>
      </trkpt>
      <trkpt lat="37.80670853331685" lon="-8.104209462180734">
        <ele>193.7</ele>
      </trkpt>
      <trkpt lat="37.80644961632788" lon="-8.10415212996304">
        <ele>194.8</ele>
      </trkpt>
      <trkpt lat="37.806245516985655" lon="-8.104119272902608">
        <ele>196.9</ele>
      </trkpt>
      <trkpt lat="37.80581611208618" lon="-8.104048445820808">
        <ele>200.7</ele>
      </trkpt>
      <trkpt lat="37.8056060615927" lon="-8.104000920429826">
        <ele>200.4</ele>
      </trkpt>
      <trkpt lat="37.805016143247485" lon="-8.103900337591767">
        <ele>198.9</ele>
      </trkpt>
      <trkpt lat="37.80449445359409" lon="-8.103800006210804">
        <ele>196.7</ele>
      </trkpt>
      <trkpt lat="37.804011069238186" lon="-8.103705793619156">
        <ele>198.5</ele>
      </trkpt>
      <trkpt lat="37.80384887941182" lon="-8.103665225207806">
        <ele>198.5</ele>
      </trkpt>
      <trkpt lat="37.80358619056642" lon="-8.103620382025838">
        <ele>199.2</ele>
      </trkpt>
      <trkpt lat="37.80343288555741" lon="-8.103588614612818">
        <ele>200.4</ele>
      </trkpt>
      <trkpt lat="37.803282430395484" lon="-8.103560619056225">
        <ele>202</ele>
      </trkpt>
      <trkpt lat="37.803139267489314" lon="-8.103533126413822">
        <ele>203.1</ele>
      </trkpt>
      <trkpt lat="37.803000546991825" lon="-8.103513261303306">
        <ele>204.4</ele>
      </trkpt>
      <trkpt lat="37.80290893279016" lon="-8.10348467901349">
        <ele>205.4</ele>
      </trkpt>
      <trkpt lat="37.802679939195514" lon="-8.103442015126348">
        <ele>207.5</ele>
      </trkpt>
      <trkpt lat="37.802494866773486" lon="-8.103412427008152">
        <ele>209.1</ele>
      </trkpt>
      <trkpt lat="37.80235690064728" lon="-8.103386191651225">
        <ele>208.8</ele>
      </trkpt>
      <trkpt lat="37.80206076800823" lon="-8.10333464294672">
        <ele>207.2</ele>
      </trkpt>
      <trkpt lat="37.80162390321493" lon="-8.103250991553068">
        <ele>204.7</ele>
      </trkpt>
      <trkpt lat="37.801079666242" lon="-8.103150157257915">
        <ele>206.7</ele>
      </trkpt>
      <trkpt lat="37.800634084269404" lon="-8.103061225265265">
        <ele>208.7</ele>
      </trkpt>
      <trkpt lat="37.80008221976459" lon="-8.102950835600495">
        <ele>207.2</ele>
      </trkpt>
      <trkpt lat="37.79950797557831" lon="-8.102843714877963">
        <ele>205.7</ele>
      </trkpt>
      <trkpt lat="37.79884287156165" lon="-8.102712286636233">
        <ele>208.3</ele>
      </trkpt>
      <trkpt lat="37.79825261794031" lon="-8.102611619979143">
        <ele>206.5</ele>
      </trkpt>
      <trkpt lat="37.79767678119242" lon="-8.102486142888665">
        <ele>206.1</ele>
      </trkpt>
      <trkpt lat="37.79710446484387" lon="-8.10237349011004">
        <ele>206.9</ele>
      </trkpt>
      <trkpt lat="37.79649334028363" lon="-8.102253880351782">
        <ele>207.5</ele>
      </trkpt>
      <trkpt lat="37.796336682513356" lon="-8.102222448214889">
        <ele>208</ele>
      </trkpt>
      <trkpt lat="37.795780627056956" lon="-8.102112142369151">
        <ele>206.8</ele>
      </trkpt>
      <trkpt lat="37.79554300010204" lon="-8.102067885920405">
        <ele>206.2</ele>
      </trkpt>
      <trkpt lat="37.79500345699489" lon="-8.10196210630238">
        <ele>205.7</ele>
      </trkpt>
      <trkpt lat="37.794406078755856" lon="-8.101861523464322">
        <ele>206.3</ele>
      </trkpt>
      <trkpt lat="37.79410684481263" lon="-8.101785499602556">
        <ele>207</ele>
      </trkpt>
      <trkpt lat="37.7935335226357" lon="-8.10166547074914">
        <ele>203.9</ele>
      </trkpt>
      <trkpt lat="37.79294033534825" lon="-8.101550219580531">
        <ele>205.4</ele>
      </trkpt>
      <trkpt lat="37.79237765818834" lon="-8.101437482982874">
        <ele>208.2</ele>
      </trkpt>
      <trkpt lat="37.792248744517565" lon="-8.10141040943563">
        <ele>208</ele>
      </trkpt>
      <trkpt lat="37.79169428162277" lon="-8.101303204894066">
        <ele>207</ele>
      </trkpt>
      <trkpt lat="37.79116270132363" lon="-8.101202035322785">
        <ele>206.3</ele>
      </trkpt>
      <trkpt lat="37.79065953567624" lon="-8.10110648162663">
        <ele>202.5</ele>
      </trkpt>
      <trkpt lat="37.7903042268008" lon="-8.101051077246666">
        <ele>199.8</ele>
      </trkpt>
      <trkpt lat="37.79003634117544" lon="-8.10099701397121">
        <ele>199.8</ele>
      </trkpt>
      <trkpt lat="37.7897653542459" lon="-8.10093691572547">
        <ele>202.2</ele>
      </trkpt>
      <trkpt lat="37.789493445307016" lon="-8.100881343707442">
        <ele>205.6</ele>
      </trkpt>
      <trkpt lat="37.788958344608545" lon="-8.100764667615294">
        <ele>205</ele>
      </trkpt>
      <trkpt lat="37.788868909701705" lon="-8.100746478885412">
        <ele>204</ele>
      </trkpt>
      <trkpt lat="37.78825694695115" lon="-8.100615972653031">
        <ele>198.4</ele>
      </trkpt>
      <trkpt lat="37.78808637522161" lon="-8.100585043430328">
        <ele>197.6</ele>
      </trkpt>
      <trkpt lat="37.78774422593415" lon="-8.100532656535506">
        <ele>195.9</ele>
      </trkpt>
      <trkpt lat="37.78714181855321" lon="-8.100417824462056">
        <ele>196.7</ele>
      </trkpt>
      <trkpt lat="37.78664116747677" lon="-8.100319588556886">
        <ele>197</ele>
      </trkpt>
      <trkpt lat="37.786098355427384" lon="-8.100214311853051">
        <ele>199.1</ele>
      </trkpt>
      <trkpt lat="37.785469964146614" lon="-8.100097887217999">
        <ele>202.3</ele>
      </trkpt>
      <trkpt lat="37.784934444352984" lon="-8.099997974932194">
        <ele>201.6</ele>
      </trkpt>
      <trkpt lat="37.78454979881644" lon="-8.09991767629981">
        <ele>201.9</ele>
      </trkpt>
      <trkpt lat="37.78431317768991" lon="-8.099867552518845">
        <ele>202.2</ele>
      </trkpt>
      <trkpt lat="37.78402408584952" lon="-8.09982530772686">
        <ele>203.9</ele>
      </trkpt>
      <trkpt lat="37.78380246832967" lon="-8.09978767298162">
        <ele>205.3</ele>
      </trkpt>
      <trkpt lat="37.78358210809529" lon="-8.099738471210003">
        <ele>206</ele>
      </trkpt>
      <trkpt lat="37.78336468152702" lon="-8.0996885150671">
        <ele>206.6</ele>
      </trkpt>
      <trkpt lat="37.78282195329666" lon="-8.099582567811012">
        <ele>203.8</ele>
      </trkpt>
      <trkpt lat="37.78221292421222" lon="-8.099471759051085">
        <ele>201.9</ele>
      </trkpt>
      <trkpt lat="37.781875133514404" lon="-8.0994036141783">
        <ele>201.7</ele>
      </trkpt>
      <trkpt lat="37.78170045465231" lon="-8.09936991892755">
        <ele>201.2</ele>
      </trkpt>
      <trkpt lat="37.78142846189439" lon="-8.099316777661443">
        <ele>198.9</ele>
      </trkpt>
      <trkpt lat="37.7811483386904" lon="-8.099260032176971">
        <ele>196.4</ele>
      </trkpt>
      <trkpt lat="37.78085907921195" lon="-8.099204963073134">
        <ele>195.1</ele>
      </trkpt>
      <trkpt lat="37.78025424107909" lon="-8.099095998331904">
        <ele>195.7</ele>
      </trkpt>
      <trkpt lat="37.779948972165585" lon="-8.09903372079134">
        <ele>194.9</ele>
      </trkpt>
      <trkpt lat="37.77974839322269" lon="-8.098979238420725">
        <ele>194.2</ele>
      </trkpt>
      <trkpt lat="37.779550831764936" lon="-8.098926516249776">
        <ele>193.4</ele>
      </trkpt>
      <trkpt lat="37.77926282957196" lon="-8.098863568156958">
        <ele>192.1</ele>
      </trkpt>
      <trkpt lat="37.778724962845445" lon="-8.098755860701203">
        <ele>191.1</ele>
      </trkpt>
      <trkpt lat="37.778145018965006" lon="-8.098667012527585">
        <ele>193.1</ele>
      </trkpt>
      <trkpt lat="37.77783379890025" lon="-8.098605489358306">
        <ele>192.3</ele>
      </trkpt>
      <trkpt lat="37.77726952917874" lon="-8.09849820099771">
        <ele>191.6</ele>
      </trkpt>
      <trkpt lat="37.776935091242194" lon="-8.098429972305894">
        <ele>194.1</ele>
      </trkpt>
      <trkpt lat="37.77646536938846" lon="-8.098336681723595">
        <ele>195.1</ele>
      </trkpt>
      <trkpt lat="37.77633436024189" lon="-8.098308686167002">
        <ele>194.9</ele>
      </trkpt>
      <trkpt lat="37.77600000612438" lon="-8.098242050036788">
        <ele>194.8</ele>
      </trkpt>
      <trkpt lat="37.77544017881155" lon="-8.098129397258162">
        <ele>195.1</ele>
      </trkpt>
      <trkpt lat="37.77490273118019" lon="-8.098022611811757">
        <ele>193.4</ele>
      </trkpt>
      <trkpt lat="37.77448916807771" lon="-8.097953042015433">
        <ele>193.4</ele>
      </trkpt>
      <trkpt lat="37.77407736517489" lon="-8.09786343947053">
        <ele>192.8</ele>
      </trkpt>
      <trkpt lat="37.773672519251704" lon="-8.097807196900249">
        <ele>194.1</ele>
      </trkpt>
      <trkpt lat="37.77313448488712" lon="-8.097696471959352">
        <ele>193</ele>
      </trkpt>
      <trkpt lat="37.77253383770585" lon="-8.097560349851847">
        <ele>190.1</ele>
      </trkpt>
      <trkpt lat="37.772023966535926" lon="-8.097476279363036">
        <ele>191.4</ele>
      </trkpt>
      <trkpt lat="37.771464390680194" lon="-8.097381060943007">
        <ele>191.9</ele>
      </trkpt>
      <trkpt lat="37.770921159535646" lon="-8.097276790067554">
        <ele>191.8</ele>
      </trkpt>
      <trkpt lat="37.77034180238843" lon="-8.097161203622818">
        <ele>192.9</ele>
      </trkpt>
      <trkpt lat="37.76976630091667" lon="-8.097050813958049">
        <ele>192.7</ele>
      </trkpt>
      <trkpt lat="37.769181076437235" lon="-8.09692139737308">
        <ele>194.8</ele>
      </trkpt>
      <trkpt lat="37.76904897764325" lon="-8.096896084025502">
        <ele>195.1</ele>
      </trkpt>
      <trkpt lat="37.76845830492675" lon="-8.096760800108314">
        <ele>193</ele>
      </trkpt>
      <trkpt lat="37.76798648759723" lon="-8.096697013825178">
        <ele>192.7</ele>
      </trkpt>
      <trkpt lat="37.76788515038788" lon="-8.096673460677266">
        <ele>192.8</ele>
      </trkpt>
      <trkpt lat="37.767583318054676" lon="-8.096614452078938">
        <ele>192.6</ele>
      </trkpt>
      <trkpt lat="37.767439652234316" lon="-8.096583606675267">
        <ele>192.4</ele>
      </trkpt>
      <trkpt lat="37.76731484569609" lon="-8.096550833433867">
        <ele>192.4</ele>
      </trkpt>
      <trkpt lat="37.766959285363555" lon="-8.096508337184787">
        <ele>192.9</ele>
      </trkpt>
      <trkpt lat="37.76683263480663" lon="-8.096484281122684">
        <ele>193.2</ele>
      </trkpt>
      <trkpt lat="37.76672006584704" lon="-8.096462991088629">
        <ele>193.6</ele>
      </trkpt>
      <trkpt lat="37.766236597672105" lon="-8.096374897286296">
        <ele>197.4</ele>
      </trkpt>
      <trkpt lat="37.76567383669317" lon="-8.096252772957087">
        <ele>199.1</ele>
      </trkpt>
      <trkpt lat="37.76508601382375" lon="-8.096135845407844">
        <ele>197.7</ele>
      </trkpt>
      <trkpt lat="37.764519145712256" lon="-8.096026545390487">
        <ele>196.9</ele>
      </trkpt>
      <trkpt lat="37.76405327953398" lon="-8.09594314545393">
        <ele>198.1</ele>
      </trkpt>
      <trkpt lat="37.763961581513286" lon="-8.095926716923714">
        <ele>198.5</ele>
      </trkpt>
      <trkpt lat="37.76358230039477" lon="-8.095854967832565">
        <ele>201.9</ele>
      </trkpt>
      <trkpt lat="37.763426564633846" lon="-8.095826553180814">
        <ele>203</ele>
      </trkpt>
      <trkpt lat="37.76312666013837" lon="-8.09576720930636">
        <ele>203.2</ele>
      </trkpt>
      <trkpt lat="37.76285693049431" lon="-8.095715157687664">
        <ele>202</ele>
      </trkpt>
      <trkpt lat="37.76244495995343" lon="-8.095632260665298">
        <ele>201.6</ele>
      </trkpt>
      <trkpt lat="37.76208990253508" lon="-8.095563277602196">
        <ele>205.6</ele>
      </trkpt>
      <trkpt lat="37.761809108778834" lon="-8.09550628066063">
        <ele>207.7</ele>
      </trkpt>
      <trkpt lat="37.76163359172642" lon="-8.095470573753119">
        <ele>209.2</ele>
      </trkpt>
      <trkpt lat="37.76126227341592" lon="-8.095396058633924">
        <ele>212.1</ele>
      </trkpt>
      <trkpt lat="37.76084326207638" lon="-8.095309808850288">
        <ele>211.1</ele>
      </trkpt>
      <trkpt lat="37.76040178723633" lon="-8.095231270417571">
        <ele>209.8</ele>
      </trkpt>
      <trkpt lat="37.760056871920824" lon="-8.09516429901123">
        <ele>209.6</ele>
      </trkpt>
      <trkpt lat="37.7596833743155" lon="-8.095088861882687">
        <ele>208.4</ele>
      </trkpt>
      <trkpt lat="37.75922345928848" lon="-8.095002779737115">
        <ele>209.7</ele>
      </trkpt>
      <trkpt lat="37.759130001068115" lon="-8.094982160255313">
        <ele>210.2</ele>
      </trkpt>
      <trkpt lat="37.75890016928315" lon="-8.094938155263662">
        <ele>211</ele>
      </trkpt>
      <trkpt lat="37.75863136164844" lon="-8.094889959320426">
        <ele>212.6</ele>
      </trkpt>
      <trkpt lat="37.758096344769" lon="-8.094781413674355">
        <ele>213.7</ele>
      </trkpt>
      <trkpt lat="37.75755043141544" lon="-8.094679992645979">
        <ele>212.4</ele>
      </trkpt>
      <trkpt lat="37.75699915364385" lon="-8.094575218856335">
        <ele>212.4</ele>
      </trkpt>
      <trkpt lat="37.75677217170596" lon="-8.094532135874033">
        <ele>212.4</ele>
      </trkpt>
      <trkpt lat="37.756338994950056" lon="-8.094444796442986">
        <ele>212.1</ele>
      </trkpt>
      <trkpt lat="37.75578671135008" lon="-8.094338597729802">
        <ele>212.1</ele>
      </trkpt>
      <trkpt lat="37.75531983934343" lon="-8.09424513950944">
        <ele>213.9</ele>
      </trkpt>
      <trkpt lat="37.75479890406132" lon="-8.094144808128476">
        <ele>214</ele>
      </trkpt>
      <trkpt lat="37.7544595208019" lon="-8.094073729589581">
        <ele>217.6</ele>
      </trkpt>
      <trkpt lat="37.754288110882044" lon="-8.094038860872388">
        <ele>218.9</ele>
      </trkpt>
      <trkpt lat="37.75406984612346" lon="-8.093999298289418">
        <ele>218.6</ele>
      </trkpt>
      <trkpt lat="37.753895753994584" lon="-8.093967279419303">
        <ele>216.9</ele>
      </trkpt>
      <trkpt lat="37.75335210375488" lon="-8.093857560306787">
        <ele>212.2</ele>
      </trkpt>
      <trkpt lat="37.753027556464076" lon="-8.093790505081415">
        <ele>209.4</ele>
      </trkpt>
      <trkpt lat="37.75279420427978" lon="-8.093746164813638">
        <ele>210.1</ele>
      </trkpt>
      <trkpt lat="37.752542831003666" lon="-8.09370182454586">
        <ele>211.1</ele>
      </trkpt>
      <trkpt lat="37.75235163979232" lon="-8.093662429600954">
        <ele>210.9</ele>
      </trkpt>
      <trkpt lat="37.752094231545925" lon="-8.093617418780923">
        <ele>209.1</ele>
      </trkpt>
      <trkpt lat="37.751598274335265" lon="-8.093523206189275">
        <ele>206.2</ele>
      </trkpt>
      <trkpt lat="37.75129560381174" lon="-8.093466041609645">
        <ele>205.7</ele>
      </trkpt>
      <trkpt lat="37.75076553225517" lon="-8.093365542590618">
        <ele>204.5</ele>
      </trkpt>
      <trkpt lat="37.75052639655769" lon="-8.09331776574254">
        <ele>204</ele>
      </trkpt>
      <trkpt lat="37.74993656203151" lon="-8.093207208439708">
        <ele>203.6</ele>
      </trkpt>
      <trkpt lat="37.74981745518744" lon="-8.093184996396303">
        <ele>203.5</ele>
      </trkpt>
      <trkpt lat="37.74922921322286" lon="-8.093070834875107">
        <ele>203.1</ele>
      </trkpt>
      <trkpt lat="37.74892956018448" lon="-8.093015514314175">
        <ele>203.5</ele>
      </trkpt>
      <trkpt lat="37.74849378503859" lon="-8.092927420511842">
        <ele>202.6</ele>
      </trkpt>
      <trkpt lat="37.74794979952276" lon="-8.09282273054123">
        <ele>201.5</ele>
      </trkpt>
      <trkpt lat="37.747727846726775" lon="-8.092781659215689">
        <ele>200.6</ele>
      </trkpt>
      <trkpt lat="37.74726005271077" lon="-8.092692559584975">
        <ele>198.3</ele>
      </trkpt>
      <trkpt lat="37.74693567305803" lon="-8.092629695311189">
        <ele>197.7</ele>
      </trkpt>
      <trkpt lat="37.74668790400028" lon="-8.092578984797">
        <ele>197.1</ele>
      </trkpt>
      <trkpt lat="37.7462777774781" lon="-8.092498434707522">
        <ele>195.9</ele>
      </trkpt>
      <trkpt lat="37.74581752717495" lon="-8.092411682009697">
        <ele>196.7</ele>
      </trkpt>
      <trkpt lat="37.74525619111955" lon="-8.092303890734911">
        <ele>196.1</ele>
      </trkpt>
      <trkpt lat="37.74482402019203" lon="-8.09222275391221">
        <ele>196.1</ele>
      </trkpt>
      <trkpt lat="37.74465495720506" lon="-8.092191405594349">
        <ele>197.3</ele>
      </trkpt>
      <trkpt lat="37.74449285119772" lon="-8.09215972200036">
        <ele>198.6</ele>
      </trkpt>
      <trkpt lat="37.74433610960841" lon="-8.092128708958626">
        <ele>199.6</ele>
      </trkpt>
      <trkpt lat="37.74423477239907" lon="-8.09210884384811">
        <ele>200</ele>
      </trkpt>
      <trkpt lat="37.74409127421677" lon="-8.09207959100604">
        <ele>200.3</ele>
      </trkpt>
      <trkpt lat="37.743859849870205" lon="-8.09203558601439">
        <ele>200.8</ele>
      </trkpt>
      <trkpt lat="37.74367921985686" lon="-8.092000633478165">
        <ele>202</ele>
      </trkpt>
      <trkpt lat="37.743459194898605" lon="-8.091957801952958">
        <ele>203.9</ele>
      </trkpt>
      <trkpt lat="37.74304739199579" lon="-8.091880520805717">
        <ele>204</ele>
      </trkpt>
      <trkpt lat="37.74261178448796" lon="-8.091797875240445">
        <ele>203.9</ele>
      </trkpt>
      <trkpt lat="37.742051370441914" lon="-8.091689581051469">
        <ele>206.3</ele>
      </trkpt>
      <trkpt lat="37.741596484556794" lon="-8.091602493077517">
        <ele>205.8</ele>
      </trkpt>
      <trkpt lat="37.741400515660644" lon="-8.091564858332276">
        <ele>205.6</ele>
      </trkpt>
      <trkpt lat="37.740860134363174" lon="-8.091457486152649">
        <ele>204.7</ele>
      </trkpt>
      <trkpt lat="37.740266025066376" lon="-8.09134567156434">
        <ele>204.3</ele>
      </trkpt>
      <trkpt lat="37.74005320854485" lon="-8.091303259134293">
        <ele>204</ele>
      </trkpt>
      <trkpt lat="37.73976688273251" lon="-8.091248106211424">
        <ele>202.6</ele>
      </trkpt>
      <trkpt lat="37.739556999877095" lon="-8.091207118704915">
        <ele>202.1</ele>
      </trkpt>
      <trkpt lat="37.739007817581296" lon="-8.091105781495571">
        <ele>200.9</ele>
      </trkpt>
      <trkpt lat="37.73841932415962" lon="-8.090994218364358">
        <ele>199.6</ele>
      </trkpt>
      <trkpt lat="37.73794046603143" lon="-8.090905202552676">
        <ele>201.5</ele>
      </trkpt>
      <trkpt lat="37.737555569037795" lon="-8.090832196176052">
        <ele>202.5</ele>
      </trkpt>
      <trkpt lat="37.73706925101578" lon="-8.090740833431482">
        <ele>204.8</ele>
      </trkpt>
      <trkpt lat="37.73668225854635" lon="-8.090666821226478">
        <ele>205.3</ele>
      </trkpt>
      <trkpt lat="37.736137602478266" lon="-8.090562131255865">
        <ele>205.2</ele>
      </trkpt>
      <trkpt lat="37.73559479042888" lon="-8.090460794046521">
        <ele>205</ele>
      </trkpt>
      <trkpt lat="37.73505826480687" lon="-8.090359456837177">
        <ele>205.6</ele>
      </trkpt>
      <trkpt lat="37.73461720906198" lon="-8.090275386348367">
        <ele>204.2</ele>
      </trkpt>
      <trkpt lat="37.73402829654515" lon="-8.090165751054883">
        <ele>202.3</ele>
      </trkpt>
      <trkpt lat="37.73346687667072" lon="-8.090058211237192">
        <ele>204.4</ele>
      </trkpt>
      <trkpt lat="37.73299581371248" lon="-8.089967854321003">
        <ele>204.6</ele>
      </trkpt>
      <trkpt lat="37.73268819786608" lon="-8.089909180998802">
        <ele>205.1</ele>
      </trkpt>
      <trkpt lat="37.7324094157666" lon="-8.089854614809155">
        <ele>205.3</ele>
      </trkpt>
      <trkpt lat="37.732079001143575" lon="-8.089790241792798">
        <ele>207</ele>
      </trkpt>
      <trkpt lat="37.731934413313866" lon="-8.089759312570095">
        <ele>207.6</ele>
      </trkpt>
      <trkpt lat="37.731378860771656" lon="-8.089654874056578">
        <ele>205.8</ele>
      </trkpt>
      <trkpt lat="37.73079263046384" lon="-8.089543143287301">
        <ele>206</ele>
      </trkpt>
      <trkpt lat="37.73053329437971" lon="-8.08949327096343">
        <ele>206.2</ele>
      </trkpt>
      <trkpt lat="37.73022584617138" lon="-8.089434262365103">
        <ele>207.4</ele>
      </trkpt>
      <trkpt lat="37.729981848970056" lon="-8.089389922097325">
        <ele>208.3</ele>
      </trkpt>
      <trkpt lat="37.72943643853068" lon="-8.089286154136062">
        <ele>209.4</ele>
      </trkpt>
      <trkpt lat="37.72891189903021" lon="-8.089187163859606">
        <ele>208.9</ele>
      </trkpt>
      <trkpt lat="37.72832952439785" lon="-8.089075768366456">
        <ele>207</ele>
      </trkpt>
      <trkpt lat="37.727958373725414" lon="-8.089006030932069">
        <ele>204.2</ele>
      </trkpt>
      <trkpt lat="37.727723345160484" lon="-8.088959427550435">
        <ele>202.3</ele>
      </trkpt>
      <trkpt lat="37.727398378774524" lon="-8.088901676237583">
        <ele>199.8</ele>
      </trkpt>
      <trkpt lat="37.72715144790709" lon="-8.088854989036918">
        <ele>199.2</ele>
      </trkpt>
      <trkpt lat="37.72674676962197" lon="-8.088777540251613">
        <ele>199.9</ele>
      </trkpt>
      <trkpt lat="37.72628207691014" lon="-8.0886918772012">
        <ele>198.8</ele>
      </trkpt>
      <trkpt lat="37.72606230340898" lon="-8.088648710399866">
        <ele>198.3</ele>
      </trkpt>
      <trkpt lat="37.725638346746564" lon="-8.088565561920404">
        <ele>199.8</ele>
      </trkpt>
      <trkpt lat="37.72507424466312" lon="-8.088461710140109">
        <ele>202.8</ele>
      </trkpt>
      <trkpt lat="37.724855141714215" lon="-8.088418543338776">
        <ele>203.6</ele>
      </trkpt>
      <trkpt lat="37.724592201411724" lon="-8.088367832824588">
        <ele>204.4</ele>
      </trkpt>
      <trkpt lat="37.72428986616433" lon="-8.08831226080656">
        <ele>206.1</ele>
      </trkpt>
      <trkpt lat="37.72407797165215" lon="-8.088265657424927">
        <ele>207.3</ele>
      </trkpt>
      <trkpt lat="37.72344605997205" lon="-8.088115202262998">
        <ele>204</ele>
      </trkpt>
      <trkpt lat="37.72307247854769" lon="-8.08802543208003">
        <ele>202.4</ele>
      </trkpt>
      <trkpt lat="37.7226316742599" lon="-8.087919652462006">
        <ele>202.5</ele>
      </trkpt>
      <trkpt lat="37.72217192687094" lon="-8.087808592244983">
        <ele>203.9</ele>
      </trkpt>
      <trkpt lat="37.72158024832606" lon="-8.087668446823955">
        <ele>204.4</ele>
      </trkpt>
      <trkpt lat="37.720986139029264" lon="-8.087523523718119">
        <ele>203.5</ele>
      </trkpt>
      <trkpt lat="37.720405189320445" lon="-8.087393520399928">
        <ele>205.6</ele>
      </trkpt>
      <trkpt lat="37.7198548335582" lon="-8.087263265624642">
        <ele>202.7</ele>
      </trkpt>
      <trkpt lat="37.71931914612651" lon="-8.087137034162879">
        <ele>204.4</ele>
      </trkpt>
      <trkpt lat="37.71873878315091" lon="-8.087003258988261">
        <ele>206.4</ele>
      </trkpt>
      <trkpt lat="37.718622609972954" lon="-8.086975263431668">
        <ele>206.8</ele>
      </trkpt>
      <trkpt lat="37.7180383913219" lon="-8.08683704584837">
        <ele>204.4</ele>
      </trkpt>
      <trkpt lat="37.717864299193025" lon="-8.086796812713146">
        <ele>205.4</ele>
      </trkpt>
      <trkpt lat="37.71729198284447" lon="-8.086663037538528">
        <ele>210.1</ele>
      </trkpt>
      <trkpt lat="37.7167188283056" lon="-8.08652775362134">
        <ele>212.2</ele>
      </trkpt>
      <trkpt lat="37.716095549985766" lon="-8.086379645392299">
        <ele>211.7</ele>
      </trkpt>
      <trkpt lat="37.71570964716375" lon="-8.086287779733539">
        <ele>211</ele>
      </trkpt>
      <trkpt lat="37.71516197361052" lon="-8.086156854406">
        <ele>210.6</ele>
      </trkpt>
      <trkpt lat="37.714944295585155" lon="-8.08610170148313">
        <ele>211.1</ele>
      </trkpt>
      <trkpt lat="37.714374074712396" lon="-8.08596775867045">
        <ele>213.5</ele>
      </trkpt>
      <trkpt lat="37.71427458152175" lon="-8.085946971550584">
        <ele>213.8</ele>
      </trkpt>
      <trkpt lat="37.71372866816819" lon="-8.08581872843206">
        <ele>214.5</ele>
      </trkpt>
      <trkpt lat="37.713335724547505" lon="-8.085722923278809">
        <ele>213.1</ele>
      </trkpt>
      <trkpt lat="37.71309508010745" lon="-8.085660813376307">
        <ele>212.2</ele>
      </trkpt>
      <trkpt lat="37.71290581673384" lon="-8.085620161145926">
        <ele>212.2</ele>
      </trkpt>
      <trkpt lat="37.712469790130854" lon="-8.085520751774311">
        <ele>212.8</ele>
      </trkpt>
      <trkpt lat="37.712293518707156" lon="-8.085476579144597">
        <ele>214.2</ele>
      </trkpt>
      <trkpt lat="37.71217969246209" lon="-8.085450092330575">
        <ele>216</ele>
      </trkpt>
      <trkpt lat="37.71203510463238" lon="-8.08541463688016">
        <ele>218.6</ele>
      </trkpt>
      <trkpt lat="37.71185246296227" lon="-8.085374906659126">
        <ele>221.3</ele>
      </trkpt>
      <trkpt lat="37.71156697534025" lon="-8.085307851433754">
        <ele>224</ele>
      </trkpt>
      <trkpt lat="37.71124276332557" lon="-8.085227217525244">
        <ele>224.9</ele>
      </trkpt>
      <trkpt lat="37.7110858540982" lon="-8.085201317444444">
        <ele>225.2</ele>
      </trkpt>
      <trkpt lat="37.710885694250464" lon="-8.085159743204713">
        <ele>226</ele>
      </trkpt>
      <trkpt lat="37.710692239925265" lon="-8.085134429857135">
        <ele>227</ele>
      </trkpt>
      <trkpt lat="37.710438100621104" lon="-8.085080701857805">
        <ele>229.4</ele>
      </trkpt>
      <trkpt lat="37.71024732850492" lon="-8.085049353539944">
        <ele>232</ele>
      </trkpt>
      <trkpt lat="37.70987056195736" lon="-8.085014149546623">
        <ele>233.9</ele>
      </trkpt>
      <trkpt lat="37.70944207906723" lon="-8.084984729066491">
        <ele>232.9</ele>
      </trkpt>
      <trkpt lat="37.70929933525622" lon="-8.084972826763988">
        <ele>232.8</ele>
      </trkpt>
      <trkpt lat="37.70919095724821" lon="-8.084966037422419">
        <ele>233.2</ele>
      </trkpt>
      <trkpt lat="37.70893204025924" lon="-8.084986992180347">
        <ele>235.9</ele>
      </trkpt>
      <trkpt lat="37.70876498892903" lon="-8.084980538114905">
        <ele>237.7</ele>
      </trkpt>
      <trkpt lat="37.70860782824457" lon="-8.08496218174696">
        <ele>238.8</ele>
      </trkpt>
      <trkpt lat="37.70804079249501" lon="-8.084888840094209">
        <ele>240.3</ele>
      </trkpt>
      <trkpt lat="37.70775974728167" lon="-8.084839135408401">
        <ele>239</ele>
      </trkpt>
      <trkpt lat="37.7076149918139" lon="-8.084833603352308">
        <ele>238.9</ele>
      </trkpt>
      <trkpt lat="37.707396391779184" lon="-8.084803344681859">
        <ele>239.4</ele>
      </trkpt>
      <trkpt lat="37.707270914688706" lon="-8.084790436550975">
        <ele>239.9</ele>
      </trkpt>
      <trkpt lat="37.707113502547145" lon="-8.084777863696218">
        <ele>241.1</ele>
      </trkpt>
      <trkpt lat="37.706964053213596" lon="-8.084766212850809">
        <ele>242.3</ele>
      </trkpt>
      <trkpt lat="37.70685274153948" lon="-8.084758250042796">
        <ele>243</ele>
      </trkpt>
      <trkpt lat="37.70673707127571" lon="-8.084757328033447">
        <ele>243.7</ele>
      </trkpt>
      <trkpt lat="37.706527691334486" lon="-8.084766883403063">
        <ele>244.4</ele>
      </trkpt>
      <trkpt lat="37.706339098513126" lon="-8.084772247821093">
        <ele>244.1</ele>
      </trkpt>
      <trkpt lat="37.70615662448108" lon="-8.084820359945297">
        <ele>243.4</ele>
      </trkpt>
      <trkpt lat="37.70603349432349" lon="-8.08497291058302">
        <ele>242.1</ele>
      </trkpt>
      <trkpt lat="37.70583492703736" lon="-8.084952626377344">
        <ele>241.7</ele>
      </trkpt>
      <trkpt lat="37.70573157817125" lon="-8.08484936133027">
        <ele>242.2</ele>
      </trkpt>
      <trkpt lat="37.705542063340545" lon="-8.084826562553644">
        <ele>242.6</ele>
      </trkpt>
      <trkpt lat="37.70529454573989" lon="-8.084852630272508">
        <ele>242.8</ele>
      </trkpt>
      <trkpt lat="37.70499078556895" lon="-8.084877440705895">
        <ele>242.5</ele>
      </trkpt>
      <trkpt lat="37.70473999902606" lon="-8.084898060187697">
        <ele>242.9</ele>
      </trkpt>
      <trkpt lat="37.704182770103216" lon="-8.084947848692536">
        <ele>244.9</ele>
      </trkpt>
      <trkpt lat="37.703678011894226" lon="-8.08498171158135">
        <ele>247.6</ele>
      </trkpt>
      <trkpt lat="37.70338841713965" lon="-8.084994200617075">
        <ele>246.6</ele>
      </trkpt>
      <trkpt lat="37.703023636713624" lon="-8.085040552541614">
        <ele>246.2</ele>
      </trkpt>
      <trkpt lat="37.70268391817808" lon="-8.085045162588358">
        <ele>246.9</ele>
      </trkpt>
      <trkpt lat="37.7025864366442" lon="-8.08506092056632">
        <ele>246.9</ele>
      </trkpt>
      <trkpt lat="37.70236968062818" lon="-8.0851742438972">
        <ele>246.8</ele>
      </trkpt>
      <trkpt lat="37.702364" lon="-8.085162">
        <ele>246</ele>
      </trkpt>
      <trkpt lat="37.702361" lon="-8.085164">
        <ele>246</ele>
      </trkpt>
      <trkpt lat="37.70236389711499" lon="-8.08517131023109">
        <ele>248</ele>
      </trkpt>
      <trkpt lat="37.70208385773003" lon="-8.085120683535933">
        <ele>248.2</ele>
      </trkpt>
      <trkpt lat="37.70179937593639" lon="-8.085145661607385">
        <ele>247.8</ele>
      </trkpt>
      <trkpt lat="37.70171044394374" lon="-8.085151361301541">
        <ele>247.6</ele>
      </trkpt>
      <trkpt lat="37.70147189497948" lon="-8.085130406543612">
        <ele>247.8</ele>
      </trkpt>
      <trkpt lat="37.701471" lon="-8.085135">
        <ele>245.75</ele>
      </trkpt>
      <trkpt lat="37.701092" lon="-8.085161">
        <ele>246.75</ele>
      </trkpt>
      <trkpt lat="37.700544" lon="-8.085193">
        <ele>247.25</ele>
      </trkpt>
      <trkpt lat="37.700426" lon="-8.085242">
        <ele>247.25</ele>
      </trkpt>
      <trkpt lat="37.700288" lon="-8.085364">
        <ele>247.25</ele>
      </trkpt>
      <trkpt lat="37.700281" lon="-8.085406">
        <ele>247.25</ele>
      </trkpt>
      <trkpt lat="37.700264" lon="-8.085444">
        <ele>247.25</ele>
      </trkpt>
      <trkpt lat="37.700239" lon="-8.085474">
        <ele>247.25</ele>
      </trkpt>
      <trkpt lat="37.700208" lon="-8.085493">
        <ele>247.25</ele>
      </trkpt>
      <trkpt lat="37.700174" lon="-8.0855">
        <ele>247.25</ele>
      </trkpt>
      <trkpt lat="37.70014" lon="-8.085494">
        <ele>247</ele>
      </trkpt>
      <trkpt lat="37.700109" lon="-8.085475">
        <ele>247</ele>
      </trkpt>
      <trkpt lat="37.700083" lon="-8.085445">
        <ele>247</ele>
      </trkpt>
      <trkpt lat="37.700066" lon="-8.085407">
        <ele>247</ele>
      </trkpt>
      <trkpt lat="37.700059" lon="-8.085372">
        <ele>247</ele>
      </trkpt>
      <trkpt lat="37.700066" lon="-8.085301">
        <ele>247</ele>
      </trkpt>
      <trkpt lat="37.699975" lon="-8.085139">
        <ele>247</ele>
      </trkpt>
      <trkpt lat="37.699948" lon="-8.085112">
        <ele>247</ele>
      </trkpt>
      <trkpt lat="37.699895" lon="-8.085063">
        <ele>247</ele>
      </trkpt>
      <trkpt lat="37.699656" lon="-8.084814">
        <ele>247</ele>
      </trkpt>
      <trkpt lat="37.699656" lon="-8.084814">
        <ele>247</ele>
      </trkpt>
      <trkpt lat="37.699895" lon="-8.085063">
        <ele>247</ele>
      </trkpt>
      <trkpt lat="37.699948" lon="-8.085112">
        <ele>247</ele>
      </trkpt>
      <trkpt lat="37.699975" lon="-8.085139">
        <ele>247</ele>
      </trkpt>
      <trkpt lat="37.700164" lon="-8.085209">
        <ele>247</ele>
      </trkpt>
      <trkpt lat="37.700192" lon="-8.085211">
        <ele>247</ele>
      </trkpt>
      <trkpt lat="37.700219" lon="-8.085221">
        <ele>247</ele>
      </trkpt>
      <trkpt lat="37.700264" lon="-8.085264">
        <ele>247</ele>
      </trkpt>
      <trkpt lat="37.700287" lon="-8.085328">
        <ele>247.25</ele>
      </trkpt>
      <trkpt lat="37.700288" lon="-8.085364">
        <ele>247.25</ele>
      </trkpt>
      <trkpt lat="37.700281" lon="-8.085406">
        <ele>247.25</ele>
      </trkpt>
      <trkpt lat="37.700264" lon="-8.085444">
        <ele>247.25</ele>
      </trkpt>
      <trkpt lat="37.700239" lon="-8.085474">
        <ele>247.25</ele>
      </trkpt>
      <trkpt lat="37.700208" lon="-8.085493">
        <ele>247.25</ele>
      </trkpt>
      <trkpt lat="37.700174" lon="-8.0855">
        <ele>247.25</ele>
      </trkpt>
      <trkpt lat="37.70014" lon="-8.085494">
        <ele>247</ele>
      </trkpt>
      <trkpt lat="37.700109" lon="-8.085475">
        <ele>247</ele>
      </trkpt>
      <trkpt lat="37.700083" lon="-8.085445">
        <ele>247</ele>
      </trkpt>
      <trkpt lat="37.700066" lon="-8.085407">
        <ele>247</ele>
      </trkpt>
      <trkpt lat="37.699564" lon="-8.085908">
        <ele>245</ele>
      </trkpt>
      <trkpt lat="37.69934" lon="-8.086125">
        <ele>243.5</ele>
      </trkpt>
      <trkpt lat="37.699122" lon="-8.086362">
        <ele>241.75</ele>
      </trkpt>
      <trkpt lat="37.698897" lon="-8.086607">
        <ele>240.25</ele>
      </trkpt>
      <trkpt lat="37.698693" lon="-8.086828">
        <ele>239</ele>
      </trkpt>
      <trkpt lat="37.698466" lon="-8.087068">
        <ele>237.5</ele>
      </trkpt>
      <trkpt lat="37.698258" lon="-8.087288">
        <ele>236.25</ele>
      </trkpt>
      <trkpt lat="37.698039" lon="-8.087519">
        <ele>234.75</ele>
      </trkpt>
      <trkpt lat="37.697833" lon="-8.087736">
        <ele>234</ele>
      </trkpt>
      <trkpt lat="37.697309" lon="-8.08827">
        <ele>232</ele>
      </trkpt>
      <trkpt lat="37.697223" lon="-8.088336">
        <ele>231.5</ele>
      </trkpt>
      <trkpt lat="37.697128" lon="-8.088379">
        <ele>231</ele>
      </trkpt>
      <trkpt lat="37.697133" lon="-8.088402">
        <ele>230.75</ele>
      </trkpt>
      <trkpt lat="37.697134" lon="-8.088407">
        <ele>229.5</ele>
      </trkpt>
      <trkpt lat="37.697151862084866" lon="-8.088399935513735">
        <ele>233.4</ele>
      </trkpt>
      <trkpt lat="37.69682974554598" lon="-8.087621508166194">
        <ele>233.4</ele>
      </trkpt>
      <trkpt lat="37.696581138297915" lon="-8.087450098246336">
        <ele>233.4</ele>
      </trkpt>
      <trkpt lat="37.69602734595537" lon="-8.087450098246336">
        <ele>233.4</ele>
      </trkpt>
      <trkpt lat="37.695607328787446" lon="-8.087537186220288">
        <ele>233.4</ele>
      </trkpt>
      <trkpt lat="37.6953643374145" lon="-8.087751427665353">
        <ele>233.4</ele>
      </trkpt>
      <trkpt lat="37.69508178345859" lon="-8.088229950517416">
        <ele>233.4</ele>
      </trkpt>
      <trkpt lat="37.6940571796149" lon="-8.089179703965783">
        <ele>224.4</ele>
      </trkpt>
      <trkpt lat="37.693855594843626" lon="-8.089294955134392">
        <ele>223.2</ele>
      </trkpt>
      <trkpt lat="37.69369013607502" lon="-8.089387826621532">
        <ele>222.2</ele>
      </trkpt>
      <trkpt lat="37.69356113858521" lon="-8.08945664204657">
        <ele>220.8</ele>
      </trkpt>
      <trkpt lat="37.69349257461727" lon="-8.089461252093315">
        <ele>219.6</ele>
      </trkpt>
      <trkpt lat="37.6933129504323" lon="-8.089326890185475">
        <ele>218.4</ele>
      </trkpt>
      <trkpt lat="37.69327464513481" lon="-8.08922354131937">
        <ele>218.4</ele>
      </trkpt>
      <trkpt lat="37.693135337904096" lon="-8.088715262711048">
        <ele>218</ele>
      </trkpt>
      <trkpt lat="37.69304942339659" lon="-8.0884016957134">
        <ele>217.4</ele>
      </trkpt>
      <trkpt lat="37.692942721769214" lon="-8.088049739599228">
        <ele>216.4</ele>
      </trkpt>
      <trkpt lat="37.692783549427986" lon="-8.087673475965858">
        <ele>215.4</ele>
      </trkpt>
      <trkpt lat="37.692630495876074" lon="-8.087370805442333">
        <ele>214</ele>
      </trkpt>
      <trkpt lat="37.69236110150814" lon="-8.086964031681418">
        <ele>212.2</ele>
      </trkpt>
      <trkpt lat="37.69211911596358" lon="-8.086676029488444">
        <ele>211</ele>
      </trkpt>
      <trkpt lat="37.69194276072085" lon="-8.086498165503144">
        <ele>209.8</ele>
      </trkpt>
      <trkpt lat="37.69175651483238" lon="-8.086338322609663">
        <ele>208.2</ele>
      </trkpt>
      <trkpt lat="37.69156423397362" lon="-8.086192226037383">
        <ele>206.8</ele>
      </trkpt>
      <trkpt lat="37.691270196810365" lon="-8.085999442264438">
        <ele>205.2</ele>
      </trkpt>
      <trkpt lat="37.691075233742595" lon="-8.085885113105178">
        <ele>204</ele>
      </trkpt>
      <trkpt lat="37.69078949466348" lon="-8.085724515840411">
        <ele>202.6</ele>
      </trkpt>
      <trkpt lat="37.69042186439037" lon="-8.085526367649436">
        <ele>201.4</ele>
      </trkpt>
      <trkpt lat="37.68989430740476" lon="-8.085234425961971">
        <ele>200.6</ele>
      </trkpt>
      <trkpt lat="37.689386112615466" lon="-8.084950195625424">
        <ele>200.2</ele>
      </trkpt>
      <trkpt lat="37.688970705494285" lon="-8.084718771278858">
        <ele>199.2</ele>
      </trkpt>
      <trkpt lat="37.68846854567528" lon="-8.08445105329156">
        <ele>198.2</ele>
      </trkpt>
      <trkpt lat="37.68794970586896" lon="-8.084255000576377">
        <ele>197</ele>
      </trkpt>
      <trkpt lat="37.687507811933756" lon="-8.084178641438484">
        <ele>195.8</ele>
      </trkpt>
      <trkpt lat="37.68715811893344" lon="-8.084169421344995">
        <ele>194.8</ele>
      </trkpt>
      <trkpt lat="37.686725528910756" lon="-8.084187610074878">
        <ele>193.8</ele>
      </trkpt>
      <trkpt lat="37.68612848594785" lon="-8.08421703055501">
        <ele>192.6</ele>
      </trkpt>
      <trkpt lat="37.685693465173244" lon="-8.084236644208431">
        <ele>191.6</ele>
      </trkpt>
      <trkpt lat="37.68543479964137" lon="-8.084247708320618">
        <ele>190.6</ele>
      </trkpt>
      <trkpt lat="37.6850947458297" lon="-8.08426103554666">
        <ele>189.6</ele>
      </trkpt>
      <trkpt lat="37.68451999872923" lon="-8.084284337237477">
        <ele>188.2</ele>
      </trkpt>
      <trkpt lat="37.6839118078351" lon="-8.084304118528962">
        <ele>187.8</ele>
      </trkpt>
      <trkpt lat="37.68362246453762" lon="-8.084284756332636">
        <ele>187.8</ele>
      </trkpt>
      <trkpt lat="37.6830674149096" lon="-8.084178557619452">
        <ele>187.8</ele>
      </trkpt>
      <trkpt lat="37.68261244520545" lon="-8.08407872915268">
        <ele>187.6</ele>
      </trkpt>
      <trkpt lat="37.68205974251032" lon="-8.083964986726642">
        <ele>188.2</ele>
      </trkpt>
      <trkpt lat="37.68157510086894" lon="-8.083854848518968">
        <ele>188.6</ele>
      </trkpt>
      <trkpt lat="37.680985601618886" lon="-8.083726270124316">
        <ele>188.8</ele>
      </trkpt>
      <trkpt lat="37.68046592362225" lon="-8.08360867202282">
        <ele>189.2</ele>
      </trkpt>
      <trkpt lat="37.679899390786886" lon="-8.083487302064896">
        <ele>190</ele>
      </trkpt>
      <trkpt lat="37.67962002195418" lon="-8.083430053666234">
        <ele>190.2</ele>
      </trkpt>
      <trkpt lat="37.67939815297723" lon="-8.08338437229395">
        <ele>190.2</ele>
      </trkpt>
      <trkpt lat="37.67883840948343" lon="-8.083264259621501">
        <ele>190.4</ele>
      </trkpt>
      <trkpt lat="37.67825301736593" lon="-8.083135932683945">
        <ele>190.8</ele>
      </trkpt>
      <trkpt lat="37.67771112732589" lon="-8.083019759505987">
        <ele>190.6</ele>
      </trkpt>
      <trkpt lat="37.67717443406582" lon="-8.082899143919349">
        <ele>190.6</ele>
      </trkpt>
      <trkpt lat="37.67661544494331" lon="-8.08278338983655">
        <ele>190.6</ele>
      </trkpt>
      <trkpt lat="37.67606953158975" lon="-8.082663360983133">
        <ele>191.4</ele>
      </trkpt>
      <trkpt lat="37.67601588740945" lon="-8.082650871947408">
        <ele>191.6</ele>
      </trkpt>
      <trkpt lat="37.67553325742483" lon="-8.082545511424541">
        <ele>192.6</ele>
      </trkpt>
      <trkpt lat="37.67495356500149" lon="-8.082420201972127">
        <ele>193.2</ele>
      </trkpt>
      <trkpt lat="37.6747974101454" lon="-8.082386087626219">
        <ele>193.4</ele>
      </trkpt>
      <trkpt lat="37.674744855612516" lon="-8.082375107333064">
        <ele>193.6</ele>
      </trkpt>
      <trkpt lat="37.6744900457561" lon="-8.082319535315037">
        <ele>194</ele>
      </trkpt>
      <trkpt lat="37.67414496280253" lon="-8.082247199490666">
        <ele>194.8</ele>
      </trkpt>
      <trkpt lat="37.673710780218244" lon="-8.082148293033242">
        <ele>195.8</ele>
      </trkpt>
      <trkpt lat="37.673274921253324" lon="-8.082062043249607">
        <ele>196.8</ele>
      </trkpt>
      <trkpt lat="37.67283554188907" lon="-8.081957520917058">
        <ele>198</ele>
      </trkpt>
      <trkpt lat="37.672302620485425" lon="-8.081842102110386">
        <ele>198.8</ele>
      </trkpt>
      <trkpt lat="37.67220656387508" lon="-8.081820644438267">
        <ele>199</ele>
      </trkpt>
      <trkpt lat="37.67164866439998" lon="-8.081694329157472">
        <ele>199.6</ele>
      </trkpt>
      <trkpt lat="37.671466358006" lon="-8.08165124617517">
        <ele>200</ele>
      </trkpt>
      <trkpt lat="37.67097417265177" lon="-8.081550411880016">
        <ele>201</ele>
      </trkpt>
      <trkpt lat="37.670599250122905" lon="-8.08151445351541">
        <ele>202.2</ele>
      </trkpt>
      <trkpt lat="37.67045038752258" lon="-8.081479500979185">
        <ele>202.6</ele>
      </trkpt>
      <trkpt lat="37.67033044248819" lon="-8.081452762708068">
        <ele>203.4</ele>
      </trkpt>
      <trkpt lat="37.67022508196533" lon="-8.081419402733445">
        <ele>204.4</ele>
      </trkpt>
      <trkpt lat="37.67007412388921" lon="-8.081379840150476">
        <ele>205.4</ele>
      </trkpt>
      <trkpt lat="37.66995116136968" lon="-8.081359136849642">
        <ele>205.8</ele>
      </trkpt>
      <trkpt lat="37.669787630438805" lon="-8.081320580095053">
        <ele>206.6</ele>
      </trkpt>
      <trkpt lat="37.669509686529636" lon="-8.081250255927444">
        <ele>207.8</ele>
      </trkpt>
      <trkpt lat="37.66933299601078" lon="-8.08121245354414">
        <ele>208.8</ele>
      </trkpt>
      <trkpt lat="37.669302904978395" lon="-8.081204490736127">
        <ele>209</ele>
      </trkpt>
      <trkpt lat="37.66909687779844" lon="-8.081150678917766">
        <ele>210</ele>
      </trkpt>
      <trkpt lat="37.668893951922655" lon="-8.08110449463129">
        <ele>211</ele>
      </trkpt>
      <trkpt lat="37.66869002021849" lon="-8.08105613104999">
        <ele>212.2</ele>
      </trkpt>
      <trkpt lat="37.66847192309797" lon="-8.081011371687055">
        <ele>213.2</ele>
      </trkpt>
      <trkpt lat="37.6681852620095" lon="-8.080958146601915">
        <ele>214.2</ele>
      </trkpt>
      <trkpt lat="37.668012510985136" lon="-8.080898048356175">
        <ele>215</ele>
      </trkpt>
      <trkpt lat="37.66796724870801" lon="-8.080884804949164">
        <ele>215.4</ele>
      </trkpt>
      <trkpt lat="37.66794419847429" lon="-8.08087726123631">
        <ele>215.6</ele>
      </trkpt>
      <trkpt lat="37.66785057261586" lon="-8.080824622884393">
        <ele>216.4</ele>
      </trkpt>
      <trkpt lat="37.667720317840576" lon="-8.080844236537814">
        <ele>217</ele>
      </trkpt>
      <trkpt lat="37.66766658984125" lon="-8.080848678946495">
        <ele>216.8</ele>
      </trkpt>
      <trkpt lat="37.66747464425862" lon="-8.080882960930467">
        <ele>217</ele>
      </trkpt>
      <trkpt lat="37.667385544627905" lon="-8.080888744443655">
        <ele>216.6</ele>
      </trkpt>
      <trkpt lat="37.66701866872609" lon="-8.080915231257677">
        <ele>216.4</ele>
      </trkpt>
      <trkpt lat="37.666896879673004" lon="-8.080916656181216">
        <ele>216.4</ele>
      </trkpt>
      <trkpt lat="37.66632682643831" lon="-8.080928139388561">
        <ele>216.4</ele>
      </trkpt>
      <trkpt lat="37.66574847511947" lon="-8.080944819375873">
        <ele>216.6</ele>
      </trkpt>
      <trkpt lat="37.66538327559829" lon="-8.080953704193234">
        <ele>217.2</ele>
      </trkpt>
      <trkpt lat="37.66510943882167" lon="-8.08096225373447">
        <ele>217.6</ele>
      </trkpt>
      <trkpt lat="37.66470559872687" lon="-8.080972982570529">
        <ele>218.8</ele>
      </trkpt>
      <trkpt lat="37.66443385742605" lon="-8.080976502969861">
        <ele>219.8</ele>
      </trkpt>
      <trkpt lat="37.66419991850853" lon="-8.080991758033633">
        <ele>221</ele>
      </trkpt>
      <trkpt lat="37.663999339565635" lon="-8.081006929278374">
        <ele>221.6</ele>
      </trkpt>
      <trkpt lat="37.66389758326113" lon="-8.081007096916437">
        <ele>222</ele>
      </trkpt>
      <trkpt lat="37.66366154886782" lon="-8.081009946763515">
        <ele>223.2</ele>
      </trkpt>
      <trkpt lat="37.66343875788152" lon="-8.081011958420277">
        <ele>224.2</ele>
      </trkpt>
      <trkpt lat="37.663222923874855" lon="-8.08101355098188">
        <ele>225.2</ele>
      </trkpt>
      <trkpt lat="37.66299594193697" lon="-8.081020843237638">
        <ele>226.4</ele>
      </trkpt>
      <trkpt lat="37.662718668580055" lon="-8.081024112179875">
        <ele>227.6</ele>
      </trkpt>
      <trkpt lat="37.66231181100011" lon="-8.081036265939474">
        <ele>228.4</ele>
      </trkpt>
      <trkpt lat="37.66227467916906" lon="-8.081036182120442">
        <ele>228.6</ele>
      </trkpt>
      <trkpt lat="37.66185709275305" lon="-8.08104632422328">
        <ele>229</ele>
      </trkpt>
      <trkpt lat="37.661743350327015" lon="-8.081047665327787">
        <ele>229.2</ele>
      </trkpt>
      <trkpt lat="37.661384688690305" lon="-8.081056298688054">
        <ele>229.4</ele>
      </trkpt>
      <trkpt lat="37.66099099069834" lon="-8.081066189333797">
        <ele>229.4</ele>
      </trkpt>
      <trkpt lat="37.66061841510236" lon="-8.081075074151158">
        <ele>229.2</ele>
      </trkpt>
      <trkpt lat="37.66007794998586" lon="-8.081098459661007">
        <ele>228</ele>
      </trkpt>
      <trkpt lat="37.65987468883395" lon="-8.081117235124111">
        <ele>227.8</ele>
      </trkpt>
      <trkpt lat="37.65976991504431" lon="-8.081119833514094">
        <ele>227.6</ele>
      </trkpt>
      <trkpt lat="37.659195670858026" lon="-8.081128718331456">
        <ele>226.6</ele>
      </trkpt>
      <trkpt lat="37.65898394398391" lon="-8.081135088577867">
        <ele>226.4</ele>
      </trkpt>
      <trkpt lat="37.65839897096157" lon="-8.08114799670875">
        <ele>225.8</ele>
      </trkpt>
      <trkpt lat="37.65823879279196" lon="-8.081151098012924">
        <ele>225.4</ele>
      </trkpt>
      <trkpt lat="37.65796688385308" lon="-8.08115973137319">
        <ele>225</ele>
      </trkpt>
      <trkpt lat="37.65785607509315" lon="-8.081163000315428">
        <ele>225</ele>
      </trkpt>
      <trkpt lat="37.65744670294225" lon="-8.081172304227948">
        <ele>224.6</ele>
      </trkpt>
      <trkpt lat="37.65738568268716" lon="-8.081173058599234">
        <ele>224.6</ele>
      </trkpt>
      <trkpt lat="37.65683205798268" lon="-8.08118948712945">
        <ele>223.8</ele>
      </trkpt>
      <trkpt lat="37.65653089620173" lon="-8.081198707222939">
        <ele>223.4</ele>
      </trkpt>
      <trkpt lat="37.65607601031661" lon="-8.081214297562838">
        <ele>223.4</ele>
      </trkpt>
      <trkpt lat="37.655809968709946" lon="-8.081224020570517">
        <ele>223.6</ele>
      </trkpt>
      <trkpt lat="37.655552392825484" lon="-8.081230642274022">
        <ele>224</ele>
      </trkpt>
      <trkpt lat="37.65535022132099" lon="-8.08123642578721">
        <ele>224.6</ele>
      </trkpt>
      <trkpt lat="37.65510035678744" lon="-8.081242628395557">
        <ele>225.2</ele>
      </trkpt>
      <trkpt lat="37.65490606427193" lon="-8.08124765753746">
        <ele>225.6</ele>
      </trkpt>
      <trkpt lat="37.65471604652703" lon="-8.081252770498395">
        <ele>226.2</ele>
      </trkpt>
      <trkpt lat="37.654570620507" lon="-8.081257632002234">
        <ele>226.6</ele>
      </trkpt>
      <trkpt lat="37.6542304828763" lon="-8.081270288676023">
        <ele>227.4</ele>
      </trkpt>
      <trkpt lat="37.65418170019984" lon="-8.081271629780531">
        <ele>227.6</ele>
      </trkpt>
      <trkpt lat="37.65369286760688" lon="-8.081283196806908">
        <ele>228.8</ele>
      </trkpt>
      <trkpt lat="37.65325306914747" lon="-8.081290740519762">
        <ele>229.8</ele>
      </trkpt>
      <trkpt lat="37.65286230482161" lon="-8.081302139908075">
        <ele>230.4</ele>
      </trkpt>
      <trkpt lat="37.6527245901525" lon="-8.081302810460329">
        <ele>230.4</ele>
      </trkpt>
      <trkpt lat="37.652450082823634" lon="-8.081311360001564">
        <ele>230.6</ele>
      </trkpt>
      <trkpt lat="37.65231404453516" lon="-8.08131747879088">
        <ele>230.8</ele>
      </trkpt>
      <trkpt lat="37.651836443692446" lon="-8.081336338073015">
        <ele>231.2</ele>
      </trkpt>
      <trkpt lat="37.65127661637962" lon="-8.081352934241295">
        <ele>231.6</ele>
      </trkpt>
      <trkpt lat="37.65117360278964" lon="-8.081354526802897">
        <ele>231.8</ele>
      </trkpt>
      <trkpt lat="37.65058821067214" lon="-8.081367434933782">
        <ele>232.4</ele>
      </trkpt>
      <trkpt lat="37.65035611577332" lon="-8.081377493217587">
        <ele>232.8</ele>
      </trkpt>
      <trkpt lat="37.65002368949354" lon="-8.081383863463998">
        <ele>233.6</ele>
      </trkpt>
      <trkpt lat="37.64993090182543" lon="-8.081386210396886">
        <ele>234</ele>
      </trkpt>
      <trkpt lat="37.64984113164246" lon="-8.081383192911744">
        <ele>234.4</ele>
      </trkpt>
      <trkpt lat="37.64951901510358" lon="-8.08139911852777">
        <ele>235</ele>
      </trkpt>
      <trkpt lat="37.64893278479576" lon="-8.08142309077084">
        <ele>236</ele>
      </trkpt>
      <trkpt lat="37.648882661014795" lon="-8.081423928961158">
        <ele>236.2</ele>
      </trkpt>
      <trkpt lat="37.64832342043519" lon="-8.081441866233945">
        <ele>236.2</ele>
      </trkpt>
      <trkpt lat="37.64796786010265" lon="-8.08145234361291">
        <ele>235</ele>
      </trkpt>
      <trkpt lat="37.64755974523723" lon="-8.081464832648635">
        <ele>234</ele>
      </trkpt>
      <trkpt lat="37.64716520905495" lon="-8.08148075826466">
        <ele>233</ele>
      </trkpt>
      <trkpt lat="37.646910985931754" lon="-8.081488888710737">
        <ele>231.6</ele>
      </trkpt>
      <trkpt lat="37.646738570183516" lon="-8.081493079662323">
        <ele>230.4</ele>
      </trkpt>
      <trkpt lat="37.64648116193712" lon="-8.081499869003892">
        <ele>229.2</ele>
      </trkpt>
      <trkpt lat="37.646155105903745" lon="-8.081505987793207">
        <ele>228</ele>
      </trkpt>
      <trkpt lat="37.64585788361728" lon="-8.081511100754142">
        <ele>227</ele>
      </trkpt>
      <trkpt lat="37.645586812868714" lon="-8.08151738718152">
        <ele>226.8</ele>
      </trkpt>
      <trkpt lat="37.645394783467054" lon="-8.08152174577117">
        <ele>226.8</ele>
      </trkpt>
      <trkpt lat="37.64482825063169" lon="-8.081545801833272">
        <ele>228</ele>
      </trkpt>
      <trkpt lat="37.6444720197469" lon="-8.081559464335442">
        <ele>229</ele>
      </trkpt>
      <trkpt lat="37.644080920144916" lon="-8.081571282818913">
        <ele>230</ele>
      </trkpt>
      <trkpt lat="37.643799372017384" lon="-8.081578658893704">
        <ele>230.6</ele>
      </trkpt>
      <trkpt lat="37.643660232424736" lon="-8.081584023311734">
        <ele>231.2</ele>
      </trkpt>
      <trkpt lat="37.643116498366" lon="-8.081602631136775">
        <ele>232</ele>
      </trkpt>
      <trkpt lat="37.64256153255701" lon="-8.081620736047626">
        <ele>232</ele>
      </trkpt>
      <trkpt lat="37.64241476543248" lon="-8.08162827976048">
        <ele>231.8</ele>
      </trkpt>
      <trkpt lat="37.64221200719476" lon="-8.081634901463985">
        <ele>231.8</ele>
      </trkpt>
      <trkpt lat="37.6417160499841" lon="-8.081658286973834">
        <ele>231.6</ele>
      </trkpt>
      <trkpt lat="37.64138295315206" lon="-8.081675469875336">
        <ele>231</ele>
      </trkpt>
      <trkpt lat="37.64079077169299" lon="-8.081688126549125">
        <ele>230.6</ele>
      </trkpt>
      <trkpt lat="37.64022817835212" lon="-8.081703213974833">
        <ele>230.2</ele>
      </trkpt>
      <trkpt lat="37.64009842649102" lon="-8.081702375784516">
        <ele>230</ele>
      </trkpt>
      <trkpt lat="37.639522003009915" lon="-8.081728359684348">
        <ele>229.2</ele>
      </trkpt>
      <trkpt lat="37.638926887884736" lon="-8.081748643890023">
        <ele>229.4</ele>
      </trkpt>
      <trkpt lat="37.63848792761564" lon="-8.081758534535766">
        <ele>230.2</ele>
      </trkpt>
      <trkpt lat="37.63817134313285" lon="-8.081768341362476">
        <ele>231</ele>
      </trkpt>
      <trkpt lat="37.63811828568578" lon="-8.081769431009889">
        <ele>231</ele>
      </trkpt>
      <trkpt lat="37.63773548416793" lon="-8.081781081855297">
        <ele>232</ele>
      </trkpt>
      <trkpt lat="37.637515207752585" lon="-8.08178803883493">
        <ele>232.2</ele>
      </trkpt>
      <trkpt lat="37.63745980337262" lon="-8.081789296120405">
        <ele>232.2</ele>
      </trkpt>
      <trkpt lat="37.63711706735194" lon="-8.081793989986181">
        <ele>232.6</ele>
      </trkpt>
      <trkpt lat="37.63659680262208" lon="-8.081810250878334">
        <ele>233</ele>
      </trkpt>
      <trkpt lat="37.63628373853862" lon="-8.081820560619235">
        <ele>233.2</ele>
      </trkpt>
      <trkpt lat="37.636232525110245" lon="-8.081823578104377">
        <ele>233.2</ele>
      </trkpt>
      <trkpt lat="37.63598014600575" lon="-8.081839922815561">
        <ele>233.6</ele>
      </trkpt>
      <trkpt lat="37.635412188246846" lon="-8.081855429336429">
        <ele>234</ele>
      </trkpt>
      <trkpt lat="37.63504824601114" lon="-8.081865319982171">
        <ele>234.2</ele>
      </trkpt>
      <trkpt lat="37.63483492657542" lon="-8.081872025504708">
        <ele>234.4</ele>
      </trkpt>
      <trkpt lat="37.634677262976766" lon="-8.081874875351787">
        <ele>234.4</ele>
      </trkpt>
      <trkpt lat="37.63410855084658" lon="-8.08189264498651">
        <ele>234.8</ele>
      </trkpt>
      <trkpt lat="37.63390411622822" lon="-8.081898847594857">
        <ele>234.8</ele>
      </trkpt>
      <trkpt lat="37.633597841486335" lon="-8.081910582259297">
        <ele>235.4</ele>
      </trkpt>
      <trkpt lat="37.63324177823961" lon="-8.081911839544773">
        <ele>235.6</ele>
      </trkpt>
      <trkpt lat="37.63268580660224" lon="-8.081937152892351">
        <ele>235.8</ele>
      </trkpt>
      <trkpt lat="37.63218004256487" lon="-8.081956515088677">
        <ele>236</ele>
      </trkpt>
      <trkpt lat="37.63188357464969" lon="-8.081978559494019">
        <ele>236.2</ele>
      </trkpt>
      <trkpt lat="37.6316898688674" lon="-8.081995155662298">
        <ele>236.4</ele>
      </trkpt>
      <trkpt lat="37.631640834733844" lon="-8.081999346613884">
        <ele>236.4</ele>
      </trkpt>
      <trkpt lat="37.63108897022903" lon="-8.08202650398016">
        <ele>237</ele>
      </trkpt>
      <trkpt lat="37.630689824" lon="-8.08204360306263">
        <ele>237.4</ele>
      </trkpt>
      <trkpt lat="37.63045370578766" lon="-8.082047458738089">
        <ele>237.6</ele>
      </trkpt>
      <trkpt lat="37.63015673495829" lon="-8.08205927722156">
        <ele>238.2</ele>
      </trkpt>
      <trkpt lat="37.63007149100304" lon="-8.08206464163959">
        <ele>238.4</ele>
      </trkpt>
      <trkpt lat="37.62979790568352" lon="-8.082083752378821">
        <ele>239.4</ele>
      </trkpt>
      <trkpt lat="37.62953077442944" lon="-8.082082914188504">
        <ele>240.6</ele>
      </trkpt>
      <trkpt lat="37.629317454993725" lon="-8.082082327455282">
        <ele>241.8</ele>
      </trkpt>
      <trkpt lat="37.629214357584715" lon="-8.08208417147398">
        <ele>242.4</ele>
      </trkpt>
      <trkpt lat="37.629041438922286" lon="-8.08208811096847">
        <ele>242.8</ele>
      </trkpt>
      <trkpt lat="37.628795094788074" lon="-8.082096995785832">
        <ele>244.2</ele>
      </trkpt>
      <trkpt lat="37.628522431477904" lon="-8.082098420709372">
        <ele>245.2</ele>
      </trkpt>
      <trkpt lat="37.62833660468459" lon="-8.082098253071308">
        <ele>246.4</ele>
      </trkpt>
      <trkpt lat="37.62808875180781" lon="-8.082108730450273">
        <ele>247.2</ele>
      </trkpt>
      <trkpt lat="37.62803074903786" lon="-8.082108898088336">
        <ele>247.4</ele>
      </trkpt>
      <trkpt lat="37.627818351611495" lon="-8.082120716571808">
        <ele>248.6</ele>
      </trkpt>
      <trkpt lat="37.627590112388134" lon="-8.082125913351774">
        <ele>249.6</ele>
      </trkpt>
      <trkpt lat="37.62726933695376" lon="-8.08214133605361">
        <ele>250.8</ele>
      </trkpt>
      <trkpt lat="37.6270979270339" lon="-8.082144437357783">
        <ele>251.8</ele>
      </trkpt>
      <trkpt lat="37.6268888823688" lon="-8.082162626087666">
        <ele>253</ele>
      </trkpt>
      <trkpt lat="37.62661278247833" lon="-8.08217067271471">
        <ele>254</ele>
      </trkpt>
      <trkpt lat="37.626333413645625" lon="-8.082178048789501">
        <ele>255</ele>
      </trkpt>
      <trkpt lat="37.62601473368704" lon="-8.082193052396178">
        <ele>256.2</ele>
      </trkpt>
      <trkpt lat="37.62544627301395" lon="-8.082214761525393">
        <ele>257</ele>
      </trkpt>
      <trkpt lat="37.62540964409709" lon="-8.082213001325727">
        <ele>257.2</ele>
      </trkpt>
      <trkpt lat="37.62527226470411" lon="-8.082219874486327">
        <ele>257.6</ele>
      </trkpt>
      <trkpt lat="37.62503673322499" lon="-8.082229178398848">
        <ele>258</ele>
      </trkpt>
      <trkpt lat="37.62475945986807" lon="-8.082238314673305">
        <ele>258.2</ele>
      </trkpt>
      <trkpt lat="37.62452283874154" lon="-8.082246696576476">
        <ele>258.2</ele>
      </trkpt>
      <trkpt lat="37.623948929831386" lon="-8.082266645506024">
        <ele>259.4</ele>
      </trkpt>
      <trkpt lat="37.623678697273135" lon="-8.08227184228599">
        <ele>260</ele>
      </trkpt>
      <trkpt lat="37.6233730930835" lon="-8.082288019359112">
        <ele>260.4</ele>
      </trkpt>
      <trkpt lat="37.62291066348553" lon="-8.082304615527391">
        <ele>261</ele>
      </trkpt>
      <trkpt lat="37.622325606644154" lon="-8.082326659932733">
        <ele>261</ele>
      </trkpt>
      <trkpt lat="37.62178011238575" lon="-8.082347782328725">
        <ele>260.6</ele>
      </trkpt>
      <trkpt lat="37.62118390761316" lon="-8.082367395982146">
        <ele>259.8</ele>
      </trkpt>
      <trkpt lat="37.62103093788028" lon="-8.082374688237906">
        <ele>259.4</ele>
      </trkpt>
      <trkpt lat="37.62062843888998" lon="-8.0823870934546">
        <ele>257.8</ele>
      </trkpt>
      <trkpt lat="37.62029039673507" lon="-8.082397319376469">
        <ele>256.8</ele>
      </trkpt>
      <trkpt lat="37.6199503429234" lon="-8.08240620419383">
        <ele>255.4</ele>
      </trkpt>
      <trkpt lat="37.61953971348703" lon="-8.082429254427552">
        <ele>254.4</ele>
      </trkpt>
      <trkpt lat="37.619094802066684" lon="-8.082452556118369">
        <ele>254</ele>
      </trkpt>
      <trkpt lat="37.61855215765536" lon="-8.082474684342742">
        <ele>255.4</ele>
      </trkpt>
      <trkpt lat="37.618498764932156" lon="-8.08247552253306">
        <ele>255.8</ele>
      </trkpt>
      <trkpt lat="37.61829231865704" lon="-8.082484658807516">
        <ele>256.8</ele>
      </trkpt>
      <trkpt lat="37.6180456392467" lon="-8.082489520311356">
        <ele>257.6</ele>
      </trkpt>
      <trkpt lat="37.61790281161666" lon="-8.08249806985259">
        <ele>258.2</ele>
      </trkpt>
      <trkpt lat="37.61771220713854" lon="-8.082502260804176">
        <ele>258.8</ele>
      </trkpt>
      <trkpt lat="37.61743669398129" lon="-8.082519359886646">
        <ele>259.8</ele>
      </trkpt>
      <trkpt lat="37.617341727018356" lon="-8.08251902461052">
        <ele>260.2</ele>
      </trkpt>
      <trkpt lat="37.6167815644294" lon="-8.082589097321033">
        <ele>260.6</ele>
      </trkpt>
      <trkpt lat="37.616196842864156" lon="-8.082710383459926">
        <ele>260</ele>
      </trkpt>
      <trkpt lat="37.61605493724346" lon="-8.082747515290976">
        <ele>259.6</ele>
      </trkpt>
      <trkpt lat="37.61583801358938" lon="-8.082803590223193">
        <ele>258.8</ele>
      </trkpt>
      <trkpt lat="37.6155417971313" lon="-8.082882044836879">
        <ele>257.6</ele>
      </trkpt>
      <trkpt lat="37.61523736640811" lon="-8.08296569623053">
        <ele>256.8</ele>
      </trkpt>
      <trkpt lat="37.61516125872731" lon="-8.082987405359745">
        <ele>256.2</ele>
      </trkpt>
      <trkpt lat="37.614771500229836" lon="-8.083091676235199">
        <ele>255.2</ele>
      </trkpt>
      <trkpt lat="37.61421418748796" lon="-8.083143392577767">
        <ele>254.2</ele>
      </trkpt>
      <trkpt lat="37.61413715779781" lon="-8.083137357607484">
        <ele>254</ele>
      </trkpt>
      <trkpt lat="37.61360926553607" lon="-8.083030320703983">
        <ele>253.4</ele>
      </trkpt>
      <trkpt lat="37.613051533699036" lon="-8.082805098965764">
        <ele>253</ele>
      </trkpt>
      <trkpt lat="37.612965451553464" lon="-8.082768386229873">
        <ele>252.6</ele>
      </trkpt>
      <trkpt lat="37.61261056177318" lon="-8.082618014886975">
        <ele>251.6</ele>
      </trkpt>
      <trkpt lat="37.612426495179534" lon="-8.08254148811102">
        <ele>250.2</ele>
      </trkpt>
      <trkpt lat="37.61223815381527" lon="-8.082459848374128">
        <ele>249</ele>
      </trkpt>
      <trkpt lat="37.61194495484233" lon="-8.082339484244585">
        <ele>247.8</ele>
      </trkpt>
      <trkpt lat="37.611646139994264" lon="-8.082214929163456">
        <ele>246.4</ele>
      </trkpt>
      <trkpt lat="37.61136442422867" lon="-8.082101689651608">
        <ele>245.4</ele>
      </trkpt>
      <trkpt lat="37.6110864803195" lon="-8.08199624530971">
        <ele>244</ele>
      </trkpt>
      <trkpt lat="37.610906437039375" lon="-8.08192491531372">
        <ele>242.8</ele>
      </trkpt>
      <trkpt lat="37.61032523587346" lon="-8.081677313894033">
        <ele>241.8</ele>
      </trkpt>
      <trkpt lat="37.60979943908751" lon="-8.081463659182191">
        <ele>241.2</ele>
      </trkpt>
      <trkpt lat="37.60927431285381" lon="-8.081272635608912">
        <ele>241</ele>
      </trkpt>
      <trkpt lat="37.60890274308622" lon="-8.08120415546">
        <ele>240.8</ele>
      </trkpt>
      <trkpt lat="37.608326990157366" lon="-8.081194180995226">
        <ele>240.2</ele>
      </trkpt>
      <trkpt lat="37.607988361269236" lon="-8.08121345937252">
        <ele>239.8</ele>
      </trkpt>
      <trkpt lat="37.60738503187895" lon="-8.081272384151816">
        <ele>238.8</ele>
      </trkpt>
      <trkpt lat="37.606822019442916" lon="-8.081325776875019">
        <ele>238.8</ele>
      </trkpt>
      <trkpt lat="37.606602162122726" lon="-8.081350922584534">
        <ele>239.2</ele>
      </trkpt>
      <trkpt lat="37.60645883157849" lon="-8.081415630877018">
        <ele>239.6</ele>
      </trkpt>
      <trkpt lat="37.606271831318736" lon="-8.081405656412244">
        <ele>240.6</ele>
      </trkpt>
      <trkpt lat="37.606225311756134" lon="-8.081391658633947">
        <ele>240.6</ele>
      </trkpt>
      <trkpt lat="37.60613755322993" lon="-8.081365507096052">
        <ele>240.8</ele>
      </trkpt>
      <trkpt lat="37.60605029761791" lon="-8.081370536237955">
        <ele>241.4</ele>
      </trkpt>
      <trkpt lat="37.606005454435945" lon="-8.081375062465668">
        <ele>241.6</ele>
      </trkpt>
      <trkpt lat="37.60587369091809" lon="-8.08138445019722">
        <ele>242.2</ele>
      </trkpt>
      <trkpt lat="37.605790542438626" lon="-8.081391239538789">
        <ele>242.8</ele>
      </trkpt>
      <trkpt lat="37.60562717914581" lon="-8.081403728574514">
        <ele>243.6</ele>
      </trkpt>
      <trkpt lat="37.60554830543697" lon="-8.081409763544798">
        <ele>244</ele>
      </trkpt>
      <trkpt lat="37.6053998619318" lon="-8.081420324742794">
        <ele>245.2</ele>
      </trkpt>
      <trkpt lat="37.60518386028707" lon="-8.081434657797217">
        <ele>246.4</ele>
      </trkpt>
      <trkpt lat="37.604991998523474" lon="-8.081448571756482">
        <ele>247.4</ele>
      </trkpt>
      <trkpt lat="37.60465127415955" lon="-8.081462737172842">
        <ele>248.6</ele>
      </trkpt>
      <trkpt lat="37.60429110378027" lon="-8.081485452130437">
        <ele>248.8</ele>
      </trkpt>
      <trkpt lat="37.603720715269446" lon="-8.081520991399884">
        <ele>248.4</ele>
      </trkpt>
      <trkpt lat="37.60339097119868" lon="-8.081542029976845">
        <ele>247.4</ele>
      </trkpt>
      <trkpt lat="37.603104058653116" lon="-8.081560637801886">
        <ele>246.4</ele>
      </trkpt>
      <trkpt lat="37.60280557908118" lon="-8.081578826531768">
        <ele>245.4</ele>
      </trkpt>
      <trkpt lat="37.60251061990857" lon="-8.081602044403553">
        <ele>244</ele>
      </trkpt>
      <trkpt lat="37.60197560302913" lon="-8.081637835130095">
        <ele>243.2</ele>
      </trkpt>
      <trkpt lat="37.60168567299843" lon="-8.081661723554134">
        <ele>243.2</ele>
      </trkpt>
      <trkpt lat="37.601285353302956" lon="-8.081690724939108">
        <ele>244.8</ele>
      </trkpt>
      <trkpt lat="37.60119357146323" lon="-8.081701789051294">
        <ele>245.4</ele>
      </trkpt>
      <trkpt lat="37.60081152431667" lon="-8.08173623867333">
        <ele>246.6</ele>
      </trkpt>
      <trkpt lat="37.600652016699314" lon="-8.08174604550004">
        <ele>247.4</ele>
      </trkpt>
      <trkpt lat="37.600493766367435" lon="-8.08175241574645">
        <ele>248.2</ele>
      </trkpt>
      <trkpt lat="37.60042109526694" lon="-8.08175778016448">
        <ele>248.4</ele>
      </trkpt>
      <trkpt lat="37.60016527958214" lon="-8.081784769892693">
        <ele>249.8</ele>
      </trkpt>
      <trkpt lat="37.59990653023124" lon="-8.08179927058518">
        <ele>251</ele>
      </trkpt>
      <trkpt lat="37.59972388856113" lon="-8.081810753792524">
        <ele>252</ele>
      </trkpt>
      <trkpt lat="37.599576618522406" lon="-8.081819722428918">
        <ele>253</ele>
      </trkpt>
      <trkpt lat="37.599539989605546" lon="-8.081822404637933">
        <ele>253</ele>
      </trkpt>
      <trkpt lat="37.59928819723427" lon="-8.081837575882673">
        <ele>254.2</ele>
      </trkpt>
      <trkpt lat="37.59899625554681" lon="-8.081835564225912">
        <ele>255.2</ele>
      </trkpt>
      <trkpt lat="37.59876332245767" lon="-8.081816621124744">
        <ele>256.2</ele>
      </trkpt>
      <trkpt lat="37.598723508417606" lon="-8.081812262535095">
        <ele>256.4</ele>
      </trkpt>
      <trkpt lat="37.59839292615652" lon="-8.081737076863647">
        <ele>256.8</ele>
      </trkpt>
      <trkpt lat="37.59821849875152" lon="-8.081691563129425">
        <ele>256.8</ele>
      </trkpt>
      <trkpt lat="37.59789001196623" lon="-8.081605983898044">
        <ele>256.8</ele>
      </trkpt>
      <trkpt lat="37.597305458039045" lon="-8.08146215043962">
        <ele>256.2</ele>
      </trkpt>
      <trkpt lat="37.597067495808005" lon="-8.08140398003161">
        <ele>256</ele>
      </trkpt>
      <trkpt lat="37.59669936262071" lon="-8.08131169527769">
        <ele>255.2</ele>
      </trkpt>
      <trkpt lat="37.59613886475563" lon="-8.081173645332456">
        <ele>254.4</ele>
      </trkpt>
      <trkpt lat="37.59589545428753" lon="-8.08111371472478">
        <ele>254.2</ele>
      </trkpt>
      <trkpt lat="37.59571264497936" lon="-8.0810712184757">
        <ele>254</ele>
      </trkpt>
      <trkpt lat="37.595534194260836" lon="-8.081022771075368">
        <ele>253.8</ele>
      </trkpt>
      <trkpt lat="37.59500144049525" lon="-8.080871729180217">
        <ele>253.6</ele>
      </trkpt>
      <trkpt lat="37.594448402523994" lon="-8.08072965592146">
        <ele>253.6</ele>
      </trkpt>
      <trkpt lat="37.59408848360181" lon="-8.080635946244001">
        <ele>253</ele>
      </trkpt>
      <trkpt lat="37.593777514994144" lon="-8.080557994544506">
        <ele>252</ele>
      </trkpt>
      <trkpt lat="37.593533769249916" lon="-8.080491777509451">
        <ele>251</ele>
      </trkpt>
      <trkpt lat="37.59329069405794" lon="-8.080430421978235">
        <ele>249.4</ele>
      </trkpt>
      <trkpt lat="37.59305155836046" lon="-8.080365294590592">
        <ele>248.2</ele>
      </trkpt>
      <trkpt lat="37.59268459863961" lon="-8.08027770370245">
        <ele>247.2</ele>
      </trkpt>
      <trkpt lat="37.59229416958988" lon="-8.08021224103868">
        <ele>247</ele>
      </trkpt>
      <trkpt lat="37.59205629117787" lon="-8.080156249925494">
        <ele>247.6</ele>
      </trkpt>
      <trkpt lat="37.59189133532345" lon="-8.08011400513351">
        <ele>248</ele>
      </trkpt>
      <trkpt lat="37.591724283993244" lon="-8.08007201179862">
        <ele>248.8</ele>
      </trkpt>
      <trkpt lat="37.59166929870844" lon="-8.080058936029673">
        <ele>249.2</ele>
      </trkpt>
      <trkpt lat="37.59145732037723" lon="-8.080007890239358">
        <ele>250.2</ele>
      </trkpt>
      <trkpt lat="37.59120175614953" lon="-8.079937314614654">
        <ele>251.4</ele>
      </trkpt>
      <trkpt lat="37.591000171378255" lon="-8.079883167520165">
        <ele>252.4</ele>
      </trkpt>
      <trkpt lat="37.59095096960664" lon="-8.079871349036694">
        <ele>252.8</ele>
      </trkpt>
      <trkpt lat="37.59075910784304" lon="-8.079819548875093">
        <ele>253.8</ele>
      </trkpt>
      <trkpt lat="37.59071074426174" lon="-8.079808400943875">
        <ele>254</ele>
      </trkpt>
      <trkpt lat="37.590514440089464" lon="-8.079762971028686">
        <ele>255.2</ele>
      </trkpt>
      <trkpt lat="37.59025678038597" lon="-8.079701699316502">
        <ele>256.2</ele>
      </trkpt>
      <trkpt lat="37.58970567025244" lon="-8.079569432884455">
        <ele>257.2</ele>
      </trkpt>
      <trkpt lat="37.58941389620304" lon="-8.079491397365928">
        <ele>257.6</ele>
      </trkpt>
      <trkpt lat="37.58926494978368" lon="-8.079452589154243">
        <ele>257.8</ele>
      </trkpt>
      <trkpt lat="37.58893922902644" lon="-8.079358376562595">
        <ele>258.2</ele>
      </trkpt>
      <trkpt lat="37.58880796842277" lon="-8.07933071628213">
        <ele>258.6</ele>
      </trkpt>
      <trkpt lat="37.588571682572365" lon="-8.079284448176622">
        <ele>258.6</ele>
      </trkpt>
      <trkpt lat="37.58826708421111" lon="-8.079216303303838">
        <ele>258.6</ele>
      </trkpt>
      <trkpt lat="37.588013615459204" lon="-8.079146398231387">
        <ele>258.6</ele>
      </trkpt>
      <trkpt lat="37.587479185312986" lon="-8.07901706546545">
        <ele>258.4</ele>
      </trkpt>
      <trkpt lat="37.58694877848029" lon="-8.078885301947594">
        <ele>258.6</ele>
      </trkpt>
      <trkpt lat="37.586796982213855" lon="-8.078853031620383">
        <ele>258.8</ele>
      </trkpt>
      <trkpt lat="37.58622684516013" lon="-8.078707102686167">
        <ele>258.8</ele>
      </trkpt>
      <trkpt lat="37.585669700056314" lon="-8.078567879274487">
        <ele>259.2</ele>
      </trkpt>
      <trkpt lat="37.58512806147337" lon="-8.07844047434628">
        <ele>259.4</ele>
      </trkpt>
      <trkpt lat="37.584979785606265" lon="-8.078394373878837">
        <ele>259.4</ele>
      </trkpt>
      <trkpt lat="37.58483989164233" lon="-8.078351290896535">
        <ele>259.6</ele>
      </trkpt>
      <trkpt lat="37.5847446732223" lon="-8.07835740968585">
        <ele>259.6</ele>
      </trkpt>
      <trkpt lat="37.58417034521699" lon="-8.078227071091533">
        <ele>260</ele>
      </trkpt>
      <trkpt lat="37.58412751369178" lon="-8.078215923160315">
        <ele>260</ele>
      </trkpt>
      <trkpt lat="37.58387236855924" lon="-8.078155657276511">
        <ele>260.6</ele>
      </trkpt>
      <trkpt lat="37.583651253953576" lon="-8.078096061944962">
        <ele>261.6</ele>
      </trkpt>
      <trkpt lat="37.58347129449248" lon="-8.078058259561658">
        <ele>262.8</ele>
      </trkpt>
      <trkpt lat="37.583229476585984" lon="-8.078000927343965">
        <ele>264</ele>
      </trkpt>
      <trkpt lat="37.58302261121571" lon="-8.077955832704902">
        <ele>264.8</ele>
      </trkpt>
      <trkpt lat="37.58295555599034" lon="-8.077932028099895">
        <ele>265.2</ele>
      </trkpt>
      <trkpt lat="37.58275321684778" lon="-8.07782281190157">
        <ele>266.4</ele>
      </trkpt>
      <trkpt lat="37.58268255740404" lon="-8.077799594029784">
        <ele>267</ele>
      </trkpt>
      <trkpt lat="37.58262908086181" lon="-8.077816106379032">
        <ele>267.4</ele>
      </trkpt>
      <trkpt lat="37.58239514194429" lon="-8.077801689505577">
        <ele>267.8</ele>
      </trkpt>
      <trkpt lat="37.58183615282178" lon="-8.077661795541644">
        <ele>268</ele>
      </trkpt>
      <trkpt lat="37.58170732297003" lon="-8.077633129432797">
        <ele>268</ele>
      </trkpt>
      <trkpt lat="37.58149467408657" lon="-8.077582335099578">
        <ele>268</ele>
      </trkpt>
      <trkpt lat="37.58114623837173" lon="-8.077498767524958">
        <ele>268.4</ele>
      </trkpt>
      <trkpt lat="37.58075438439846" lon="-8.077404219657183">
        <ele>269.4</ele>
      </trkpt>
      <trkpt lat="37.58020813576877" lon="-8.077267846092582">
        <ele>270.4</ele>
      </trkpt>
      <trkpt lat="37.58013152517378" lon="-8.077249825000763">
        <ele>270.6</ele>
      </trkpt>
      <trkpt lat="37.579629784449935" lon="-8.077119067311287">
        <ele>271.6</ele>
      </trkpt>
      <trkpt lat="37.57935016416013" lon="-8.077039187774062">
        <ele>272.4</ele>
      </trkpt>
      <trkpt lat="37.57931194268167" lon="-8.077041786164045">
        <ele>272.6</ele>
      </trkpt>
      <trkpt lat="37.578826043754816" lon="-8.076945478096604">
        <ele>273.2</ele>
      </trkpt>
      <trkpt lat="37.57827954366803" lon="-8.076831568032503">
        <ele>272.4</ele>
      </trkpt>
      <trkpt lat="37.57810637354851" lon="-8.07678990997374">
        <ele>271.8</ele>
      </trkpt>
      <trkpt lat="37.577698761597276" lon="-8.076696200296283">
        <ele>271.4</ele>
      </trkpt>
      <trkpt lat="37.5775283575058" lon="-8.076663259416819">
        <ele>271</ele>
      </trkpt>
      <trkpt lat="37.57699744775891" lon="-8.076542979106307">
        <ele>270.4</ele>
      </trkpt>
      <trkpt lat="37.5769929215312" lon="-8.076541470363736">
        <ele>270.8</ele>
      </trkpt>
      <trkpt lat="37.57649646140635" lon="-8.076376179233193">
        <ele>271</ele>
      </trkpt>
      <trkpt lat="37.57602330297232" lon="-8.076255563646555">
        <ele>271.4</ele>
      </trkpt>
      <trkpt lat="37.57597988471389" lon="-8.07624600827694">
        <ele>271.4</ele>
      </trkpt>
      <trkpt lat="37.5758530665189" lon="-8.076218934729695">
        <ele>271.4</ele>
      </trkpt>
      <trkpt lat="37.57529684342444" lon="-8.076081136241555">
        <ele>271.6</ele>
      </trkpt>
      <trkpt lat="37.57472519762814" lon="-8.075945936143398">
        <ele>272.2</ele>
      </trkpt>
      <trkpt lat="37.574325716122985" lon="-8.075854741036892">
        <ele>272.4</ele>
      </trkpt>
      <trkpt lat="37.5737810600549" lon="-8.075726246461272">
        <ele>273</ele>
      </trkpt>
      <trkpt lat="37.57323305122554" lon="-8.075591968372464">
        <ele>273.6</ele>
      </trkpt>
      <trkpt lat="37.57314235903323" lon="-8.075569169595838">
        <ele>273.6</ele>
      </trkpt>
      <trkpt lat="37.572779674082994" lon="-8.075480908155441">
        <ele>274</ele>
      </trkpt>
      <trkpt lat="37.5724252872169" lon="-8.075389880686998">
        <ele>274.6</ele>
      </trkpt>
      <trkpt lat="37.57189211435616" lon="-8.075259877368808">
        <ele>275.2</ele>
      </trkpt>
      <trkpt lat="37.571334801614285" lon="-8.075126018375158">
        <ele>275.2</ele>
      </trkpt>
      <trkpt lat="37.57079819217324" lon="-8.074999367818236">
        <ele>274.4</ele>
      </trkpt>
      <trkpt lat="37.57048739120364" lon="-8.074924685060978">
        <ele>273.4</ele>
      </trkpt>
      <trkpt lat="37.56991306319833" lon="-8.074790071696043">
        <ele>272.8</ele>
      </trkpt>
      <trkpt lat="37.569370418787" lon="-8.074658894911408">
        <ele>273.4</ele>
      </trkpt>
      <trkpt lat="37.568799862638116" lon="-8.074523694813251">
        <ele>274.4</ele>
      </trkpt>
      <trkpt lat="37.5687488168478" lon="-8.074512965977192">
        <ele>274.4</ele>
      </trkpt>
      <trkpt lat="37.568284291774035" lon="-8.07440240867436">
        <ele>275.6</ele>
      </trkpt>
      <trkpt lat="37.568039959296584" lon="-8.07434482499957">
        <ele>276</ele>
      </trkpt>
      <trkpt lat="37.56781532429159" lon="-8.074297551065683">
        <ele>276.6</ele>
      </trkpt>
      <trkpt lat="37.56723906844854" lon="-8.07415522634983">
        <ele>277.6</ele>
      </trkpt>
      <trkpt lat="37.56713789887726" lon="-8.074125051498413">
        <ele>277.6</ele>
      </trkpt>
      <trkpt lat="37.56659081205726" lon="-8.073994293808937">
        <ele>277.6</ele>
      </trkpt>
      <trkpt lat="37.56627129390836" lon="-8.073919778689742">
        <ele>276.8</ele>
      </trkpt>
      <trkpt lat="37.566207591444254" lon="-8.073904355987906">
        <ele>276.6</ele>
      </trkpt>
      <trkpt lat="37.56567391566932" lon="-8.073773765936494">
        <ele>275.6</ele>
      </trkpt>
      <trkpt lat="37.5651294272393" lon="-8.073645690456033">
        <ele>274.4</ele>
      </trkpt>
      <trkpt lat="37.564536491408944" lon="-8.073508143424988">
        <ele>274.2</ele>
      </trkpt>
      <trkpt lat="37.56395034492016" lon="-8.073365483433008">
        <ele>274.4</ele>
      </trkpt>
      <trkpt lat="37.563379453495145" lon="-8.073228942230344">
        <ele>274.4</ele>
      </trkpt>
      <trkpt lat="37.56281241774559" lon="-8.07309198193252">
        <ele>275</ele>
      </trkpt>
      <trkpt lat="37.56260622292757" lon="-8.073040433228016">
        <ele>275.6</ele>
      </trkpt>
      <trkpt lat="37.56226072087884" lon="-8.072957703843713">
        <ele>276.8</ele>
      </trkpt>
      <trkpt lat="37.56201756186783" lon="-8.072899784892797">
        <ele>277.6</ele>
      </trkpt>
      <trkpt lat="37.56196944974363" lon="-8.072887547314167">
        <ele>277.8</ele>
      </trkpt>
      <trkpt lat="37.561824191361666" lon="-8.072852427139878">
        <ele>278.2</ele>
      </trkpt>
      <trkpt lat="37.56162646226585" lon="-8.072806410491467">
        <ele>278.8</ele>
      </trkpt>
      <trkpt lat="37.56106328219175" lon="-8.072671964764595">
        <ele>279.2</ele>
      </trkpt>
      <trkpt lat="37.560468753799796" lon="-8.072530897334218">
        <ele>278</ele>
      </trkpt>
      <trkpt lat="37.56018737331033" lon="-8.072465267032385">
        <ele>277.6</ele>
      </trkpt>
      <trkpt lat="37.5599711202085" lon="-8.072414137423038">
        <ele>276.8</ele>
      </trkpt>
      <trkpt lat="37.55975101143122" lon="-8.072361499071121">
        <ele>276.4</ele>
      </trkpt>
      <trkpt lat="37.55932060070336" lon="-8.072259742766619">
        <ele>275.4</ele>
      </trkpt>
      <trkpt lat="37.55877669900656" lon="-8.07212789542973">
        <ele>274.8</ele>
      </trkpt>
      <trkpt lat="37.55823941901326" lon="-8.07199981994927">
        <ele>275</ele>
      </trkpt>
      <trkpt lat="37.55764405243099" lon="-8.071855986490846">
        <ele>275.2</ele>
      </trkpt>
      <trkpt lat="37.55709537304938" lon="-8.071723971515894">
        <ele>275.4</ele>
      </trkpt>
      <trkpt lat="37.556656412780285" lon="-8.07162112556398">
        <ele>276.4</ele>
      </trkpt>
      <trkpt lat="37.55637972615659" lon="-8.071554321795702">
        <ele>277</ele>
      </trkpt>
      <trkpt lat="37.556216195225716" lon="-8.07151802815497">
        <ele>277.2</ele>
      </trkpt>
      <trkpt lat="37.555995834991336" lon="-8.071464132517576">
        <ele>277.6</ele>
      </trkpt>
      <trkpt lat="37.55545084364712" lon="-8.071334967389703">
        <ele>278</ele>
      </trkpt>
      <trkpt lat="37.5548579916358" lon="-8.071197671815753">
        <ele>277.2</ele>
      </trkpt>
      <trkpt lat="37.55430839024484" lon="-8.071062471717596">
        <ele>276.6</ele>
      </trkpt>
      <trkpt lat="37.55409825593233" lon="-8.071014862507582">
        <ele>276.4</ele>
      </trkpt>
      <trkpt lat="37.553511606529355" lon="-8.070874800905585">
        <ele>276.4</ele>
      </trkpt>
      <trkpt lat="37.55293820053339" lon="-8.07073675096035">
        <ele>277.4</ele>
      </trkpt>
      <trkpt lat="37.55282781086862" lon="-8.07070892304182">
        <ele>277.6</ele>
      </trkpt>
      <trkpt lat="37.55224300548434" lon="-8.070569783449173">
        <ele>278.4</ele>
      </trkpt>
      <trkpt lat="37.551653338596225" lon="-8.070427877828479">
        <ele>277.6</ele>
      </trkpt>
      <trkpt lat="37.55110960453749" lon="-8.070299550890923">
        <ele>277.2</ele>
      </trkpt>
      <trkpt lat="37.550577437505126" lon="-8.070176169276237">
        <ele>277.6</ele>
      </trkpt>
      <trkpt lat="37.55036009475589" lon="-8.070124620571733">
        <ele>278</ele>
      </trkpt>
      <trkpt lat="37.5502525549382" lon="-8.070099391043186">
        <ele>278.4</ele>
      </trkpt>
      <trkpt lat="37.55009195767343" lon="-8.070060582831502">
        <ele>279.2</ele>
      </trkpt>
      <trkpt lat="37.550037391483784" lon="-8.070048093795776">
        <ele>279.4</ele>
      </trkpt>
      <trkpt lat="37.549871765077114" lon="-8.07000869885087">
        <ele>280</ele>
      </trkpt>
      <trkpt lat="37.5497033726424" lon="-8.069968465715647">
        <ele>280.6</ele>
      </trkpt>
      <trkpt lat="37.54946172237396" lon="-8.069910211488605">
        <ele>281.4</ele>
      </trkpt>
      <trkpt lat="37.54940011538565" lon="-8.06989529170096">
        <ele>281.6</ele>
      </trkpt>
      <trkpt lat="37.54882117733359" lon="-8.069750452414155">
        <ele>281.6</ele>
      </trkpt>
      <trkpt lat="37.54848523065448" lon="-8.069662190973759">
        <ele>281.2</ele>
      </trkpt>
      <trkpt lat="37.54828046076" lon="-8.069616090506315">
        <ele>280.6</ele>
      </trkpt>
      <trkpt lat="37.54801425151527" lon="-8.069559261202812">
        <ele>280.2</ele>
      </trkpt>
      <trkpt lat="37.54744411446154" lon="-8.069429928436875">
        <ele>279.8</ele>
      </trkpt>
      <trkpt lat="37.5470903981477" lon="-8.069343511015177">
        <ele>280</ele>
      </trkpt>
      <trkpt lat="37.54680834710598" lon="-8.06927184574306">
        <ele>280.6</ele>
      </trkpt>
      <trkpt lat="37.54675461910665" lon="-8.069259524345398">
        <ele>280.6</ele>
      </trkpt>
      <trkpt lat="37.546544736251235" lon="-8.069201186299324">
        <ele>280.8</ele>
      </trkpt>
      <trkpt lat="37.54618691280484" lon="-8.069124575704336">
        <ele>281.6</ele>
      </trkpt>
      <trkpt lat="37.54568433389068" lon="-8.069001948460937">
        <ele>282.6</ele>
      </trkpt>
      <trkpt lat="37.54519592039287" lon="-8.068887703120708">
        <ele>283.6</ele>
      </trkpt>
      <trkpt lat="37.54474916495383" lon="-8.068776559084654">
        <ele>284.2</ele>
      </trkpt>
      <trkpt lat="37.54464665427804" lon="-8.06874847970903">
        <ele>284.2</ele>
      </trkpt>
      <trkpt lat="37.54444532096386" lon="-8.06870548054576">
        <ele>284.4</ele>
      </trkpt>
      <trkpt lat="37.54423711448908" lon="-8.068659044802189">
        <ele>284.8</ele>
      </trkpt>
      <trkpt lat="37.543656919151545" lon="-8.068524431437254">
        <ele>285.6</ele>
      </trkpt>
      <trkpt lat="37.54338953644037" lon="-8.068461818620563">
        <ele>285.8</ele>
      </trkpt>
      <trkpt lat="37.542847311124206" lon="-8.068338185548782">
        <ele>285.8</ele>
      </trkpt>
      <trkpt lat="37.542308773845434" lon="-8.068198543041945">
        <ele>285.8</ele>
      </trkpt>
      <trkpt lat="37.54209880717099" lon="-8.068143809214234">
        <ele>286</ele>
      </trkpt>
      <trkpt lat="37.54154643975198" lon="-8.068023193627596">
        <ele>286.2</ele>
      </trkpt>
      <trkpt lat="37.54098384641111" lon="-8.067896291613579">
        <ele>286.2</ele>
      </trkpt>
      <trkpt lat="37.54041806794703" lon="-8.06777073070407">
        <ele>286</ele>
      </trkpt>
      <trkpt lat="37.539879363030195" lon="-8.067635530605912">
        <ele>286</ele>
      </trkpt>
      <trkpt lat="37.539511481299996" lon="-8.067551795393229">
        <ele>286.6</ele>
      </trkpt>
      <trkpt lat="37.539281817153096" lon="-8.067499324679375">
        <ele>287.8</ele>
      </trkpt>
      <trkpt lat="37.53910160623491" lon="-8.067454565316439">
        <ele>289</ele>
      </trkpt>
      <trkpt lat="37.53867773339152" lon="-8.06735155172646">
        <ele>289.8</ele>
      </trkpt>
      <trkpt lat="37.53859307616949" lon="-8.067334368824959">
        <ele>290</ele>
      </trkpt>
      <trkpt lat="37.538459384813905" lon="-8.067304445430636">
        <ele>290.8</ele>
      </trkpt>
      <trkpt lat="37.538324017077684" lon="-8.067272678017616">
        <ele>291.2</ele>
      </trkpt>
      <trkpt lat="37.537740133702755" lon="-8.067138819023967">
        <ele>291.2</ele>
      </trkpt>
      <trkpt lat="37.53757224418223" lon="-8.067105375230312">
        <ele>291.2</ele>
      </trkpt>
      <trkpt lat="37.537279799580574" lon="-8.067035721614957">
        <ele>291.2</ele>
      </trkpt>
      <trkpt lat="37.53699238412082" lon="-8.066969504579902">
        <ele>291.2</ele>
      </trkpt>
      <trkpt lat="37.53657731227577" lon="-8.066878980025649">
        <ele>291.2</ele>
      </trkpt>
      <trkpt lat="37.53603274002671" lon="-8.066759202629328">
        <ele>291.2</ele>
      </trkpt>
      <trkpt lat="37.53545992076397" lon="-8.066632132977247">
        <ele>291.8</ele>
      </trkpt>
      <trkpt lat="37.53534818999469" lon="-8.066603718325496">
        <ele>292</ele>
      </trkpt>
      <trkpt lat="37.534971591085196" lon="-8.066520737484097">
        <ele>293</ele>
      </trkpt>
      <trkpt lat="37.534412015229464" lon="-8.06638017296791">
        <ele>293.8</ele>
      </trkpt>
      <trkpt lat="37.53436247818172" lon="-8.066368605941534">
        <ele>294</ele>
      </trkpt>
      <trkpt lat="37.5338177382946" lon="-8.066243380308151">
        <ele>294.8</ele>
      </trkpt>
      <trkpt lat="37.5336692109704" lon="-8.066213121637702">
        <ele>295.2</ele>
      </trkpt>
      <trkpt lat="37.53332471475005" lon="-8.066130978986621">
        <ele>295.6</ele>
      </trkpt>
      <trkpt lat="37.53322756849229" lon="-8.066111281514168">
        <ele>296</ele>
      </trkpt>
      <trkpt lat="37.53318012692034" lon="-8.06609963066876">
        <ele>296.2</ele>
      </trkpt>
      <trkpt lat="37.532614935189486" lon="-8.065964933484793">
        <ele>297.2</ele>
      </trkpt>
      <trkpt lat="37.53214018419385" lon="-8.065848676487803">
        <ele>297.2</ele>
      </trkpt>
      <trkpt lat="37.531648334115744" lon="-8.065744154155254">
        <ele>296.4</ele>
      </trkpt>
      <trkpt lat="37.53146879374981" lon="-8.065700735896826">
        <ele>296.2</ele>
      </trkpt>
      <trkpt lat="37.53134918399155" lon="-8.065674500539899">
        <ele>296.2</ele>
      </trkpt>
      <trkpt lat="37.53086529672146" lon="-8.065560003742576">
        <ele>295</ele>
      </trkpt>
      <trkpt lat="37.53030924126506" lon="-8.065431509166956">
        <ele>294.6</ele>
      </trkpt>
      <trkpt lat="37.52973700873554" lon="-8.06529731489718">
        <ele>294.2</ele>
      </trkpt>
      <trkpt lat="37.52936032600701" lon="-8.065215507522225">
        <ele>293.8</ele>
      </trkpt>
      <trkpt lat="37.528801588341594" lon="-8.065090449526906">
        <ele>293.4</ele>
      </trkpt>
      <trkpt lat="37.528251986950636" lon="-8.064968828111887">
        <ele>293</ele>
      </trkpt>
      <trkpt lat="37.52792936749756" lon="-8.06488098576665">
        <ele>292.8</ele>
      </trkpt>
      <trkpt lat="37.527937" lon="-8.064839">
        <ele>295.75</ele>
      </trkpt>
      <trkpt lat="37.527808" lon="-8.064797">
        <ele>295.5</ele>
      </trkpt>
      <trkpt lat="37.527199" lon="-8.064564">
        <ele>293</ele>
      </trkpt>
      <trkpt lat="37.526432" lon="-8.064256">
        <ele>291.75</ele>
      </trkpt>
      <trkpt lat="37.524483" lon="-8.063512">
        <ele>286</ele>
      </trkpt>
      <trkpt lat="37.523935" lon="-8.063294">
        <ele>283.75</ele>
      </trkpt>
      <trkpt lat="37.523452" lon="-8.063107">
        <ele>283.75</ele>
      </trkpt>
      <trkpt lat="37.523372" lon="-8.063077">
        <ele>283.75</ele>
      </trkpt>
      <trkpt lat="37.522286" lon="-8.062664">
        <ele>286.75</ele>
      </trkpt>
      <trkpt lat="37.520821" lon="-8.062101">
        <ele>282.75</ele>
      </trkpt>
      <trkpt lat="37.520589" lon="-8.062012">
        <ele>282</ele>
      </trkpt>
      <trkpt lat="37.520589" lon="-8.062012">
        <ele>282.25</ele>
      </trkpt>
      <trkpt lat="37.520441" lon="-8.061954">
        <ele>282</ele>
      </trkpt>
      <trkpt lat="37.519051" lon="-8.061418">
        <ele>281</ele>
      </trkpt>
      <trkpt lat="37.518814" lon="-8.061326">
        <ele>282</ele>
      </trkpt>
      <trkpt lat="37.518722" lon="-8.061291">
        <ele>282.25</ele>
      </trkpt>
      <trkpt lat="37.518629" lon="-8.061245">
        <ele>282.25</ele>
      </trkpt>
      <trkpt lat="37.518487" lon="-8.061195">
        <ele>282.5</ele>
      </trkpt>
      <trkpt lat="37.518337" lon="-8.061142">
        <ele>282.75</ele>
      </trkpt>
      <trkpt lat="37.517996" lon="-8.061014">
        <ele>281.75</ele>
      </trkpt>
      <trkpt lat="37.517802" lon="-8.060941">
        <ele>280.25</ele>
      </trkpt>
      <trkpt lat="37.516694" lon="-8.060521">
        <ele>280.25</ele>
      </trkpt>
      <trkpt lat="37.516527" lon="-8.060495">
        <ele>280.5</ele>
      </trkpt>
      <trkpt lat="37.51651" lon="-8.060577">
        <ele>280.75</ele>
      </trkpt>
      <trkpt lat="37.516462" lon="-8.060637">
        <ele>281</ele>
      </trkpt>
      <trkpt lat="37.516425" lon="-8.060655">
        <ele>281.25</ele>
      </trkpt>
      <trkpt lat="37.516397" lon="-8.060659">
        <ele>281.25</ele>
      </trkpt>
      <trkpt lat="37.516332" lon="-8.060637">
        <ele>281.5</ele>
      </trkpt>
      <trkpt lat="37.516285" lon="-8.060577">
        <ele>281.5</ele>
      </trkpt>
      <trkpt lat="37.516268" lon="-8.060495">
        <ele>281.5</ele>
      </trkpt>
      <trkpt lat="37.51629" lon="-8.060403">
        <ele>281.25</ele>
      </trkpt>
      <trkpt lat="37.516225" lon="-8.060352">
        <ele>281.5</ele>
      </trkpt>
      <trkpt lat="37.515654" lon="-8.060107">
        <ele>283.5</ele>
      </trkpt>
      <trkpt lat="37.514529" lon="-8.059675">
        <ele>287.25</ele>
      </trkpt>
      <trkpt lat="37.514529" lon="-8.059675">
        <ele>287.25</ele>
      </trkpt>
      <trkpt lat="37.514529" lon="-8.059675">
        <ele>286.5</ele>
      </trkpt>
      <trkpt lat="37.514321" lon="-8.059594">
        <ele>287.25</ele>
      </trkpt>
      <trkpt lat="37.514241" lon="-8.059561">
        <ele>287.25</ele>
      </trkpt>
      <trkpt lat="37.51388" lon="-8.059432">
        <ele>286.25</ele>
      </trkpt>
      <trkpt lat="37.513818" lon="-8.059409">
        <ele>286</ele>
      </trkpt>
      <trkpt lat="37.513779" lon="-8.059393">
        <ele>286</ele>
      </trkpt>
      <trkpt lat="37.513522" lon="-8.059293">
        <ele>285.25</ele>
      </trkpt>
      <trkpt lat="37.513205" lon="-8.059169">
        <ele>285.75</ele>
      </trkpt>
      <trkpt lat="37.513067" lon="-8.059115">
        <ele>286.5</ele>
      </trkpt>
      <trkpt lat="37.512599" lon="-8.058933">
        <ele>289.25</ele>
      </trkpt>
      <trkpt lat="37.512376" lon="-8.058846">
        <ele>289.25</ele>
      </trkpt>
      <trkpt lat="37.512309" lon="-8.058825">
        <ele>289.25</ele>
      </trkpt>
      <trkpt lat="37.512237" lon="-8.058801">
        <ele>289.25</ele>
      </trkpt>
      <trkpt lat="37.511326" lon="-8.058425">
        <ele>289</ele>
      </trkpt>
      <trkpt lat="37.511265" lon="-8.058383">
        <ele>289</ele>
      </trkpt>
      <trkpt lat="37.511265" lon="-8.058383">
        <ele>289</ele>
      </trkpt>
      <trkpt lat="37.511206" lon="-8.058341">
        <ele>289</ele>
      </trkpt>
      <trkpt lat="37.511078" lon="-8.05823">
        <ele>288.25</ele>
      </trkpt>
      <trkpt lat="37.510965" lon="-8.058065">
        <ele>287.5</ele>
      </trkpt>
      <trkpt lat="37.510922" lon="-8.057987">
        <ele>287.25</ele>
      </trkpt>
      <trkpt lat="37.510903" lon="-8.057909">
        <ele>286.75</ele>
      </trkpt>
      <trkpt lat="37.510863" lon="-8.057597">
        <ele>285.25</ele>
      </trkpt>
      <trkpt lat="37.510819" lon="-8.057276">
        <ele>283.75</ele>
      </trkpt>
      <trkpt lat="37.510772" lon="-8.057005">
        <ele>282.5</ele>
      </trkpt>
      <trkpt lat="37.510594" lon="-8.055536">
        <ele>278.25</ele>
      </trkpt>
      <trkpt lat="37.510583" lon="-8.055302">
        <ele>278.25</ele>
      </trkpt>
      <trkpt lat="37.510533" lon="-8.054913">
        <ele>279</ele>
      </trkpt>
      <trkpt lat="37.510522" lon="-8.054815">
        <ele>279.5</ele>
      </trkpt>
      <trkpt lat="37.510527" lon="-8.05472">
        <ele>280</ele>
      </trkpt>
      <trkpt lat="37.510531" lon="-8.054631">
        <ele>280.5</ele>
      </trkpt>
      <trkpt lat="37.510519" lon="-8.054597">
        <ele>280.5</ele>
      </trkpt>
      <trkpt lat="37.510515" lon="-8.054559">
        <ele>280.75</ele>
      </trkpt>
      <trkpt lat="37.510519" lon="-8.054521">
        <ele>281</ele>
      </trkpt>
      <trkpt lat="37.510531" lon="-8.054487">
        <ele>281.25</ele>
      </trkpt>
      <trkpt lat="37.510479" lon="-8.054349">
        <ele>282</ele>
      </trkpt>
      <trkpt lat="37.51032" lon="-8.054127">
        <ele>283</ele>
      </trkpt>
      <trkpt lat="37.510281" lon="-8.054088">
        <ele>283.5</ele>
      </trkpt>
      <trkpt lat="37.51028269529343" lon="-8.054085178300738">
        <ele>276.4</ele>
      </trkpt>
      <trkpt lat="37.510281" lon="-8.054088">
        <ele>283.25</ele>
      </trkpt>
      <trkpt lat="37.510257" lon="-8.054062">
        <ele>283.5</ele>
      </trkpt>
      <trkpt lat="37.510187" lon="-8.054003">
        <ele>283.75</ele>
      </trkpt>
      <trkpt lat="37.510089" lon="-8.053939">
        <ele>284.5</ele>
      </trkpt>
      <trkpt lat="37.50933" lon="-8.05363">
        <ele>283.25</ele>
      </trkpt>
      <trkpt lat="37.508637" lon="-8.053357">
        <ele>285.75</ele>
      </trkpt>
      <trkpt lat="37.508" lon="-8.053236">
        <ele>286.25</ele>
      </trkpt>
      <trkpt lat="37.507767" lon="-8.053143">
        <ele>286.25</ele>
      </trkpt>
      <trkpt lat="37.507734" lon="-8.053114">
        <ele>286.5</ele>
      </trkpt>
      <trkpt lat="37.507402" lon="-8.052809">
        <ele>286.5</ele>
      </trkpt>
      <trkpt lat="37.506635" lon="-8.052023">
        <ele>288.25</ele>
      </trkpt>
      <trkpt lat="37.506606" lon="-8.051992">
        <ele>288.5</ele>
      </trkpt>
      <trkpt lat="37.504209" lon="-8.049531">
        <ele>303.25</ele>
      </trkpt>
      <trkpt lat="37.502923" lon="-8.0482">
        <ele>299</ele>
      </trkpt>
      <trkpt lat="37.501207" lon="-8.045999">
        <ele>292.25</ele>
      </trkpt>
      <trkpt lat="37.501079" lon="-8.045906">
        <ele>290.75</ele>
      </trkpt>
      <trkpt lat="37.501079" lon="-8.045906">
        <ele>290.75</ele>
      </trkpt>
      <trkpt lat="37.501" lon="-8.045847">
        <ele>290.75</ele>
      </trkpt>
      <trkpt lat="37.5008" lon="-8.045737">
        <ele>289</ele>
      </trkpt>
      <trkpt lat="37.497751" lon="-8.04493">
        <ele>293.5</ele>
      </trkpt>
      <trkpt lat="37.495117" lon="-8.044218">
        <ele>297.5</ele>
      </trkpt>
      <trkpt lat="37.494761" lon="-8.04406">
        <ele>298</ele>
      </trkpt>
      <trkpt lat="37.491526" lon="-8.04209">
        <ele>305.75</ele>
      </trkpt>
      <trkpt lat="37.49137" lon="-8.042082">
        <ele>305</ele>
      </trkpt>
      <trkpt lat="37.490373" lon="-8.04214">
        <ele>302</ele>
      </trkpt>
      <trkpt lat="37.490169" lon="-8.04211">
        <ele>301.75</ele>
      </trkpt>
      <trkpt lat="37.489897" lon="-8.041701">
        <ele>299</ele>
      </trkpt>
      <trkpt lat="37.489561" lon="-8.041235">
        <ele>297.25</ele>
      </trkpt>
      <trkpt lat="37.489281" lon="-8.04123">
        <ele>299</ele>
      </trkpt>
      <trkpt lat="37.488776" lon="-8.041237">
        <ele>300</ele>
      </trkpt>
      <trkpt lat="37.488575" lon="-8.041119">
        <ele>299</ele>
      </trkpt>
      <trkpt lat="37.488474" lon="-8.040928">
        <ele>297.5</ele>
      </trkpt>
      <trkpt lat="37.4879" lon="-8.03969">
        <ele>292.25</ele>
      </trkpt>
      <trkpt lat="37.487221" lon="-8.03937">
        <ele>292.25</ele>
      </trkpt>
      <trkpt lat="37.486188" lon="-8.039017">
        <ele>295.25</ele>
      </trkpt>
      <trkpt lat="37.485641" lon="-8.03883">
        <ele>295.75</ele>
      </trkpt>
      <trkpt lat="37.485641" lon="-8.03883">
        <ele>295.75</ele>
      </trkpt>
      <trkpt lat="37.485309" lon="-8.038649">
        <ele>294.75</ele>
      </trkpt>
      <trkpt lat="37.484874" lon="-8.038091">
        <ele>290.5</ele>
      </trkpt>
      <trkpt lat="37.483453" lon="-8.0363">
        <ele>278.5</ele>
      </trkpt>
      <trkpt lat="37.482866" lon="-8.036067">
        <ele>280.25</ele>
      </trkpt>
      <trkpt lat="37.482727" lon="-8.036005">
        <ele>281.25</ele>
      </trkpt>
      <trkpt lat="37.482639" lon="-8.03585">
        <ele>282</ele>
      </trkpt>
      <trkpt lat="37.482024" lon="-8.033934">
        <ele>283.75</ele>
      </trkpt>
      <trkpt lat="37.481859" lon="-8.033421">
        <ele>282</ele>
      </trkpt>
      <trkpt lat="37.481741" lon="-8.03319">
        <ele>281.25</ele>
      </trkpt>
      <trkpt lat="37.480883" lon="-8.032441">
        <ele>272.25</ele>
      </trkpt>
      <trkpt lat="37.479921" lon="-8.031631">
        <ele>272</ele>
      </trkpt>
      <trkpt lat="37.479036" lon="-8.03088">
        <ele>275.75</ele>
      </trkpt>
      <trkpt lat="37.478898" lon="-8.030761">
        <ele>276.75</ele>
      </trkpt>
      <trkpt lat="37.478799" lon="-8.03065">
        <ele>277.25</ele>
      </trkpt>
      <trkpt lat="37.47876" lon="-8.030591">
        <ele>277.25</ele>
      </trkpt>
      <trkpt lat="37.478729" lon="-8.030526">
        <ele>277.25</ele>
      </trkpt>
      <trkpt lat="37.47863" lon="-8.030184">
        <ele>276.75</ele>
      </trkpt>
      <trkpt lat="37.478584" lon="-8.030054">
        <ele>276.5</ele>
      </trkpt>
      <trkpt lat="37.478103" lon="-8.028947">
        <ele>269</ele>
      </trkpt>
      <trkpt lat="37.47777" lon="-8.028347">
        <ele>264</ele>
      </trkpt>
      <trkpt lat="37.477423" lon="-8.02808">
        <ele>263</ele>
      </trkpt>
      <trkpt lat="37.476631" lon="-8.027517">
        <ele>260.5</ele>
      </trkpt>
      <trkpt lat="37.476537" lon="-8.027352">
        <ele>260.5</ele>
      </trkpt>
      <trkpt lat="37.476527" lon="-8.027231">
        <ele>260</ele>
      </trkpt>
      <trkpt lat="37.476527" lon="-8.027231">
        <ele>260</ele>
      </trkpt>
      <trkpt lat="37.47652" lon="-8.027137">
        <ele>260</ele>
      </trkpt>
      <trkpt lat="37.476581" lon="-8.026897">
        <ele>258.75</ele>
      </trkpt>
      <trkpt lat="37.47683" lon="-8.026403">
        <ele>258.5</ele>
      </trkpt>
      <trkpt lat="37.476859" lon="-8.026279">
        <ele>259</ele>
      </trkpt>
      <trkpt lat="37.476844" lon="-8.026109">
        <ele>259.5</ele>
      </trkpt>
      <trkpt lat="37.476629" lon="-8.025706">
        <ele>259.75</ele>
      </trkpt>
      <trkpt lat="37.476514" lon="-8.025361">
        <ele>259.75</ele>
      </trkpt>
      <trkpt lat="37.47639" lon="-8.024358">
        <ele>259</ele>
      </trkpt>
      <trkpt lat="37.476365" lon="-8.023957">
        <ele>258.75</ele>
      </trkpt>
      <trkpt lat="37.47664" lon="-8.023036">
        <ele>259.5</ele>
      </trkpt>
      <trkpt lat="37.476695" lon="-8.022793">
        <ele>259.5</ele>
      </trkpt>
      <trkpt lat="37.476683" lon="-8.022549">
        <ele>259.25</ele>
      </trkpt>
      <trkpt lat="37.476634" lon="-8.022279">
        <ele>259.75</ele>
      </trkpt>
      <trkpt lat="37.476624" lon="-8.021922">
        <ele>261</ele>
      </trkpt>
      <trkpt lat="37.476662" lon="-8.020945">
        <ele>262.75</ele>
      </trkpt>
      <trkpt lat="37.476687" lon="-8.020459">
        <ele>263.5</ele>
      </trkpt>
      <trkpt lat="37.476664" lon="-8.020259">
        <ele>263.5</ele>
      </trkpt>
      <trkpt lat="37.476631" lon="-8.020162">
        <ele>263.5</ele>
      </trkpt>
      <trkpt lat="37.476557" lon="-8.020033">
        <ele>263</ele>
      </trkpt>
      <trkpt lat="37.476479" lon="-8.01994">
        <ele>262.75</ele>
      </trkpt>
      <trkpt lat="37.476241" lon="-8.019623">
        <ele>263.75</ele>
      </trkpt>
      <trkpt lat="37.476075" lon="-8.019351">
        <ele>264.5</ele>
      </trkpt>
      <trkpt lat="37.475973" lon="-8.01904">
        <ele>266</ele>
      </trkpt>
      <trkpt lat="37.475959" lon="-8.018945">
        <ele>266.5</ele>
      </trkpt>
      <trkpt lat="37.47596" lon="-8.018756">
        <ele>267.75</ele>
      </trkpt>
      <trkpt lat="37.476068" lon="-8.018132">
        <ele>273</ele>
      </trkpt>
      <trkpt lat="37.476079" lon="-8.018008">
        <ele>274</ele>
      </trkpt>
      <trkpt lat="37.476065" lon="-8.01789">
        <ele>274.75</ele>
      </trkpt>
      <trkpt lat="37.476029" lon="-8.017799">
        <ele>275.25</ele>
      </trkpt>
      <trkpt lat="37.475938" lon="-8.017707">
        <ele>275</ele>
      </trkpt>
      <trkpt lat="37.475193" lon="-8.017274">
        <ele>276.75</ele>
      </trkpt>
      <trkpt lat="37.475057" lon="-8.017117">
        <ele>277.75</ele>
      </trkpt>
      <trkpt lat="37.474967" lon="-8.016937">
        <ele>279.25</ele>
      </trkpt>
      <trkpt lat="37.474832" lon="-8.01593">
        <ele>284</ele>
      </trkpt>
      <trkpt lat="37.474615" lon="-8.014688">
        <ele>286.5</ele>
      </trkpt>
      <trkpt lat="37.474591" lon="-8.014626">
        <ele>286</ele>
      </trkpt>
      <trkpt lat="37.47456849552691" lon="-8.01463876850903">
        <ele>279.4</ele>
      </trkpt>
      <trkpt lat="37.474591" lon="-8.014626">
        <ele>286.25</ele>
      </trkpt>
      <trkpt lat="37.474545" lon="-8.014505">
        <ele>286</ele>
      </trkpt>
      <trkpt lat="37.474445" lon="-8.014356">
        <ele>285.75</ele>
      </trkpt>
      <trkpt lat="37.474359" lon="-8.014308">
        <ele>285.75</ele>
      </trkpt>
      <trkpt lat="37.474245" lon="-8.014277">
        <ele>286</ele>
      </trkpt>
      <trkpt lat="37.473983" lon="-8.014268">
        <ele>286.25</ele>
      </trkpt>
      <trkpt lat="37.473641" lon="-8.01428">
        <ele>286.25</ele>
      </trkpt>
      <trkpt lat="37.472732" lon="-8.014281">
        <ele>287.25</ele>
      </trkpt>
      <trkpt lat="37.472495" lon="-8.014252">
        <ele>287.25</ele>
      </trkpt>
      <trkpt lat="37.472316" lon="-8.014189">
        <ele>288.25</ele>
      </trkpt>
      <trkpt lat="37.472161" lon="-8.014083">
        <ele>289.25</ele>
      </trkpt>
      <trkpt lat="37.472041" lon="-8.013969">
        <ele>289.75</ele>
      </trkpt>
      <trkpt lat="37.471211" lon="-8.013092">
        <ele>290.25</ele>
      </trkpt>
      <trkpt lat="37.470794" lon="-8.012684">
        <ele>289.25</ele>
      </trkpt>
      <trkpt lat="37.470573" lon="-8.012526">
        <ele>289.25</ele>
      </trkpt>
      <trkpt lat="37.469698" lon="-8.012327">
        <ele>293.5</ele>
      </trkpt>
      <trkpt lat="37.469055" lon="-8.012135">
        <ele>298</ele>
      </trkpt>
      <trkpt lat="37.468789" lon="-8.011969">
        <ele>299.75</ele>
      </trkpt>
      <trkpt lat="37.4686" lon="-8.011801">
        <ele>301.5</ele>
      </trkpt>
      <trkpt lat="37.468584" lon="-8.011786">
        <ele>301.5</ele>
      </trkpt>
      <trkpt lat="37.468465" lon="-8.011557">
        <ele>302.5</ele>
      </trkpt>
      <trkpt lat="37.46841" lon="-8.011146">
        <ele>303.75</ele>
      </trkpt>
      <trkpt lat="37.468315" lon="-8.010684">
        <ele>305.75</ele>
      </trkpt>
      <trkpt lat="37.468265" lon="-8.010509">
        <ele>307</ele>
      </trkpt>
      <trkpt lat="37.468186" lon="-8.010368">
        <ele>308</ele>
      </trkpt>
      <trkpt lat="37.467912" lon="-8.01011">
        <ele>309.5</ele>
      </trkpt>
      <trkpt lat="37.467151" lon="-8.009478">
        <ele>312</ele>
      </trkpt>
      <trkpt lat="37.466493" lon="-8.00866">
        <ele>314.75</ele>
      </trkpt>
      <trkpt lat="37.466159" lon="-8.008195">
        <ele>317.25</ele>
      </trkpt>
      <trkpt lat="37.466003" lon="-8.007582">
        <ele>321</ele>
      </trkpt>
      <trkpt lat="37.4659" lon="-8.007">
        <ele>322.75</ele>
      </trkpt>
      <trkpt lat="37.465898" lon="-8.006874">
        <ele>323.25</ele>
      </trkpt>
      <trkpt lat="37.465904" lon="-8.006716">
        <ele>323.75</ele>
      </trkpt>
      <trkpt lat="37.466126" lon="-8.005793">
        <ele>326.5</ele>
      </trkpt>
      <trkpt lat="37.466133" lon="-8.005646">
        <ele>326.75</ele>
      </trkpt>
      <trkpt lat="37.466106" lon="-8.005527">
        <ele>327</ele>
      </trkpt>
      <trkpt lat="37.46605" lon="-8.005419">
        <ele>327</ele>
      </trkpt>
      <trkpt lat="37.465849" lon="-8.005253">
        <ele>330.75</ele>
      </trkpt>
      <trkpt lat="37.46584368869662" lon="-8.005263190716505">
        <ele>320.6</ele>
      </trkpt>
      <trkpt lat="37.465849" lon="-8.005253">
        <ele>327.25</ele>
      </trkpt>
      <trkpt lat="37.46402" lon="-8.00373">
        <ele>330.75</ele>
      </trkpt>
      <trkpt lat="37.462767" lon="-8.002668">
        <ele>333.75</ele>
      </trkpt>
      <trkpt lat="37.462634" lon="-8.002528">
        <ele>334</ele>
      </trkpt>
      <trkpt lat="37.462383" lon="-8.002187">
        <ele>334.25</ele>
      </trkpt>
      <trkpt lat="37.462048" lon="-8.00186">
        <ele>334.75</ele>
      </trkpt>
      <trkpt lat="37.46189" lon="-8.001795">
        <ele>335</ele>
      </trkpt>
      <trkpt lat="37.46081" lon="-8.001539">
        <ele>336.75</ele>
      </trkpt>
      <trkpt lat="37.460648" lon="-8.001474">
        <ele>337</ele>
      </trkpt>
      <trkpt lat="37.460417" lon="-8.001344">
        <ele>337.25</ele>
      </trkpt>
      <trkpt lat="37.460236" lon="-8.00123">
        <ele>338.25</ele>
      </trkpt>
      <trkpt lat="37.459999" lon="-8.00108">
        <ele>338.25</ele>
      </trkpt>
      <trkpt lat="37.457379" lon="-7.99955">
        <ele>342.75</ele>
      </trkpt>
      <trkpt lat="37.455913" lon="-7.998656">
        <ele>344.25</ele>
      </trkpt>
      <trkpt lat="37.453999" lon="-7.99736">
        <ele>349.75</ele>
      </trkpt>
      <trkpt lat="37.452822" lon="-7.996654">
        <ele>349.5</ele>
      </trkpt>
      <trkpt lat="37.452822" lon="-7.996654">
        <ele>349.5</ele>
      </trkpt>
      <trkpt lat="37.452793" lon="-7.996636">
        <ele>349.5</ele>
      </trkpt>
      <trkpt lat="37.451802" lon="-7.996224">
        <ele>349</ele>
      </trkpt>
      <trkpt lat="37.451496" lon="-7.99615">
        <ele>348.75</ele>
      </trkpt>
      <trkpt lat="37.451433" lon="-7.996157">
        <ele>349.25</ele>
      </trkpt>
      <trkpt lat="37.45143100619316" lon="-7.996103195473552">
        <ele>344.2</ele>
      </trkpt>
      <trkpt lat="37.45122816413641" lon="-7.996132029220462">
        <ele>344</ele>
      </trkpt>
      <trkpt lat="37.450666995719075" lon="-7.99633763730526">
        <ele>343.4</ele>
      </trkpt>
      <trkpt lat="37.45037061162293" lon="-7.996450373902917">
        <ele>343.6</ele>
      </trkpt>
      <trkpt lat="37.45023147203028" lon="-7.996503263711929">
        <ele>343.6</ele>
      </trkpt>
      <trkpt lat="37.450011782348156" lon="-7.996587418019772">
        <ele>344.6</ele>
      </trkpt>
      <trkpt lat="37.449750266969204" lon="-7.996683055534959">
        <ele>345.6</ele>
      </trkpt>
      <trkpt lat="37.449616491794586" lon="-7.996728150174022">
        <ele>346</ele>
      </trkpt>
      <trkpt lat="37.44952831417322" lon="-7.996749607846141">
        <ele>346.2</ele>
      </trkpt>
      <trkpt lat="37.44940417818725" lon="-7.996803671121597">
        <ele>346.6</ele>
      </trkpt>
      <trkpt lat="37.44923050515354" lon="-7.996866032481194">
        <ele>347</ele>
      </trkpt>
      <trkpt lat="37.44888994842768" lon="-7.996962089091539">
        <ele>347.6</ele>
      </trkpt>
      <trkpt lat="37.448734883219004" lon="-7.996968878433108">
        <ele>347.8</ele>
      </trkpt>
      <trkpt lat="37.44852273724973" lon="-7.996930237859488">
        <ele>347.8</ele>
      </trkpt>
      <trkpt lat="37.447973219677806" lon="-7.996656652539969">
        <ele>348</ele>
      </trkpt>
      <trkpt lat="37.44744130410254" lon="-7.996380468830466">
        <ele>347.6</ele>
      </trkpt>
      <trkpt lat="37.44708180427551" lon="-7.99620377831161">
        <ele>346.4</ele>
      </trkpt>
      <trkpt lat="37.44655827060342" lon="-7.995954751968384">
        <ele>345.6</ele>
      </trkpt>
      <trkpt lat="37.44648174382746" lon="-7.995919464156032">
        <ele>345.4</ele>
      </trkpt>
      <trkpt lat="37.445903895422816" lon="-7.995670437812805">
        <ele>344.8</ele>
      </trkpt>
      <trkpt lat="37.445738185197115" lon="-7.995594497770071">
        <ele>344</ele>
      </trkpt>
      <trkpt lat="37.445489997044206" lon="-7.995478073135018">
        <ele>342.8</ele>
      </trkpt>
      <trkpt lat="37.44505103677511" lon="-7.995268106460571">
        <ele>341.8</ele>
      </trkpt>
      <trkpt lat="37.44496311061084" lon="-7.99520893022418">
        <ele>341.4</ele>
      </trkpt>
      <trkpt lat="37.444715509191155" lon="-7.995007261633873">
        <ele>340.6</ele>
      </trkpt>
      <trkpt lat="37.44429976679385" lon="-7.994667543098331">
        <ele>339.4</ele>
      </trkpt>
      <trkpt lat="37.443963987752795" lon="-7.994392449036241">
        <ele>338.4</ele>
      </trkpt>
      <trkpt lat="37.44372585788369" lon="-7.994146021082997">
        <ele>337.4</ele>
      </trkpt>
      <trkpt lat="37.44344858452678" lon="-7.993725501000881">
        <ele>336.6</ele>
      </trkpt>
      <trkpt lat="37.44340558536351" lon="-7.993593402206898">
        <ele>336.2</ele>
      </trkpt>
      <trkpt lat="37.443332243710756" lon="-7.993159638717771">
        <ele>335.2</ele>
      </trkpt>
      <trkpt lat="37.4432832095772" lon="-7.992868199944496">
        <ele>334</ele>
      </trkpt>
      <trkpt lat="37.44323601946235" lon="-7.992576425895095">
        <ele>332.8</ele>
      </trkpt>
      <trkpt lat="37.44318480603397" lon="-7.992286160588265">
        <ele>331.4</ele>
      </trkpt>
      <trkpt lat="37.443136190995574" lon="-7.99199229106307">
        <ele>329.6</ele>
      </trkpt>
      <trkpt lat="37.443086821585894" lon="-7.991699008271098">
        <ele>328.2</ele>
      </trkpt>
      <trkpt lat="37.44303192012012" lon="-7.991399690508843">
        <ele>327</ele>
      </trkpt>
      <trkpt lat="37.44296561926603" lon="-7.991104563698173">
        <ele>325.8</ele>
      </trkpt>
      <trkpt lat="37.44292194955051" lon="-7.990965340286493">
        <ele>325.2</ele>
      </trkpt>
      <trkpt lat="37.44286780245602" lon="-7.990832319483161">
        <ele>324.6</ele>
      </trkpt>
      <trkpt lat="37.44265272282064" lon="-7.990481285378337">
        <ele>322.2</ele>
      </trkpt>
      <trkpt lat="37.44225173257291" lon="-7.989938054233789">
        <ele>321.4</ele>
      </trkpt>
      <trkpt lat="37.44194579310715" lon="-7.989516779780388">
        <ele>323.4</ele>
      </trkpt>
      <trkpt lat="37.44180254638195" lon="-7.989330282434821">
        <ele>324.6</ele>
      </trkpt>
      <trkpt lat="37.441713782027364" lon="-7.989204386249185">
        <ele>325.8</ele>
      </trkpt>
      <trkpt lat="37.44163155555725" lon="-7.989081675186753">
        <ele>326.8</ele>
      </trkpt>
      <trkpt lat="37.441497361287475" lon="-7.988914959132671">
        <ele>328</ele>
      </trkpt>
      <trkpt lat="37.44141488336027" lon="-7.988799037411809">
        <ele>328.6</ele>
      </trkpt>
      <trkpt lat="37.44133047759533" lon="-7.988690659403801">
        <ele>329.4</ele>
      </trkpt>
      <trkpt lat="37.44121908210218" lon="-7.988538192585111">
        <ele>331</ele>
      </trkpt>
      <trkpt lat="37.44108656421304" lon="-7.988357059657574">
        <ele>331.8</ele>
      </trkpt>
      <trkpt lat="37.44099495001137" lon="-7.988232672214508">
        <ele>333</ele>
      </trkpt>
      <trkpt lat="37.44083552621305" lon="-7.988029662519693">
        <ele>334.2</ele>
      </trkpt>
      <trkpt lat="37.440618854016066" lon="-7.987817097455263">
        <ele>335.4</ele>
      </trkpt>
      <trkpt lat="37.44057786650956" lon="-7.987787760794163">
        <ele>335.6</ele>
      </trkpt>
      <trkpt lat="37.44037929922342" lon="-7.987734954804182">
        <ele>336.4</ele>
      </trkpt>
      <trkpt lat="37.43992432951927" lon="-7.987566478550434">
        <ele>337.4</ele>
      </trkpt>
      <trkpt lat="37.43987982161343" lon="-7.987529011443257">
        <ele>337.6</ele>
      </trkpt>
      <trkpt lat="37.439606906846166" lon="-7.98717881552875">
        <ele>337.8</ele>
      </trkpt>
      <trkpt lat="37.43950104340911" lon="-7.987021654844284">
        <ele>338</ele>
      </trkpt>
      <trkpt lat="37.43936047889292" lon="-7.986828619614244">
        <ele>338</ele>
      </trkpt>
      <trkpt lat="37.43914254941046" lon="-7.986604487523437">
        <ele>338.2</ele>
      </trkpt>
      <trkpt lat="37.439037607982755" lon="-7.986539276316762">
        <ele>338.6</ele>
      </trkpt>
      <trkpt lat="37.4388712272048" lon="-7.98647222109139">
        <ele>339.2</ele>
      </trkpt>
      <trkpt lat="37.43865463882685" lon="-7.986385803669691">
        <ele>339.6</ele>
      </trkpt>
      <trkpt lat="37.438395135104656" lon="-7.986098388209939">
        <ele>340.6</ele>
      </trkpt>
      <trkpt lat="37.43835976347327" lon="-7.986037535592914">
        <ele>340.8</ele>
      </trkpt>
      <trkpt lat="37.43799917399883" lon="-7.985432697460055">
        <ele>341.6</ele>
      </trkpt>
      <trkpt lat="37.43754764087498" lon="-7.984997089952231">
        <ele>341.4</ele>
      </trkpt>
      <trkpt lat="37.43755" lon="-7.984993">
        <ele>347</ele>
      </trkpt>
      <trkpt lat="37.43741" lon="-7.98488">
        <ele>346.75</ele>
      </trkpt>
      <trkpt lat="37.435346" lon="-7.983503">
        <ele>345.25</ele>
      </trkpt>
      <trkpt lat="37.433821" lon="-7.982502">
        <ele>351.25</ele>
      </trkpt>
      <trkpt lat="37.433596" lon="-7.982359">
        <ele>351.5</ele>
      </trkpt>
      <trkpt lat="37.433439" lon="-7.982255">
        <ele>351.5</ele>
      </trkpt>
      <trkpt lat="37.433373" lon="-7.982218">
        <ele>351.75</ele>
      </trkpt>
      <trkpt lat="37.433255" lon="-7.982173">
        <ele>351.75</ele>
      </trkpt>
      <trkpt lat="37.433197" lon="-7.982161">
        <ele>351.75</ele>
      </trkpt>
      <trkpt lat="37.433105" lon="-7.98216">
        <ele>352</ele>
      </trkpt>
      <trkpt lat="37.433004" lon="-7.982189">
        <ele>352.25</ele>
      </trkpt>
      <trkpt lat="37.432937" lon="-7.982221">
        <ele>352.25</ele>
      </trkpt>
      <trkpt lat="37.432387" lon="-7.982651">
        <ele>354.5</ele>
      </trkpt>
      <trkpt lat="37.432331" lon="-7.982676">
        <ele>354.75</ele>
      </trkpt>
      <trkpt lat="37.432271" lon="-7.982691">
        <ele>354.75</ele>
      </trkpt>
      <trkpt lat="37.43219" lon="-7.982695">
        <ele>354.75</ele>
      </trkpt>
      <trkpt lat="37.43212" lon="-7.982684">
        <ele>354.75</ele>
      </trkpt>
      <trkpt lat="37.432041" lon="-7.982649">
        <ele>354.75</ele>
      </trkpt>
      <trkpt lat="37.431954" lon="-7.982588">
        <ele>354.75</ele>
      </trkpt>
      <trkpt lat="37.431621" lon="-7.982327">
        <ele>354.75</ele>
      </trkpt>
      <trkpt lat="37.431183" lon="-7.981974">
        <ele>356</ele>
      </trkpt>
      <trkpt lat="37.430801" lon="-7.981644">
        <ele>356</ele>
      </trkpt>
      <trkpt lat="37.43072" lon="-7.981568">
        <ele>355.75</ele>
      </trkpt>
      <trkpt lat="37.430476" lon="-7.981334">
        <ele>355.5</ele>
      </trkpt>
      <trkpt lat="37.430264" lon="-7.981139">
        <ele>355.5</ele>
      </trkpt>
      <trkpt lat="37.430044" lon="-7.980913">
        <ele>355.25</ele>
      </trkpt>
      <trkpt lat="37.429839" lon="-7.980735">
        <ele>355.25</ele>
      </trkpt>
      <trkpt lat="37.429787" lon="-7.980702">
        <ele>355.25</ele>
      </trkpt>
      <trkpt lat="37.429728" lon="-7.980677">
        <ele>355.25</ele>
      </trkpt>
      <trkpt lat="37.429662" lon="-7.980661">
        <ele>355.25</ele>
      </trkpt>
      <trkpt lat="37.429585" lon="-7.980656">
        <ele>355.25</ele>
      </trkpt>
      <trkpt lat="37.429363" lon="-7.980675">
        <ele>355.5</ele>
      </trkpt>
      <trkpt lat="37.42929" lon="-7.980673">
        <ele>355.5</ele>
      </trkpt>
      <trkpt lat="37.429216" lon="-7.980661">
        <ele>355.5</ele>
      </trkpt>
      <trkpt lat="37.429139" lon="-7.980634">
        <ele>355.25</ele>
      </trkpt>
      <trkpt lat="37.429079" lon="-7.980595">
        <ele>354.75</ele>
      </trkpt>
      <trkpt lat="37.428915" lon="-7.980437">
        <ele>353.5</ele>
      </trkpt>
      <trkpt lat="37.428644" lon="-7.980141">
        <ele>351</ele>
      </trkpt>
      <trkpt lat="37.427981" lon="-7.97944">
        <ele>344</ele>
      </trkpt>
      <trkpt lat="37.427906" lon="-7.979364">
        <ele>343.5</ele>
      </trkpt>
      <trkpt lat="37.427826" lon="-7.9793">
        <ele>343</ele>
      </trkpt>
      <trkpt lat="37.427743" lon="-7.979255">
        <ele>342.75</ele>
      </trkpt>
      <trkpt lat="37.427647" lon="-7.979229">
        <ele>343</ele>
      </trkpt>
      <trkpt lat="37.427119" lon="-7.979159">
        <ele>343.75</ele>
      </trkpt>
      <trkpt lat="37.427013" lon="-7.979129">
        <ele>343.5</ele>
      </trkpt>
      <trkpt lat="37.426896" lon="-7.979077">
        <ele>343</ele>
      </trkpt>
      <trkpt lat="37.426406" lon="-7.97888">
        <ele>340</ele>
      </trkpt>
      <trkpt lat="37.42555" lon="-7.978551">
        <ele>334</ele>
      </trkpt>
      <trkpt lat="37.42511" lon="-7.978433">
        <ele>333.25</ele>
      </trkpt>
      <trkpt lat="37.424987" lon="-7.978387">
        <ele>333.25</ele>
      </trkpt>
      <trkpt lat="37.424689" lon="-7.978236">
        <ele>331.75</ele>
      </trkpt>
      <trkpt lat="37.424601" lon="-7.978174">
        <ele>331</ele>
      </trkpt>
      <trkpt lat="37.42453" lon="-7.978085">
        <ele>330</ele>
      </trkpt>
      <trkpt lat="37.424487" lon="-7.978009">
        <ele>329.25</ele>
      </trkpt>
      <trkpt lat="37.424447" lon="-7.977908">
        <ele>328.25</ele>
      </trkpt>
      <trkpt lat="37.424416" lon="-7.97779">
        <ele>327</ele>
      </trkpt>
      <trkpt lat="37.42438" lon="-7.977689">
        <ele>326.25</ele>
      </trkpt>
      <trkpt lat="37.424339" lon="-7.977605">
        <ele>325.75</ele>
      </trkpt>
      <trkpt lat="37.424276" lon="-7.977525">
        <ele>325.75</ele>
      </trkpt>
      <trkpt lat="37.424161" lon="-7.977411">
        <ele>325</ele>
      </trkpt>
      <trkpt lat="37.424064" lon="-7.977327">
        <ele>323.75</ele>
      </trkpt>
      <trkpt lat="37.423968" lon="-7.977258">
        <ele>322.75</ele>
      </trkpt>
      <trkpt lat="37.423869" lon="-7.977198">
        <ele>321.75</ele>
      </trkpt>
      <trkpt lat="37.423124" lon="-7.976955">
        <ele>318.5</ele>
      </trkpt>
      <trkpt lat="37.423042" lon="-7.976939">
        <ele>318.5</ele>
      </trkpt>
      <trkpt lat="37.422981" lon="-7.976936">
        <ele>318.5</ele>
      </trkpt>
      <trkpt lat="37.422793" lon="-7.97697">
        <ele>319.75</ele>
      </trkpt>
      <trkpt lat="37.422717" lon="-7.976964">
        <ele>319.75</ele>
      </trkpt>
      <trkpt lat="37.422641" lon="-7.976941">
        <ele>319.75</ele>
      </trkpt>
      <trkpt lat="37.422587" lon="-7.976896">
        <ele>319.25</ele>
      </trkpt>
      <trkpt lat="37.422534" lon="-7.976833">
        <ele>318.75</ele>
      </trkpt>
      <trkpt lat="37.422148" lon="-7.97625">
        <ele>313.5</ele>
      </trkpt>
      <trkpt lat="37.422065" lon="-7.976154">
        <ele>312.75</ele>
      </trkpt>
      <trkpt lat="37.421837" lon="-7.975951">
        <ele>312.5</ele>
      </trkpt>
      <trkpt lat="37.42154" lon="-7.97572">
        <ele>309.5</ele>
      </trkpt>
      <trkpt lat="37.421437" lon="-7.975657">
        <ele>307.5</ele>
      </trkpt>
      <trkpt lat="37.421244" lon="-7.975572">
        <ele>300.25</ele>
      </trkpt>
      <trkpt lat="37.42101" lon="-7.975467">
        <ele>300.25</ele>
      </trkpt>
      <trkpt lat="37.420959" lon="-7.975454">
        <ele>299.5</ele>
      </trkpt>
      <trkpt lat="37.420909" lon="-7.975452">
        <ele>299.25</ele>
      </trkpt>
      <trkpt lat="37.420837" lon="-7.975463">
        <ele>298.75</ele>
      </trkpt>
      <trkpt lat="37.420756" lon="-7.975513">
        <ele>298.75</ele>
      </trkpt>
      <trkpt lat="37.420712" lon="-7.97556">
        <ele>299.25</ele>
      </trkpt>
      <trkpt lat="37.420686" lon="-7.975615">
        <ele>299.75</ele>
      </trkpt>
      <trkpt lat="37.42065" lon="-7.97572">
        <ele>301.25</ele>
      </trkpt>
      <trkpt lat="37.420637" lon="-7.975803">
        <ele>302.5</ele>
      </trkpt>
      <trkpt lat="37.420624" lon="-7.975951">
        <ele>303.5</ele>
      </trkpt>
      <trkpt lat="37.420607" lon="-7.976579">
        <ele>306.75</ele>
      </trkpt>
      <trkpt lat="37.420582" lon="-7.976712">
        <ele>307.5</ele>
      </trkpt>
      <trkpt lat="37.420546" lon="-7.976787">
        <ele>307.75</ele>
      </trkpt>
      <trkpt lat="37.420507" lon="-7.976849">
        <ele>308</ele>
      </trkpt>
      <trkpt lat="37.420467" lon="-7.976884">
        <ele>308</ele>
      </trkpt>
      <trkpt lat="37.420437" lon="-7.976898">
        <ele>308</ele>
      </trkpt>
      <trkpt lat="37.420439" lon="-7.976898">
        <ele>308</ele>
      </trkpt>
      <trkpt lat="37.420418" lon="-7.976907">
        <ele>308</ele>
      </trkpt>
      <trkpt lat="37.420354" lon="-7.976916">
        <ele>307.5</ele>
      </trkpt>
      <trkpt lat="37.420296" lon="-7.976915">
        <ele>307.25</ele>
      </trkpt>
      <trkpt lat="37.420228" lon="-7.976886">
        <ele>306.5</ele>
      </trkpt>
      <trkpt lat="37.420171" lon="-7.97685">
        <ele>306</ele>
      </trkpt>
      <trkpt lat="37.420125" lon="-7.976788">
        <ele>305</ele>
      </trkpt>
      <trkpt lat="37.420084" lon="-7.976711">
        <ele>304</ele>
      </trkpt>
      <trkpt lat="37.420056" lon="-7.97661">
        <ele>302.75</ele>
      </trkpt>
      <trkpt lat="37.419943" lon="-7.976043">
        <ele>296.5</ele>
      </trkpt>
      <trkpt lat="37.419903" lon="-7.975923">
        <ele>295.5</ele>
      </trkpt>
      <trkpt lat="37.419823" lon="-7.975752">
        <ele>293.75</ele>
      </trkpt>
      <trkpt lat="37.41975" lon="-7.975651">
        <ele>292.5</ele>
      </trkpt>
      <trkpt lat="37.419692" lon="-7.975597">
        <ele>291.75</ele>
      </trkpt>
      <trkpt lat="37.419629" lon="-7.975559">
        <ele>291.25</ele>
      </trkpt>
      <trkpt lat="37.419536" lon="-7.975524">
        <ele>291</ele>
      </trkpt>
      <trkpt lat="37.419416" lon="-7.975514">
        <ele>290.75</ele>
      </trkpt>
      <trkpt lat="37.419155" lon="-7.975507">
        <ele>291</ele>
      </trkpt>
      <trkpt lat="37.418877" lon="-7.975512">
        <ele>287.75</ele>
      </trkpt>
      <trkpt lat="37.418703" lon="-7.975528">
        <ele>286.25</ele>
      </trkpt>
      <trkpt lat="37.418502" lon="-7.975597">
        <ele>285</ele>
      </trkpt>
      <trkpt lat="37.418324" lon="-7.975673">
        <ele>283.5</ele>
      </trkpt>
      <trkpt lat="37.418162" lon="-7.975762">
        <ele>280.25</ele>
      </trkpt>
      <trkpt lat="37.418164" lon="-7.975762">
        <ele>280.25</ele>
      </trkpt>
      <trkpt lat="37.418079" lon="-7.975808">
        <ele>280.25</ele>
      </trkpt>
      <trkpt lat="37.418032" lon="-7.975858">
        <ele>279.5</ele>
      </trkpt>
      <trkpt lat="37.417993" lon="-7.975911">
        <ele>279</ele>
      </trkpt>
      <trkpt lat="37.417961" lon="-7.975978">
        <ele>278.5</ele>
      </trkpt>
      <trkpt lat="37.41794" lon="-7.976058">
        <ele>278.25</ele>
      </trkpt>
      <trkpt lat="37.41792" lon="-7.976156">
        <ele>278.25</ele>
      </trkpt>
      <trkpt lat="37.417858" lon="-7.976724">
        <ele>279</ele>
      </trkpt>
      <trkpt lat="37.417823" lon="-7.976981">
        <ele>279.25</ele>
      </trkpt>
      <trkpt lat="37.417799" lon="-7.977102">
        <ele>279</ele>
      </trkpt>
      <trkpt lat="37.417764" lon="-7.977199">
        <ele>278.75</ele>
      </trkpt>
      <trkpt lat="37.417718" lon="-7.977285">
        <ele>278</ele>
      </trkpt>
      <trkpt lat="37.417656" lon="-7.977378">
        <ele>277.25</ele>
      </trkpt>
      <trkpt lat="37.417308" lon="-7.977741">
        <ele>273</ele>
      </trkpt>
      <trkpt lat="37.416966" lon="-7.978146">
        <ele>268.75</ele>
      </trkpt>
      <trkpt lat="37.416904" lon="-7.978225">
        <ele>268</ele>
      </trkpt>
      <trkpt lat="37.416842" lon="-7.978319">
        <ele>267</ele>
      </trkpt>
      <trkpt lat="37.416805" lon="-7.978422">
        <ele>266</ele>
      </trkpt>
      <trkpt lat="37.416794" lon="-7.978483">
        <ele>265.75</ele>
      </trkpt>
      <trkpt lat="37.416792" lon="-7.978544">
        <ele>265.5</ele>
      </trkpt>
      <trkpt lat="37.416808" lon="-7.978669">
        <ele>265.25</ele>
      </trkpt>
      <trkpt lat="37.416849" lon="-7.978791">
        <ele>265.5</ele>
      </trkpt>
      <trkpt lat="37.41688" lon="-7.978882">
        <ele>265.5</ele>
      </trkpt>
      <trkpt lat="37.416906" lon="-7.979003">
        <ele>265.5</ele>
      </trkpt>
      <trkpt lat="37.416908" lon="-7.979104">
        <ele>265</ele>
      </trkpt>
      <trkpt lat="37.416883" lon="-7.979199">
        <ele>264.25</ele>
      </trkpt>
      <trkpt lat="37.416865" lon="-7.979245">
        <ele>264</ele>
      </trkpt>
      <trkpt lat="37.416818" lon="-7.979315">
        <ele>263.25</ele>
      </trkpt>
      <trkpt lat="37.416795" lon="-7.979339">
        <ele>262.75</ele>
      </trkpt>
      <trkpt lat="37.416728" lon="-7.979399">
        <ele>262</ele>
      </trkpt>
      <trkpt lat="37.416729" lon="-7.979398">
        <ele>262</ele>
      </trkpt>
      <trkpt lat="37.416723" lon="-7.979404">
        <ele>262</ele>
      </trkpt>
      <trkpt lat="37.416586" lon="-7.979458">
        <ele>262</ele>
      </trkpt>
      <trkpt lat="37.416468" lon="-7.979492">
        <ele>262.75</ele>
      </trkpt>
      <trkpt lat="37.416374" lon="-7.979486">
        <ele>263.75</ele>
      </trkpt>
      <trkpt lat="37.416288" lon="-7.979451">
        <ele>264.5</ele>
      </trkpt>
      <trkpt lat="37.416223" lon="-7.979404">
        <ele>265.25</ele>
      </trkpt>
      <trkpt lat="37.416159" lon="-7.979342">
        <ele>266</ele>
      </trkpt>
      <trkpt lat="37.415662" lon="-7.978492">
        <ele>265.25</ele>
      </trkpt>
      <trkpt lat="37.415545" lon="-7.978327">
        <ele>264.5</ele>
      </trkpt>
      <trkpt lat="37.415477" lon="-7.978243">
        <ele>264</ele>
      </trkpt>
      <trkpt lat="37.415399" lon="-7.978161">
        <ele>263.5</ele>
      </trkpt>
      <trkpt lat="37.415323" lon="-7.978117">
        <ele>263.25</ele>
      </trkpt>
      <trkpt lat="37.415323" lon="-7.978117">
        <ele>263.25</ele>
      </trkpt>
      <trkpt lat="37.415264" lon="-7.978082">
        <ele>263.25</ele>
      </trkpt>
      <trkpt lat="37.415187" lon="-7.978074">
        <ele>263.25</ele>
      </trkpt>
      <trkpt lat="37.415116" lon="-7.978096">
        <ele>264</ele>
      </trkpt>
      <trkpt lat="37.415048" lon="-7.97815">
        <ele>265</ele>
      </trkpt>
      <trkpt lat="37.415" lon="-7.978222">
        <ele>266.25</ele>
      </trkpt>
      <trkpt lat="37.414973" lon="-7.978305">
        <ele>267.25</ele>
      </trkpt>
      <trkpt lat="37.414958" lon="-7.978426">
        <ele>268.75</ele>
      </trkpt>
      <trkpt lat="37.414949" lon="-7.978854">
        <ele>274</ele>
      </trkpt>
      <trkpt lat="37.414929" lon="-7.97896">
        <ele>275.25</ele>
      </trkpt>
      <trkpt lat="37.414874" lon="-7.979125">
        <ele>277.25</ele>
      </trkpt>
      <trkpt lat="37.414836" lon="-7.979195">
        <ele>278</ele>
      </trkpt>
      <trkpt lat="37.414785" lon="-7.979263">
        <ele>278.5</ele>
      </trkpt>
      <trkpt lat="37.414728" lon="-7.979319">
        <ele>279</ele>
      </trkpt>
      <trkpt lat="37.414639" lon="-7.979339">
        <ele>279.25</ele>
      </trkpt>
      <trkpt lat="37.414447" lon="-7.979322">
        <ele>279.75</ele>
      </trkpt>
      <trkpt lat="37.414071" lon="-7.979251">
        <ele>280.5</ele>
      </trkpt>
      <trkpt lat="37.413932" lon="-7.979194">
        <ele>281.25</ele>
      </trkpt>
      <trkpt lat="37.413784" lon="-7.979097">
        <ele>281</ele>
      </trkpt>
      <trkpt lat="37.413702" lon="-7.979062">
        <ele>281.25</ele>
      </trkpt>
      <trkpt lat="37.413606" lon="-7.979043">
        <ele>282</ele>
      </trkpt>
      <trkpt lat="37.413522" lon="-7.979042">
        <ele>283</ele>
      </trkpt>
      <trkpt lat="37.413391" lon="-7.979055">
        <ele>284.75</ele>
      </trkpt>
      <trkpt lat="37.413166" lon="-7.979089">
        <ele>286.5</ele>
      </trkpt>
      <trkpt lat="37.412907" lon="-7.979138">
        <ele>288.25</ele>
      </trkpt>
      <trkpt lat="37.412473" lon="-7.979259">
        <ele>292</ele>
      </trkpt>
      <trkpt lat="37.412275" lon="-7.979324">
        <ele>292.75</ele>
      </trkpt>
      <trkpt lat="37.412169" lon="-7.979369">
        <ele>293.25</ele>
      </trkpt>
      <trkpt lat="37.412056" lon="-7.979444">
        <ele>294.25</ele>
      </trkpt>
      <trkpt lat="37.411825" lon="-7.979617">
        <ele>296.25</ele>
      </trkpt>
      <trkpt lat="37.411466" lon="-7.979894">
        <ele>299.25</ele>
      </trkpt>
      <trkpt lat="37.411378" lon="-7.979972">
        <ele>299.5</ele>
      </trkpt>
      <trkpt lat="37.411315" lon="-7.980046">
        <ele>299.5</ele>
      </trkpt>
      <trkpt lat="37.411256" lon="-7.980129">
        <ele>299.5</ele>
      </trkpt>
      <trkpt lat="37.411163" lon="-7.980375">
        <ele>299.5</ele>
      </trkpt>
      <trkpt lat="37.411093" lon="-7.980508">
        <ele>299</ele>
      </trkpt>
      <trkpt lat="37.411044" lon="-7.980577">
        <ele>298.5</ele>
      </trkpt>
      <trkpt lat="37.410973" lon="-7.980643">
        <ele>297.75</ele>
      </trkpt>
      <trkpt lat="37.410907" lon="-7.98068">
        <ele>297</ele>
      </trkpt>
      <trkpt lat="37.410269" lon="-7.98093">
        <ele>286.25</ele>
      </trkpt>
      <trkpt lat="37.41027" lon="-7.980929">
        <ele>286.25</ele>
      </trkpt>
      <trkpt lat="37.410255" lon="-7.980935">
        <ele>286.25</ele>
      </trkpt>
      <trkpt lat="37.410088" lon="-7.981012">
        <ele>283.5</ele>
      </trkpt>
      <trkpt lat="37.410027" lon="-7.981063">
        <ele>282.5</ele>
      </trkpt>
      <trkpt lat="37.409981" lon="-7.981126">
        <ele>282</ele>
      </trkpt>
      <trkpt lat="37.409965" lon="-7.981197">
        <ele>281.75</ele>
      </trkpt>
      <trkpt lat="37.409968" lon="-7.981268">
        <ele>282</ele>
      </trkpt>
      <trkpt lat="37.410087" lon="-7.981707">
        <ele>284.75</ele>
      </trkpt>
      <trkpt lat="37.410105" lon="-7.981793">
        <ele>285.25</ele>
      </trkpt>
      <trkpt lat="37.410102" lon="-7.98187">
        <ele>285.75</ele>
      </trkpt>
      <trkpt lat="37.410079" lon="-7.981942">
        <ele>285.5</ele>
      </trkpt>
      <trkpt lat="37.410045" lon="-7.981995">
        <ele>285.25</ele>
      </trkpt>
      <trkpt lat="37.410006" lon="-7.98204">
        <ele>284.75</ele>
      </trkpt>
      <trkpt lat="37.409954" lon="-7.982064">
        <ele>284</ele>
      </trkpt>
      <trkpt lat="37.409886" lon="-7.982078">
        <ele>283.25</ele>
      </trkpt>
      <trkpt lat="37.40949" lon="-7.982016">
        <ele>277.25</ele>
      </trkpt>
      <trkpt lat="37.409418" lon="-7.982028">
        <ele>276.25</ele>
      </trkpt>
      <trkpt lat="37.409355" lon="-7.982056">
        <ele>275.5</ele>
      </trkpt>
      <trkpt lat="37.409307" lon="-7.982105">
        <ele>275</ele>
      </trkpt>
      <trkpt lat="37.409274" lon="-7.982169">
        <ele>274.75</ele>
      </trkpt>
      <trkpt lat="37.409252" lon="-7.98225">
        <ele>275</ele>
      </trkpt>
      <trkpt lat="37.409241" lon="-7.982316">
        <ele>275.5</ele>
      </trkpt>
      <trkpt lat="37.409241" lon="-7.982314">
        <ele>275.5</ele>
      </trkpt>
      <trkpt lat="37.40922" lon="-7.982448">
        <ele>275.5</ele>
      </trkpt>
      <trkpt lat="37.409181" lon="-7.982801">
        <ele>273</ele>
      </trkpt>
      <trkpt lat="37.409187" lon="-7.982886">
        <ele>272.5</ele>
      </trkpt>
      <trkpt lat="37.409206" lon="-7.982954">
        <ele>272.25</ele>
      </trkpt>
      <trkpt lat="37.409234" lon="-7.983019">
        <ele>272.25</ele>
      </trkpt>
      <trkpt lat="37.40927" lon="-7.983074">
        <ele>272.5</ele>
      </trkpt>
      <trkpt lat="37.409352" lon="-7.983141">
        <ele>273.5</ele>
      </trkpt>
      <trkpt lat="37.409462" lon="-7.983202">
        <ele>275.25</ele>
      </trkpt>
      <trkpt lat="37.409515" lon="-7.983244">
        <ele>276</ele>
      </trkpt>
      <trkpt lat="37.40957" lon="-7.983304">
        <ele>276.75</ele>
      </trkpt>
      <trkpt lat="37.409617" lon="-7.983399">
        <ele>277</ele>
      </trkpt>
      <trkpt lat="37.409635" lon="-7.98347">
        <ele>276.75</ele>
      </trkpt>
      <trkpt lat="37.409636" lon="-7.983559">
        <ele>276.25</ele>
      </trkpt>
      <trkpt lat="37.409588" lon="-7.983842">
        <ele>273.25</ele>
      </trkpt>
      <trkpt lat="37.409595" lon="-7.983919">
        <ele>272.75</ele>
      </trkpt>
      <trkpt lat="37.40962" lon="-7.983995">
        <ele>272.5</ele>
      </trkpt>
      <trkpt lat="37.409661" lon="-7.98407">
        <ele>272.5</ele>
      </trkpt>
      <trkpt lat="37.40991" lon="-7.984296">
        <ele>274.5</ele>
      </trkpt>
      <trkpt lat="37.409973" lon="-7.984379">
        <ele>275</ele>
      </trkpt>
      <trkpt lat="37.410012" lon="-7.984473">
        <ele>275.25</ele>
      </trkpt>
      <trkpt lat="37.410032" lon="-7.984575">
        <ele>275.5</ele>
      </trkpt>
      <trkpt lat="37.410039" lon="-7.984796">
        <ele>275</ele>
      </trkpt>
      <trkpt lat="37.410036" lon="-7.984839">
        <ele>274.75</ele>
      </trkpt>
      <trkpt lat="37.410036" lon="-7.984837">
        <ele>274.75</ele>
      </trkpt>
      <trkpt lat="37.410032" lon="-7.984924">
        <ele>274.75</ele>
      </trkpt>
      <trkpt lat="37.409998" lon="-7.985012">
        <ele>274</ele>
      </trkpt>
      <trkpt lat="37.409953" lon="-7.985075">
        <ele>274.5</ele>
      </trkpt>
      <trkpt lat="37.409905" lon="-7.985108">
        <ele>274.5</ele>
      </trkpt>
      <trkpt lat="37.40985" lon="-7.98512">
        <ele>274.75</ele>
      </trkpt>
      <trkpt lat="37.409787" lon="-7.985116">
        <ele>274.5</ele>
      </trkpt>
      <trkpt lat="37.409711" lon="-7.98508">
        <ele>274</ele>
      </trkpt>
      <trkpt lat="37.409394" lon="-7.984794">
        <ele>271.5</ele>
      </trkpt>
      <trkpt lat="37.40933" lon="-7.984761">
        <ele>271</ele>
      </trkpt>
      <trkpt lat="37.409261" lon="-7.984742">
        <ele>270.5</ele>
      </trkpt>
      <trkpt lat="37.409111" lon="-7.984727">
        <ele>269.75</ele>
      </trkpt>
      <trkpt lat="37.408316" lon="-7.984699">
        <ele>266</ele>
      </trkpt>
      <trkpt lat="37.408093" lon="-7.984713">
        <ele>264.75</ele>
      </trkpt>
      <trkpt lat="37.40797" lon="-7.984732">
        <ele>264.5</ele>
      </trkpt>
      <trkpt lat="37.407872" lon="-7.984762">
        <ele>264.25</ele>
      </trkpt>
      <trkpt lat="37.407723" lon="-7.984826">
        <ele>264.25</ele>
      </trkpt>
      <trkpt lat="37.407155" lon="-7.985112">
        <ele>262</ele>
      </trkpt>
      <trkpt lat="37.406977" lon="-7.985244">
        <ele>260.75</ele>
      </trkpt>
      <trkpt lat="37.406977" lon="-7.985244">
        <ele>260.75</ele>
      </trkpt>
      <trkpt lat="37.406871" lon="-7.985378">
        <ele>260.5</ele>
      </trkpt>
      <trkpt lat="37.406695" lon="-7.985646">
        <ele>260.5</ele>
      </trkpt>
      <trkpt lat="37.406618" lon="-7.985781">
        <ele>260.75</ele>
      </trkpt>
      <trkpt lat="37.406588" lon="-7.985865">
        <ele>260.5</ele>
      </trkpt>
      <trkpt lat="37.406574" lon="-7.98594">
        <ele>260.25</ele>
      </trkpt>
      <trkpt lat="37.406579" lon="-7.986025">
        <ele>260.25</ele>
      </trkpt>
      <trkpt lat="37.406594" lon="-7.986107">
        <ele>260.25</ele>
      </trkpt>
      <trkpt lat="37.406664" lon="-7.986292">
        <ele>260.75</ele>
      </trkpt>
      <trkpt lat="37.406721" lon="-7.986389">
        <ele>261</ele>
      </trkpt>
      <trkpt lat="37.406776" lon="-7.986458">
        <ele>261</ele>
      </trkpt>
      <trkpt lat="37.406954" lon="-7.986616">
        <ele>261.25</ele>
      </trkpt>
      <trkpt lat="37.407033" lon="-7.986717">
        <ele>261.75</ele>
      </trkpt>
      <trkpt lat="37.407067" lon="-7.986793">
        <ele>262.5</ele>
      </trkpt>
      <trkpt lat="37.407085" lon="-7.986873">
        <ele>263</ele>
      </trkpt>
      <trkpt lat="37.407088" lon="-7.986952">
        <ele>263.75</ele>
      </trkpt>
      <trkpt lat="37.407074" lon="-7.987032">
        <ele>264.5</ele>
      </trkpt>
      <trkpt lat="37.407045" lon="-7.987101">
        <ele>265</ele>
      </trkpt>
      <trkpt lat="37.407004" lon="-7.987155">
        <ele>265.5</ele>
      </trkpt>
      <trkpt lat="37.406952" lon="-7.987204">
        <ele>265.75</ele>
      </trkpt>
      <trkpt lat="37.406799" lon="-7.987274">
        <ele>266.5</ele>
      </trkpt>
      <trkpt lat="37.406712" lon="-7.987301">
        <ele>266.75</ele>
      </trkpt>
      <trkpt lat="37.406712" lon="-7.987301">
        <ele>266.75</ele>
      </trkpt>
      <trkpt lat="37.406613" lon="-7.987307">
        <ele>267</ele>
      </trkpt>
      <trkpt lat="37.406542" lon="-7.987302">
        <ele>267.25</ele>
      </trkpt>
      <trkpt lat="37.406456" lon="-7.98726">
        <ele>267</ele>
      </trkpt>
      <trkpt lat="37.406244" lon="-7.987106">
        <ele>265</ele>
      </trkpt>
      <trkpt lat="37.405403" lon="-7.986596">
        <ele>254.75</ele>
      </trkpt>
      <trkpt lat="37.405282" lon="-7.986531">
        <ele>254</ele>
      </trkpt>
      <trkpt lat="37.405176" lon="-7.986498">
        <ele>253.75</ele>
      </trkpt>
      <trkpt lat="37.405097" lon="-7.986497">
        <ele>253.75</ele>
      </trkpt>
      <trkpt lat="37.405012" lon="-7.986519">
        <ele>254</ele>
      </trkpt>
      <trkpt lat="37.404788" lon="-7.986617">
        <ele>256.5</ele>
      </trkpt>
      <trkpt lat="37.404721" lon="-7.986626">
        <ele>257</ele>
      </trkpt>
      <trkpt lat="37.404651" lon="-7.986623">
        <ele>257.25</ele>
      </trkpt>
      <trkpt lat="37.404569" lon="-7.986595">
        <ele>257.5</ele>
      </trkpt>
      <trkpt lat="37.404072" lon="-7.986352">
        <ele>255.75</ele>
      </trkpt>
      <trkpt lat="37.403983" lon="-7.986323">
        <ele>255.5</ele>
      </trkpt>
      <trkpt lat="37.403892" lon="-7.98631">
        <ele>255.5</ele>
      </trkpt>
      <trkpt lat="37.403791" lon="-7.986308">
        <ele>255.5</ele>
      </trkpt>
      <trkpt lat="37.402899" lon="-7.986344">
        <ele>256.75</ele>
      </trkpt>
      <trkpt lat="37.402806" lon="-7.986341">
        <ele>256.5</ele>
      </trkpt>
      <trkpt lat="37.402712" lon="-7.986318">
        <ele>256.25</ele>
      </trkpt>
      <trkpt lat="37.402619" lon="-7.986269">
        <ele>255.5</ele>
      </trkpt>
      <trkpt lat="37.402284" lon="-7.985993">
        <ele>253.75</ele>
      </trkpt>
      <trkpt lat="37.4017" lon="-7.985477">
        <ele>254</ele>
      </trkpt>
      <trkpt lat="37.401607" lon="-7.985403">
        <ele>254</ele>
      </trkpt>
      <trkpt lat="37.401468" lon="-7.985311">
        <ele>254</ele>
      </trkpt>
      <trkpt lat="37.401259" lon="-7.985208">
        <ele>254.5</ele>
      </trkpt>
      <trkpt lat="37.400878" lon="-7.985041">
        <ele>255.75</ele>
      </trkpt>
      <trkpt lat="37.400763" lon="-7.985007">
        <ele>256.5</ele>
      </trkpt>
      <trkpt lat="37.400641" lon="-7.98499">
        <ele>257.25</ele>
      </trkpt>
      <trkpt lat="37.40051" lon="-7.984986">
        <ele>258.25</ele>
      </trkpt>
      <trkpt lat="37.399645" lon="-7.985067">
        <ele>260.5</ele>
      </trkpt>
      <trkpt lat="37.39885" lon="-7.985163">
        <ele>256</ele>
      </trkpt>
      <trkpt lat="37.39875" lon="-7.985167">
        <ele>255.25</ele>
      </trkpt>
      <trkpt lat="37.398627" lon="-7.985154">
        <ele>254.25</ele>
      </trkpt>
      <trkpt lat="37.398627" lon="-7.985154">
        <ele>254.25</ele>
      </trkpt>
      <trkpt lat="37.398528" lon="-7.985128">
        <ele>253.5</ele>
      </trkpt>
      <trkpt lat="37.39778" lon="-7.98489">
        <ele>250.25</ele>
      </trkpt>
      <trkpt lat="37.39759" lon="-7.984821">
        <ele>249.5</ele>
      </trkpt>
      <trkpt lat="37.397227" lon="-7.984703">
        <ele>248</ele>
      </trkpt>
      <trkpt lat="37.396414" lon="-7.984452">
        <ele>247</ele>
      </trkpt>
      <trkpt lat="37.394904" lon="-7.983991">
        <ele>254.5</ele>
      </trkpt>
      <trkpt lat="37.394834" lon="-7.983958">
        <ele>254.5</ele>
      </trkpt>
      <trkpt lat="37.394606" lon="-7.983882">
        <ele>254.5</ele>
      </trkpt>
      <trkpt lat="37.394503" lon="-7.98386">
        <ele>254.5</ele>
      </trkpt>
      <trkpt lat="37.394468" lon="-7.98386">
        <ele>254.5</ele>
      </trkpt>
      <trkpt lat="37.394468" lon="-7.98386">
        <ele>254.5</ele>
      </trkpt>
      <trkpt lat="37.394431" lon="-7.983859">
        <ele>254.5</ele>
      </trkpt>
      <trkpt lat="37.394355" lon="-7.98387">
        <ele>254.75</ele>
      </trkpt>
      <trkpt lat="37.394199" lon="-7.983929">
        <ele>255</ele>
      </trkpt>
      <trkpt lat="37.393484" lon="-7.984346">
        <ele>256.25</ele>
      </trkpt>
      <trkpt lat="37.393175" lon="-7.98451">
        <ele>257</ele>
      </trkpt>
      <trkpt lat="37.393071" lon="-7.984553">
        <ele>257.5</ele>
      </trkpt>
      <trkpt lat="37.39288" lon="-7.984597">
        <ele>258.25</ele>
      </trkpt>
      <trkpt lat="37.392805" lon="-7.984603">
        <ele>258.75</ele>
      </trkpt>
      <trkpt lat="37.392728" lon="-7.984595">
        <ele>259</ele>
      </trkpt>
      <trkpt lat="37.392614" lon="-7.984571">
        <ele>259.25</ele>
      </trkpt>
      <trkpt lat="37.392291" lon="-7.984484">
        <ele>260.75</ele>
      </trkpt>
      <trkpt lat="37.392213" lon="-7.984488">
        <ele>261.25</ele>
      </trkpt>
      <trkpt lat="37.392122" lon="-7.984506">
        <ele>261.75</ele>
      </trkpt>
      <trkpt lat="37.392046" lon="-7.984541">
        <ele>262.25</ele>
      </trkpt>
      <trkpt lat="37.391759" lon="-7.984781">
        <ele>263.75</ele>
      </trkpt>
      <trkpt lat="37.391674" lon="-7.984827">
        <ele>264</ele>
      </trkpt>
      <trkpt lat="37.391587" lon="-7.984861">
        <ele>264.5</ele>
      </trkpt>
      <trkpt lat="37.391495" lon="-7.984872">
        <ele>265</ele>
      </trkpt>
      <trkpt lat="37.391351" lon="-7.984869">
        <ele>266</ele>
      </trkpt>
      <trkpt lat="37.391048" lon="-7.984856">
        <ele>267.75</ele>
      </trkpt>
      <trkpt lat="37.390761" lon="-7.984833">
        <ele>270.25</ele>
      </trkpt>
      <trkpt lat="37.390504" lon="-7.984797">
        <ele>273.25</ele>
      </trkpt>
      <trkpt lat="37.390006" lon="-7.984665">
        <ele>279.25</ele>
      </trkpt>
      <trkpt lat="37.389874" lon="-7.98465">
        <ele>279.5</ele>
      </trkpt>
      <trkpt lat="37.38978" lon="-7.984662">
        <ele>279.5</ele>
      </trkpt>
      <trkpt lat="37.389671" lon="-7.984694">
        <ele>279.5</ele>
      </trkpt>
      <trkpt lat="37.389081" lon="-7.984911">
        <ele>279.75</ele>
      </trkpt>
      <trkpt lat="37.388973" lon="-7.984959">
        <ele>279.5</ele>
      </trkpt>
      <trkpt lat="37.3889" lon="-7.985025">
        <ele>279.75</ele>
      </trkpt>
      <trkpt lat="37.38885" lon="-7.98509">
        <ele>280.5</ele>
      </trkpt>
      <trkpt lat="37.388721" lon="-7.985307">
        <ele>283.25</ele>
      </trkpt>
      <trkpt lat="37.388642" lon="-7.985416">
        <ele>284.5</ele>
      </trkpt>
      <trkpt lat="37.388555" lon="-7.985506">
        <ele>285.25</ele>
      </trkpt>
      <trkpt lat="37.388488" lon="-7.98556">
        <ele>285.5</ele>
      </trkpt>
      <trkpt lat="37.38841" lon="-7.98562">
        <ele>285.75</ele>
      </trkpt>
      <trkpt lat="37.38825" lon="-7.9857">
        <ele>286.25</ele>
      </trkpt>
      <trkpt lat="37.388173" lon="-7.985726">
        <ele>286.5</ele>
      </trkpt>
      <trkpt lat="37.387928" lon="-7.985776">
        <ele>286.75</ele>
      </trkpt>
      <trkpt lat="37.387821" lon="-7.985796">
        <ele>287</ele>
      </trkpt>
      <trkpt lat="37.387733" lon="-7.985799">
        <ele>286.75</ele>
      </trkpt>
      <trkpt lat="37.387667" lon="-7.985787">
        <ele>286.5</ele>
      </trkpt>
      <trkpt lat="37.387667" lon="-7.985787">
        <ele>286.5</ele>
      </trkpt>
      <trkpt lat="37.387575" lon="-7.985769">
        <ele>286.5</ele>
      </trkpt>
      <trkpt lat="37.386901" lon="-7.985491">
        <ele>288.25</ele>
      </trkpt>
      <trkpt lat="37.386741" lon="-7.985378">
        <ele>287.75</ele>
      </trkpt>
      <trkpt lat="37.386664" lon="-7.985311">
        <ele>287.5</ele>
      </trkpt>
      <trkpt lat="37.386258" lon="-7.984927">
        <ele>294</ele>
      </trkpt>
      <trkpt lat="37.386005" lon="-7.984671">
        <ele>297</ele>
      </trkpt>
      <trkpt lat="37.385948" lon="-7.984588">
        <ele>296.75</ele>
      </trkpt>
      <trkpt lat="37.385724" lon="-7.9841">
        <ele>291.5</ele>
      </trkpt>
      <trkpt lat="37.385678" lon="-7.984023">
        <ele>291.5</ele>
      </trkpt>
      <trkpt lat="37.385627" lon="-7.983963">
        <ele>291.5</ele>
      </trkpt>
      <trkpt lat="37.38557" lon="-7.983931">
        <ele>291.75</ele>
      </trkpt>
      <trkpt lat="37.385513" lon="-7.983909">
        <ele>292</ele>
      </trkpt>
      <trkpt lat="37.385253" lon="-7.983834">
        <ele>293.25</ele>
      </trkpt>
      <trkpt lat="37.384737" lon="-7.983705">
        <ele>295.25</ele>
      </trkpt>
      <trkpt lat="37.384452" lon="-7.983622">
        <ele>297</ele>
      </trkpt>
      <trkpt lat="37.384344" lon="-7.983568">
        <ele>297.75</ele>
      </trkpt>
      <trkpt lat="37.383966" lon="-7.983327">
        <ele>304.25</ele>
      </trkpt>
      <trkpt lat="37.383849" lon="-7.983231">
        <ele>306.75</ele>
      </trkpt>
      <trkpt lat="37.383778" lon="-7.983157">
        <ele>309</ele>
      </trkpt>
      <trkpt lat="37.38379189744592" lon="-7.983136894181371">
        <ele>287.2</ele>
      </trkpt>
      <trkpt lat="37.383778" lon="-7.983157">
        <ele>308</ele>
      </trkpt>
      <trkpt lat="37.383743" lon="-7.983119">
        <ele>309</ele>
      </trkpt>
      <trkpt lat="37.383671" lon="-7.982955">
        <ele>310.5</ele>
      </trkpt>
      <trkpt lat="37.383636" lon="-7.982658">
        <ele>311</ele>
      </trkpt>
      <trkpt lat="37.383628" lon="-7.982465">
        <ele>311.25</ele>
      </trkpt>
      <trkpt lat="37.383634" lon="-7.982319">
        <ele>311.5</ele>
      </trkpt>
      <trkpt lat="37.383715" lon="-7.981808">
        <ele>311.75</ele>
      </trkpt>
      <trkpt lat="37.383723" lon="-7.981703">
        <ele>312</ele>
      </trkpt>
      <trkpt lat="37.383715" lon="-7.981598">
        <ele>312.25</ele>
      </trkpt>
      <trkpt lat="37.383688" lon="-7.981507">
        <ele>312.5</ele>
      </trkpt>
      <trkpt lat="37.383652" lon="-7.981429">
        <ele>312.75</ele>
      </trkpt>
      <trkpt lat="37.3836" lon="-7.981358">
        <ele>312.75</ele>
      </trkpt>
      <trkpt lat="37.383523" lon="-7.981271">
        <ele>313</ele>
      </trkpt>
      <trkpt lat="37.383422" lon="-7.981192">
        <ele>312.75</ele>
      </trkpt>
      <trkpt lat="37.383109" lon="-7.981003">
        <ele>315.75</ele>
      </trkpt>
      <trkpt lat="37.383047" lon="-7.980948">
        <ele>316.5</ele>
      </trkpt>
      <trkpt lat="37.383" lon="-7.980887">
        <ele>316.75</ele>
      </trkpt>
      <trkpt lat="37.382951" lon="-7.980799">
        <ele>317</ele>
      </trkpt>
      <trkpt lat="37.382819" lon="-7.980473">
        <ele>316.5</ele>
      </trkpt>
      <trkpt lat="37.382781" lon="-7.980411">
        <ele>316.25</ele>
      </trkpt>
      <trkpt lat="37.382725" lon="-7.980367">
        <ele>316.75</ele>
      </trkpt>
      <trkpt lat="37.382668" lon="-7.980322">
        <ele>316.75</ele>
      </trkpt>
      <trkpt lat="37.382352" lon="-7.980162">
        <ele>317.5</ele>
      </trkpt>
      <trkpt lat="37.382161" lon="-7.980078">
        <ele>318</ele>
      </trkpt>
      <trkpt lat="37.382047" lon="-7.980057">
        <ele>318.75</ele>
      </trkpt>
      <trkpt lat="37.381582" lon="-7.98004">
        <ele>322</ele>
      </trkpt>
      <trkpt lat="37.381518" lon="-7.980026">
        <ele>322</ele>
      </trkpt>
      <trkpt lat="37.380946" lon="-7.979825">
        <ele>324</ele>
      </trkpt>
      <trkpt lat="37.380853" lon="-7.979804">
        <ele>324.25</ele>
      </trkpt>
      <trkpt lat="37.380791" lon="-7.979801">
        <ele>325</ele>
      </trkpt>
      <trkpt lat="37.380721" lon="-7.979823">
        <ele>325.75</ele>
      </trkpt>
      <trkpt lat="37.38067" lon="-7.979854">
        <ele>326.25</ele>
      </trkpt>
      <trkpt lat="37.380618" lon="-7.979911">
        <ele>327</ele>
      </trkpt>
      <trkpt lat="37.380275" lon="-7.980506">
        <ele>333.5</ele>
      </trkpt>
      <trkpt lat="37.380226" lon="-7.980569">
        <ele>334</ele>
      </trkpt>
      <trkpt lat="37.380171" lon="-7.980623">
        <ele>334.25</ele>
      </trkpt>
      <trkpt lat="37.380121" lon="-7.980649">
        <ele>334.5</ele>
      </trkpt>
      <trkpt lat="37.380059" lon="-7.98066">
        <ele>334.5</ele>
      </trkpt>
      <trkpt lat="37.379796" lon="-7.980623">
        <ele>337.5</ele>
      </trkpt>
      <trkpt lat="37.379697" lon="-7.980595">
        <ele>339</ele>
      </trkpt>
      <trkpt lat="37.379648" lon="-7.980565">
        <ele>339.5</ele>
      </trkpt>
      <trkpt lat="37.3796" lon="-7.980523">
        <ele>340.25</ele>
      </trkpt>
      <trkpt lat="37.379562" lon="-7.980436">
        <ele>340.5</ele>
      </trkpt>
      <trkpt lat="37.379562" lon="-7.980436">
        <ele>340.5</ele>
      </trkpt>
      <trkpt lat="37.379547" lon="-7.980362">
        <ele>340.5</ele>
      </trkpt>
      <trkpt lat="37.379561" lon="-7.980231">
        <ele>340</ele>
      </trkpt>
      <trkpt lat="37.379602" lon="-7.980144">
        <ele>339</ele>
      </trkpt>
      <trkpt lat="37.37963" lon="-7.980117">
        <ele>338.5</ele>
      </trkpt>
      <trkpt lat="37.379907" lon="-7.980011">
        <ele>334.25</ele>
      </trkpt>
      <trkpt lat="37.379962" lon="-7.97997">
        <ele>333.75</ele>
      </trkpt>
      <trkpt lat="37.38" lon="-7.979923">
        <ele>333.5</ele>
      </trkpt>
      <trkpt lat="37.380033" lon="-7.979854">
        <ele>333.5</ele>
      </trkpt>
      <trkpt lat="37.380063" lon="-7.979692">
        <ele>334.25</ele>
      </trkpt>
      <trkpt lat="37.380065" lon="-7.979594">
        <ele>334.75</ele>
      </trkpt>
      <trkpt lat="37.380043" lon="-7.979462">
        <ele>336</ele>
      </trkpt>
      <trkpt lat="37.379985" lon="-7.979223">
        <ele>338.5</ele>
      </trkpt>
      <trkpt lat="37.379807" lon="-7.978566">
        <ele>341.75</ele>
      </trkpt>
      <trkpt lat="37.379751" lon="-7.978394">
        <ele>343</ele>
      </trkpt>
      <trkpt lat="37.379623" lon="-7.978062">
        <ele>344.75</ele>
      </trkpt>
      <trkpt lat="37.37961712293327" lon="-7.978058299049735">
        <ele>337.8</ele>
      </trkpt>
      <trkpt lat="37.379619" lon="-7.978056">
        <ele>344.75</ele>
      </trkpt>
      <trkpt lat="37.379572" lon="-7.977977">
        <ele>345.5</ele>
      </trkpt>
      <trkpt lat="37.379532" lon="-7.97793">
        <ele>345.75</ele>
      </trkpt>
      <trkpt lat="37.379465" lon="-7.977877">
        <ele>346.75</ele>
      </trkpt>
      <trkpt lat="37.379142" lon="-7.977732">
        <ele>351.25</ele>
      </trkpt>
      <trkpt lat="37.379067" lon="-7.97769">
        <ele>351.75</ele>
      </trkpt>
      <trkpt lat="37.379009" lon="-7.97765">
        <ele>352.25</ele>
      </trkpt>
      <trkpt lat="37.378942" lon="-7.977589">
        <ele>352.75</ele>
      </trkpt>
      <trkpt lat="37.378898" lon="-7.977533">
        <ele>353.25</ele>
      </trkpt>
      <trkpt lat="37.378822" lon="-7.977393">
        <ele>354.75</ele>
      </trkpt>
      <trkpt lat="37.378617" lon="-7.976781">
        <ele>359</ele>
      </trkpt>
      <trkpt lat="37.378572" lon="-7.976687">
        <ele>359.5</ele>
      </trkpt>
      <trkpt lat="37.378526" lon="-7.976607">
        <ele>360</ele>
      </trkpt>
      <trkpt lat="37.378478" lon="-7.976548">
        <ele>360.75</ele>
      </trkpt>
      <trkpt lat="37.378419" lon="-7.976506">
        <ele>361.25</ele>
      </trkpt>
      <trkpt lat="37.37836" lon="-7.97648">
        <ele>361.75</ele>
      </trkpt>
      <trkpt lat="37.378339" lon="-7.976478">
        <ele>361.75</ele>
      </trkpt>
      <trkpt lat="37.377909" lon="-7.976458">
        <ele>364</ele>
      </trkpt>
      <trkpt lat="37.377862" lon="-7.976454">
        <ele>364.25</ele>
      </trkpt>
      <trkpt lat="37.37779" lon="-7.976432">
        <ele>364.5</ele>
      </trkpt>
      <trkpt lat="37.377723" lon="-7.976395">
        <ele>364.75</ele>
      </trkpt>
      <trkpt lat="37.377665" lon="-7.976342">
        <ele>364.5</ele>
      </trkpt>
      <trkpt lat="37.377313" lon="-7.9759">
        <ele>362.75</ele>
      </trkpt>
      <trkpt lat="37.376896" lon="-7.975329">
        <ele>358.5</ele>
      </trkpt>
      <trkpt lat="37.376706" lon="-7.975089">
        <ele>353.75</ele>
      </trkpt>
      <trkpt lat="37.376588" lon="-7.974953">
        <ele>351</ele>
      </trkpt>
      <trkpt lat="37.376541" lon="-7.974907">
        <ele>349</ele>
      </trkpt>
      <trkpt lat="37.376467" lon="-7.974832">
        <ele>349</ele>
      </trkpt>
      <trkpt lat="37.376397" lon="-7.974778">
        <ele>347.75</ele>
      </trkpt>
      <trkpt lat="37.376318" lon="-7.97474">
        <ele>346.75</ele>
      </trkpt>
      <trkpt lat="37.376249" lon="-7.974727">
        <ele>346</ele>
      </trkpt>
      <trkpt lat="37.376175" lon="-7.974736">
        <ele>345.25</ele>
      </trkpt>
      <trkpt lat="37.376104" lon="-7.974778">
        <ele>345</ele>
      </trkpt>
      <trkpt lat="37.376044" lon="-7.974841">
        <ele>345</ele>
      </trkpt>
      <trkpt lat="37.375905" lon="-7.975054">
        <ele>346.5</ele>
      </trkpt>
      <trkpt lat="37.375833" lon="-7.97515">
        <ele>347.5</ele>
      </trkpt>
      <trkpt lat="37.37577" lon="-7.975205">
        <ele>348.75</ele>
      </trkpt>
      <trkpt lat="37.375705" lon="-7.97523">
        <ele>349.5</ele>
      </trkpt>
      <trkpt lat="37.375645" lon="-7.975224">
        <ele>349.75</ele>
      </trkpt>
      <trkpt lat="37.375595" lon="-7.9752">
        <ele>349.75</ele>
      </trkpt>
      <trkpt lat="37.375554" lon="-7.975162">
        <ele>349.75</ele>
      </trkpt>
      <trkpt lat="37.375519" lon="-7.975103">
        <ele>349.25</ele>
      </trkpt>
      <trkpt lat="37.375495" lon="-7.975013">
        <ele>348.75</ele>
      </trkpt>
      <trkpt lat="37.375476" lon="-7.97466">
        <ele>344.5</ele>
      </trkpt>
      <trkpt lat="37.375463" lon="-7.974569">
        <ele>343.5</ele>
      </trkpt>
      <trkpt lat="37.375332" lon="-7.974201">
        <ele>340.25</ele>
      </trkpt>
      <trkpt lat="37.37529" lon="-7.97412">
        <ele>339.5</ele>
      </trkpt>
      <trkpt lat="37.375254" lon="-7.97408">
        <ele>339.5</ele>
      </trkpt>
      <trkpt lat="37.375204" lon="-7.974038">
        <ele>339.5</ele>
      </trkpt>
      <trkpt lat="37.375152" lon="-7.974026">
        <ele>339.75</ele>
      </trkpt>
      <trkpt lat="37.375088" lon="-7.974032">
        <ele>340.5</ele>
      </trkpt>
      <trkpt lat="37.375012" lon="-7.974071">
        <ele>341.5</ele>
      </trkpt>
      <trkpt lat="37.374878" lon="-7.974156">
        <ele>344.25</ele>
      </trkpt>
      <trkpt lat="37.374811" lon="-7.974192">
        <ele>345.75</ele>
      </trkpt>
      <trkpt lat="37.374732" lon="-7.974214">
        <ele>347.25</ele>
      </trkpt>
      <trkpt lat="37.374591" lon="-7.974192">
        <ele>348.75</ele>
      </trkpt>
      <trkpt lat="37.374446" lon="-7.974131">
        <ele>349.5</ele>
      </trkpt>
      <trkpt lat="37.374389" lon="-7.974089">
        <ele>349.5</ele>
      </trkpt>
      <trkpt lat="37.374323" lon="-7.974023">
        <ele>349.25</ele>
      </trkpt>
      <trkpt lat="37.373997" lon="-7.973576">
        <ele>344.5</ele>
      </trkpt>
      <trkpt lat="37.373921" lon="-7.973491">
        <ele>343.5</ele>
      </trkpt>
      <trkpt lat="37.373858" lon="-7.973436">
        <ele>343.25</ele>
      </trkpt>
      <trkpt lat="37.373776" lon="-7.973383">
        <ele>343</ele>
      </trkpt>
      <trkpt lat="37.373701" lon="-7.973356">
        <ele>343.25</ele>
      </trkpt>
      <trkpt lat="37.373644" lon="-7.973353">
        <ele>344</ele>
      </trkpt>
      <trkpt lat="37.373578" lon="-7.973361">
        <ele>344.75</ele>
      </trkpt>
      <trkpt lat="37.373287" lon="-7.973443">
        <ele>349.25</ele>
      </trkpt>
      <trkpt lat="37.373196" lon="-7.973461">
        <ele>350</ele>
      </trkpt>
      <trkpt lat="37.373105" lon="-7.973464">
        <ele>350.25</ele>
      </trkpt>
      <trkpt lat="37.372496" lon="-7.9734">
        <ele>351.5</ele>
      </trkpt>
      <trkpt lat="37.372266" lon="-7.973388">
        <ele>351</ele>
      </trkpt>
      <trkpt lat="37.37216" lon="-7.973395">
        <ele>351</ele>
      </trkpt>
      <trkpt lat="37.371993" lon="-7.973424">
        <ele>351.5</ele>
      </trkpt>
      <trkpt lat="37.371738" lon="-7.97348">
        <ele>352</ele>
      </trkpt>
      <trkpt lat="37.371645" lon="-7.973486">
        <ele>352.25</ele>
      </trkpt>
      <trkpt lat="37.371592" lon="-7.973473">
        <ele>352.75</ele>
      </trkpt>
      <trkpt lat="37.371538" lon="-7.97345">
        <ele>353</ele>
      </trkpt>
      <trkpt lat="37.3715" lon="-7.973419">
        <ele>353.25</ele>
      </trkpt>
      <trkpt lat="37.3715" lon="-7.973419">
        <ele>353.25</ele>
      </trkpt>
      <trkpt lat="37.371465" lon="-7.973367">
        <ele>353</ele>
      </trkpt>
      <trkpt lat="37.371434" lon="-7.973276">
        <ele>353.25</ele>
      </trkpt>
      <trkpt lat="37.371433" lon="-7.973125">
        <ele>354</ele>
      </trkpt>
      <trkpt lat="37.371469" lon="-7.973053">
        <ele>353.75</ele>
      </trkpt>
      <trkpt lat="37.371533" lon="-7.97298">
        <ele>353.25</ele>
      </trkpt>
      <trkpt lat="37.371682" lon="-7.972865">
        <ele>351.5</ele>
      </trkpt>
      <trkpt lat="37.371734" lon="-7.972811">
        <ele>351.5</ele>
      </trkpt>
      <trkpt lat="37.371766" lon="-7.972764">
        <ele>351.25</ele>
      </trkpt>
      <trkpt lat="37.371791" lon="-7.972693">
        <ele>351.5</ele>
      </trkpt>
      <trkpt lat="37.371803" lon="-7.972612">
        <ele>351.5</ele>
      </trkpt>
      <trkpt lat="37.371798" lon="-7.972509">
        <ele>351.75</ele>
      </trkpt>
      <trkpt lat="37.371782" lon="-7.972402">
        <ele>352.75</ele>
      </trkpt>
      <trkpt lat="37.371631" lon="-7.97176">
        <ele>360</ele>
      </trkpt>
      <trkpt lat="37.371545" lon="-7.971455">
        <ele>362.25</ele>
      </trkpt>
      <trkpt lat="37.371295" lon="-7.97074">
        <ele>367</ele>
      </trkpt>
      <trkpt lat="37.371011" lon="-7.969867">
        <ele>366.75</ele>
      </trkpt>
      <trkpt lat="37.370957" lon="-7.969729">
        <ele>366.25</ele>
      </trkpt>
      <trkpt lat="37.370904" lon="-7.96963">
        <ele>365.75</ele>
      </trkpt>
      <trkpt lat="37.370857" lon="-7.969566">
        <ele>365.5</ele>
      </trkpt>
      <trkpt lat="37.370811" lon="-7.96953">
        <ele>365.5</ele>
      </trkpt>
      <trkpt lat="37.370798" lon="-7.969525">
        <ele>365.75</ele>
      </trkpt>
      <trkpt lat="37.37079265527427" lon="-7.96954270452261">
        <ele>360.6</ele>
      </trkpt>
      <trkpt lat="37.370798" lon="-7.969525">
        <ele>365.5</ele>
      </trkpt>
      <trkpt lat="37.370761" lon="-7.969508">
        <ele>365.75</ele>
      </trkpt>
      <trkpt lat="37.37071" lon="-7.969501">
        <ele>366.25</ele>
      </trkpt>
      <trkpt lat="37.370646" lon="-7.969503">
        <ele>367</ele>
      </trkpt>
      <trkpt lat="37.370584" lon="-7.969525">
        <ele>368</ele>
      </trkpt>
      <trkpt lat="37.370496" lon="-7.969577">
        <ele>369.75</ele>
      </trkpt>
      <trkpt lat="37.37031" lon="-7.969735">
        <ele>374</ele>
      </trkpt>
      <trkpt lat="37.370252" lon="-7.969775">
        <ele>375.25</ele>
      </trkpt>
      <trkpt lat="37.370201" lon="-7.969791">
        <ele>376.25</ele>
      </trkpt>
      <trkpt lat="37.370151" lon="-7.969788">
        <ele>376.75</ele>
      </trkpt>
      <trkpt lat="37.370094" lon="-7.969767">
        <ele>377</ele>
      </trkpt>
      <trkpt lat="37.370039" lon="-7.969722">
        <ele>377</ele>
      </trkpt>
      <trkpt lat="37.369888" lon="-7.969539">
        <ele>375.75</ele>
      </trkpt>
      <trkpt lat="37.369819" lon="-7.969473">
        <ele>375.5</ele>
      </trkpt>
      <trkpt lat="37.369741" lon="-7.969429">
        <ele>375.75</ele>
      </trkpt>
      <trkpt lat="37.36915" lon="-7.969251">
        <ele>379.25</ele>
      </trkpt>
      <trkpt lat="37.369015" lon="-7.969221">
        <ele>379.75</ele>
      </trkpt>
      <trkpt lat="37.368943" lon="-7.96922">
        <ele>380.5</ele>
      </trkpt>
      <trkpt lat="37.368834" lon="-7.969267">
        <ele>381.75</ele>
      </trkpt>
      <trkpt lat="37.368653" lon="-7.969488">
        <ele>385</ele>
      </trkpt>
      <trkpt lat="37.368592" lon="-7.969551">
        <ele>385.75</ele>
      </trkpt>
      <trkpt lat="37.368524" lon="-7.969594">
        <ele>386.25</ele>
      </trkpt>
      <trkpt lat="37.368463" lon="-7.969615">
        <ele>386.5</ele>
      </trkpt>
      <trkpt lat="37.36839" lon="-7.969617">
        <ele>386.75</ele>
      </trkpt>
      <trkpt lat="37.368324" lon="-7.969605">
        <ele>387</ele>
      </trkpt>
      <trkpt lat="37.36827" lon="-7.969582">
        <ele>387.75</ele>
      </trkpt>
      <trkpt lat="37.36822" lon="-7.969544">
        <ele>388</ele>
      </trkpt>
      <trkpt lat="37.368184" lon="-7.969484">
        <ele>388.25</ele>
      </trkpt>
      <trkpt lat="37.36817" lon="-7.969401">
        <ele>388.25</ele>
      </trkpt>
      <trkpt lat="37.368187" lon="-7.969291">
        <ele>387.75</ele>
      </trkpt>
      <trkpt lat="37.368262" lon="-7.968917">
        <ele>385</ele>
      </trkpt>
      <trkpt lat="37.36827" lon="-7.968835">
        <ele>384.5</ele>
      </trkpt>
      <trkpt lat="37.368261" lon="-7.968744">
        <ele>384.25</ele>
      </trkpt>
      <trkpt lat="37.368236" lon="-7.968671">
        <ele>384.5</ele>
      </trkpt>
      <trkpt lat="37.368185" lon="-7.968597">
        <ele>384.75</ele>
      </trkpt>
      <trkpt lat="37.368126" lon="-7.96854">
        <ele>385.25</ele>
      </trkpt>
      <trkpt lat="37.368065" lon="-7.968507">
        <ele>385.75</ele>
      </trkpt>
      <trkpt lat="37.367985" lon="-7.968487">
        <ele>386.5</ele>
      </trkpt>
      <trkpt lat="37.36791" lon="-7.968481">
        <ele>387.5</ele>
      </trkpt>
      <trkpt lat="37.367443" lon="-7.968544">
        <ele>393.5</ele>
      </trkpt>
      <trkpt lat="37.367313" lon="-7.968551">
        <ele>394.75</ele>
      </trkpt>
      <trkpt lat="37.367158" lon="-7.968541">
        <ele>396</ele>
      </trkpt>
      <trkpt lat="37.366742" lon="-7.968455">
        <ele>398.75</ele>
      </trkpt>
      <trkpt lat="37.366361" lon="-7.96848">
        <ele>401</ele>
      </trkpt>
      <trkpt lat="37.365861" lon="-7.968495">
        <ele>403.5</ele>
      </trkpt>
      <trkpt lat="37.365785" lon="-7.968481">
        <ele>403.75</ele>
      </trkpt>
      <trkpt lat="37.365721" lon="-7.968443">
        <ele>403.75</ele>
      </trkpt>
      <trkpt lat="37.365694" lon="-7.96842">
        <ele>403.5</ele>
      </trkpt>
      <trkpt lat="37.365658" lon="-7.968387">
        <ele>403.5</ele>
      </trkpt>
      <trkpt lat="37.365607" lon="-7.968323">
        <ele>403.25</ele>
      </trkpt>
      <trkpt lat="37.365562" lon="-7.968242">
        <ele>404.25</ele>
      </trkpt>
      <trkpt lat="37.365526" lon="-7.968153">
        <ele>405</ele>
      </trkpt>
      <trkpt lat="37.365262" lon="-7.967222">
        <ele>411.75</ele>
      </trkpt>
      <trkpt lat="37.365223" lon="-7.967022">
        <ele>413.25</ele>
      </trkpt>
      <trkpt lat="37.365214" lon="-7.966902">
        <ele>414</ele>
      </trkpt>
      <trkpt lat="37.36522" lon="-7.966838">
        <ele>414.5</ele>
      </trkpt>
      <trkpt lat="37.365226" lon="-7.966765">
        <ele>415</ele>
      </trkpt>
      <trkpt lat="37.365272" lon="-7.966496">
        <ele>416.25</ele>
      </trkpt>
      <trkpt lat="37.365285" lon="-7.966353">
        <ele>416.75</ele>
      </trkpt>
      <trkpt lat="37.365237" lon="-7.965095">
        <ele>419.25</ele>
      </trkpt>
      <trkpt lat="37.365211" lon="-7.964943">
        <ele>419.25</ele>
      </trkpt>
      <trkpt lat="37.36517" lon="-7.96484">
        <ele>419.25</ele>
      </trkpt>
      <trkpt lat="37.365112" lon="-7.964739">
        <ele>419.25</ele>
      </trkpt>
      <trkpt lat="37.364987" lon="-7.964568">
        <ele>419.75</ele>
      </trkpt>
      <trkpt lat="37.36499070189893" lon="-7.964563686400652">
        <ele>408</ele>
      </trkpt>
      <trkpt lat="37.364987" lon="-7.964568">
        <ele>419.5</ele>
      </trkpt>
      <trkpt lat="37.364904" lon="-7.964453">
        <ele>419.75</ele>
      </trkpt>
      <trkpt lat="37.364641" lon="-7.964109">
        <ele>420</ele>
      </trkpt>
      <trkpt lat="37.364618" lon="-7.964077">
        <ele>420</ele>
      </trkpt>
      <trkpt lat="37.364306" lon="-7.963656">
        <ele>419</ele>
      </trkpt>
      <trkpt lat="37.364207" lon="-7.96353">
        <ele>418.75</ele>
      </trkpt>
      <trkpt lat="37.364093" lon="-7.963396">
        <ele>418.5</ele>
      </trkpt>
      <trkpt lat="37.364039" lon="-7.963341">
        <ele>418.75</ele>
      </trkpt>
      <trkpt lat="37.36392" lon="-7.96324">
        <ele>419</ele>
      </trkpt>
      <trkpt lat="37.363487" lon="-7.962912">
        <ele>422</ele>
      </trkpt>
      <trkpt lat="37.363262" lon="-7.962788">
        <ele>423.5</ele>
      </trkpt>
      <trkpt lat="37.363194" lon="-7.962766">
        <ele>423.5</ele>
      </trkpt>
      <trkpt lat="37.363109" lon="-7.962738">
        <ele>423.25</ele>
      </trkpt>
      <trkpt lat="37.363008" lon="-7.962709">
        <ele>423.25</ele>
      </trkpt>
      <trkpt lat="37.362745" lon="-7.962668">
        <ele>422.75</ele>
      </trkpt>
      <trkpt lat="37.362246" lon="-7.962663">
        <ele>423.5</ele>
      </trkpt>
      <trkpt lat="37.362086" lon="-7.962592">
        <ele>424.25</ele>
      </trkpt>
      <trkpt lat="37.361791" lon="-7.962418">
        <ele>425</ele>
      </trkpt>
      <trkpt lat="37.361693" lon="-7.962356">
        <ele>425.25</ele>
      </trkpt>
      <trkpt lat="37.361027" lon="-7.96178">
        <ele>419.75</ele>
      </trkpt>
      <trkpt lat="37.361007" lon="-7.961766">
        <ele>419</ele>
      </trkpt>
      <trkpt lat="37.360957" lon="-7.961727">
        <ele>419</ele>
      </trkpt>
      <trkpt lat="37.360895" lon="-7.961701">
        <ele>418.5</ele>
      </trkpt>
      <trkpt lat="37.360835" lon="-7.961699">
        <ele>418</ele>
      </trkpt>
      <trkpt lat="37.360775" lon="-7.961714">
        <ele>418.25</ele>
      </trkpt>
      <trkpt lat="37.360725" lon="-7.96175">
        <ele>418.5</ele>
      </trkpt>
      <trkpt lat="37.360582" lon="-7.961911">
        <ele>420.25</ele>
      </trkpt>
      <trkpt lat="37.360523" lon="-7.96196">
        <ele>420.75</ele>
      </trkpt>
      <trkpt lat="37.360466" lon="-7.961992">
        <ele>421.25</ele>
      </trkpt>
      <trkpt lat="37.360409" lon="-7.961998">
        <ele>421.5</ele>
      </trkpt>
      <trkpt lat="37.360362" lon="-7.961985">
        <ele>421.5</ele>
      </trkpt>
      <trkpt lat="37.360313" lon="-7.96196">
        <ele>421.25</ele>
      </trkpt>
      <trkpt lat="37.36022" lon="-7.961868">
        <ele>420.5</ele>
      </trkpt>
      <trkpt lat="37.360158" lon="-7.961772">
        <ele>419.25</ele>
      </trkpt>
      <trkpt lat="37.36003" lon="-7.961542">
        <ele>416</ele>
      </trkpt>
      <trkpt lat="37.35997" lon="-7.961461">
        <ele>414.5</ele>
      </trkpt>
      <trkpt lat="37.359919" lon="-7.961412">
        <ele>413.25</ele>
      </trkpt>
      <trkpt lat="37.359883" lon="-7.96139">
        <ele>412.75</ele>
      </trkpt>
      <trkpt lat="37.35983" lon="-7.961373">
        <ele>412</ele>
      </trkpt>
      <trkpt lat="37.359776" lon="-7.961381">
        <ele>411.75</ele>
      </trkpt>
      <trkpt lat="37.35971" lon="-7.961403">
        <ele>411.75</ele>
      </trkpt>
      <trkpt lat="37.35927" lon="-7.961647">
        <ele>411.5</ele>
      </trkpt>
      <trkpt lat="37.359184" lon="-7.961688">
        <ele>411.5</ele>
      </trkpt>
      <trkpt lat="37.359125" lon="-7.961704">
        <ele>411.75</ele>
      </trkpt>
      <trkpt lat="37.359067" lon="-7.961707">
        <ele>412</ele>
      </trkpt>
      <trkpt lat="37.359012" lon="-7.961692">
        <ele>411.75</ele>
      </trkpt>
      <trkpt lat="37.358962" lon="-7.961657">
        <ele>411.5</ele>
      </trkpt>
      <trkpt lat="37.358923" lon="-7.961613">
        <ele>411.25</ele>
      </trkpt>
      <trkpt lat="37.358899" lon="-7.96155">
        <ele>410.75</ele>
      </trkpt>
      <trkpt lat="37.358885" lon="-7.961475">
        <ele>410</ele>
      </trkpt>
      <trkpt lat="37.358878" lon="-7.961152">
        <ele>406.75</ele>
      </trkpt>
      <trkpt lat="37.358862" lon="-7.961059">
        <ele>406</ele>
      </trkpt>
      <trkpt lat="37.358835" lon="-7.960999">
        <ele>405.75</ele>
      </trkpt>
      <trkpt lat="37.358792" lon="-7.960942">
        <ele>405.5</ele>
      </trkpt>
      <trkpt lat="37.358734" lon="-7.960894">
        <ele>405.5</ele>
      </trkpt>
      <trkpt lat="37.358676" lon="-7.960888">
        <ele>406</ele>
      </trkpt>
      <trkpt lat="37.358622" lon="-7.9609">
        <ele>406.75</ele>
      </trkpt>
      <trkpt lat="37.358532" lon="-7.960941">
        <ele>407.75</ele>
      </trkpt>
      <trkpt lat="37.358511" lon="-7.960954">
        <ele>410</ele>
      </trkpt>
      <trkpt lat="37.358512" lon="-7.960953">
        <ele>410</ele>
      </trkpt>
      <trkpt lat="37.358345" lon="-7.961048">
        <ele>410</ele>
      </trkpt>
      <trkpt lat="37.358275" lon="-7.961101">
        <ele>410.25</ele>
      </trkpt>
      <trkpt lat="37.358219" lon="-7.961162">
        <ele>410.25</ele>
      </trkpt>
      <trkpt lat="37.358187" lon="-7.96122">
        <ele>410.25</ele>
      </trkpt>
      <trkpt lat="37.358109" lon="-7.961362">
        <ele>410.75</ele>
      </trkpt>
      <trkpt lat="37.357964" lon="-7.96167">
        <ele>411.25</ele>
      </trkpt>
      <trkpt lat="37.357931" lon="-7.961755">
        <ele>411.75</ele>
      </trkpt>
      <trkpt lat="37.357912" lon="-7.961855">
        <ele>412.25</ele>
      </trkpt>
      <trkpt lat="37.357889" lon="-7.962056">
        <ele>413.75</ele>
      </trkpt>
      <trkpt lat="37.357867" lon="-7.962132">
        <ele>414</ele>
      </trkpt>
      <trkpt lat="37.35784" lon="-7.962189">
        <ele>414.25</ele>
      </trkpt>
      <trkpt lat="37.357804" lon="-7.96223">
        <ele>414.25</ele>
      </trkpt>
      <trkpt lat="37.35775" lon="-7.962261">
        <ele>414.25</ele>
      </trkpt>
      <trkpt lat="37.357448" lon="-7.962336">
        <ele>411.5</ele>
      </trkpt>
      <trkpt lat="37.357295" lon="-7.962411">
        <ele>408.75</ele>
      </trkpt>
      <trkpt lat="37.356855" lon="-7.962692">
        <ele>400.75</ele>
      </trkpt>
      <trkpt lat="37.356746" lon="-7.962777">
        <ele>399</ele>
      </trkpt>
      <trkpt lat="37.356703" lon="-7.962824">
        <ele>398.5</ele>
      </trkpt>
      <trkpt lat="37.356663" lon="-7.962893">
        <ele>398.25</ele>
      </trkpt>
      <trkpt lat="37.356639" lon="-7.962976">
        <ele>398.5</ele>
      </trkpt>
      <trkpt lat="37.356631" lon="-7.963082">
        <ele>399</ele>
      </trkpt>
      <trkpt lat="37.356633" lon="-7.963208">
        <ele>399.75</ele>
      </trkpt>
      <trkpt lat="37.35665" lon="-7.963439">
        <ele>401</ele>
      </trkpt>
      <trkpt lat="37.356652" lon="-7.963538">
        <ele>401.25</ele>
      </trkpt>
      <trkpt lat="37.356643" lon="-7.9636">
        <ele>401.25</ele>
      </trkpt>
      <trkpt lat="37.356624" lon="-7.963659">
        <ele>401.25</ele>
      </trkpt>
      <trkpt lat="37.356592" lon="-7.96372">
        <ele>401</ele>
      </trkpt>
      <trkpt lat="37.356473" lon="-7.963883">
        <ele>400.25</ele>
      </trkpt>
      <trkpt lat="37.356444" lon="-7.963936">
        <ele>400.25</ele>
      </trkpt>
      <trkpt lat="37.356429" lon="-7.964014">
        <ele>400.25</ele>
      </trkpt>
      <trkpt lat="37.356423" lon="-7.964098">
        <ele>400.25</ele>
      </trkpt>
      <trkpt lat="37.35647" lon="-7.964484">
        <ele>400</ele>
      </trkpt>
      <trkpt lat="37.35647" lon="-7.964569">
        <ele>399.75</ele>
      </trkpt>
      <trkpt lat="37.356453" lon="-7.964628">
        <ele>399.5</ele>
      </trkpt>
      <trkpt lat="37.356421" lon="-7.964691">
        <ele>399.5</ele>
      </trkpt>
      <trkpt lat="37.356378" lon="-7.964736">
        <ele>399.25</ele>
      </trkpt>
      <trkpt lat="37.356324" lon="-7.964771">
        <ele>399.25</ele>
      </trkpt>
      <trkpt lat="37.35626" lon="-7.964779">
        <ele>399.25</ele>
      </trkpt>
      <trkpt lat="37.356185" lon="-7.964767">
        <ele>399.25</ele>
      </trkpt>
      <trkpt lat="37.355981" lon="-7.9647">
        <ele>399</ele>
      </trkpt>
      <trkpt lat="37.355917" lon="-7.964696">
        <ele>398.75</ele>
      </trkpt>
      <trkpt lat="37.355875" lon="-7.964701">
        <ele>398.75</ele>
      </trkpt>
      <trkpt lat="37.355823" lon="-7.96474">
        <ele>399.25</ele>
      </trkpt>
      <trkpt lat="37.355785" lon="-7.96479">
        <ele>400</ele>
      </trkpt>
      <trkpt lat="37.355749" lon="-7.964867">
        <ele>400.75</ele>
      </trkpt>
      <trkpt lat="37.355641" lon="-7.965241">
        <ele>405.5</ele>
      </trkpt>
      <trkpt lat="37.355613" lon="-7.965313">
        <ele>406.5</ele>
      </trkpt>
      <trkpt lat="37.355564" lon="-7.965406">
        <ele>407.5</ele>
      </trkpt>
      <trkpt lat="37.355339" lon="-7.965753">
        <ele>410.25</ele>
      </trkpt>
      <trkpt lat="37.355144" lon="-7.966034">
        <ele>411</ele>
      </trkpt>
      <trkpt lat="37.355145" lon="-7.966033">
        <ele>411</ele>
      </trkpt>
      <trkpt lat="37.355139" lon="-7.966041">
        <ele>411</ele>
      </trkpt>
      <trkpt lat="37.355053" lon="-7.966136">
        <ele>411</ele>
      </trkpt>
      <trkpt lat="37.355003" lon="-7.966172">
        <ele>411</ele>
      </trkpt>
      <trkpt lat="37.354937" lon="-7.966211">
        <ele>411.5</ele>
      </trkpt>
      <trkpt lat="37.354849" lon="-7.966241">
        <ele>412</ele>
      </trkpt>
      <trkpt lat="37.354604" lon="-7.966309">
        <ele>413.25</ele>
      </trkpt>
      <trkpt lat="37.354355" lon="-7.966388">
        <ele>414.25</ele>
      </trkpt>
      <trkpt lat="37.353841" lon="-7.966595">
        <ele>414.5</ele>
      </trkpt>
      <trkpt lat="37.353555" lon="-7.966723">
        <ele>414</ele>
      </trkpt>
      <trkpt lat="37.353462" lon="-7.966771">
        <ele>413.25</ele>
      </trkpt>
      <trkpt lat="37.353389" lon="-7.966829">
        <ele>412.5</ele>
      </trkpt>
      <trkpt lat="37.353349" lon="-7.966867">
        <ele>412</ele>
      </trkpt>
      <trkpt lat="37.353303" lon="-7.966928">
        <ele>411.75</ele>
      </trkpt>
      <trkpt lat="37.353255" lon="-7.967016">
        <ele>411.25</ele>
      </trkpt>
      <trkpt lat="37.353101" lon="-7.967365">
        <ele>410.5</ele>
      </trkpt>
      <trkpt lat="37.353065" lon="-7.967433">
        <ele>410.75</ele>
      </trkpt>
      <trkpt lat="37.353015" lon="-7.967502">
        <ele>411.25</ele>
      </trkpt>
      <trkpt lat="37.352941" lon="-7.967578">
        <ele>411.25</ele>
      </trkpt>
      <trkpt lat="37.352214" lon="-7.96815">
        <ele>414.25</ele>
      </trkpt>
      <trkpt lat="37.352095" lon="-7.968233">
        <ele>415</ele>
      </trkpt>
      <trkpt lat="37.351973" lon="-7.968306">
        <ele>416.25</ele>
      </trkpt>
      <trkpt lat="37.351817" lon="-7.968381">
        <ele>418.25</ele>
      </trkpt>
      <trkpt lat="37.351691" lon="-7.968423">
        <ele>420</ele>
      </trkpt>
      <trkpt lat="37.351641" lon="-7.968427">
        <ele>420.5</ele>
      </trkpt>
      <trkpt lat="37.351595" lon="-7.968418">
        <ele>421</ele>
      </trkpt>
      <trkpt lat="37.351548" lon="-7.968396">
        <ele>421.75</ele>
      </trkpt>
      <trkpt lat="37.351492" lon="-7.968351">
        <ele>423</ele>
      </trkpt>
      <trkpt lat="37.351275" lon="-7.968114">
        <ele>425.5</ele>
      </trkpt>
      <trkpt lat="37.351162" lon="-7.968007">
        <ele>426</ele>
      </trkpt>
      <trkpt lat="37.351015" lon="-7.967885">
        <ele>426.25</ele>
      </trkpt>
      <trkpt lat="37.350903" lon="-7.967802">
        <ele>426</ele>
      </trkpt>
      <trkpt lat="37.35087" lon="-7.967788">
        <ele>425.75</ele>
      </trkpt>
      <trkpt lat="37.350778" lon="-7.967762">
        <ele>425.25</ele>
      </trkpt>
      <trkpt lat="37.3507" lon="-7.967761">
        <ele>425</ele>
      </trkpt>
      <trkpt lat="37.350638" lon="-7.967782">
        <ele>424.75</ele>
      </trkpt>
      <trkpt lat="37.350572" lon="-7.967819">
        <ele>424.5</ele>
      </trkpt>
      <trkpt lat="37.350519" lon="-7.967878">
        <ele>424.75</ele>
      </trkpt>
      <trkpt lat="37.350453" lon="-7.967976">
        <ele>425</ele>
      </trkpt>
      <trkpt lat="37.350343" lon="-7.968213">
        <ele>426.5</ele>
      </trkpt>
      <trkpt lat="37.349884" lon="-7.969207">
        <ele>439.25</ele>
      </trkpt>
      <trkpt lat="37.349797" lon="-7.969337">
        <ele>440.75</ele>
      </trkpt>
      <trkpt lat="37.349747" lon="-7.969388">
        <ele>441.75</ele>
      </trkpt>
      <trkpt lat="37.349674" lon="-7.969445">
        <ele>443</ele>
      </trkpt>
      <trkpt lat="37.34958" lon="-7.969496">
        <ele>444.5</ele>
      </trkpt>
      <trkpt lat="37.349525" lon="-7.969513">
        <ele>445.5</ele>
      </trkpt>
      <trkpt lat="37.349471" lon="-7.969516">
        <ele>446.25</ele>
      </trkpt>
      <trkpt lat="37.349421" lon="-7.969501">
        <ele>447</ele>
      </trkpt>
      <trkpt lat="37.34938" lon="-7.969465">
        <ele>447.25</ele>
      </trkpt>
      <trkpt lat="37.349352" lon="-7.96941">
        <ele>447</ele>
      </trkpt>
      <trkpt lat="37.349301" lon="-7.969243">
        <ele>446.25</ele>
      </trkpt>
      <trkpt lat="37.349207" lon="-7.968871">
        <ele>441.5</ele>
      </trkpt>
      <trkpt lat="37.34918" lon="-7.968793">
        <ele>440.5</ele>
      </trkpt>
      <trkpt lat="37.349138" lon="-7.968734">
        <ele>439.75</ele>
      </trkpt>
      <trkpt lat="37.349093" lon="-7.968702">
        <ele>439.25</ele>
      </trkpt>
      <trkpt lat="37.349057" lon="-7.968687">
        <ele>439</ele>
      </trkpt>
      <trkpt lat="37.349" lon="-7.968682">
        <ele>439</ele>
      </trkpt>
      <trkpt lat="37.34894" lon="-7.968696">
        <ele>439.25</ele>
      </trkpt>
      <trkpt lat="37.348766" lon="-7.968779">
        <ele>440.5</ele>
      </trkpt>
      <trkpt lat="37.348602" lon="-7.96887">
        <ele>441.5</ele>
      </trkpt>
      <trkpt lat="37.348567" lon="-7.968919">
        <ele>442</ele>
      </trkpt>
      <trkpt lat="37.348541" lon="-7.968975">
        <ele>442.5</ele>
      </trkpt>
      <trkpt lat="37.348527" lon="-7.969036">
        <ele>443.25</ele>
      </trkpt>
      <trkpt lat="37.34852" lon="-7.96911">
        <ele>444</ele>
      </trkpt>
      <trkpt lat="37.348522" lon="-7.969186">
        <ele>444.75</ele>
      </trkpt>
      <trkpt lat="37.348535" lon="-7.969266">
        <ele>445.75</ele>
      </trkpt>
      <trkpt lat="37.348562" lon="-7.969351">
        <ele>446.75</ele>
      </trkpt>
      <trkpt lat="37.348636" lon="-7.969537">
        <ele>449</ele>
      </trkpt>
      <trkpt lat="37.348659" lon="-7.969644">
        <ele>450.25</ele>
      </trkpt>
      <trkpt lat="37.348655" lon="-7.96973">
        <ele>451</ele>
      </trkpt>
      <trkpt lat="37.348631" lon="-7.969796">
        <ele>451.75</ele>
      </trkpt>
      <trkpt lat="37.348601" lon="-7.969834">
        <ele>452</ele>
      </trkpt>
      <trkpt lat="37.348557" lon="-7.969862">
        <ele>452.25</ele>
      </trkpt>
      <trkpt lat="37.348506" lon="-7.969874">
        <ele>452.25</ele>
      </trkpt>
      <trkpt lat="37.348303" lon="-7.969881">
        <ele>451.75</ele>
      </trkpt>
      <trkpt lat="37.348205" lon="-7.969902">
        <ele>452.25</ele>
      </trkpt>
      <trkpt lat="37.348125" lon="-7.96994">
        <ele>452.75</ele>
      </trkpt>
      <trkpt lat="37.347937" lon="-7.970125">
        <ele>453.75</ele>
      </trkpt>
      <trkpt lat="37.347938" lon="-7.970124">
        <ele>453.75</ele>
      </trkpt>
      <trkpt lat="37.347892" lon="-7.970169">
        <ele>453.75</ele>
      </trkpt>
      <trkpt lat="37.34785" lon="-7.970203">
        <ele>453.75</ele>
      </trkpt>
      <trkpt lat="37.347777" lon="-7.97023">
        <ele>453.5</ele>
      </trkpt>
      <trkpt lat="37.347705" lon="-7.970235">
        <ele>453.5</ele>
      </trkpt>
      <trkpt lat="37.347648" lon="-7.97022">
        <ele>453.5</ele>
      </trkpt>
      <trkpt lat="37.347596" lon="-7.970186">
        <ele>453.75</ele>
      </trkpt>
      <trkpt lat="37.347246" lon="-7.969867">
        <ele>455.5</ele>
      </trkpt>
      <trkpt lat="37.347207" lon="-7.969818">
        <ele>455.75</ele>
      </trkpt>
      <trkpt lat="37.347158" lon="-7.969696">
        <ele>456.25</ele>
      </trkpt>
      <trkpt lat="37.347145" lon="-7.969578">
        <ele>456.5</ele>
      </trkpt>
      <trkpt lat="37.347141" lon="-7.969127">
        <ele>457.25</ele>
      </trkpt>
      <trkpt lat="37.347125" lon="-7.969023">
        <ele>456.75</ele>
      </trkpt>
      <trkpt lat="37.347053" lon="-7.96888">
        <ele>457.25</ele>
      </trkpt>
      <trkpt lat="37.347001" lon="-7.968839">
        <ele>458</ele>
      </trkpt>
      <trkpt lat="37.346931" lon="-7.968798">
        <ele>459</ele>
      </trkpt>
      <trkpt lat="37.346754" lon="-7.968736">
        <ele>461.75</ele>
      </trkpt>
      <trkpt lat="37.346643" lon="-7.968678">
        <ele>463</ele>
      </trkpt>
      <trkpt lat="37.346587" lon="-7.968641">
        <ele>463</ele>
      </trkpt>
      <trkpt lat="37.346544" lon="-7.96859">
        <ele>463</ele>
      </trkpt>
      <trkpt lat="37.346515" lon="-7.968526">
        <ele>463</ele>
      </trkpt>
      <trkpt lat="37.346486" lon="-7.968424">
        <ele>463</ele>
      </trkpt>
      <trkpt lat="37.346343" lon="-7.967718">
        <ele>465.5</ele>
      </trkpt>
      <trkpt lat="37.346308" lon="-7.96762">
        <ele>466</ele>
      </trkpt>
      <trkpt lat="37.346255" lon="-7.96754">
        <ele>466.75</ele>
      </trkpt>
      <trkpt lat="37.346205" lon="-7.967509">
        <ele>467.5</ele>
      </trkpt>
      <trkpt lat="37.346123" lon="-7.967495">
        <ele>468.5</ele>
      </trkpt>
      <trkpt lat="37.345682" lon="-7.967549">
        <ele>471.25</ele>
      </trkpt>
      <trkpt lat="37.345573" lon="-7.967547">
        <ele>471</ele>
      </trkpt>
      <trkpt lat="37.345499" lon="-7.967535">
        <ele>471</ele>
      </trkpt>
      <trkpt lat="37.345413" lon="-7.967483">
        <ele>470.75</ele>
      </trkpt>
      <trkpt lat="37.345342" lon="-7.967419">
        <ele>470.5</ele>
      </trkpt>
      <trkpt lat="37.344571" lon="-7.966589">
        <ele>472</ele>
      </trkpt>
      <trkpt lat="37.344428" lon="-7.966412">
        <ele>473.25</ele>
      </trkpt>
      <trkpt lat="37.344297" lon="-7.966216">
        <ele>475</ele>
      </trkpt>
      <trkpt lat="37.344258" lon="-7.966128">
        <ele>475.75</ele>
      </trkpt>
      <trkpt lat="37.34422" lon="-7.965983">
        <ele>476.75</ele>
      </trkpt>
      <trkpt lat="37.344155" lon="-7.965648">
        <ele>477.75</ele>
      </trkpt>
      <trkpt lat="37.34409" lon="-7.965422">
        <ele>477</ele>
      </trkpt>
      <trkpt lat="37.344051" lon="-7.965341">
        <ele>476.75</ele>
      </trkpt>
      <trkpt lat="37.344006" lon="-7.965267">
        <ele>476.75</ele>
      </trkpt>
      <trkpt lat="37.343822" lon="-7.965107">
        <ele>476.25</ele>
      </trkpt>
      <trkpt lat="37.343489" lon="-7.964841">
        <ele>476.25</ele>
      </trkpt>
      <trkpt lat="37.343027" lon="-7.964475">
        <ele>476.25</ele>
      </trkpt>
      <trkpt lat="37.343027" lon="-7.964475">
        <ele>476.25</ele>
      </trkpt>
      <trkpt lat="37.342909" lon="-7.964381">
        <ele>476.25</ele>
      </trkpt>
      <trkpt lat="37.342833" lon="-7.964324">
        <ele>476.5</ele>
      </trkpt>
      <trkpt lat="37.3427" lon="-7.964249">
        <ele>476.5</ele>
      </trkpt>
      <trkpt lat="37.342574" lon="-7.9642">
        <ele>476.75</ele>
      </trkpt>
      <trkpt lat="37.342376" lon="-7.96415">
        <ele>476.5</ele>
      </trkpt>
      <trkpt lat="37.341888" lon="-7.96406">
        <ele>475.5</ele>
      </trkpt>
      <trkpt lat="37.3413" lon="-7.96396">
        <ele>474.75</ele>
      </trkpt>
      <trkpt lat="37.341095" lon="-7.963912">
        <ele>475.25</ele>
      </trkpt>
      <trkpt lat="37.341" lon="-7.963878">
        <ele>475.75</ele>
      </trkpt>
      <trkpt lat="37.340909" lon="-7.963825">
        <ele>476.75</ele>
      </trkpt>
      <trkpt lat="37.340833" lon="-7.963753">
        <ele>478.25</ele>
      </trkpt>
      <trkpt lat="37.34078" lon="-7.963683">
        <ele>478.75</ele>
      </trkpt>
      <trkpt lat="37.340588" lon="-7.963351">
        <ele>482.75</ele>
      </trkpt>
      <trkpt lat="37.340533" lon="-7.96328">
        <ele>482.75</ele>
      </trkpt>
      <trkpt lat="37.340448" lon="-7.963201">
        <ele>482.25</ele>
      </trkpt>
      <trkpt lat="37.340304" lon="-7.963113">
        <ele>481.5</ele>
      </trkpt>
      <trkpt lat="37.339836" lon="-7.962918">
        <ele>479.5</ele>
      </trkpt>
      <trkpt lat="37.339593" lon="-7.962807">
        <ele>479.25</ele>
      </trkpt>
      <trkpt lat="37.339405" lon="-7.962732">
        <ele>479</ele>
      </trkpt>
      <trkpt lat="37.339087" lon="-7.962646">
        <ele>476.75</ele>
      </trkpt>
      <trkpt lat="37.339006" lon="-7.962617">
        <ele>475.75</ele>
      </trkpt>
      <trkpt lat="37.33893" lon="-7.962567">
        <ele>475.25</ele>
      </trkpt>
      <trkpt lat="37.338885" lon="-7.962502">
        <ele>475.75</ele>
      </trkpt>
      <trkpt lat="37.338867" lon="-7.962425">
        <ele>476.75</ele>
      </trkpt>
      <trkpt lat="37.338848" lon="-7.962107">
        <ele>481.75</ele>
      </trkpt>
      <trkpt lat="37.338819" lon="-7.962003">
        <ele>483.25</ele>
      </trkpt>
      <trkpt lat="37.338784" lon="-7.961926">
        <ele>484</ele>
      </trkpt>
      <trkpt lat="37.338723" lon="-7.961843">
        <ele>484.75</ele>
      </trkpt>
      <trkpt lat="37.338672" lon="-7.96179">
        <ele>485</ele>
      </trkpt>
      <trkpt lat="37.338608" lon="-7.961751">
        <ele>485</ele>
      </trkpt>
      <trkpt lat="37.338536" lon="-7.961736">
        <ele>484.5</ele>
      </trkpt>
      <trkpt lat="37.338461" lon="-7.96175">
        <ele>483.5</ele>
      </trkpt>
      <trkpt lat="37.338396" lon="-7.961771">
        <ele>482</ele>
      </trkpt>
      <trkpt lat="37.338061" lon="-7.961912">
        <ele>475</ele>
      </trkpt>
      <trkpt lat="37.337976" lon="-7.961933">
        <ele>473.5</ele>
      </trkpt>
      <trkpt lat="37.337912" lon="-7.961926">
        <ele>473</ele>
      </trkpt>
      <trkpt lat="37.337841" lon="-7.961903">
        <ele>472.75</ele>
      </trkpt>
      <trkpt lat="37.337791" lon="-7.961871">
        <ele>473</ele>
      </trkpt>
      <trkpt lat="37.337474" lon="-7.961601">
        <ele>475.5</ele>
      </trkpt>
      <trkpt lat="37.337321" lon="-7.961492">
        <ele>474</ele>
      </trkpt>
      <trkpt lat="37.337025" lon="-7.961301">
        <ele>470.5</ele>
      </trkpt>
      <trkpt lat="37.336886" lon="-7.961183">
        <ele>469.25</ele>
      </trkpt>
      <trkpt lat="37.336828" lon="-7.961103">
        <ele>469</ele>
      </trkpt>
      <trkpt lat="37.336796" lon="-7.961042">
        <ele>469</ele>
      </trkpt>
      <trkpt lat="37.336784" lon="-7.960971">
        <ele>469.75</ele>
      </trkpt>
      <trkpt lat="37.33681" lon="-7.960658">
        <ele>474</ele>
      </trkpt>
      <trkpt lat="37.336808" lon="-7.960584">
        <ele>474.75</ele>
      </trkpt>
      <trkpt lat="37.336785" lon="-7.96052">
        <ele>475</ele>
      </trkpt>
      <trkpt lat="37.33675" lon="-7.960467">
        <ele>474.75</ele>
      </trkpt>
      <trkpt lat="37.336718" lon="-7.96044">
        <ele>474.5</ele>
      </trkpt>
      <trkpt lat="37.336718" lon="-7.96044">
        <ele>474.5</ele>
      </trkpt>
      <trkpt lat="37.336711" lon="-7.960433">
        <ele>474.5</ele>
      </trkpt>
      <trkpt lat="37.336641" lon="-7.960409">
        <ele>474.25</ele>
      </trkpt>
      <trkpt lat="37.336579" lon="-7.960402">
        <ele>474.75</ele>
      </trkpt>
      <trkpt lat="37.336509" lon="-7.960426">
        <ele>475</ele>
      </trkpt>
      <trkpt lat="37.336387" lon="-7.960517">
        <ele>474.25</ele>
      </trkpt>
      <trkpt lat="37.335975" lon="-7.960861">
        <ele>470.25</ele>
      </trkpt>
      <trkpt lat="37.335907" lon="-7.960907">
        <ele>470</ele>
      </trkpt>
      <trkpt lat="37.335857" lon="-7.960931">
        <ele>469.75</ele>
      </trkpt>
      <trkpt lat="37.335745" lon="-7.960935">
        <ele>470.25</ele>
      </trkpt>
      <trkpt lat="37.335675" lon="-7.96091">
        <ele>470.5</ele>
      </trkpt>
      <trkpt lat="37.335472" lon="-7.960776">
        <ele>473.25</ele>
      </trkpt>
      <trkpt lat="37.335393" lon="-7.960731">
        <ele>474.25</ele>
      </trkpt>
      <trkpt lat="37.335325" lon="-7.960703">
        <ele>474.75</ele>
      </trkpt>
      <trkpt lat="37.33524" lon="-7.960705">
        <ele>475</ele>
      </trkpt>
      <trkpt lat="37.335026" lon="-7.960789">
        <ele>474.25</ele>
      </trkpt>
      <trkpt lat="37.334941" lon="-7.960796">
        <ele>473.75</ele>
      </trkpt>
      <trkpt lat="37.334862" lon="-7.960772">
        <ele>473.25</ele>
      </trkpt>
      <trkpt lat="37.334678" lon="-7.960655">
        <ele>472.75</ele>
      </trkpt>
      <trkpt lat="37.33457" lon="-7.960628">
        <ele>471.75</ele>
      </trkpt>
      <trkpt lat="37.334495" lon="-7.960642">
        <ele>470.75</ele>
      </trkpt>
      <trkpt lat="37.334351" lon="-7.960718">
        <ele>468</ele>
      </trkpt>
      <trkpt lat="37.334352" lon="-7.960717">
        <ele>468</ele>
      </trkpt>
      <trkpt lat="37.334331" lon="-7.960728">
        <ele>468</ele>
      </trkpt>
      <trkpt lat="37.334252" lon="-7.960756">
        <ele>466.75</ele>
      </trkpt>
      <trkpt lat="37.334169" lon="-7.960727">
        <ele>466.25</ele>
      </trkpt>
      <trkpt lat="37.334093" lon="-7.96063">
        <ele>465.25</ele>
      </trkpt>
      <trkpt lat="37.334038" lon="-7.960529">
        <ele>465</ele>
      </trkpt>
      <trkpt lat="37.333749" lon="-7.95992">
        <ele>465.75</ele>
      </trkpt>
      <trkpt lat="37.333598" lon="-7.959648">
        <ele>463.75</ele>
      </trkpt>
      <trkpt lat="37.333541" lon="-7.959557">
        <ele>463.25</ele>
      </trkpt>
      <trkpt lat="37.333502" lon="-7.959518">
        <ele>462.75</ele>
      </trkpt>
      <trkpt lat="37.333407" lon="-7.959445">
        <ele>461.75</ele>
      </trkpt>
      <trkpt lat="37.333017" lon="-7.95921">
        <ele>460.25</ele>
      </trkpt>
      <trkpt lat="37.332888" lon="-7.959139">
        <ele>459.75</ele>
      </trkpt>
      <trkpt lat="37.332888" lon="-7.959139">
        <ele>459.75</ele>
      </trkpt>
      <trkpt lat="37.332847" lon="-7.959116">
        <ele>459.75</ele>
      </trkpt>
      <trkpt lat="37.332759" lon="-7.959077">
        <ele>459.25</ele>
      </trkpt>
      <trkpt lat="37.332636" lon="-7.95906">
        <ele>458.25</ele>
      </trkpt>
      <trkpt lat="37.332542" lon="-7.959073">
        <ele>457.5</ele>
      </trkpt>
      <trkpt lat="37.33243" lon="-7.959105">
        <ele>456.75</ele>
      </trkpt>
      <trkpt lat="37.332322" lon="-7.959165">
        <ele>455.75</ele>
      </trkpt>
      <trkpt lat="37.332216" lon="-7.959254">
        <ele>455.25</ele>
      </trkpt>
      <trkpt lat="37.332138" lon="-7.959416">
        <ele>455</ele>
      </trkpt>
      <trkpt lat="37.332113" lon="-7.959517">
        <ele>455.25</ele>
      </trkpt>
      <trkpt lat="37.332078" lon="-7.959659">
        <ele>455.5</ele>
      </trkpt>
      <trkpt lat="37.332008" lon="-7.960001">
        <ele>457</ele>
      </trkpt>
      <trkpt lat="37.331972" lon="-7.960208">
        <ele>457.75</ele>
      </trkpt>
      <trkpt lat="37.331921" lon="-7.960641">
        <ele>460.25</ele>
      </trkpt>
      <trkpt lat="37.331891" lon="-7.960821">
        <ele>461.75</ele>
      </trkpt>
      <trkpt lat="37.331866" lon="-7.960918">
        <ele>462</ele>
      </trkpt>
      <trkpt lat="37.331774" lon="-7.961107">
        <ele>463.75</ele>
      </trkpt>
      <trkpt lat="37.3315" lon="-7.961596">
        <ele>469.75</ele>
      </trkpt>
      <trkpt lat="37.331405" lon="-7.961778">
        <ele>471.5</ele>
      </trkpt>
      <trkpt lat="37.331363" lon="-7.961874">
        <ele>472</ele>
      </trkpt>
      <trkpt lat="37.33134" lon="-7.961975">
        <ele>472.25</ele>
      </trkpt>
      <trkpt lat="37.331344" lon="-7.962105">
        <ele>471.5</ele>
      </trkpt>
      <trkpt lat="37.331364" lon="-7.962306">
        <ele>470.25</ele>
      </trkpt>
      <trkpt lat="37.331403" lon="-7.96259">
        <ele>468.25</ele>
      </trkpt>
      <trkpt lat="37.331402" lon="-7.962701">
        <ele>468</ele>
      </trkpt>
      <trkpt lat="37.331393" lon="-7.962816">
        <ele>468</ele>
      </trkpt>
      <trkpt lat="37.331376" lon="-7.962912">
        <ele>468</ele>
      </trkpt>
      <trkpt lat="37.331329" lon="-7.963043">
        <ele>469</ele>
      </trkpt>
      <trkpt lat="37.331295" lon="-7.963114">
        <ele>470</ele>
      </trkpt>
      <trkpt lat="37.331253" lon="-7.963174">
        <ele>471</ele>
      </trkpt>
      <trkpt lat="37.33107" lon="-7.96336">
        <ele>476.25</ele>
      </trkpt>
      <trkpt lat="37.330967" lon="-7.963453">
        <ele>479</ele>
      </trkpt>
      <trkpt lat="37.330906" lon="-7.963492">
        <ele>480.75</ele>
      </trkpt>
      <trkpt lat="37.330841" lon="-7.963524">
        <ele>482.5</ele>
      </trkpt>
      <trkpt lat="37.330673" lon="-7.963586">
        <ele>483.25</ele>
      </trkpt>
      <trkpt lat="37.330613" lon="-7.963619">
        <ele>483.5</ele>
      </trkpt>
      <trkpt lat="37.330574" lon="-7.963673">
        <ele>483.75</ele>
      </trkpt>
      <trkpt lat="37.330545" lon="-7.963726">
        <ele>484.25</ele>
      </trkpt>
      <trkpt lat="37.330496" lon="-7.963878">
        <ele>484.75</ele>
      </trkpt>
      <trkpt lat="37.330446" lon="-7.96406">
        <ele>486</ele>
      </trkpt>
      <trkpt lat="37.330403" lon="-7.964238">
        <ele>487.25</ele>
      </trkpt>
      <trkpt lat="37.330379" lon="-7.964388">
        <ele>487.75</ele>
      </trkpt>
      <trkpt lat="37.330379" lon="-7.964537">
        <ele>488</ele>
      </trkpt>
      <trkpt lat="37.330395" lon="-7.964842">
        <ele>488</ele>
      </trkpt>
      <trkpt lat="37.330396" lon="-7.964984">
        <ele>488.25</ele>
      </trkpt>
      <trkpt lat="37.330382" lon="-7.965047">
        <ele>488.75</ele>
      </trkpt>
      <trkpt lat="37.330382" lon="-7.965047">
        <ele>488.75</ele>
      </trkpt>
      <trkpt lat="37.330363" lon="-7.965095">
        <ele>489</ele>
      </trkpt>
      <trkpt lat="37.330291" lon="-7.965171">
        <ele>490.5</ele>
      </trkpt>
      <trkpt lat="37.330253" lon="-7.965192">
        <ele>491.25</ele>
      </trkpt>
      <trkpt lat="37.330178" lon="-7.965198">
        <ele>492.75</ele>
      </trkpt>
      <trkpt lat="37.330125" lon="-7.965182">
        <ele>493.75</ele>
      </trkpt>
      <trkpt lat="37.330075" lon="-7.965155">
        <ele>494.75</ele>
      </trkpt>
      <trkpt lat="37.32998" lon="-7.965078">
        <ele>496</ele>
      </trkpt>
      <trkpt lat="37.329641" lon="-7.964778">
        <ele>496</ele>
      </trkpt>
      <trkpt lat="37.329591" lon="-7.964743">
        <ele>496</ele>
      </trkpt>
      <trkpt lat="37.329526" lon="-7.964722">
        <ele>496</ele>
      </trkpt>
      <trkpt lat="37.329451" lon="-7.964732">
        <ele>496</ele>
      </trkpt>
      <trkpt lat="37.329371" lon="-7.964769">
        <ele>496.25</ele>
      </trkpt>
      <trkpt lat="37.329288" lon="-7.964829">
        <ele>496.75</ele>
      </trkpt>
      <trkpt lat="37.329212" lon="-7.9649">
        <ele>497.25</ele>
      </trkpt>
      <trkpt lat="37.329171" lon="-7.964947">
        <ele>497.75</ele>
      </trkpt>
      <trkpt lat="37.329172" lon="-7.964946">
        <ele>497.75</ele>
      </trkpt>
      <trkpt lat="37.329171" lon="-7.964947">
        <ele>497.5</ele>
      </trkpt>
      <trkpt lat="37.32916" lon="-7.964961">
        <ele>497.75</ele>
      </trkpt>
      <trkpt lat="37.329089" lon="-7.965094">
        <ele>499.25</ele>
      </trkpt>
      <trkpt lat="37.329084" lon="-7.965205">
        <ele>500.25</ele>
      </trkpt>
      <trkpt lat="37.329096" lon="-7.965279">
        <ele>500.75</ele>
      </trkpt>
      <trkpt lat="37.329139" lon="-7.965378">
        <ele>501.25</ele>
      </trkpt>
      <trkpt lat="37.329586" lon="-7.966186">
        <ele>503.5</ele>
      </trkpt>
      <trkpt lat="37.329654" lon="-7.966328">
        <ele>504</ele>
      </trkpt>
      <trkpt lat="37.329692" lon="-7.966434">
        <ele>504.5</ele>
      </trkpt>
      <trkpt lat="37.329704" lon="-7.966533">
        <ele>505</ele>
      </trkpt>
      <trkpt lat="37.329704" lon="-7.966618">
        <ele>505.75</ele>
      </trkpt>
      <trkpt lat="37.329689" lon="-7.966715">
        <ele>506.25</ele>
      </trkpt>
      <trkpt lat="37.329682" lon="-7.966731">
        <ele>506.5</ele>
      </trkpt>
      <trkpt lat="37.329659" lon="-7.966785">
        <ele>506.5</ele>
      </trkpt>
      <trkpt lat="37.329622" lon="-7.966847">
        <ele>506.75</ele>
      </trkpt>
      <trkpt lat="37.329544" lon="-7.966905">
        <ele>508</ele>
      </trkpt>
      <trkpt lat="37.329489" lon="-7.966921">
        <ele>508.75</ele>
      </trkpt>
      <trkpt lat="37.329418" lon="-7.966916">
        <ele>509.75</ele>
      </trkpt>
      <trkpt lat="37.329" lon="-7.966727">
        <ele>513</ele>
      </trkpt>
      <trkpt lat="37.328936" lon="-7.966722">
        <ele>513.25</ele>
      </trkpt>
      <trkpt lat="37.328846" lon="-7.966736">
        <ele>513.75</ele>
      </trkpt>
      <trkpt lat="37.328792" lon="-7.966778">
        <ele>514.5</ele>
      </trkpt>
      <trkpt lat="37.328625" lon="-7.967064">
        <ele>518.75</ele>
      </trkpt>
      <trkpt lat="37.328575" lon="-7.96713">
        <ele>520</ele>
      </trkpt>
      <trkpt lat="37.328489" lon="-7.967179">
        <ele>521.5</ele>
      </trkpt>
      <trkpt lat="37.328421" lon="-7.967184">
        <ele>522</ele>
      </trkpt>
      <trkpt lat="37.328146" lon="-7.967177">
        <ele>524</ele>
      </trkpt>
      <trkpt lat="37.328026" lon="-7.967197">
        <ele>525</ele>
      </trkpt>
      <trkpt lat="37.327884" lon="-7.967262">
        <ele>526.5</ele>
      </trkpt>
      <trkpt lat="37.327753" lon="-7.967356">
        <ele>528</ele>
      </trkpt>
      <trkpt lat="37.327425" lon="-7.967642">
        <ele>530.75</ele>
      </trkpt>
      <trkpt lat="37.327341" lon="-7.967703">
        <ele>531</ele>
      </trkpt>
      <trkpt lat="37.327342" lon="-7.967702">
        <ele>531</ele>
      </trkpt>
      <trkpt lat="37.327312" lon="-7.967724">
        <ele>531</ele>
      </trkpt>
      <trkpt lat="37.327252" lon="-7.967742">
        <ele>531.25</ele>
      </trkpt>
      <trkpt lat="37.327184" lon="-7.967747">
        <ele>531.25</ele>
      </trkpt>
      <trkpt lat="37.327097" lon="-7.967736">
        <ele>531.25</ele>
      </trkpt>
      <trkpt lat="37.326665" lon="-7.967614">
        <ele>532.25</ele>
      </trkpt>
      <trkpt lat="37.326195" lon="-7.967485">
        <ele>535.75</ele>
      </trkpt>
      <trkpt lat="37.325947" lon="-7.967425">
        <ele>536.75</ele>
      </trkpt>
      <trkpt lat="37.32585" lon="-7.967377">
        <ele>537</ele>
      </trkpt>
      <trkpt lat="37.325792" lon="-7.967318">
        <ele>537.25</ele>
      </trkpt>
      <trkpt lat="37.325663" lon="-7.967155">
        <ele>538</ele>
      </trkpt>
      <trkpt lat="37.325604" lon="-7.967101">
        <ele>538.75</ele>
      </trkpt>
      <trkpt lat="37.325549" lon="-7.967072">
        <ele>539.5</ele>
      </trkpt>
      <trkpt lat="37.325472" lon="-7.967063">
        <ele>540.5</ele>
      </trkpt>
      <trkpt lat="37.325261" lon="-7.967082">
        <ele>544.25</ele>
      </trkpt>
      <trkpt lat="37.325188" lon="-7.967076">
        <ele>545.25</ele>
      </trkpt>
      <trkpt lat="37.325107" lon="-7.967053">
        <ele>546.5</ele>
      </trkpt>
      <trkpt lat="37.325035" lon="-7.967">
        <ele>547.5</ele>
      </trkpt>
      <trkpt lat="37.324982" lon="-7.966933">
        <ele>548</ele>
      </trkpt>
      <trkpt lat="37.324954" lon="-7.966868">
        <ele>548.25</ele>
      </trkpt>
      <trkpt lat="37.324933" lon="-7.966771">
        <ele>548.25</ele>
      </trkpt>
      <trkpt lat="37.324926" lon="-7.966357">
        <ele>545.75</ele>
      </trkpt>
      <trkpt lat="37.3249" lon="-7.966264">
        <ele>545.25</ele>
      </trkpt>
      <trkpt lat="37.324862" lon="-7.966195">
        <ele>545.25</ele>
      </trkpt>
      <trkpt lat="37.324809" lon="-7.966138">
        <ele>545.5</ele>
      </trkpt>
      <trkpt lat="37.324748" lon="-7.966107">
        <ele>546.25</ele>
      </trkpt>
      <trkpt lat="37.324425" lon="-7.9661">
        <ele>550.25</ele>
      </trkpt>
      <trkpt lat="37.324356" lon="-7.966074">
        <ele>551</ele>
      </trkpt>
      <trkpt lat="37.324269" lon="-7.96603">
        <ele>551.75</ele>
      </trkpt>
      <trkpt lat="37.324024" lon="-7.965872">
        <ele>553</ele>
      </trkpt>
      <trkpt lat="37.32395" lon="-7.965789">
        <ele>553.25</ele>
      </trkpt>
      <trkpt lat="37.323897" lon="-7.965698">
        <ele>553.25</ele>
      </trkpt>
      <trkpt lat="37.323855" lon="-7.965571">
        <ele>553</ele>
      </trkpt>
      <trkpt lat="37.323756" lon="-7.965208">
        <ele>552.25</ele>
      </trkpt>
      <trkpt lat="37.323706" lon="-7.965087">
        <ele>552.25</ele>
      </trkpt>
      <trkpt lat="37.323644" lon="-7.96498">
        <ele>553</ele>
      </trkpt>
      <trkpt lat="37.323571" lon="-7.964893">
        <ele>553.5</ele>
      </trkpt>
      <trkpt lat="37.323433" lon="-7.964755">
        <ele>554.5</ele>
      </trkpt>
      <trkpt lat="37.322693" lon="-7.964077">
        <ele>555.25</ele>
      </trkpt>
      <trkpt lat="37.322579" lon="-7.963992">
        <ele>555.75</ele>
      </trkpt>
      <trkpt lat="37.322452" lon="-7.963943">
        <ele>556.25</ele>
      </trkpt>
      <trkpt lat="37.322199" lon="-7.963868">
        <ele>556.5</ele>
      </trkpt>
      <trkpt lat="37.32133" lon="-7.963663">
        <ele>559</ele>
      </trkpt>
      <trkpt lat="37.320827" lon="-7.963514">
        <ele>561</ele>
      </trkpt>
      <trkpt lat="37.320208" lon="-7.963348">
        <ele>561.75</ele>
      </trkpt>
      <trkpt lat="37.319971" lon="-7.96329">
        <ele>561</ele>
      </trkpt>
      <trkpt lat="37.319971" lon="-7.96329">
        <ele>561</ele>
      </trkpt>
      <trkpt lat="37.319732" lon="-7.963231">
        <ele>561</ele>
      </trkpt>
      <trkpt lat="37.319608" lon="-7.963188">
        <ele>560.5</ele>
      </trkpt>
      <trkpt lat="37.319483" lon="-7.963176">
        <ele>560.25</ele>
      </trkpt>
      <trkpt lat="37.319362" lon="-7.963181">
        <ele>560</ele>
      </trkpt>
      <trkpt lat="37.319235" lon="-7.963206">
        <ele>560</ele>
      </trkpt>
      <trkpt lat="37.319127" lon="-7.963244">
        <ele>560</ele>
      </trkpt>
      <trkpt lat="37.318869" lon="-7.963334">
        <ele>559.75</ele>
      </trkpt>
      <trkpt lat="37.31855" lon="-7.963464">
        <ele>558.5</ele>
      </trkpt>
      <trkpt lat="37.318248" lon="-7.963572">
        <ele>557.25</ele>
      </trkpt>
      <trkpt lat="37.317997" lon="-7.963598">
        <ele>556.25</ele>
      </trkpt>
      <trkpt lat="37.317724" lon="-7.963593">
        <ele>555.25</ele>
      </trkpt>
      <trkpt lat="37.317208" lon="-7.963549">
        <ele>554</ele>
      </trkpt>
      <trkpt lat="37.317094" lon="-7.963535">
        <ele>553.75</ele>
      </trkpt>
      <trkpt lat="37.316972" lon="-7.963493">
        <ele>553.75</ele>
      </trkpt>
      <trkpt lat="37.316861" lon="-7.96343">
        <ele>554</ele>
      </trkpt>
      <trkpt lat="37.316689" lon="-7.963287">
        <ele>553.75</ele>
      </trkpt>
      <trkpt lat="37.316425" lon="-7.963088">
        <ele>552</ele>
      </trkpt>
      <trkpt lat="37.316297" lon="-7.963009">
        <ele>551.5</ele>
      </trkpt>
      <trkpt lat="37.316013" lon="-7.962877">
        <ele>551.75</ele>
      </trkpt>
      <trkpt lat="37.315041" lon="-7.962421">
        <ele>550.75</ele>
      </trkpt>
      <trkpt lat="37.314931" lon="-7.962386">
        <ele>550.5</ele>
      </trkpt>
      <trkpt lat="37.314871" lon="-7.962384">
        <ele>550.25</ele>
      </trkpt>
      <trkpt lat="37.314871" lon="-7.962384">
        <ele>550.25</ele>
      </trkpt>
      <trkpt lat="37.314834" lon="-7.962382">
        <ele>550.25</ele>
      </trkpt>
      <trkpt lat="37.31473" lon="-7.962397">
        <ele>550</ele>
      </trkpt>
      <trkpt lat="37.314666" lon="-7.962421">
        <ele>549.75</ele>
      </trkpt>
      <trkpt lat="37.314554" lon="-7.962491">
        <ele>549.75</ele>
      </trkpt>
      <trkpt lat="37.314284" lon="-7.962781">
        <ele>549.25</ele>
      </trkpt>
      <trkpt lat="37.313827" lon="-7.963326">
        <ele>554.75</ele>
      </trkpt>
      <trkpt lat="37.313124" lon="-7.964112">
        <ele>562.75</ele>
      </trkpt>
      <trkpt lat="37.31307" lon="-7.964156">
        <ele>563.25</ele>
      </trkpt>
      <trkpt lat="37.313006" lon="-7.964186">
        <ele>564.25</ele>
      </trkpt>
      <trkpt lat="37.312984" lon="-7.964192">
        <ele>565</ele>
      </trkpt>
      <trkpt lat="37.312985" lon="-7.964191">
        <ele>565</ele>
      </trkpt>
      <trkpt lat="37.31296" lon="-7.964197">
        <ele>565</ele>
      </trkpt>
      <trkpt lat="37.312907" lon="-7.964198">
        <ele>565.75</ele>
      </trkpt>
      <trkpt lat="37.31285" lon="-7.964183">
        <ele>566.25</ele>
      </trkpt>
      <trkpt lat="37.312796" lon="-7.964154">
        <ele>567</ele>
      </trkpt>
      <trkpt lat="37.312026" lon="-7.963672">
        <ele>574.5</ele>
      </trkpt>
      <trkpt lat="37.311801" lon="-7.96344">
        <ele>577</ele>
      </trkpt>
      <trkpt lat="37.311668" lon="-7.963068">
        <ele>578.5</ele>
      </trkpt>
      <trkpt lat="37.311503" lon="-7.962798">
        <ele>578.75</ele>
      </trkpt>
      <trkpt lat="37.311134" lon="-7.962484">
        <ele>580.25</ele>
      </trkpt>
      <trkpt lat="37.310995" lon="-7.962392">
        <ele>579.75</ele>
      </trkpt>
      <trkpt lat="37.308725" lon="-7.960881">
        <ele>579.5</ele>
      </trkpt>
      <trkpt lat="37.307537" lon="-7.96009">
        <ele>575.5</ele>
      </trkpt>
      <trkpt lat="37.307123" lon="-7.959795">
        <ele>570.75</ele>
      </trkpt>
      <trkpt lat="37.306711" lon="-7.95927">
        <ele>565.5</ele>
      </trkpt>
      <trkpt lat="37.306394" lon="-7.95894">
        <ele>562.25</ele>
      </trkpt>
      <trkpt lat="37.305809" lon="-7.958431">
        <ele>563</ele>
      </trkpt>
      <trkpt lat="37.305647" lon="-7.958226">
        <ele>562</ele>
      </trkpt>
      <trkpt lat="37.305647" lon="-7.958226">
        <ele>562</ele>
      </trkpt>
      <trkpt lat="37.305644" lon="-7.958221">
        <ele>562</ele>
      </trkpt>
      <trkpt lat="37.30556" lon="-7.957997">
        <ele>562.5</ele>
      </trkpt>
      <trkpt lat="37.305486" lon="-7.957733">
        <ele>563.75</ele>
      </trkpt>
      <trkpt lat="37.30504" lon="-7.95575">
        <ele>567</ele>
      </trkpt>
      <trkpt lat="37.304827" lon="-7.95476">
        <ele>565.75</ele>
      </trkpt>
      <trkpt lat="37.304758" lon="-7.953827">
        <ele>569.25</ele>
      </trkpt>
      <trkpt lat="37.304749" lon="-7.953493">
        <ele>570.5</ele>
      </trkpt>
      <trkpt lat="37.30472" lon="-7.95322">
        <ele>571</ele>
      </trkpt>
      <trkpt lat="37.304677" lon="-7.953107">
        <ele>571</ele>
      </trkpt>
      <trkpt lat="37.304619" lon="-7.953016">
        <ele>572.25</ele>
      </trkpt>
      <trkpt lat="37.304607974365354" lon="-7.953026164323092">
        <ele>562.8</ele>
      </trkpt>
      <trkpt lat="37.304619" lon="-7.953016">
        <ele>571.5</ele>
      </trkpt>
      <trkpt lat="37.304555" lon="-7.952913">
        <ele>572.25</ele>
      </trkpt>
      <trkpt lat="37.303843" lon="-7.951905">
        <ele>571.5</ele>
      </trkpt>
      <trkpt lat="37.303754" lon="-7.951801">
        <ele>571.25</ele>
      </trkpt>
      <trkpt lat="37.303633" lon="-7.951706">
        <ele>571.5</ele>
      </trkpt>
      <trkpt lat="37.303482" lon="-7.951662">
        <ele>572.5</ele>
      </trkpt>
      <trkpt lat="37.30316" lon="-7.951622">
        <ele>572.25</ele>
      </trkpt>
      <trkpt lat="37.302987" lon="-7.951552">
        <ele>570.75</ele>
      </trkpt>
      <trkpt lat="37.302792" lon="-7.951395">
        <ele>570</ele>
      </trkpt>
      <trkpt lat="37.302221" lon="-7.950873">
        <ele>571.25</ele>
      </trkpt>
      <trkpt lat="37.302126" lon="-7.950751">
        <ele>570.75</ele>
      </trkpt>
      <trkpt lat="37.302113" lon="-7.950726">
        <ele>570.5</ele>
      </trkpt>
      <trkpt lat="37.302074" lon="-7.950648">
        <ele>570.5</ele>
      </trkpt>
      <trkpt lat="37.301965" lon="-7.950316">
        <ele>569.75</ele>
      </trkpt>
      <trkpt lat="37.301882" lon="-7.950035">
        <ele>569.75</ele>
      </trkpt>
      <trkpt lat="37.301787" lon="-7.949784">
        <ele>567.5</ele>
      </trkpt>
      <trkpt lat="37.30146" lon="-7.949236">
        <ele>562.25</ele>
      </trkpt>
      <trkpt lat="37.301068" lon="-7.948614">
        <ele>560.5</ele>
      </trkpt>
      <trkpt lat="37.300856" lon="-7.948292">
        <ele>561.25</ele>
      </trkpt>
      <trkpt lat="37.300605" lon="-7.947857">
        <ele>558.75</ele>
      </trkpt>
      <trkpt lat="37.300435" lon="-7.947593">
        <ele>557.75</ele>
      </trkpt>
      <trkpt lat="37.300406" lon="-7.947563">
        <ele>557.5</ele>
      </trkpt>
      <trkpt lat="37.30037528090179" lon="-7.947608605027199">
        <ele>551</ele>
      </trkpt>
      <trkpt lat="37.30026137083769" lon="-7.94750114902854">
        <ele>548.8</ele>
      </trkpt>
      <trkpt lat="37.300009997561574" lon="-7.947331583127379">
        <ele>547</ele>
      </trkpt>
      <trkpt lat="37.29975233785808" lon="-7.947168974205852">
        <ele>545.2</ele>
      </trkpt>
      <trkpt lat="37.2994941752404" lon="-7.947003096342087">
        <ele>543.6</ele>
      </trkpt>
      <trkpt lat="37.29923240840435" lon="-7.946841577067971">
        <ele>542</ele>
      </trkpt>
      <trkpt lat="37.29897139593959" lon="-7.946670837700367">
        <ele>540.6</ele>
      </trkpt>
      <trkpt lat="37.29871843010187" lon="-7.946486938744783">
        <ele>538.8</ele>
      </trkpt>
      <trkpt lat="37.298467978835106" lon="-7.946285186335445">
        <ele>537.4</ele>
      </trkpt>
      <trkpt lat="37.298088697716594" lon="-7.945989137515426">
        <ele>535.8</ele>
      </trkpt>
      <trkpt lat="37.2978310380131" lon="-7.945800879970193">
        <ele>534.6</ele>
      </trkpt>
      <trkpt lat="37.29756566695869" lon="-7.945629134774208">
        <ele>533.2</ele>
      </trkpt>
      <trkpt lat="37.29743088595569" lon="-7.945549339056015">
        <ele>532.2</ele>
      </trkpt>
      <trkpt lat="37.297296188771725" lon="-7.945468872785568">
        <ele>531.2</ele>
      </trkpt>
      <trkpt lat="37.297033332288265" lon="-7.945303078740835">
        <ele>529.4</ele>
      </trkpt>
      <trkpt lat="37.29691389016807" lon="-7.945203501731157">
        <ele>528.8</ele>
      </trkpt>
      <trkpt lat="37.29681112803519" lon="-7.94508196413517">
        <ele>528</ele>
      </trkpt>
      <trkpt lat="37.29668062180281" lon="-7.944776527583599">
        <ele>526.2</ele>
      </trkpt>
      <trkpt lat="37.296558916568756" lon="-7.944465475156903">
        <ele>525</ele>
      </trkpt>
      <trkpt lat="37.29636118747294" lon="-7.944225920364261">
        <ele>523.8</ele>
      </trkpt>
      <trkpt lat="37.29624409228563" lon="-7.944134054705501">
        <ele>521.8</ele>
      </trkpt>
      <trkpt lat="37.295994060114026" lon="-7.943983934819698">
        <ele>520.6</ele>
      </trkpt>
      <trkpt lat="37.29562525637448" lon="-7.943747732788324">
        <ele>519.2</ele>
      </trkpt>
      <trkpt lat="37.29519618675113" lon="-7.943280190229416">
        <ele>518.2</ele>
      </trkpt>
      <trkpt lat="37.29484850540757" lon="-7.942940471693873">
        <ele>517</ele>
      </trkpt>
      <trkpt lat="37.29457626119256" lon="-7.942790938541293">
        <ele>515.8</ele>
      </trkpt>
      <trkpt lat="37.29430049657822" lon="-7.942683985456824">
        <ele>514</ele>
      </trkpt>
      <trkpt lat="37.294036131352186" lon="-7.94258750975132">
        <ele>512.2</ele>
      </trkpt>
      <trkpt lat="37.293908474966884" lon="-7.942537888884544">
        <ele>511.2</ele>
      </trkpt>
      <trkpt lat="37.2936503123492" lon="-7.942445520311594">
        <ele>509.8</ele>
      </trkpt>
      <trkpt lat="37.29339390993118" lon="-7.942342255264521">
        <ele>509</ele>
      </trkpt>
      <trkpt lat="37.293060813099146" lon="-7.942038327455521">
        <ele>508.4</ele>
      </trkpt>
      <trkpt lat="37.29264389723539" lon="-7.941548991948366">
        <ele>507.4</ele>
      </trkpt>
      <trkpt lat="37.29253971017897" lon="-7.94142703525722">
        <ele>507</ele>
      </trkpt>
      <trkpt lat="37.2923291567713" lon="-7.941184882074595">
        <ele>505.6</ele>
      </trkpt>
      <trkpt lat="37.29222547262907" lon="-7.941068541258574">
        <ele>504</ele>
      </trkpt>
      <trkpt lat="37.292025312781334" lon="-7.940842565149069">
        <ele>502.4</ele>
      </trkpt>
      <trkpt lat="37.29184434749186" lon="-7.94062614440918">
        <ele>501</ele>
      </trkpt>
      <trkpt lat="37.291512256488204" lon="-7.940233452245593">
        <ele>500.4</ele>
      </trkpt>
      <trkpt lat="37.2912170458585" lon="-7.939865151420236">
        <ele>500.4</ele>
      </trkpt>
      <trkpt lat="37.291008085012436" lon="-7.939619226381183">
        <ele>501.4</ele>
      </trkpt>
      <trkpt lat="37.290938599035144" lon="-7.939545633271337">
        <ele>502</ele>
      </trkpt>
      <trkpt lat="37.29079183191061" lon="-7.939418647438288">
        <ele>502.6</ele>
      </trkpt>
      <trkpt lat="37.29054129682481" lon="-7.939273556694388">
        <ele>503.2</ele>
      </trkpt>
      <trkpt lat="37.289959928020835" lon="-7.938985973596573">
        <ele>503.4</ele>
      </trkpt>
      <trkpt lat="37.289416026324034" lon="-7.938739461824298">
        <ele>502.6</ele>
      </trkpt>
      <trkpt lat="37.28929867967963" lon="-7.9387082811445">
        <ele>502</ele>
      </trkpt>
      <trkpt lat="37.28905434720218" lon="-7.938705766573548">
        <ele>500</ele>
      </trkpt>
      <trkpt lat="37.2888220846653" lon="-7.93880551122129">
        <ele>499</ele>
      </trkpt>
      <trkpt lat="37.28871311992407" lon="-7.938876841217279">
        <ele>498.4</ele>
      </trkpt>
      <trkpt lat="37.28860750794411" lon="-7.93895261362195">
        <ele>497.8</ele>
      </trkpt>
      <trkpt lat="37.288399720564485" lon="-7.93910114094615">
        <ele>496.2</ele>
      </trkpt>
      <trkpt lat="37.28821221739054" lon="-7.939270539209247">
        <ele>494.8</ele>
      </trkpt>
      <trkpt lat="37.288132924586535" lon="-7.939370032399893">
        <ele>494.4</ele>
      </trkpt>
      <trkpt lat="37.28788590990007" lon="-7.940034298226237">
        <ele>494.2</ele>
      </trkpt>
      <trkpt lat="37.287604277953506" lon="-7.940285000950098">
        <ele>495</ele>
      </trkpt>
      <trkpt lat="37.287446446716785" lon="-7.940388601273298">
        <ele>496.2</ele>
      </trkpt>
      <trkpt lat="37.287291549146175" lon="-7.940497398376465">
        <ele>497.6</ele>
      </trkpt>
      <trkpt lat="37.28689215146005" lon="-7.940746005624533">
        <ele>498.8</ele>
      </trkpt>
      <trkpt lat="37.28640524670482" lon="-7.940982123836875">
        <ele>498.8</ele>
      </trkpt>
      <trkpt lat="37.28604834526777" lon="-7.940984554588795">
        <ele>497.4</ele>
      </trkpt>
      <trkpt lat="37.28567451238632" lon="-7.940948344767094">
        <ele>496.2</ele>
      </trkpt>
      <trkpt lat="37.285546101629734" lon="-7.940956642851234">
        <ele>495.2</ele>
      </trkpt>
      <trkpt lat="37.28541785851121" lon="-7.940983213484287">
        <ele>493.8</ele>
      </trkpt>
      <trkpt lat="37.285168413072824" lon="-7.941037444397807">
        <ele>493.8</ele>
      </trkpt>
      <trkpt lat="37.28367048315704" lon="-7.941966326907277">
        <ele>494.2</ele>
      </trkpt>
      <trkpt lat="37.28365237824619" lon="-7.941976552829146">
        <ele>494.2</ele>
      </trkpt>
      <trkpt lat="37.28360015898943" lon="-7.942015612497926">
        <ele>494.4</ele>
      </trkpt>
      <trkpt lat="37.28348490782082" lon="-7.94207688421011">
        <ele>494.8</ele>
      </trkpt>
      <trkpt lat="37.28335591033101" lon="-7.942165145650506">
        <ele>495.8</ele>
      </trkpt>
      <trkpt lat="37.28313496336341" lon="-7.94230654835701">
        <ele>496.8</ele>
      </trkpt>
      <trkpt lat="37.28301837109029" lon="-7.942392881959677">
        <ele>497.8</ele>
      </trkpt>
      <trkpt lat="37.28281452320516" lon="-7.942566471174359">
        <ele>499</ele>
      </trkpt>
      <trkpt lat="37.28265191428363" lon="-7.942706784233451">
        <ele>500</ele>
      </trkpt>
      <trkpt lat="37.282537166029215" lon="-7.942812480032444">
        <ele>500.6</ele>
      </trkpt>
      <trkpt lat="37.28241537697613" lon="-7.942913565784693">
        <ele>501.2</ele>
      </trkpt>
      <trkpt lat="37.282274812459946" lon="-7.943032756447792">
        <ele>502</ele>
      </trkpt>
      <trkpt lat="37.28225955739617" lon="-7.943049939349294">
        <ele>502.2</ele>
      </trkpt>
      <trkpt lat="37.28210072033107" lon="-7.943176757544279">
        <ele>503.2</ele>
      </trkpt>
      <trkpt lat="37.28196082636714" lon="-7.943285638466477">
        <ele>503.8</ele>
      </trkpt>
      <trkpt lat="37.28185429237783" lon="-7.943382449448109">
        <ele>504.2</ele>
      </trkpt>
      <trkpt lat="37.281758822500706" lon="-7.943468615412712">
        <ele>504.4</ele>
      </trkpt>
      <trkpt lat="37.281658155843616" lon="-7.943555368110538">
        <ele>505</ele>
      </trkpt>
      <trkpt lat="37.281517926603556" lon="-7.943630469962955">
        <ele>506.2</ele>
      </trkpt>
      <trkpt lat="37.28136914782226" lon="-7.943696016445756">
        <ele>507</ele>
      </trkpt>
      <trkpt lat="37.281282814219594" lon="-7.943720407783985">
        <ele>507.2</ele>
      </trkpt>
      <trkpt lat="37.281107883900404" lon="-7.943743960931897">
        <ele>507.8</ele>
      </trkpt>
      <trkpt lat="37.2809836640954" lon="-7.943750414997339">
        <ele>508.4</ele>
      </trkpt>
      <trkpt lat="37.280806889757514" lon="-7.943724347278476">
        <ele>508.6</ele>
      </trkpt>
      <trkpt lat="37.28060672990978" lon="-7.943659136071801">
        <ele>508.8</ele>
      </trkpt>
      <trkpt lat="37.28040254674852" lon="-7.943571796640754">
        <ele>508.8</ele>
      </trkpt>
      <trkpt lat="37.28036214597523" lon="-7.943555368110538">
        <ele>508.6</ele>
      </trkpt>
      <trkpt lat="37.280284529551864" lon="-7.94351345859468">
        <ele>508.6</ele>
      </trkpt>
      <trkpt lat="37.280158968642354" lon="-7.943451181054115">
        <ele>508.6</ele>
      </trkpt>
      <trkpt lat="37.27994916960597" lon="-7.943368535488844">
        <ele>508.6</ele>
      </trkpt>
      <trkpt lat="37.27986325509846" lon="-7.943358309566975">
        <ele>508.6</ele>
      </trkpt>
      <trkpt lat="37.27970911189914" lon="-7.943410445004702">
        <ele>508.8</ele>
      </trkpt>
      <trkpt lat="37.27961582131684" lon="-7.943599624559283">
        <ele>508.8</ele>
      </trkpt>
      <trkpt lat="37.27954030036926" lon="-7.943800035864115">
        <ele>508.8</ele>
      </trkpt>
      <trkpt lat="37.27943569421768" lon="-7.944058701395989">
        <ele>509.2</ele>
      </trkpt>
      <trkpt lat="37.27930041030049" lon="-7.94442867860198">
        <ele>510.2</ele>
      </trkpt>
      <trkpt lat="37.279057586565614" lon="-7.945034103468061">
        <ele>513.6</ele>
      </trkpt>
      <trkpt lat="37.278953567147255" lon="-7.945302659645677">
        <ele>514.6</ele>
      </trkpt>
      <trkpt lat="37.278894390910864" lon="-7.945438111200929">
        <ele>515.2</ele>
      </trkpt>
      <trkpt lat="37.27884250693023" lon="-7.945573562756181">
        <ele>515.6</ele>
      </trkpt>
      <trkpt lat="37.27873790077865" lon="-7.945750923827291">
        <ele>516.8</ele>
      </trkpt>
      <trkpt lat="37.27838368155062" lon="-7.945959130302072">
        <ele>518</ele>
      </trkpt>
      <trkpt lat="37.278131637722254" lon="-7.946016127243638">
        <ele>519</ele>
      </trkpt>
      <trkpt lat="37.27789158001542" lon="-7.94607144780457">
        <ele>519.2</ele>
      </trkpt>
      <trkpt lat="37.27776635438204" lon="-7.946101371198893">
        <ele>519.2</ele>
      </trkpt>
      <trkpt lat="37.27772352285683" lon="-7.946114111691713">
        <ele>519</ele>
      </trkpt>
      <trkpt lat="37.27763978764415" lon="-7.946145879104734">
        <ele>518.8</ele>
      </trkpt>
      <trkpt lat="37.27756015956402" lon="-7.946189967915416">
        <ele>518.8</ele>
      </trkpt>
      <trkpt lat="37.277446081861854" lon="-7.946338914334774">
        <ele>518.8</ele>
      </trkpt>
      <trkpt lat="37.27740878239274" lon="-7.946661366149783">
        <ele>518.8</ele>
      </trkpt>
      <trkpt lat="37.277388917282224" lon="-7.94698323123157">
        <ele>520</ele>
      </trkpt>
      <trkpt lat="37.27738279849291" lon="-7.947231000289321">
        <ele>520.6</ele>
      </trkpt>
      <trkpt lat="37.277379194274545" lon="-7.947333175688982">
        <ele>521</ele>
      </trkpt>
      <trkpt lat="37.27736787870526" lon="-7.947696028277278">
        <ele>522.2</ele>
      </trkpt>
      <trkpt lat="37.27735505439341" lon="-7.947962824255228">
        <ele>522.4</ele>
      </trkpt>
      <trkpt lat="37.277336195111275" lon="-7.948627090081573">
        <ele>522.8</ele>
      </trkpt>
      <trkpt lat="37.27732705883682" lon="-7.948818281292915">
        <ele>522.6</ele>
      </trkpt>
      <trkpt lat="37.27730518206954" lon="-7.949011567980051">
        <ele>522.6</ele>
      </trkpt>
      <trkpt lat="37.27716537192464" lon="-7.949319770559669">
        <ele>522.2</ele>
      </trkpt>
      <trkpt lat="37.277125054970384" lon="-7.949380539357662">
        <ele>521.8</ele>
      </trkpt>
      <trkpt lat="37.277021035552025" lon="-7.949607688933611">
        <ele>521.2</ele>
      </trkpt>
      <trkpt lat="37.27700418792665" lon="-7.949696118012071">
        <ele>521</ele>
      </trkpt>
      <trkpt lat="37.27700117044151" lon="-7.949944222345948">
        <ele>520.4</ele>
      </trkpt>
      <trkpt lat="37.276988765224814" lon="-7.950020916759968">
        <ele>520</ele>
      </trkpt>
      <trkpt lat="37.27692992426455" lon="-7.95016223564744">
        <ele>518.8</ele>
      </trkpt>
      <trkpt lat="37.27668131701648" lon="-7.950288970023394">
        <ele>517.6</ele>
      </trkpt>
      <trkpt lat="37.27660755626857" lon="-7.950296849012375">
        <ele>517.4</ele>
      </trkpt>
      <trkpt lat="37.27653379552066" lon="-7.950326856225729">
        <ele>517.4</ele>
      </trkpt>
      <trkpt lat="37.276330115273595" lon="-7.950721643865109">
        <ele>516.6</ele>
      </trkpt>
      <trkpt lat="37.27635090239346" lon="-7.950911829248071">
        <ele>516</ele>
      </trkpt>
      <trkpt lat="37.27635727263987" lon="-7.95100562274456">
        <ele>515.4</ele>
      </trkpt>
      <trkpt lat="37.27637546136975" lon="-7.951264791190624">
        <ele>514.4</ele>
      </trkpt>
      <trkpt lat="37.276360373944044" lon="-7.95164960436523">
        <ele>514.2</ele>
      </trkpt>
      <trkpt lat="37.276152754202485" lon="-7.952335998415947">
        <ele>515</ele>
      </trkpt>
      <trkpt lat="37.27604848332703" lon="-7.952672364190221">
        <ele>515</ele>
      </trkpt>
      <trkpt lat="37.275845389813185" lon="-7.953337216749787">
        <ele>514.6</ele>
      </trkpt>
      <trkpt lat="37.275798451155424" lon="-7.953522121533752">
        <ele>514.4</ele>
      </trkpt>
      <trkpt lat="37.27580004371703" lon="-7.954047415405512">
        <ele>514</ele>
      </trkpt>
      <trkpt lat="37.27582351304591" lon="-7.95427305623889">
        <ele>513</ele>
      </trkpt>
      <trkpt lat="37.27583331987262" lon="-7.954496014863253">
        <ele>511.6</ele>
      </trkpt>
      <trkpt lat="37.27582812309265" lon="-7.954606739804149">
        <ele>510.8</ele>
      </trkpt>
      <trkpt lat="37.27581437677145" lon="-7.954718889668584">
        <ele>509.4</ele>
      </trkpt>
      <trkpt lat="37.27578219026327" lon="-7.954946458339691">
        <ele>508</ele>
      </trkpt>
      <trkpt lat="37.27572578005493" lon="-7.955302940681577">
        <ele>506.8</ele>
      </trkpt>
      <trkpt lat="37.27569912560284" lon="-7.955418527126312">
        <ele>506.6</ele>
      </trkpt>
      <trkpt lat="37.2756078466773" lon="-7.955618100240827">
        <ele>505.6</ele>
      </trkpt>
      <trkpt lat="37.27546107955277" lon="-7.955746343359351">
        <ele>504.6</ele>
      </trkpt>
      <trkpt lat="37.275294279679656" lon="-7.955822534859181">
        <ele>503.8</ele>
      </trkpt>
      <trkpt lat="37.27483335882425" lon="-7.956022107973695">
        <ele>503.6</ele>
      </trkpt>
      <trkpt lat="37.27462649345398" lon="-7.95613911934197">
        <ele>503.4</ele>
      </trkpt>
      <trkpt lat="37.27413263171911" lon="-7.956438101828098">
        <ele>503.6</ele>
      </trkpt>
      <trkpt lat="37.274006651714444" lon="-7.956508761271834">
        <ele>503.6</ele>
      </trkpt>
      <trkpt lat="37.273712530732155" lon="-7.956738006323576">
        <ele>503.6</ele>
      </trkpt>
      <trkpt lat="37.27355193346739" lon="-7.957038329914212">
        <ele>503.6</ele>
      </trkpt>
      <trkpt lat="37.27337624877691" lon="-7.957583991810679">
        <ele>503</ele>
      </trkpt>
      <trkpt lat="37.2733735665679" lon="-7.957692705094814">
        <ele>502.4</ele>
      </trkpt>
      <trkpt lat="37.27351396344602" lon="-7.958112638443708">
        <ele>501.6</ele>
      </trkpt>
      <trkpt lat="37.2735598962754" lon="-7.958213053643704">
        <ele>501</ele>
      </trkpt>
      <trkpt lat="37.273597195744514" lon="-7.958316318690777">
        <ele>500.4</ele>
      </trkpt>
      <trkpt lat="37.273619156330824" lon="-7.958426708355546">
        <ele>499.6</ele>
      </trkpt>
      <trkpt lat="37.27360532619059" lon="-7.958653690293431">
        <ele>498.4</ele>
      </trkpt>
      <trkpt lat="37.273531313985586" lon="-7.958863070234656">
        <ele>497.2</ele>
      </trkpt>
      <trkpt lat="37.27348119020462" lon="-7.958961389958859">
        <ele>496.8</ele>
      </trkpt>
      <trkpt lat="37.27333006449044" lon="-7.959253918379545">
        <ele>495.8</ele>
      </trkpt>
      <trkpt lat="37.27328656241298" lon="-7.959356093779206">
        <ele>495.4</ele>
      </trkpt>
      <trkpt lat="37.27325747720897" lon="-7.959470339119434">
        <ele>494.6</ele>
      </trkpt>
      <trkpt lat="37.27326678112149" lon="-7.959718275815249">
        <ele>493.4</ele>
      </trkpt>
      <trkpt lat="37.27338337339461" lon="-7.960065370425582">
        <ele>491</ele>
      </trkpt>
      <trkpt lat="37.27344456128776" lon="-7.960304506123066">
        <ele>489.8</ele>
      </trkpt>
      <trkpt lat="37.27345872670412" lon="-7.960433419793844">
        <ele>488.8</ele>
      </trkpt>
      <trkpt lat="37.27345621213317" lon="-7.960567865520716">
        <ele>488.2</ele>
      </trkpt>
      <trkpt lat="37.27332193404436" lon="-7.960951756685972">
        <ele>487.2</ele>
      </trkpt>
      <trkpt lat="37.27324029430747" lon="-7.961058625951409">
        <ele>486.8</ele>
      </trkpt>
      <trkpt lat="37.27303099818528" lon="-7.961193658411503">
        <ele>485.8</ele>
      </trkpt>
      <trkpt lat="37.27279228158295" lon="-7.961181504651904">
        <ele>484.6</ele>
      </trkpt>
      <trkpt lat="37.272557420656085" lon="-7.961075808852911">
        <ele>483.2</ele>
      </trkpt>
      <trkpt lat="37.27232649922371" lon="-7.960955528542399">
        <ele>481.8</ele>
      </trkpt>
      <trkpt lat="37.27209901437163" lon="-7.960842540487647">
        <ele>480.8</ele>
      </trkpt>
      <trkpt lat="37.27197856642306" lon="-7.96083097346127">
        <ele>480.6</ele>
      </trkpt>
      <trkpt lat="37.27174613624811" lon="-7.961230287328363">
        <ele>479.4</ele>
      </trkpt>
      <trkpt lat="37.27189659141004" lon="-7.961608730256558">
        <ele>478.6</ele>
      </trkpt>
      <trkpt lat="37.27195719256997" lon="-7.961738733574748">
        <ele>477.8</ele>
      </trkpt>
      <trkpt lat="37.27208468131721" lon="-7.961987843737006">
        <ele>476.6</ele>
      </trkpt>
      <trkpt lat="37.27218777872622" lon="-7.962242066860199">
        <ele>476.2</ele>
      </trkpt>
      <trkpt lat="37.27220202796161" lon="-7.962790327146649">
        <ele>475.6</ele>
      </trkpt>
      <trkpt lat="37.2721835039556" lon="-7.962924940511584">
        <ele>475.4</ele>
      </trkpt>
      <trkpt lat="37.27213212288916" lon="-7.963188048452139">
        <ele>474.4</ele>
      </trkpt>
      <trkpt lat="37.27209096774459" lon="-7.963312352076173">
        <ele>473.8</ele>
      </trkpt>
      <trkpt lat="37.27195551618934" lon="-7.963524581864476">
        <ele>473.2</ele>
      </trkpt>
      <trkpt lat="37.27154069580138" lon="-7.963996399194002">
        <ele>472</ele>
      </trkpt>
      <trkpt lat="37.271469784900546" lon="-7.964107878506184">
        <ele>471.8</ele>
      </trkpt>
      <trkpt lat="37.27127993479371" lon="-7.964478861540556">
        <ele>470.8</ele>
      </trkpt>
      <trkpt lat="37.271081786602736" lon="-7.964654210954905">
        <ele>469.8</ele>
      </trkpt>
      <trkpt lat="37.27083921432495" lon="-7.964676422998309">
        <ele>468.4</ele>
      </trkpt>
      <trkpt lat="37.27053763344884" lon="-7.964452710002661">
        <ele>466.8</ele>
      </trkpt>
      <trkpt lat="37.27046093903482" lon="-7.964342320337892">
        <ele>465.8</ele>
      </trkpt>
      <trkpt lat="37.270386004820466" lon="-7.964228829368949">
        <ele>464.8</ele>
      </trkpt>
      <trkpt lat="37.27013010531664" lon="-7.963899672031403">
        <ele>463.6</ele>
      </trkpt>
      <trkpt lat="37.27003245614469" lon="-7.963797831907868">
        <ele>463.4</ele>
      </trkpt>
      <trkpt lat="37.26942325942218" lon="-7.963536819443107">
        <ele>462.6</ele>
      </trkpt>
      <trkpt lat="37.2692911606282" lon="-7.963519804179668">
        <ele>462.4</ele>
      </trkpt>
      <trkpt lat="37.26915830746293" lon="-7.963510081171989">
        <ele>461</ele>
      </trkpt>
      <trkpt lat="37.268889751285315" lon="-7.963513685390353">
        <ele>459.2</ele>
      </trkpt>
      <trkpt lat="37.26861851289868" lon="-7.963533718138933">
        <ele>457.8</ele>
      </trkpt>
      <trkpt lat="37.26848213933408" lon="-7.963547380641103">
        <ele>456.8</ele>
      </trkpt>
      <trkpt lat="37.26834517903626" lon="-7.963561629876494">
        <ele>455.8</ele>
      </trkpt>
      <trkpt lat="37.26807025261223" lon="-7.963587613776326">
        <ele>454.2</ele>
      </trkpt>
      <trkpt lat="37.26779708638787" lon="-7.963618207722902">
        <ele>452.8</ele>
      </trkpt>
      <trkpt lat="37.26752718910575" lon="-7.963649807497859">
        <ele>451.4</ele>
      </trkpt>
      <trkpt lat="37.26739282719791" lon="-7.963652405887842">
        <ele>450.8</ele>
      </trkpt>
      <trkpt lat="37.26725997403264" lon="-7.963627008721232">
        <ele>449.8</ele>
      </trkpt>
      <trkpt lat="37.267265" lon="-7.963586">
        <ele>464.75</ele>
      </trkpt>
      <trkpt lat="37.267232" lon="-7.963579">
        <ele>464.75</ele>
      </trkpt>
      <trkpt lat="37.26709" lon="-7.963505">
        <ele>464.75</ele>
      </trkpt>
      <trkpt lat="37.266886" lon="-7.963312">
        <ele>464</ele>
      </trkpt>
      <trkpt lat="37.266152" lon="-7.962508">
        <ele>459.75</ele>
      </trkpt>
      <trkpt lat="37.265951" lon="-7.962328">
        <ele>459.75</ele>
      </trkpt>
      <trkpt lat="37.265424" lon="-7.961936">
        <ele>460.5</ele>
      </trkpt>
      <trkpt lat="37.26521" lon="-7.961758">
        <ele>460.5</ele>
      </trkpt>
      <trkpt lat="37.264609" lon="-7.961315">
        <ele>460.75</ele>
      </trkpt>
      <trkpt lat="37.264534" lon="-7.96129">
        <ele>461</ele>
      </trkpt>
      <trkpt lat="37.264434" lon="-7.961286">
        <ele>462</ele>
      </trkpt>
      <trkpt lat="37.264354" lon="-7.961306">
        <ele>462.75</ele>
      </trkpt>
      <trkpt lat="37.264291" lon="-7.961346">
        <ele>463.5</ele>
      </trkpt>
      <trkpt lat="37.264265" lon="-7.961374">
        <ele>464</ele>
      </trkpt>
      <trkpt lat="37.264229" lon="-7.961426">
        <ele>464.75</ele>
      </trkpt>
      <trkpt lat="37.264183" lon="-7.961545">
        <ele>466</ele>
      </trkpt>
      <trkpt lat="37.264131" lon="-7.961799">
        <ele>467.5</ele>
      </trkpt>
      <trkpt lat="37.264093" lon="-7.961897">
        <ele>468</ele>
      </trkpt>
      <trkpt lat="37.264038" lon="-7.961971">
        <ele>468.25</ele>
      </trkpt>
      <trkpt lat="37.263975" lon="-7.962026">
        <ele>468.25</ele>
      </trkpt>
      <trkpt lat="37.263893" lon="-7.962058">
        <ele>468</ele>
      </trkpt>
      <trkpt lat="37.263599" lon="-7.962139">
        <ele>466.5</ele>
      </trkpt>
      <trkpt lat="37.263363" lon="-7.962187">
        <ele>465.25</ele>
      </trkpt>
      <trkpt lat="37.263289" lon="-7.962191">
        <ele>465</ele>
      </trkpt>
      <trkpt lat="37.263222" lon="-7.96217">
        <ele>464.75</ele>
      </trkpt>
      <trkpt lat="37.263147" lon="-7.962114">
        <ele>464.5</ele>
      </trkpt>
      <trkpt lat="37.263087" lon="-7.96203">
        <ele>464</ele>
      </trkpt>
      <trkpt lat="37.263071" lon="-7.96198">
        <ele>463.75</ele>
      </trkpt>
      <trkpt lat="37.263056" lon="-7.961899">
        <ele>463.5</ele>
      </trkpt>
      <trkpt lat="37.263054" lon="-7.961742">
        <ele>462.75</ele>
      </trkpt>
      <trkpt lat="37.263058" lon="-7.961677">
        <ele>462.5</ele>
      </trkpt>
      <trkpt lat="37.263069" lon="-7.961556">
        <ele>462.5</ele>
      </trkpt>
      <trkpt lat="37.263062" lon="-7.961408">
        <ele>462.5</ele>
      </trkpt>
      <trkpt lat="37.263029" lon="-7.961255">
        <ele>462.5</ele>
      </trkpt>
      <trkpt lat="37.262989" lon="-7.961139">
        <ele>462.5</ele>
      </trkpt>
      <trkpt lat="37.262811" lon="-7.96082">
        <ele>463.25</ele>
      </trkpt>
      <trkpt lat="37.262073" lon="-7.959597">
        <ele>459.75</ele>
      </trkpt>
      <trkpt lat="37.261804" lon="-7.959174">
        <ele>458.5</ele>
      </trkpt>
      <trkpt lat="37.261663" lon="-7.95898">
        <ele>458</ele>
      </trkpt>
      <trkpt lat="37.261596" lon="-7.958907">
        <ele>458.75</ele>
      </trkpt>
      <trkpt lat="37.261169" lon="-7.958526">
        <ele>462</ele>
      </trkpt>
      <trkpt lat="37.260892" lon="-7.958292">
        <ele>462.75</ele>
      </trkpt>
      <trkpt lat="37.260485" lon="-7.9581">
        <ele>461</ele>
      </trkpt>
      <trkpt lat="37.260418" lon="-7.958099">
        <ele>461</ele>
      </trkpt>
      <trkpt lat="37.260306" lon="-7.958127">
        <ele>461.5</ele>
      </trkpt>
      <trkpt lat="37.260154" lon="-7.958205">
        <ele>462.5</ele>
      </trkpt>
      <trkpt lat="37.25977" lon="-7.95838">
        <ele>464.5</ele>
      </trkpt>
      <trkpt lat="37.259712" lon="-7.958388">
        <ele>464.5</ele>
      </trkpt>
      <trkpt lat="37.259654" lon="-7.958377">
        <ele>464.5</ele>
      </trkpt>
      <trkpt lat="37.259591" lon="-7.958346">
        <ele>464</ele>
      </trkpt>
      <trkpt lat="37.259533" lon="-7.958303">
        <ele>463.75</ele>
      </trkpt>
      <trkpt lat="37.259485" lon="-7.958246">
        <ele>463.75</ele>
      </trkpt>
      <trkpt lat="37.259462" lon="-7.958172">
        <ele>463.5</ele>
      </trkpt>
      <trkpt lat="37.259457" lon="-7.958109">
        <ele>463.5</ele>
      </trkpt>
      <trkpt lat="37.259461" lon="-7.958022">
        <ele>463.25</ele>
      </trkpt>
      <trkpt lat="37.259498" lon="-7.957725">
        <ele>462.25</ele>
      </trkpt>
      <trkpt lat="37.259506" lon="-7.957595">
        <ele>461.75</ele>
      </trkpt>
      <trkpt lat="37.259495" lon="-7.957483">
        <ele>461.5</ele>
      </trkpt>
      <trkpt lat="37.259462" lon="-7.957358">
        <ele>461.25</ele>
      </trkpt>
      <trkpt lat="37.259388" lon="-7.957231">
        <ele>461.75</ele>
      </trkpt>
      <trkpt lat="37.25922" lon="-7.957057">
        <ele>463</ele>
      </trkpt>
      <trkpt lat="37.258833" lon="-7.956726">
        <ele>466.75</ele>
      </trkpt>
      <trkpt lat="37.2585" lon="-7.956489">
        <ele>470</ele>
      </trkpt>
      <trkpt lat="37.258397" lon="-7.956426">
        <ele>471.25</ele>
      </trkpt>
      <trkpt lat="37.25818" lon="-7.95632">
        <ele>473.25</ele>
      </trkpt>
      <trkpt lat="37.258066" lon="-7.956268">
        <ele>474.25</ele>
      </trkpt>
      <trkpt lat="37.25775" lon="-7.956121">
        <ele>476.25</ele>
      </trkpt>
      <trkpt lat="37.257401" lon="-7.95601">
        <ele>477.5</ele>
      </trkpt>
      <trkpt lat="37.256606" lon="-7.955875">
        <ele>474.25</ele>
      </trkpt>
      <trkpt lat="37.256506" lon="-7.955866">
        <ele>474</ele>
      </trkpt>
      <trkpt lat="37.256414" lon="-7.955853">
        <ele>473.75</ele>
      </trkpt>
      <trkpt lat="37.255634" lon="-7.955648">
        <ele>469.5</ele>
      </trkpt>
      <trkpt lat="37.25497" lon="-7.955543">
        <ele>465.25</ele>
      </trkpt>
      <trkpt lat="37.253869" lon="-7.955389">
        <ele>466.75</ele>
      </trkpt>
      <trkpt lat="37.253691" lon="-7.955376">
        <ele>466.75</ele>
      </trkpt>
      <trkpt lat="37.252947" lon="-7.955278">
        <ele>470.5</ele>
      </trkpt>
      <trkpt lat="37.252767" lon="-7.955232">
        <ele>472</ele>
      </trkpt>
      <trkpt lat="37.252644" lon="-7.955153">
        <ele>472.75</ele>
      </trkpt>
      <trkpt lat="37.252519" lon="-7.95502">
        <ele>472.75</ele>
      </trkpt>
      <trkpt lat="37.25244" lon="-7.954914">
        <ele>473.25</ele>
      </trkpt>
      <trkpt lat="37.252237" lon="-7.954598">
        <ele>473.75</ele>
      </trkpt>
      <trkpt lat="37.252083" lon="-7.954385">
        <ele>473.5</ele>
      </trkpt>
      <trkpt lat="37.251986" lon="-7.954284">
        <ele>473.25</ele>
      </trkpt>
      <trkpt lat="37.251864" lon="-7.954183">
        <ele>472.5</ele>
      </trkpt>
      <trkpt lat="37.2515" lon="-7.95393">
        <ele>474.25</ele>
      </trkpt>
      <trkpt lat="37.249701" lon="-7.95292">
        <ele>478.5</ele>
      </trkpt>
      <trkpt lat="37.249316" lon="-7.952561">
        <ele>480.5</ele>
      </trkpt>
      <trkpt lat="37.248966" lon="-7.952195">
        <ele>481.5</ele>
      </trkpt>
      <trkpt lat="37.248623" lon="-7.951704">
        <ele>482.25</ele>
      </trkpt>
      <trkpt lat="37.248521" lon="-7.951563">
        <ele>482.75</ele>
      </trkpt>
      <trkpt lat="37.248414" lon="-7.951413">
        <ele>483.75</ele>
      </trkpt>
      <trkpt lat="37.247477" lon="-7.950008">
        <ele>488</ele>
      </trkpt>
      <trkpt lat="37.247358" lon="-7.949831">
        <ele>487.5</ele>
      </trkpt>
      <trkpt lat="37.247028" lon="-7.949354">
        <ele>485</ele>
      </trkpt>
      <trkpt lat="37.246304" lon="-7.948362">
        <ele>481.25</ele>
      </trkpt>
      <trkpt lat="37.245971" lon="-7.947915">
        <ele>479.5</ele>
      </trkpt>
      <trkpt lat="37.245544" lon="-7.947362">
        <ele>479.25</ele>
      </trkpt>
      <trkpt lat="37.245203" lon="-7.946885">
        <ele>480.25</ele>
      </trkpt>
      <trkpt lat="37.244924" lon="-7.946435">
        <ele>482</ele>
      </trkpt>
      <trkpt lat="37.244002" lon="-7.944809">
        <ele>482.5</ele>
      </trkpt>
      <trkpt lat="37.243887" lon="-7.944634">
        <ele>482.75</ele>
      </trkpt>
      <trkpt lat="37.243825" lon="-7.944563">
        <ele>483</ele>
      </trkpt>
      <trkpt lat="37.243748" lon="-7.944514">
        <ele>483.25</ele>
      </trkpt>
      <trkpt lat="37.243664" lon="-7.944477">
        <ele>483.25</ele>
      </trkpt>
      <trkpt lat="37.243533" lon="-7.944422">
        <ele>483.5</ele>
      </trkpt>
      <trkpt lat="37.243312" lon="-7.944342">
        <ele>484</ele>
      </trkpt>
      <trkpt lat="37.24304" lon="-7.944211">
        <ele>485.25</ele>
      </trkpt>
      <trkpt lat="37.242753" lon="-7.944029">
        <ele>487.25</ele>
      </trkpt>
      <trkpt lat="37.242453" lon="-7.943804">
        <ele>488.5</ele>
      </trkpt>
      <trkpt lat="37.242265" lon="-7.943609">
        <ele>489.25</ele>
      </trkpt>
      <trkpt lat="37.242205" lon="-7.943489">
        <ele>489.75</ele>
      </trkpt>
      <trkpt lat="37.242174" lon="-7.943366">
        <ele>490</ele>
      </trkpt>
      <trkpt lat="37.242137" lon="-7.943118">
        <ele>491</ele>
      </trkpt>
      <trkpt lat="37.242136" lon="-7.943">
        <ele>491.5</ele>
      </trkpt>
      <trkpt lat="37.242145" lon="-7.942829">
        <ele>492</ele>
      </trkpt>
      <trkpt lat="37.242363" lon="-7.941504">
        <ele>497.25</ele>
      </trkpt>
      <trkpt lat="37.242375" lon="-7.941368">
        <ele>497.5</ele>
      </trkpt>
      <trkpt lat="37.242366" lon="-7.941253">
        <ele>497.75</ele>
      </trkpt>
      <trkpt lat="37.24234" lon="-7.941155">
        <ele>498</ele>
      </trkpt>
      <trkpt lat="37.242288" lon="-7.941063">
        <ele>498.25</ele>
      </trkpt>
      <trkpt lat="37.241957" lon="-7.940634">
        <ele>501.25</ele>
      </trkpt>
      <trkpt lat="37.241493" lon="-7.940063">
        <ele>503</ele>
      </trkpt>
      <trkpt lat="37.24136" lon="-7.939898">
        <ele>503.5</ele>
      </trkpt>
      <trkpt lat="37.241279" lon="-7.939761">
        <ele>504</ele>
      </trkpt>
      <trkpt lat="37.241182" lon="-7.939565">
        <ele>504.75</ele>
      </trkpt>
      <trkpt lat="37.240664" lon="-7.938404">
        <ele>501.5</ele>
      </trkpt>
      <trkpt lat="37.240555" lon="-7.938176">
        <ele>500</ele>
      </trkpt>
      <trkpt lat="37.240402" lon="-7.937828">
        <ele>497.5</ele>
      </trkpt>
      <trkpt lat="37.240393" lon="-7.937809">
        <ele>497.5</ele>
      </trkpt>
      <trkpt lat="37.24023" lon="-7.937449">
        <ele>494.5</ele>
      </trkpt>
      <trkpt lat="37.240195" lon="-7.937371">
        <ele>493.75</ele>
      </trkpt>
      <trkpt lat="37.240143" lon="-7.93725">
        <ele>492.5</ele>
      </trkpt>
      <trkpt lat="37.239869" lon="-7.936632">
        <ele>486.75</ele>
      </trkpt>
      <trkpt lat="37.23981" lon="-7.936525">
        <ele>485.5</ele>
      </trkpt>
      <trkpt lat="37.239723" lon="-7.936415">
        <ele>484.5</ele>
      </trkpt>
      <trkpt lat="37.239642" lon="-7.936356">
        <ele>484</ele>
      </trkpt>
      <trkpt lat="37.239552" lon="-7.936308">
        <ele>484</ele>
      </trkpt>
      <trkpt lat="37.239412" lon="-7.936253">
        <ele>484</ele>
      </trkpt>
      <trkpt lat="37.239269" lon="-7.936217">
        <ele>484</ele>
      </trkpt>
      <trkpt lat="37.239197" lon="-7.936215">
        <ele>484.5</ele>
      </trkpt>
      <trkpt lat="37.23914" lon="-7.936224">
        <ele>484.5</ele>
      </trkpt>
      <trkpt lat="37.23904" lon="-7.936276">
        <ele>484.25</ele>
      </trkpt>
      <trkpt lat="37.238971" lon="-7.936322">
        <ele>484.25</ele>
      </trkpt>
      <trkpt lat="37.238732" lon="-7.936567">
        <ele>484</ele>
      </trkpt>
      <trkpt lat="37.23862" lon="-7.936647">
        <ele>483.5</ele>
      </trkpt>
      <trkpt lat="37.238417" lon="-7.936747">
        <ele>481.25</ele>
      </trkpt>
      <trkpt lat="37.238358" lon="-7.936767">
        <ele>480.75</ele>
      </trkpt>
      <trkpt lat="37.238068" lon="-7.936816">
        <ele>476.75</ele>
      </trkpt>
      <trkpt lat="37.237933" lon="-7.936852">
        <ele>475</ele>
      </trkpt>
      <trkpt lat="37.237791" lon="-7.936906">
        <ele>473</ele>
      </trkpt>
      <trkpt lat="37.237565" lon="-7.937014">
        <ele>469.75</ele>
      </trkpt>
      <trkpt lat="37.237436" lon="-7.937098">
        <ele>468.75</ele>
      </trkpt>
      <trkpt lat="37.236995" lon="-7.937478">
        <ele>467.25</ele>
      </trkpt>
      <trkpt lat="37.236737" lon="-7.937688">
        <ele>464.25</ele>
      </trkpt>
      <trkpt lat="37.236406" lon="-7.937959">
        <ele>464</ele>
      </trkpt>
      <trkpt lat="37.236227" lon="-7.938218">
        <ele>463.75</ele>
      </trkpt>
      <trkpt lat="37.236117" lon="-7.938376">
        <ele>463.25</ele>
      </trkpt>
      <trkpt lat="37.236045" lon="-7.938444">
        <ele>462.5</ele>
      </trkpt>
      <trkpt lat="37.235812" lon="-7.93864">
        <ele>461.25</ele>
      </trkpt>
      <trkpt lat="37.234997" lon="-7.939206">
        <ele>467.25</ele>
      </trkpt>
      <trkpt lat="37.234862" lon="-7.939395">
        <ele>467.75</ele>
      </trkpt>
      <trkpt lat="37.234795" lon="-7.939556">
        <ele>467.5</ele>
      </trkpt>
      <trkpt lat="37.23474" lon="-7.939856">
        <ele>465</ele>
      </trkpt>
      <trkpt lat="37.234754" lon="-7.940044">
        <ele>462.75</ele>
      </trkpt>
      <trkpt lat="37.234841" lon="-7.940369">
        <ele>460.75</ele>
      </trkpt>
      <trkpt lat="37.235015" lon="-7.940846">
        <ele>456.25</ele>
      </trkpt>
      <trkpt lat="37.235061" lon="-7.941228">
        <ele>454.25</ele>
      </trkpt>
      <trkpt lat="37.235097" lon="-7.941691">
        <ele>452.25</ele>
      </trkpt>
      <trkpt lat="37.23508" lon="-7.941869">
        <ele>451</ele>
      </trkpt>
      <trkpt lat="37.234984" lon="-7.942243">
        <ele>450.5</ele>
      </trkpt>
      <trkpt lat="37.234851" lon="-7.942643">
        <ele>444.25</ele>
      </trkpt>
      <trkpt lat="37.23479" lon="-7.942718">
        <ele>442.5</ele>
      </trkpt>
      <trkpt lat="37.234703" lon="-7.94276">
        <ele>441.75</ele>
      </trkpt>
      <trkpt lat="37.234642" lon="-7.942772">
        <ele>441.5</ele>
      </trkpt>
      <trkpt lat="37.234566" lon="-7.942761">
        <ele>442</ele>
      </trkpt>
      <trkpt lat="37.234469" lon="-7.94272">
        <ele>443.5</ele>
      </trkpt>
      <trkpt lat="37.234356" lon="-7.942643">
        <ele>446</ele>
      </trkpt>
      <trkpt lat="37.234222" lon="-7.942574">
        <ele>448.5</ele>
      </trkpt>
      <trkpt lat="37.234161" lon="-7.942555">
        <ele>449.25</ele>
      </trkpt>
      <trkpt lat="37.233903" lon="-7.942521">
        <ele>451.75</ele>
      </trkpt>
      <trkpt lat="37.233665" lon="-7.942528">
        <ele>452.75</ele>
      </trkpt>
      <trkpt lat="37.233564" lon="-7.942596">
        <ele>452.5</ele>
      </trkpt>
      <trkpt lat="37.233509" lon="-7.942647">
        <ele>452</ele>
      </trkpt>
      <trkpt lat="37.233458" lon="-7.942766">
        <ele>451.25</ele>
      </trkpt>
      <trkpt lat="37.233439" lon="-7.942842">
        <ele>450.5</ele>
      </trkpt>
      <trkpt lat="37.233444" lon="-7.942985">
        <ele>449</ele>
      </trkpt>
      <trkpt lat="37.233877" lon="-7.945005">
        <ele>426.25</ele>
      </trkpt>
      <trkpt lat="37.23386" lon="-7.945383">
        <ele>419</ele>
      </trkpt>
      <trkpt lat="37.233728" lon="-7.945631">
        <ele>416.5</ele>
      </trkpt>
      <trkpt lat="37.233472" lon="-7.945796">
        <ele>416.25</ele>
      </trkpt>
      <trkpt lat="37.232971" lon="-7.945861">
        <ele>414.25</ele>
      </trkpt>
      <trkpt lat="37.23267" lon="-7.94577">
        <ele>416</ele>
      </trkpt>
      <trkpt lat="37.232294" lon="-7.945457">
        <ele>424.5</ele>
      </trkpt>
      <trkpt lat="37.232017" lon="-7.945249">
        <ele>428.5</ele>
      </trkpt>
      <trkpt lat="37.231827" lon="-7.945231">
        <ele>426.75</ele>
      </trkpt>
      <trkpt lat="37.231637" lon="-7.945305">
        <ele>422.25</ele>
      </trkpt>
      <trkpt lat="37.23125" lon="-7.945535">
        <ele>416.5</ele>
      </trkpt>
      <trkpt lat="37.230883" lon="-7.945665">
        <ele>414.5</ele>
      </trkpt>
      <trkpt lat="37.230648" lon="-7.945765">
        <ele>415</ele>
      </trkpt>
      <trkpt lat="37.230465" lon="-7.945982">
        <ele>415.25</ele>
      </trkpt>
      <trkpt lat="37.230386" lon="-7.94639">
        <ele>413.5</ele>
      </trkpt>
      <trkpt lat="37.230472" lon="-7.946725">
        <ele>409.25</ele>
      </trkpt>
      <trkpt lat="37.230856" lon="-7.947437">
        <ele>405.5</ele>
      </trkpt>
      <trkpt lat="37.23115" lon="-7.948249">
        <ele>398.5</ele>
      </trkpt>
      <trkpt lat="37.231516" lon="-7.949303">
        <ele>394.25</ele>
      </trkpt>
      <trkpt lat="37.231768" lon="-7.949998">
        <ele>393.25</ele>
      </trkpt>
      <trkpt lat="37.232038" lon="-7.950497">
        <ele>393.5</ele>
      </trkpt>
      <trkpt lat="37.23237" lon="-7.95084">
        <ele>391</ele>
      </trkpt>
      <trkpt lat="37.232975" lon="-7.951266">
        <ele>386.25</ele>
      </trkpt>
      <trkpt lat="37.233142" lon="-7.951412">
        <ele>384.25</ele>
      </trkpt>
      <trkpt lat="37.233179" lon="-7.951444">
        <ele>383.5</ele>
      </trkpt>
      <trkpt lat="37.233856" lon="-7.95223">
        <ele>376</ele>
      </trkpt>
      <trkpt lat="37.233946" lon="-7.952525">
        <ele>376.75</ele>
      </trkpt>
      <trkpt lat="37.234029" lon="-7.953211">
        <ele>372</ele>
      </trkpt>
      <trkpt lat="37.234091" lon="-7.953801">
        <ele>374</ele>
      </trkpt>
      <trkpt lat="37.234219" lon="-7.954153">
        <ele>373.25</ele>
      </trkpt>
      <trkpt lat="37.23566" lon="-7.956736">
        <ele>355.5</ele>
      </trkpt>
      <trkpt lat="37.235682" lon="-7.956872">
        <ele>353.25</ele>
      </trkpt>
      <trkpt lat="37.235716" lon="-7.957079">
        <ele>349.75</ele>
      </trkpt>
      <trkpt lat="37.235615" lon="-7.957418">
        <ele>347.5</ele>
      </trkpt>
      <trkpt lat="37.235315" lon="-7.957843">
        <ele>340.25</ele>
      </trkpt>
      <trkpt lat="37.235014" lon="-7.957904">
        <ele>343</ele>
      </trkpt>
      <trkpt lat="37.234703" lon="-7.957869">
        <ele>348.75</ele>
      </trkpt>
      <trkpt lat="37.234464" lon="-7.957956">
        <ele>349.5</ele>
      </trkpt>
      <trkpt lat="37.234288" lon="-7.958147">
        <ele>347</ele>
      </trkpt>
      <trkpt lat="37.233157" lon="-7.96018">
        <ele>323</ele>
      </trkpt>
      <trkpt lat="37.233157" lon="-7.960182">
        <ele>329.5</ele>
      </trkpt>
      <trkpt lat="37.232735" lon="-7.960941">
        <ele>323</ele>
      </trkpt>
      <trkpt lat="37.232622" lon="-7.961113">
        <ele>321.25</ele>
      </trkpt>
      <trkpt lat="37.232502" lon="-7.961258">
        <ele>320.25</ele>
      </trkpt>
      <trkpt lat="37.232107" lon="-7.96166">
        <ele>312.75</ele>
      </trkpt>
      <trkpt lat="37.231914" lon="-7.961851">
        <ele>309.75</ele>
      </trkpt>
      <trkpt lat="37.231854" lon="-7.961842">
        <ele>310.5</ele>
      </trkpt>
      <trkpt lat="37.231819" lon="-7.961819">
        <ele>311.25</ele>
      </trkpt>
      <trkpt lat="37.23179" lon="-7.961774">
        <ele>312.25</ele>
      </trkpt>
      <trkpt lat="37.231762" lon="-7.961698">
        <ele>313.75</ele>
      </trkpt>
      <trkpt lat="37.231729" lon="-7.961537">
        <ele>315.25</ele>
      </trkpt>
      <trkpt lat="37.231725" lon="-7.961451">
        <ele>316</ele>
      </trkpt>
      <trkpt lat="37.231723" lon="-7.961337">
        <ele>316.5</ele>
      </trkpt>
      <trkpt lat="37.231736" lon="-7.961183">
        <ele>317.5</ele>
      </trkpt>
      <trkpt lat="37.231808" lon="-7.960732">
        <ele>322.5</ele>
      </trkpt>
      <trkpt lat="37.231806" lon="-7.96062">
        <ele>324.5</ele>
      </trkpt>
      <trkpt lat="37.231787" lon="-7.960534">
        <ele>325.75</ele>
      </trkpt>
      <trkpt lat="37.231744" lon="-7.960445">
        <ele>326.75</ele>
      </trkpt>
      <trkpt lat="37.231702" lon="-7.960399">
        <ele>327</ele>
      </trkpt>
      <trkpt lat="37.231635" lon="-7.960351">
        <ele>326.75</ele>
      </trkpt>
      <trkpt lat="37.231509" lon="-7.960295">
        <ele>325</ele>
      </trkpt>
      <trkpt lat="37.231426" lon="-7.960247">
        <ele>323.75</ele>
      </trkpt>
      <trkpt lat="37.231347" lon="-7.96018">
        <ele>323</ele>
      </trkpt>
      <trkpt lat="37.231281" lon="-7.960064">
        <ele>323.25</ele>
      </trkpt>
      <trkpt lat="37.231245" lon="-7.959925">
        <ele>323.75</ele>
      </trkpt>
      <trkpt lat="37.231249" lon="-7.959774">
        <ele>324.75</ele>
      </trkpt>
      <trkpt lat="37.231422" lon="-7.958833">
        <ele>338.5</ele>
      </trkpt>
      <trkpt lat="37.231456" lon="-7.958621">
        <ele>341.5</ele>
      </trkpt>
      <trkpt lat="37.231458" lon="-7.958399">
        <ele>343</ele>
      </trkpt>
      <trkpt lat="37.231435" lon="-7.958171">
        <ele>345.25</ele>
      </trkpt>
      <trkpt lat="37.231368" lon="-7.957951">
        <ele>346.5</ele>
      </trkpt>
      <trkpt lat="37.23094" lon="-7.956976">
        <ele>345</ele>
      </trkpt>
      <trkpt lat="37.230882" lon="-7.956776">
        <ele>344.75</ele>
      </trkpt>
      <trkpt lat="37.230882" lon="-7.956584">
        <ele>345.25</ele>
      </trkpt>
      <trkpt lat="37.230972" lon="-7.956355">
        <ele>347.25</ele>
      </trkpt>
      <trkpt lat="37.231092" lon="-7.956173">
        <ele>351.5</ele>
      </trkpt>
      <trkpt lat="37.231232" lon="-7.955996">
        <ele>357.25</ele>
      </trkpt>
      <trkpt lat="37.231273" lon="-7.955794">
        <ele>358.5</ele>
      </trkpt>
      <trkpt lat="37.231302" lon="-7.955546">
        <ele>360.25</ele>
      </trkpt>
      <trkpt lat="37.231301" lon="-7.95524">
        <ele>360.5</ele>
      </trkpt>
      <trkpt lat="37.231223" lon="-7.955037">
        <ele>357.75</ele>
      </trkpt>
      <trkpt lat="37.231082" lon="-7.954883">
        <ele>355.5</ele>
      </trkpt>
      <trkpt lat="37.230491" lon="-7.954629">
        <ele>345</ele>
      </trkpt>
      <trkpt lat="37.230334" lon="-7.954509">
        <ele>343</ele>
      </trkpt>
      <trkpt lat="37.230252" lon="-7.954353">
        <ele>343.25</ele>
      </trkpt>
      <trkpt lat="37.230217" lon="-7.954158">
        <ele>345.5</ele>
      </trkpt>
      <trkpt lat="37.230219" lon="-7.953902">
        <ele>348</ele>
      </trkpt>
      <trkpt lat="37.230194" lon="-7.953542">
        <ele>350.25</ele>
      </trkpt>
      <trkpt lat="37.230044" lon="-7.95314">
        <ele>347</ele>
      </trkpt>
      <trkpt lat="37.229633" lon="-7.952404">
        <ele>342</ele>
      </trkpt>
      <trkpt lat="37.229121" lon="-7.951674">
        <ele>341</ele>
      </trkpt>
      <trkpt lat="37.229001" lon="-7.951597">
        <ele>341</ele>
      </trkpt>
      <trkpt lat="37.228819" lon="-7.951521">
        <ele>340</ele>
      </trkpt>
      <trkpt lat="37.227924" lon="-7.951482">
        <ele>327</ele>
      </trkpt>
      <trkpt lat="37.227631" lon="-7.951418">
        <ele>324</ele>
      </trkpt>
      <trkpt lat="37.227432" lon="-7.951162">
        <ele>326.25</ele>
      </trkpt>
      <trkpt lat="37.227222" lon="-7.95059">
        <ele>333.5</ele>
      </trkpt>
      <trkpt lat="37.227113" lon="-7.950401">
        <ele>335</ele>
      </trkpt>
      <trkpt lat="37.226936" lon="-7.950297">
        <ele>333.5</ele>
      </trkpt>
      <trkpt lat="37.226725" lon="-7.950303">
        <ele>329.75</ele>
      </trkpt>
      <trkpt lat="37.226612" lon="-7.950411">
        <ele>328.5</ele>
      </trkpt>
      <trkpt lat="37.226524" lon="-7.950559">
        <ele>328.25</ele>
      </trkpt>
      <trkpt lat="37.226328" lon="-7.951343">
        <ele>322.25</ele>
      </trkpt>
      <trkpt lat="37.226019" lon="-7.952671">
        <ele>317.25</ele>
      </trkpt>
      <trkpt lat="37.226011" lon="-7.952704">
        <ele>317</ele>
      </trkpt>
      <trkpt lat="37.225756" lon="-7.953218">
        <ele>318.5</ele>
      </trkpt>
      <trkpt lat="37.225111" lon="-7.954513">
        <ele>318.5</ele>
      </trkpt>
      <trkpt lat="37.224986" lon="-7.954764">
        <ele>319.5</ele>
      </trkpt>
      <trkpt lat="37.224644" lon="-7.955236">
        <ele>318.5</ele>
      </trkpt>
      <trkpt lat="37.223769" lon="-7.955606">
        <ele>314.25</ele>
      </trkpt>
      <trkpt lat="37.223386" lon="-7.955883">
        <ele>309.25</ele>
      </trkpt>
      <trkpt lat="37.222252" lon="-7.956524">
        <ele>305.25</ele>
      </trkpt>
      <trkpt lat="37.222134" lon="-7.956624">
        <ele>304</ele>
      </trkpt>
      <trkpt lat="37.221965" lon="-7.956901">
        <ele>303.75</ele>
      </trkpt>
      <trkpt lat="37.221813" lon="-7.957169">
        <ele>302.75</ele>
      </trkpt>
      <trkpt lat="37.221603" lon="-7.957339">
        <ele>300</ele>
      </trkpt>
      <trkpt lat="37.219545" lon="-7.958381">
        <ele>286.75</ele>
      </trkpt>
      <trkpt lat="37.219386" lon="-7.958395">
        <ele>285.25</ele>
      </trkpt>
      <trkpt lat="37.219208" lon="-7.958373">
        <ele>283</ele>
      </trkpt>
      <trkpt lat="37.218966" lon="-7.958261">
        <ele>283.25</ele>
      </trkpt>
      <trkpt lat="37.218775" lon="-7.958139">
        <ele>284.25</ele>
      </trkpt>
      <trkpt lat="37.218492" lon="-7.957957">
        <ele>284.5</ele>
      </trkpt>
      <trkpt lat="37.218259" lon="-7.957803">
        <ele>285.5</ele>
      </trkpt>
      <trkpt lat="37.218069" lon="-7.957559">
        <ele>288.25</ele>
      </trkpt>
      <trkpt lat="37.217933" lon="-7.957247">
        <ele>288.25</ele>
      </trkpt>
      <trkpt lat="37.217495" lon="-7.955845">
        <ele>272</ele>
      </trkpt>
      <trkpt lat="37.217355" lon="-7.955478">
        <ele>273</ele>
      </trkpt>
      <trkpt lat="37.217167" lon="-7.955273">
        <ele>272.5</ele>
      </trkpt>
      <trkpt lat="37.21699" lon="-7.955168">
        <ele>271.5</ele>
      </trkpt>
      <trkpt lat="37.216538" lon="-7.954902">
        <ele>268.5</ele>
      </trkpt>
      <trkpt lat="37.216306" lon="-7.954764">
        <ele>268.5</ele>
      </trkpt>
      <trkpt lat="37.215488" lon="-7.9544">
        <ele>264.5</ele>
      </trkpt>
      <trkpt lat="37.213879" lon="-7.954121">
        <ele>262</ele>
      </trkpt>
      <trkpt lat="37.213659" lon="-7.954117">
        <ele>260.25</ele>
      </trkpt>
      <trkpt lat="37.213305" lon="-7.954236">
        <ele>258.5</ele>
      </trkpt>
      <trkpt lat="37.212222" lon="-7.954752">
        <ele>258</ele>
      </trkpt>
      <trkpt lat="37.21176" lon="-7.95498">
        <ele>251.5</ele>
      </trkpt>
      <trkpt lat="37.211667" lon="-7.955026">
        <ele>250.25</ele>
      </trkpt>
      <trkpt lat="37.211477" lon="-7.955055">
        <ele>251.5</ele>
      </trkpt>
      <trkpt lat="37.211275" lon="-7.955029">
        <ele>251.75</ele>
      </trkpt>
      <trkpt lat="37.211195" lon="-7.955018">
        <ele>252</ele>
      </trkpt>
      <trkpt lat="37.210784" lon="-7.954772">
        <ele>253.75</ele>
      </trkpt>
      <trkpt lat="37.209778" lon="-7.954206">
        <ele>251.25</ele>
      </trkpt>
      <trkpt lat="37.209283" lon="-7.953958">
        <ele>251.75</ele>
      </trkpt>
      <trkpt lat="37.208955" lon="-7.95398">
        <ele>250.5</ele>
      </trkpt>
      <trkpt lat="37.208932" lon="-7.95399">
        <ele>250.5</ele>
      </trkpt>
      <trkpt lat="37.20867" lon="-7.954107">
        <ele>249</ele>
      </trkpt>
      <trkpt lat="37.207966" lon="-7.954764">
        <ele>254</ele>
      </trkpt>
      <trkpt lat="37.207367" lon="-7.955384">
        <ele>250.25</ele>
      </trkpt>
      <trkpt lat="37.207195" lon="-7.9558">
        <ele>251.5</ele>
      </trkpt>
      <trkpt lat="37.2071" lon="-7.95624">
        <ele>250.5</ele>
      </trkpt>
      <trkpt lat="37.206965" lon="-7.956561">
        <ele>246.75</ele>
      </trkpt>
      <trkpt lat="37.206703" lon="-7.956953">
        <ele>241.5</ele>
      </trkpt>
      <trkpt lat="37.20658" lon="-7.957232">
        <ele>242.5</ele>
      </trkpt>
      <trkpt lat="37.206537" lon="-7.957421">
        <ele>243.75</ele>
      </trkpt>
      <trkpt lat="37.206475" lon="-7.957773">
        <ele>247.75</ele>
      </trkpt>
      <trkpt lat="37.20636" lon="-7.957983">
        <ele>248.75</ele>
      </trkpt>
      <trkpt lat="37.206177" lon="-7.958146">
        <ele>246</ele>
      </trkpt>
      <trkpt lat="37.205686" lon="-7.95862">
        <ele>239.75</ele>
      </trkpt>
      <trkpt lat="37.205429" lon="-7.958897">
        <ele>238.25</ele>
      </trkpt>
      <trkpt lat="37.205314" lon="-7.959167">
        <ele>235.75</ele>
      </trkpt>
      <trkpt lat="37.205261" lon="-7.959449">
        <ele>234</ele>
      </trkpt>
      <trkpt lat="37.205277" lon="-7.959992">
        <ele>233.5</ele>
      </trkpt>
      <trkpt lat="37.205249" lon="-7.960324">
        <ele>234.25</ele>
      </trkpt>
      <trkpt lat="37.205129" lon="-7.960601">
        <ele>232.75</ele>
      </trkpt>
      <trkpt lat="37.204612" lon="-7.960985">
        <ele>230.25</ele>
      </trkpt>
      <trkpt lat="37.204169" lon="-7.961325">
        <ele>226.5</ele>
      </trkpt>
      <trkpt lat="37.204009" lon="-7.961473">
        <ele>228.75</ele>
      </trkpt>
      <trkpt lat="37.203863" lon="-7.961702">
        <ele>229.5</ele>
      </trkpt>
      <trkpt lat="37.203748" lon="-7.962034">
        <ele>228.75</ele>
      </trkpt>
      <trkpt lat="37.203712" lon="-7.96214">
        <ele>228.25</ele>
      </trkpt>
      <trkpt lat="37.20347" lon="-7.962848">
        <ele>224.5</ele>
      </trkpt>
      <trkpt lat="37.203489" lon="-7.963176">
        <ele>224.25</ele>
      </trkpt>
      <trkpt lat="37.20351" lon="-7.963405">
        <ele>224</ele>
      </trkpt>
      <trkpt lat="37.203591" lon="-7.963948">
        <ele>224</ele>
      </trkpt>
      <trkpt lat="37.203598" lon="-7.9641">
        <ele>224</ele>
      </trkpt>
      <trkpt lat="37.203625" lon="-7.964292">
        <ele>225.5</ele>
      </trkpt>
      <trkpt lat="37.203613" lon="-7.964483">
        <ele>227</ele>
      </trkpt>
      <trkpt lat="37.203526" lon="-7.964635">
        <ele>226.75</ele>
      </trkpt>
      <trkpt lat="37.203197" lon="-7.964809">
        <ele>224.75</ele>
      </trkpt>
      <trkpt lat="37.201574" lon="-7.965407">
        <ele>233.75</ele>
      </trkpt>
      <trkpt lat="37.201062" lon="-7.965579">
        <ele>231</ele>
      </trkpt>
      <trkpt lat="37.200857" lon="-7.965751">
        <ele>231.5</ele>
      </trkpt>
      <trkpt lat="37.200617" lon="-7.966008">
        <ele>230.25</ele>
      </trkpt>
      <trkpt lat="37.200516" lon="-7.966881">
        <ele>237.25</ele>
      </trkpt>
      <trkpt lat="37.200446" lon="-7.967854">
        <ele>229.25</ele>
      </trkpt>
      <trkpt lat="37.20064" lon="-7.968306">
        <ele>232</ele>
      </trkpt>
      <trkpt lat="37.200717" lon="-7.968536">
        <ele>233.75</ele>
      </trkpt>
      <trkpt lat="37.200727" lon="-7.968799">
        <ele>232.75</ele>
      </trkpt>
      <trkpt lat="37.20042" lon="-7.96977">
        <ele>219.5</ele>
      </trkpt>
      <trkpt lat="37.200417" lon="-7.970156">
        <ele>218.5</ele>
      </trkpt>
      <trkpt lat="37.200828" lon="-7.9718">
        <ele>211.25</ele>
      </trkpt>
      <trkpt lat="37.200895" lon="-7.972037">
        <ele>211</ele>
      </trkpt>
      <trkpt lat="37.200883" lon="-7.972276">
        <ele>209.75</ele>
      </trkpt>
      <trkpt lat="37.200841" lon="-7.972421">
        <ele>208.25</ele>
      </trkpt>
      <trkpt lat="37.200772" lon="-7.97251">
        <ele>207.75</ele>
      </trkpt>
      <trkpt lat="37.200685" lon="-7.972595">
        <ele>208.25</ele>
      </trkpt>
      <trkpt lat="37.200539" lon="-7.972619">
        <ele>208.25</ele>
      </trkpt>
      <trkpt lat="37.200372" lon="-7.972625">
        <ele>208</ele>
      </trkpt>
      <trkpt lat="37.199916" lon="-7.972604">
        <ele>208.25</ele>
      </trkpt>
      <trkpt lat="37.199751" lon="-7.972609">
        <ele>210</ele>
      </trkpt>
      <trkpt lat="37.199553" lon="-7.97276">
        <ele>211.5</ele>
      </trkpt>
      <trkpt lat="37.199415" lon="-7.972891">
        <ele>211.75</ele>
      </trkpt>
      <trkpt lat="37.198731" lon="-7.973648">
        <ele>208.75</ele>
      </trkpt>
      <trkpt lat="37.198576" lon="-7.974169">
        <ele>205.75</ele>
      </trkpt>
      <trkpt lat="37.198526" lon="-7.974335">
        <ele>204.25</ele>
      </trkpt>
      <trkpt lat="37.198219" lon="-7.975107">
        <ele>198</ele>
      </trkpt>
      <trkpt lat="37.197843" lon="-7.975536">
        <ele>195.25</ele>
      </trkpt>
      <trkpt lat="37.197432" lon="-7.975708">
        <ele>195.75</ele>
      </trkpt>
      <trkpt lat="37.197293" lon="-7.975892">
        <ele>196.25</ele>
      </trkpt>
      <trkpt lat="37.196887" lon="-7.976883">
        <ele>192.75</ele>
      </trkpt>
      <trkpt lat="37.196818" lon="-7.977116">
        <ele>191.25</ele>
      </trkpt>
      <trkpt lat="37.196778" lon="-7.977368">
        <ele>189.25</ele>
      </trkpt>
      <trkpt lat="37.196746" lon="-7.977516">
        <ele>188</ele>
      </trkpt>
      <trkpt lat="37.196697" lon="-7.977666">
        <ele>186.75</ele>
      </trkpt>
      <trkpt lat="37.196145" lon="-7.978846">
        <ele>181.75</ele>
      </trkpt>
      <trkpt lat="37.195892" lon="-7.979411">
        <ele>177.75</ele>
      </trkpt>
      <trkpt lat="37.1958" lon="-7.97962">
        <ele>177.75</ele>
      </trkpt>
      <trkpt lat="37.195757" lon="-7.979729">
        <ele>177.5</ele>
      </trkpt>
      <trkpt lat="37.195745" lon="-7.979753">
        <ele>177.5</ele>
      </trkpt>
      <trkpt lat="37.195713" lon="-7.979829">
        <ele>177.25</ele>
      </trkpt>
      <trkpt lat="37.195665" lon="-7.97989">
        <ele>176.75</ele>
      </trkpt>
      <trkpt lat="37.195617" lon="-7.979931">
        <ele>176.5</ele>
      </trkpt>
      <trkpt lat="37.195566" lon="-7.979963">
        <ele>176</ele>
      </trkpt>
      <trkpt lat="37.195484" lon="-7.979988">
        <ele>175</ele>
      </trkpt>
      <trkpt lat="37.195262" lon="-7.980001">
        <ele>172.75</ele>
      </trkpt>
      <trkpt lat="37.194823" lon="-7.980024">
        <ele>170.25</ele>
      </trkpt>
      <trkpt lat="37.194707" lon="-7.980065">
        <ele>171</ele>
      </trkpt>
      <trkpt lat="37.194617" lon="-7.980122">
        <ele>171.5</ele>
      </trkpt>
      <trkpt lat="37.194476" lon="-7.980285">
        <ele>172.5</ele>
      </trkpt>
      <trkpt lat="37.193875" lon="-7.98124">
        <ele>173.75</ele>
      </trkpt>
      <trkpt lat="37.193799" lon="-7.98139">
        <ele>174</ele>
      </trkpt>
      <trkpt lat="37.193724" lon="-7.981637">
        <ele>174</ele>
      </trkpt>
      <trkpt lat="37.193649" lon="-7.981919">
        <ele>173.5</ele>
      </trkpt>
      <trkpt lat="37.193632" lon="-7.982058">
        <ele>173.5</ele>
      </trkpt>
      <trkpt lat="37.193646" lon="-7.982229">
        <ele>173.75</ele>
      </trkpt>
      <trkpt lat="37.193701" lon="-7.982379">
        <ele>174.25</ele>
      </trkpt>
      <trkpt lat="37.193791" lon="-7.982502">
        <ele>174.5</ele>
      </trkpt>
      <trkpt lat="37.193954" lon="-7.982624">
        <ele>174.25</ele>
      </trkpt>
      <trkpt lat="37.194138" lon="-7.982734">
        <ele>173.75</ele>
      </trkpt>
      <trkpt lat="37.194232" lon="-7.982806">
        <ele>175.75</ele>
      </trkpt>
      <trkpt lat="37.194297" lon="-7.982888">
        <ele>177.5</ele>
      </trkpt>
      <trkpt lat="37.194354" lon="-7.983026">
        <ele>178.5</ele>
      </trkpt>
      <trkpt lat="37.194375" lon="-7.983203">
        <ele>178</ele>
      </trkpt>
      <trkpt lat="37.194339" lon="-7.983394">
        <ele>175.75</ele>
      </trkpt>
      <trkpt lat="37.194254" lon="-7.983598">
        <ele>173.75</ele>
      </trkpt>
      <trkpt lat="37.19413" lon="-7.983845">
        <ele>171.75</ele>
      </trkpt>
      <trkpt lat="37.194025" lon="-7.984011">
        <ele>172.25</ele>
      </trkpt>
      <trkpt lat="37.193621" lon="-7.984585">
        <ele>168.5</ele>
      </trkpt>
      <trkpt lat="37.193557" lon="-7.984714">
        <ele>166.75</ele>
      </trkpt>
      <trkpt lat="37.193514" lon="-7.984842">
        <ele>165.25</ele>
      </trkpt>
      <trkpt lat="37.193487" lon="-7.984966">
        <ele>164</ele>
      </trkpt>
      <trkpt lat="37.193211" lon="-7.98635">
        <ele>164.5</ele>
      </trkpt>
      <trkpt lat="37.193164" lon="-7.986511">
        <ele>165</ele>
      </trkpt>
      <trkpt lat="37.193098" lon="-7.986631">
        <ele>164.5</ele>
      </trkpt>
      <trkpt lat="37.192861" lon="-7.986944">
        <ele>165</ele>
      </trkpt>
      <trkpt lat="37.192752" lon="-7.987052">
        <ele>164.75</ele>
      </trkpt>
      <trkpt lat="37.192628" lon="-7.987098">
        <ele>164</ele>
      </trkpt>
      <trkpt lat="37.192391" lon="-7.987117">
        <ele>163.5</ele>
      </trkpt>
      <trkpt lat="37.192247" lon="-7.987157">
        <ele>164.75</ele>
      </trkpt>
      <trkpt lat="37.192121" lon="-7.987243">
        <ele>165.25</ele>
      </trkpt>
      <trkpt lat="37.192023" lon="-7.987364">
        <ele>165.25</ele>
      </trkpt>
      <trkpt lat="37.19194" lon="-7.987516">
        <ele>164.5</ele>
      </trkpt>
      <trkpt lat="37.191908" lon="-7.987624">
        <ele>165</ele>
      </trkpt>
      <trkpt lat="37.191895" lon="-7.987728">
        <ele>165.25</ele>
      </trkpt>
      <trkpt lat="37.191893" lon="-7.98786">
        <ele>165.75</ele>
      </trkpt>
      <trkpt lat="37.191873" lon="-7.988002">
        <ele>166</ele>
      </trkpt>
      <trkpt lat="37.191844" lon="-7.988096">
        <ele>165.75</ele>
      </trkpt>
      <trkpt lat="37.19177" lon="-7.988217">
        <ele>164.75</ele>
      </trkpt>
      <trkpt lat="37.191422" lon="-7.988719">
        <ele>162</ele>
      </trkpt>
      <trkpt lat="37.191251" lon="-7.988994">
        <ele>160.5</ele>
      </trkpt>
      <trkpt lat="37.191195" lon="-7.989063">
        <ele>160.25</ele>
      </trkpt>
      <trkpt lat="37.191141" lon="-7.989098">
        <ele>159.75</ele>
      </trkpt>
      <trkpt lat="37.191059" lon="-7.989107">
        <ele>160</ele>
      </trkpt>
      <trkpt lat="37.190987" lon="-7.989086">
        <ele>160.5</ele>
      </trkpt>
      <trkpt lat="37.190572" lon="-7.988959">
        <ele>163.25</ele>
      </trkpt>
      <trkpt lat="37.190453" lon="-7.988907">
        <ele>163.75</ele>
      </trkpt>
      <trkpt lat="37.190369" lon="-7.988844">
        <ele>163.75</ele>
      </trkpt>
      <trkpt lat="37.190244" lon="-7.988712">
        <ele>162.5</ele>
      </trkpt>
      <trkpt lat="37.190169" lon="-7.98865">
        <ele>161.75</ele>
      </trkpt>
      <trkpt lat="37.190085" lon="-7.988619">
        <ele>161.5</ele>
      </trkpt>
      <trkpt lat="37.189987" lon="-7.988622">
        <ele>161.75</ele>
      </trkpt>
      <trkpt lat="37.18957" lon="-7.988782">
        <ele>161</ele>
      </trkpt>
      <trkpt lat="37.189488" lon="-7.988851">
        <ele>161.25</ele>
      </trkpt>
      <trkpt lat="37.189418" lon="-7.988941">
        <ele>161.5</ele>
      </trkpt>
      <trkpt lat="37.189367" lon="-7.989053">
        <ele>162.5</ele>
      </trkpt>
      <trkpt lat="37.189344" lon="-7.989169">
        <ele>163.5</ele>
      </trkpt>
      <trkpt lat="37.189346" lon="-7.989292">
        <ele>164</ele>
      </trkpt>
      <trkpt lat="37.189369" lon="-7.989397">
        <ele>164.5</ele>
      </trkpt>
      <trkpt lat="37.189416" lon="-7.989509">
        <ele>165.75</ele>
      </trkpt>
      <trkpt lat="37.189685" lon="-7.990079">
        <ele>171.5</ele>
      </trkpt>
      <trkpt lat="37.189912" lon="-7.990558">
        <ele>175.75</ele>
      </trkpt>
      <trkpt lat="37.189963" lon="-7.990692">
        <ele>176.25</ele>
      </trkpt>
      <trkpt lat="37.189987" lon="-7.990816">
        <ele>176.75</ele>
      </trkpt>
      <trkpt lat="37.189982" lon="-7.990963">
        <ele>177.75</ele>
      </trkpt>
      <trkpt lat="37.189957" lon="-7.991095">
        <ele>178.75</ele>
      </trkpt>
      <trkpt lat="37.189867" lon="-7.99139">
        <ele>180.75</ele>
      </trkpt>
      <trkpt lat="37.189792" lon="-7.991666">
        <ele>182.75</ele>
      </trkpt>
      <trkpt lat="37.189788" lon="-7.9918">
        <ele>183.75</ele>
      </trkpt>
      <trkpt lat="37.189799" lon="-7.991923">
        <ele>184.5</ele>
      </trkpt>
      <trkpt lat="37.189832" lon="-7.992072">
        <ele>185.25</ele>
      </trkpt>
      <trkpt lat="37.190019" lon="-7.992749">
        <ele>187</ele>
      </trkpt>
      <trkpt lat="37.190034" lon="-7.992886">
        <ele>187</ele>
      </trkpt>
      <trkpt lat="37.190019" lon="-7.993026">
        <ele>187</ele>
      </trkpt>
      <trkpt lat="37.189989" lon="-7.99312">
        <ele>187</ele>
      </trkpt>
      <trkpt lat="37.18994" lon="-7.993195">
        <ele>187.25</ele>
      </trkpt>
      <trkpt lat="37.189859" lon="-7.993275">
        <ele>188</ele>
      </trkpt>
      <trkpt lat="37.189735" lon="-7.993313">
        <ele>189</ele>
      </trkpt>
      <trkpt lat="37.189564" lon="-7.99334">
        <ele>190.5</ele>
      </trkpt>
      <trkpt lat="37.189438" lon="-7.993377">
        <ele>191.25</ele>
      </trkpt>
      <trkpt lat="37.189329" lon="-7.993444">
        <ele>191.25</ele>
      </trkpt>
      <trkpt lat="37.189027" lon="-7.993702">
        <ele>191.75</ele>
      </trkpt>
      <trkpt lat="37.188897" lon="-7.993796">
        <ele>192</ele>
      </trkpt>
      <trkpt lat="37.188777" lon="-7.993838">
        <ele>192.5</ele>
      </trkpt>
      <trkpt lat="37.188645" lon="-7.993849">
        <ele>193.75</ele>
      </trkpt>
      <trkpt lat="37.188487" lon="-7.99382">
        <ele>196</ele>
      </trkpt>
      <trkpt lat="37.188309" lon="-7.993745">
        <ele>199.5</ele>
      </trkpt>
      <trkpt lat="37.187712" lon="-7.993408">
        <ele>207</ele>
      </trkpt>
      <trkpt lat="37.1876" lon="-7.993377">
        <ele>207.75</ele>
      </trkpt>
      <trkpt lat="37.187482" lon="-7.993366">
        <ele>208</ele>
      </trkpt>
      <trkpt lat="37.187282" lon="-7.99338">
        <ele>207.75</ele>
      </trkpt>
      <trkpt lat="37.187158" lon="-7.993377">
        <ele>207.75</ele>
      </trkpt>
      <trkpt lat="37.187029" lon="-7.993337">
        <ele>208.25</ele>
      </trkpt>
      <trkpt lat="37.18694" lon="-7.993252">
        <ele>208.75</ele>
      </trkpt>
      <trkpt lat="37.186869" lon="-7.993128">
        <ele>209</ele>
      </trkpt>
      <trkpt lat="37.186729" lon="-7.99274">
        <ele>209.25</ele>
      </trkpt>
      <trkpt lat="37.186658" lon="-7.992564">
        <ele>208.75</ele>
      </trkpt>
      <trkpt lat="37.186585" lon="-7.992417">
        <ele>209.5</ele>
      </trkpt>
      <trkpt lat="37.186511" lon="-7.99233">
        <ele>210.25</ele>
      </trkpt>
      <trkpt lat="37.186422" lon="-7.992253">
        <ele>210.75</ele>
      </trkpt>
      <trkpt lat="37.186292" lon="-7.992205">
        <ele>211</ele>
      </trkpt>
      <trkpt lat="37.185669" lon="-7.99204">
        <ele>211.5</ele>
      </trkpt>
      <trkpt lat="37.185476" lon="-7.991972">
        <ele>211</ele>
      </trkpt>
      <trkpt lat="37.185293" lon="-7.991866">
        <ele>210.25</ele>
      </trkpt>
      <trkpt lat="37.18513" lon="-7.991738">
        <ele>209.25</ele>
      </trkpt>
      <trkpt lat="37.184891" lon="-7.991521">
        <ele>210.25</ele>
      </trkpt>
      <trkpt lat="37.184749" lon="-7.991365">
        <ele>212.5</ele>
      </trkpt>
      <trkpt lat="37.184611" lon="-7.991227">
        <ele>213.75</ele>
      </trkpt>
      <trkpt lat="37.184491" lon="-7.991137">
        <ele>214.5</ele>
      </trkpt>
      <trkpt lat="37.184339" lon="-7.991068">
        <ele>214.5</ele>
      </trkpt>
      <trkpt lat="37.18357" lon="-7.990757">
        <ele>217.25</ele>
      </trkpt>
      <trkpt lat="37.183454" lon="-7.990684">
        <ele>218.25</ele>
      </trkpt>
      <trkpt lat="37.183351" lon="-7.99057">
        <ele>219.5</ele>
      </trkpt>
      <trkpt lat="37.183266" lon="-7.990416">
        <ele>220.75</ele>
      </trkpt>
      <trkpt lat="37.183169" lon="-7.990144">
        <ele>222.5</ele>
      </trkpt>
      <trkpt lat="37.183083" lon="-7.989941">
        <ele>223.5</ele>
      </trkpt>
      <trkpt lat="37.182969" lon="-7.989772">
        <ele>224.75</ele>
      </trkpt>
      <trkpt lat="37.182858" lon="-7.98967">
        <ele>224.5</ele>
      </trkpt>
      <trkpt lat="37.182578" lon="-7.989483">
        <ele>222.5</ele>
      </trkpt>
      <trkpt lat="37.18239" lon="-7.989405">
        <ele>222.25</ele>
      </trkpt>
      <trkpt lat="37.182219" lon="-7.989391">
        <ele>223</ele>
      </trkpt>
      <trkpt lat="37.182055" lon="-7.989413">
        <ele>223.5</ele>
      </trkpt>
      <trkpt lat="37.181645" lon="-7.989548">
        <ele>223.5</ele>
      </trkpt>
      <trkpt lat="37.181587" lon="-7.989566">
        <ele>223.25</ele>
      </trkpt>
      <trkpt lat="37.181448" lon="-7.989627">
        <ele>222.25</ele>
      </trkpt>
      <trkpt lat="37.181392" lon="-7.989672">
        <ele>221.75</ele>
      </trkpt>
      <trkpt lat="37.181357" lon="-7.989674">
        <ele>221.75</ele>
      </trkpt>
      <trkpt lat="37.181334" lon="-7.989676">
        <ele>221.75</ele>
      </trkpt>
      <trkpt lat="37.181296" lon="-7.98966">
        <ele>221.75</ele>
      </trkpt>
      <trkpt lat="37.181259" lon="-7.989615">
        <ele>221.75</ele>
      </trkpt>
      <trkpt lat="37.181226" lon="-7.989547">
        <ele>222</ele>
      </trkpt>
      <trkpt lat="37.181166" lon="-7.989461">
        <ele>222</ele>
      </trkpt>
      <trkpt lat="37.181085" lon="-7.989364">
        <ele>222</ele>
      </trkpt>
      <trkpt lat="37.180869" lon="-7.989137">
        <ele>221.25</ele>
      </trkpt>
      <trkpt lat="37.180809" lon="-7.989043">
        <ele>221.5</ele>
      </trkpt>
      <trkpt lat="37.180758" lon="-7.98893">
        <ele>222</ele>
      </trkpt>
      <trkpt lat="37.18073" lon="-7.988745">
        <ele>222.75</ele>
      </trkpt>
      <trkpt lat="37.180681" lon="-7.98783">
        <ele>225.5</ele>
      </trkpt>
      <trkpt lat="37.180685" lon="-7.987602">
        <ele>226.25</ele>
      </trkpt>
      <trkpt lat="37.180704" lon="-7.987489">
        <ele>226.5</ele>
      </trkpt>
      <trkpt lat="37.180717" lon="-7.987415">
        <ele>226.5</ele>
      </trkpt>
      <trkpt lat="37.181" lon="-7.986415">
        <ele>227.75</ele>
      </trkpt>
      <trkpt lat="37.181326" lon="-7.985263">
        <ele>230.25</ele>
      </trkpt>
      <trkpt lat="37.181375" lon="-7.985057">
        <ele>230.5</ele>
      </trkpt>
      <trkpt lat="37.181403" lon="-7.984872">
        <ele>230.5</ele>
      </trkpt>
      <trkpt lat="37.181401" lon="-7.984633">
        <ele>230.5</ele>
      </trkpt>
      <trkpt lat="37.181373" lon="-7.984445">
        <ele>230.25</ele>
      </trkpt>
      <trkpt lat="37.181346" lon="-7.984305">
        <ele>229.75</ele>
      </trkpt>
      <trkpt lat="37.181277" lon="-7.984067">
        <ele>229.5</ele>
      </trkpt>
      <trkpt lat="37.181035" lon="-7.983311">
        <ele>229.5</ele>
      </trkpt>
      <trkpt lat="37.180946" lon="-7.983098">
        <ele>230.25</ele>
      </trkpt>
      <trkpt lat="37.180854" lon="-7.982949">
        <ele>230.25</ele>
      </trkpt>
      <trkpt lat="37.180743" lon="-7.98282">
        <ele>230.75</ele>
      </trkpt>
      <trkpt lat="37.17974" lon="-7.981833">
        <ele>231.75</ele>
      </trkpt>
      <trkpt lat="37.179595" lon="-7.981683">
        <ele>231.75</ele>
      </trkpt>
      <trkpt lat="37.179442" lon="-7.981494">
        <ele>232.25</ele>
      </trkpt>
      <trkpt lat="37.179302" lon="-7.981213">
        <ele>232.75</ele>
      </trkpt>
      <trkpt lat="37.179144" lon="-7.980843">
        <ele>233.25</ele>
      </trkpt>
      <trkpt lat="37.178906" lon="-7.980246">
        <ele>238.5</ele>
      </trkpt>
      <trkpt lat="37.178792" lon="-7.979898">
        <ele>240</ele>
      </trkpt>
      <trkpt lat="37.178706" lon="-7.97955">
        <ele>240.25</ele>
      </trkpt>
      <trkpt lat="37.17867" lon="-7.97907">
        <ele>239.25</ele>
      </trkpt>
      <trkpt lat="37.178636" lon="-7.978854">
        <ele>238</ele>
      </trkpt>
      <trkpt lat="37.178607" lon="-7.978741">
        <ele>237.25</ele>
      </trkpt>
      <trkpt lat="37.178578" lon="-7.978628">
        <ele>236.75</ele>
      </trkpt>
      <trkpt lat="37.178351" lon="-7.977898">
        <ele>230.75</ele>
      </trkpt>
      <trkpt lat="37.178137" lon="-7.977211">
        <ele>225.75</ele>
      </trkpt>
      <trkpt lat="37.178063" lon="-7.977008">
        <ele>224.25</ele>
      </trkpt>
      <trkpt lat="37.177954" lon="-7.97682">
        <ele>223.25</ele>
      </trkpt>
      <trkpt lat="37.177864" lon="-7.976699">
        <ele>222.5</ele>
      </trkpt>
      <trkpt lat="37.177605" lon="-7.976321">
        <ele>221.5</ele>
      </trkpt>
      <trkpt lat="37.177524" lon="-7.976147">
        <ele>220.5</ele>
      </trkpt>
      <trkpt lat="37.17749" lon="-7.976007">
        <ele>219.5</ele>
      </trkpt>
      <trkpt lat="37.177486" lon="-7.975873">
        <ele>218.25</ele>
      </trkpt>
      <trkpt lat="37.177494" lon="-7.975202">
        <ele>217.25</ele>
      </trkpt>
      <trkpt lat="37.177479" lon="-7.97495">
        <ele>217</ele>
      </trkpt>
      <trkpt lat="37.177405" lon="-7.974509">
        <ele>217</ele>
      </trkpt>
      <trkpt lat="37.177347" lon="-7.974333">
        <ele>217</ele>
      </trkpt>
      <trkpt lat="37.177052" lon="-7.973582">
        <ele>215</ele>
      </trkpt>
      <trkpt lat="37.177001" lon="-7.973418">
        <ele>214.5</ele>
      </trkpt>
      <trkpt lat="37.176966" lon="-7.973242">
        <ele>214</ele>
      </trkpt>
      <trkpt lat="37.176917" lon="-7.972582">
        <ele>213.25</ele>
      </trkpt>
      <trkpt lat="37.176883" lon="-7.972204">
        <ele>213.5</ele>
      </trkpt>
      <trkpt lat="37.1768" lon="-7.971501">
        <ele>213.5</ele>
      </trkpt>
      <trkpt lat="37.176781" lon="-7.971241">
        <ele>213</ele>
      </trkpt>
      <trkpt lat="37.176761" lon="-7.970782">
        <ele>212.25</ele>
      </trkpt>
      <trkpt lat="37.176706" lon="-7.970249">
        <ele>212.5</ele>
      </trkpt>
      <trkpt lat="37.176678" lon="-7.970012">
        <ele>212.75</ele>
      </trkpt>
      <trkpt lat="37.176595" lon="-7.96964">
        <ele>213</ele>
      </trkpt>
      <trkpt lat="37.176289" lon="-7.968588">
        <ele>212.25</ele>
      </trkpt>
      <trkpt lat="37.176181" lon="-7.96827">
        <ele>212</ele>
      </trkpt>
      <trkpt lat="37.176054" lon="-7.967971">
        <ele>212.5</ele>
      </trkpt>
      <trkpt lat="37.175887" lon="-7.967652">
        <ele>213.5</ele>
      </trkpt>
      <trkpt lat="37.17575" lon="-7.967459">
        <ele>214</ele>
      </trkpt>
      <trkpt lat="37.175642" lon="-7.967348">
        <ele>214.5</ele>
      </trkpt>
      <trkpt lat="37.175505" lon="-7.967263">
        <ele>215</ele>
      </trkpt>
      <trkpt lat="37.175321" lon="-7.967188">
        <ele>215.5</ele>
      </trkpt>
      <trkpt lat="37.175185" lon="-7.967096">
        <ele>216</ele>
      </trkpt>
      <trkpt lat="37.175109" lon="-7.966998">
        <ele>216.25</ele>
      </trkpt>
      <trkpt lat="37.175052" lon="-7.966839">
        <ele>216.5</ele>
      </trkpt>
      <trkpt lat="37.175021" lon="-7.966323">
        <ele>218</ele>
      </trkpt>
      <trkpt lat="37.174975" lon="-7.965538">
        <ele>220.25</ele>
      </trkpt>
      <trkpt lat="37.174951" lon="-7.965305">
        <ele>220.5</ele>
      </trkpt>
      <trkpt lat="37.174895" lon="-7.965069">
        <ele>221</ele>
      </trkpt>
      <trkpt lat="37.174806" lon="-7.964892">
        <ele>221.75</ele>
      </trkpt>
      <trkpt lat="37.174678" lon="-7.964725">
        <ele>222.5</ele>
      </trkpt>
      <trkpt lat="37.174377" lon="-7.96444">
        <ele>224.25</ele>
      </trkpt>
      <trkpt lat="37.173988" lon="-7.963885">
        <ele>228</ele>
      </trkpt>
      <trkpt lat="37.173916" lon="-7.963779">
        <ele>228.75</ele>
      </trkpt>
      <trkpt lat="37.17377" lon="-7.963563">
        <ele>230</ele>
      </trkpt>
      <trkpt lat="37.173558" lon="-7.963327">
        <ele>231.75</ele>
      </trkpt>
      <trkpt lat="37.173457" lon="-7.963194">
        <ele>232.5</ele>
      </trkpt>
      <trkpt lat="37.173387" lon="-7.963039">
        <ele>233.25</ele>
      </trkpt>
      <trkpt lat="37.1733" lon="-7.962788">
        <ele>234.5</ele>
      </trkpt>
      <trkpt lat="37.1732" lon="-7.962529">
        <ele>236</ele>
      </trkpt>
      <trkpt lat="37.172803" lon="-7.961779">
        <ele>239.25</ele>
      </trkpt>
      <trkpt lat="37.172577" lon="-7.961352">
        <ele>240.5</ele>
      </trkpt>
      <trkpt lat="37.172506" lon="-7.961204">
        <ele>241</ele>
      </trkpt>
      <trkpt lat="37.17246" lon="-7.961061">
        <ele>241.5</ele>
      </trkpt>
      <trkpt lat="37.172436" lon="-7.960879">
        <ele>242</ele>
      </trkpt>
      <trkpt lat="37.172384" lon="-7.960252">
        <ele>244.75</ele>
      </trkpt>
      <trkpt lat="37.172351" lon="-7.960125">
        <ele>245.75</ele>
      </trkpt>
      <trkpt lat="37.172317" lon="-7.960038">
        <ele>246.5</ele>
      </trkpt>
      <trkpt lat="37.172228" lon="-7.959903">
        <ele>247.25</ele>
      </trkpt>
      <trkpt lat="37.172126" lon="-7.959781">
        <ele>248</ele>
      </trkpt>
      <trkpt lat="37.171797" lon="-7.959465">
        <ele>250.25</ele>
      </trkpt>
      <trkpt lat="37.171708" lon="-7.959363">
        <ele>251</ele>
      </trkpt>
      <trkpt lat="37.17163" lon="-7.959241">
        <ele>251.75</ele>
      </trkpt>
      <trkpt lat="37.17157" lon="-7.959096">
        <ele>252.75</ele>
      </trkpt>
      <trkpt lat="37.171256" lon="-7.958144">
        <ele>257.75</ele>
      </trkpt>
      <trkpt lat="37.171161" lon="-7.957901">
        <ele>258.5</ele>
      </trkpt>
      <trkpt lat="37.171081" lon="-7.957756">
        <ele>259</ele>
      </trkpt>
      <trkpt lat="37.170976" lon="-7.957607">
        <ele>260</ele>
      </trkpt>
      <trkpt lat="37.170508" lon="-7.957089">
        <ele>262.25</ele>
      </trkpt>
      <trkpt lat="37.170097" lon="-7.956687">
        <ele>263</ele>
      </trkpt>
      <trkpt lat="37.169677" lon="-7.956327">
        <ele>265.75</ele>
      </trkpt>
      <trkpt lat="37.16795" lon="-7.954886">
        <ele>269</ele>
      </trkpt>
      <trkpt lat="37.167675" lon="-7.954669">
        <ele>269.5</ele>
      </trkpt>
      <trkpt lat="37.167535" lon="-7.954587">
        <ele>269.5</ele>
      </trkpt>
      <trkpt lat="37.167385" lon="-7.954515">
        <ele>269.75</ele>
      </trkpt>
      <trkpt lat="37.166426" lon="-7.954114">
        <ele>270.25</ele>
      </trkpt>
      <trkpt lat="37.165919" lon="-7.95386">
        <ele>271.75</ele>
      </trkpt>
      <trkpt lat="37.165787" lon="-7.953778">
        <ele>272.25</ele>
      </trkpt>
      <trkpt lat="37.163328" lon="-7.952101">
        <ele>290.75</ele>
      </trkpt>
      <trkpt lat="37.163034" lon="-7.951901">
        <ele>292.25</ele>
      </trkpt>
      <trkpt lat="37.162923" lon="-7.95181">
        <ele>293</ele>
      </trkpt>
      <trkpt lat="37.162828" lon="-7.95172">
        <ele>293.5</ele>
      </trkpt>
      <trkpt lat="37.162741" lon="-7.951579">
        <ele>294.75</ele>
      </trkpt>
      <trkpt lat="37.162623" lon="-7.951347">
        <ele>296.75</ele>
      </trkpt>
      <trkpt lat="37.162573" lon="-7.951235">
        <ele>297.5</ele>
      </trkpt>
      <trkpt lat="37.162033" lon="-7.950033">
        <ele>305.25</ele>
      </trkpt>
      <trkpt lat="37.161989" lon="-7.949903">
        <ele>306</ele>
      </trkpt>
      <trkpt lat="37.161954" lon="-7.949759">
        <ele>307.25</ele>
      </trkpt>
      <trkpt lat="37.161928" lon="-7.949569">
        <ele>309</ele>
      </trkpt>
      <trkpt lat="37.161762" lon="-7.94757">
        <ele>319.5</ele>
      </trkpt>
      <trkpt lat="37.161732" lon="-7.947334">
        <ele>319.75</ele>
      </trkpt>
      <trkpt lat="37.161452" lon="-7.945836">
        <ele>328.75</ele>
      </trkpt>
      <trkpt lat="37.161417" lon="-7.945653">
        <ele>329.5</ele>
      </trkpt>
      <trkpt lat="37.161362" lon="-7.945443">
        <ele>330</ele>
      </trkpt>
      <trkpt lat="37.16126" lon="-7.945238">
        <ele>330.25</ele>
      </trkpt>
      <trkpt lat="37.161165" lon="-7.945108">
        <ele>330.5</ele>
      </trkpt>
      <trkpt lat="37.161055" lon="-7.945005">
        <ele>330.5</ele>
      </trkpt>
      <trkpt lat="37.160897" lon="-7.94489">
        <ele>330.25</ele>
      </trkpt>
      <trkpt lat="37.160135" lon="-7.944456">
        <ele>332.25</ele>
      </trkpt>
      <trkpt lat="37.16001" lon="-7.94438">
        <ele>332.5</ele>
      </trkpt>
      <trkpt lat="37.159917" lon="-7.944309">
        <ele>331.25</ele>
      </trkpt>
      <trkpt lat="37.159833" lon="-7.944223">
        <ele>330</ele>
      </trkpt>
      <trkpt lat="37.15978" lon="-7.944102">
        <ele>329.25</ele>
      </trkpt>
      <trkpt lat="37.159735" lon="-7.943872">
        <ele>328.5</ele>
      </trkpt>
      <trkpt lat="37.15958" lon="-7.942673">
        <ele>327.75</ele>
      </trkpt>
      <trkpt lat="37.159564" lon="-7.942536">
        <ele>327.75</ele>
      </trkpt>
      <trkpt lat="37.159547" lon="-7.942282">
        <ele>327.25</ele>
      </trkpt>
      <trkpt lat="37.159566" lon="-7.941962">
        <ele>326.25</ele>
      </trkpt>
      <trkpt lat="37.159556" lon="-7.941844">
        <ele>326</ele>
      </trkpt>
      <trkpt lat="37.159518" lon="-7.941719">
        <ele>325.75</ele>
      </trkpt>
      <trkpt lat="37.15945" lon="-7.94144">
        <ele>326.75</ele>
      </trkpt>
      <trkpt lat="37.159358" lon="-7.941011">
        <ele>329.75</ele>
      </trkpt>
      <trkpt lat="37.159312" lon="-7.940943">
        <ele>330.5</ele>
      </trkpt>
      <trkpt lat="37.159236" lon="-7.940872">
        <ele>331.75</ele>
      </trkpt>
      <trkpt lat="37.159163" lon="-7.940788">
        <ele>333</ele>
      </trkpt>
      <trkpt lat="37.159085" lon="-7.940672">
        <ele>332.5</ele>
      </trkpt>
      <trkpt lat="37.158869" lon="-7.940307">
        <ele>331</ele>
      </trkpt>
      <trkpt lat="37.158739" lon="-7.940138">
        <ele>329.75</ele>
      </trkpt>
      <trkpt lat="37.158621" lon="-7.94002">
        <ele>328.5</ele>
      </trkpt>
      <trkpt lat="37.158538" lon="-7.93995">
        <ele>327.5</ele>
      </trkpt>
      <trkpt lat="37.15842" lon="-7.939886">
        <ele>325.75</ele>
      </trkpt>
      <trkpt lat="37.158125" lon="-7.939746">
        <ele>322</ele>
      </trkpt>
      <trkpt lat="37.157979" lon="-7.939632">
        <ele>320.5</ele>
      </trkpt>
      <trkpt lat="37.157853" lon="-7.939514">
        <ele>319.5</ele>
      </trkpt>
      <trkpt lat="37.157783" lon="-7.939406">
        <ele>319</ele>
      </trkpt>
      <trkpt lat="37.157736" lon="-7.939269">
        <ele>319.25</ele>
      </trkpt>
      <trkpt lat="37.157677" lon="-7.938909">
        <ele>318.25</ele>
      </trkpt>
      <trkpt lat="37.157673" lon="-7.938755">
        <ele>317.5</ele>
      </trkpt>
      <trkpt lat="37.157709" lon="-7.938577">
        <ele>317.25</ele>
      </trkpt>
      <trkpt lat="37.157954" lon="-7.938057">
        <ele>316</ele>
      </trkpt>
      <trkpt lat="37.158023" lon="-7.937877">
        <ele>314.75</ele>
      </trkpt>
      <trkpt lat="37.158125" lon="-7.937512">
        <ele>312</ele>
      </trkpt>
      <trkpt lat="37.158177" lon="-7.937375">
        <ele>311.25</ele>
      </trkpt>
      <trkpt lat="37.158254" lon="-7.937268">
        <ele>311</ele>
      </trkpt>
      <trkpt lat="37.158355" lon="-7.937178">
        <ele>310.75</ele>
      </trkpt>
      <trkpt lat="37.15847" lon="-7.937051">
        <ele>309.75</ele>
      </trkpt>
      <trkpt lat="37.158591" lon="-7.936855">
        <ele>308</ele>
      </trkpt>
      <trkpt lat="37.158709" lon="-7.936565">
        <ele>306</ele>
      </trkpt>
      <trkpt lat="37.158748" lon="-7.936426">
        <ele>305.75</ele>
      </trkpt>
      <trkpt lat="37.158754" lon="-7.936305">
        <ele>305.25</ele>
      </trkpt>
      <trkpt lat="37.158723" lon="-7.93621">
        <ele>305</ele>
      </trkpt>
      <trkpt lat="37.15854695391685" lon="-7.935921767687386">
        <ele>303.7055436570047</ele>
      </trkpt>
      <trkpt lat="37.158547" lon="-7.935922">
        <ele>303.5</ele>
      </trkpt>
      <trkpt lat="37.158519" lon="-7.935876">
        <ele>303.5</ele>
      </trkpt>
      <trkpt lat="37.15847" lon="-7.935819">
        <ele>303.25</ele>
      </trkpt>
      <trkpt lat="37.158449" lon="-7.935789">
        <ele>303.25</ele>
      </trkpt>
      <trkpt lat="37.158423" lon="-7.93575">
        <ele>303.25</ele>
      </trkpt>
      <trkpt lat="37.158344" lon="-7.935691">
        <ele>303.5</ele>
      </trkpt>
      <trkpt lat="37.158279" lon="-7.935643">
        <ele>303.25</ele>
      </trkpt>
      <trkpt lat="37.158208" lon="-7.935606">
        <ele>302.75</ele>
      </trkpt>
      <trkpt lat="37.158185" lon="-7.935599">
        <ele>302.5</ele>
      </trkpt>
      <trkpt lat="37.158145" lon="-7.935586">
        <ele>302.5</ele>
      </trkpt>
      <trkpt lat="37.157987" lon="-7.935582">
        <ele>301.5</ele>
      </trkpt>
      <trkpt lat="37.157603" lon="-7.935647">
        <ele>298.75</ele>
      </trkpt>
      <trkpt lat="37.157506" lon="-7.935636">
        <ele>298.25</ele>
      </trkpt>
      <trkpt lat="37.157427" lon="-7.93559">
        <ele>297.25</ele>
      </trkpt>
      <trkpt lat="37.157369" lon="-7.935535">
        <ele>296.5</ele>
      </trkpt>
      <trkpt lat="37.157315" lon="-7.935428">
        <ele>295.75</ele>
      </trkpt>
      <trkpt lat="37.157283" lon="-7.935297">
        <ele>295.5</ele>
      </trkpt>
      <trkpt lat="37.15727" lon="-7.934929">
        <ele>295.75</ele>
      </trkpt>
      <trkpt lat="37.157243" lon="-7.934819">
        <ele>296</ele>
      </trkpt>
      <trkpt lat="37.1572" lon="-7.934739">
        <ele>295.5</ele>
      </trkpt>
      <trkpt lat="37.157125" lon="-7.934666">
        <ele>294.75</ele>
      </trkpt>
      <trkpt lat="37.156681" lon="-7.934292">
        <ele>290.5</ele>
      </trkpt>
      <trkpt lat="37.156586" lon="-7.934197">
        <ele>289</ele>
      </trkpt>
      <trkpt lat="37.156497" lon="-7.934057">
        <ele>287.5</ele>
      </trkpt>
      <trkpt lat="37.156201" lon="-7.933241">
        <ele>283</ele>
      </trkpt>
      <trkpt lat="37.155804" lon="-7.932142">
        <ele>277.75</ele>
      </trkpt>
      <trkpt lat="37.155744" lon="-7.932054">
        <ele>277.25</ele>
      </trkpt>
      <trkpt lat="37.155677" lon="-7.931985">
        <ele>276.25</ele>
      </trkpt>
      <trkpt lat="37.155562" lon="-7.931898">
        <ele>275</ele>
      </trkpt>
      <trkpt lat="37.15529" lon="-7.931717">
        <ele>272.25</ele>
      </trkpt>
      <trkpt lat="37.155198" lon="-7.93168">
        <ele>271.25</ele>
      </trkpt>
      <trkpt lat="37.155088" lon="-7.931657">
        <ele>270</ele>
      </trkpt>
      <trkpt lat="37.153961" lon="-7.931743">
        <ele>263.25</ele>
      </trkpt>
      <trkpt lat="37.15382" lon="-7.931775">
        <ele>263.5</ele>
      </trkpt>
      <trkpt lat="37.153683" lon="-7.931842">
        <ele>264</ele>
      </trkpt>
      <trkpt lat="37.153589" lon="-7.931904">
        <ele>264.25</ele>
      </trkpt>
      <trkpt lat="37.153513" lon="-7.931943">
        <ele>264.5</ele>
      </trkpt>
      <trkpt lat="37.153363" lon="-7.931972">
        <ele>265.25</ele>
      </trkpt>
      <trkpt lat="37.153333" lon="-7.931976">
        <ele>265.25</ele>
      </trkpt>
      <trkpt lat="37.15311" lon="-7.931995">
        <ele>263.25</ele>
      </trkpt>
      <trkpt lat="37.152991" lon="-7.932019">
        <ele>262.25</ele>
      </trkpt>
      <trkpt lat="37.152899" lon="-7.932059">
        <ele>261.25</ele>
      </trkpt>
      <trkpt lat="37.152826" lon="-7.932129">
        <ele>260.5</ele>
      </trkpt>
      <trkpt lat="37.152779" lon="-7.932191">
        <ele>259.75</ele>
      </trkpt>
      <trkpt lat="37.152738" lon="-7.932274">
        <ele>259.25</ele>
      </trkpt>
      <trkpt lat="37.152679" lon="-7.932432">
        <ele>258.25</ele>
      </trkpt>
      <trkpt lat="37.152649" lon="-7.932502">
        <ele>257.75</ele>
      </trkpt>
      <trkpt lat="37.152589" lon="-7.93259">
        <ele>256.75</ele>
      </trkpt>
      <trkpt lat="37.152501" lon="-7.932663">
        <ele>255.75</ele>
      </trkpt>
      <trkpt lat="37.152364" lon="-7.932719">
        <ele>255</ele>
      </trkpt>
      <trkpt lat="37.152018" lon="-7.932821">
        <ele>253.5</ele>
      </trkpt>
      <trkpt lat="37.151858" lon="-7.932885">
        <ele>252.75</ele>
      </trkpt>
      <trkpt lat="37.151702" lon="-7.932974">
        <ele>252</ele>
      </trkpt>
      <trkpt lat="37.151605" lon="-7.933052">
        <ele>251.25</ele>
      </trkpt>
      <trkpt lat="37.151526" lon="-7.933156">
        <ele>250.75</ele>
      </trkpt>
      <trkpt lat="37.151426" lon="-7.933341">
        <ele>250</ele>
      </trkpt>
      <trkpt lat="37.151377" lon="-7.9334">
        <ele>249.75</ele>
      </trkpt>
      <trkpt lat="37.151334" lon="-7.933427">
        <ele>249.5</ele>
      </trkpt>
      <trkpt lat="37.151244" lon="-7.933454">
        <ele>249.25</ele>
      </trkpt>
      <trkpt lat="37.15098" lon="-7.933491">
        <ele>248.25</ele>
      </trkpt>
      <trkpt lat="37.150936" lon="-7.93351">
        <ele>248.25</ele>
      </trkpt>
      <trkpt lat="37.150821" lon="-7.933526">
        <ele>248</ele>
      </trkpt>
      <trkpt lat="37.150743" lon="-7.933538">
        <ele>248</ele>
      </trkpt>
      <trkpt lat="37.150703" lon="-7.93351">
        <ele>248.25</ele>
      </trkpt>
      <trkpt lat="37.150703" lon="-7.933474">
        <ele>248.25</ele>
      </trkpt>
      <trkpt lat="37.150702" lon="-7.933302">
        <ele>248.25</ele>
      </trkpt>
      <trkpt lat="37.150702" lon="-7.933026">
        <ele>248.75</ele>
      </trkpt>
      <trkpt lat="37.1507" lon="-7.932779">
        <ele>249</ele>
      </trkpt>
      <trkpt lat="37.150699" lon="-7.932267">
        <ele>249.5</ele>
      </trkpt>
      <trkpt lat="37.150697" lon="-7.932085">
        <ele>249.5</ele>
      </trkpt>
      <trkpt lat="37.150696" lon="-7.932047">
        <ele>249.5</ele>
      </trkpt>
      <trkpt lat="37.150696" lon="-7.932005">
        <ele>249.5</ele>
      </trkpt>
      <trkpt lat="37.150692" lon="-7.931838">
        <ele>249.25</ele>
      </trkpt>
      <trkpt lat="37.150688" lon="-7.931573">
        <ele>249</ele>
      </trkpt>
      <trkpt lat="37.150708" lon="-7.931352">
        <ele>248.5</ele>
      </trkpt>
      <trkpt lat="37.150735" lon="-7.931063">
        <ele>248</ele>
      </trkpt>
      <trkpt lat="37.150833" lon="-7.930558">
        <ele>247</ele>
      </trkpt>
      <trkpt lat="37.150903" lon="-7.930197">
        <ele>246.25</ele>
      </trkpt>
      <trkpt lat="37.15093" lon="-7.929956">
        <ele>245.5</ele>
      </trkpt>
      <trkpt lat="37.150943" lon="-7.929701">
        <ele>245</ele>
      </trkpt>
      <trkpt lat="37.150924" lon="-7.929447">
        <ele>244</ele>
      </trkpt>
      <trkpt lat="37.15087" lon="-7.929165">
        <ele>243</ele>
      </trkpt>
      <trkpt lat="37.150774" lon="-7.928728">
        <ele>241.25</ele>
      </trkpt>
      <trkpt lat="37.150693" lon="-7.928371">
        <ele>240</ele>
      </trkpt>
      <trkpt lat="37.150665" lon="-7.928111">
        <ele>239.25</ele>
      </trkpt>
      <trkpt lat="37.150663" lon="-7.927896">
        <ele>238.5</ele>
      </trkpt>
      <trkpt lat="37.150686" lon="-7.927255">
        <ele>236.75</ele>
      </trkpt>
      <trkpt lat="37.150667" lon="-7.927172">
        <ele>236.75</ele>
      </trkpt>
      <trkpt lat="37.150642" lon="-7.927083">
        <ele>236.5</ele>
      </trkpt>
      <trkpt lat="37.150596" lon="-7.927016">
        <ele>236.5</ele>
      </trkpt>
      <trkpt lat="37.150566" lon="-7.926935">
        <ele>236.5</ele>
      </trkpt>
      <trkpt lat="37.150557" lon="-7.926847">
        <ele>236.5</ele>
      </trkpt>
      <trkpt lat="37.150567" lon="-7.926759">
        <ele>236.25</ele>
      </trkpt>
      <trkpt lat="37.150596" lon="-7.926679">
        <ele>236.25</ele>
      </trkpt>
      <trkpt lat="37.150642" lon="-7.926612">
        <ele>236</ele>
      </trkpt>
      <trkpt lat="37.15067" lon="-7.926586">
        <ele>236</ele>
      </trkpt>
      <trkpt lat="37.150727" lon="-7.92651">
        <ele>235.75</ele>
      </trkpt>
      <trkpt lat="37.150776" lon="-7.926397">
        <ele>235.25</ele>
      </trkpt>
      <trkpt lat="37.15081" lon="-7.926241">
        <ele>235</ele>
      </trkpt>
      <trkpt lat="37.150821" lon="-7.926094">
        <ele>234.5</ele>
      </trkpt>
      <trkpt lat="37.150804" lon="-7.925836">
        <ele>234</ele>
      </trkpt>
      <trkpt lat="37.15077" lon="-7.925614">
        <ele>234</ele>
      </trkpt>
      <trkpt lat="37.150708" lon="-7.925351">
        <ele>234</ele>
      </trkpt>
      <trkpt lat="37.150633" lon="-7.925152">
        <ele>233.75</ele>
      </trkpt>
      <trkpt lat="37.150547" lon="-7.924973">
        <ele>233.5</ele>
      </trkpt>
      <trkpt lat="37.150449" lon="-7.924809">
        <ele>233.25</ele>
      </trkpt>
      <trkpt lat="37.150352" lon="-7.924647">
        <ele>232.75</ele>
      </trkpt>
      <trkpt lat="37.150212" lon="-7.924471">
        <ele>232.25</ele>
      </trkpt>
      <trkpt lat="37.149999" lon="-7.924245">
        <ele>231</ele>
      </trkpt>
      <trkpt lat="37.149497" lon="-7.92374">
        <ele>230.25</ele>
      </trkpt>
      <trkpt lat="37.149209" lon="-7.92343">
        <ele>229.25</ele>
      </trkpt>
      <trkpt lat="37.148963" lon="-7.923133">
        <ele>230.75</ele>
      </trkpt>
      <trkpt lat="37.148704" lon="-7.922749">
        <ele>232.5</ele>
      </trkpt>
      <trkpt lat="37.148579" lon="-7.922531">
        <ele>233.25</ele>
      </trkpt>
      <trkpt lat="37.148429" lon="-7.922226">
        <ele>233.25</ele>
      </trkpt>
      <trkpt lat="37.14826" lon="-7.921784">
        <ele>233.75</ele>
      </trkpt>
      <trkpt lat="37.14813" lon="-7.921351">
        <ele>235</ele>
      </trkpt>
      <trkpt lat="37.14804" lon="-7.920877">
        <ele>235</ele>
      </trkpt>
      <trkpt lat="37.14799" lon="-7.920453">
        <ele>233.5</ele>
      </trkpt>
      <trkpt lat="37.147978" lon="-7.920027">
        <ele>231.5</ele>
      </trkpt>
      <trkpt lat="37.14799" lon="-7.919616">
        <ele>229</ele>
      </trkpt>
      <trkpt lat="37.14801" lon="-7.919359">
        <ele>228.5</ele>
      </trkpt>
      <trkpt lat="37.148078" lon="-7.918836">
        <ele>227.75</ele>
      </trkpt>
      <trkpt lat="37.148253" lon="-7.917599">
        <ele>226</ele>
      </trkpt>
      <trkpt lat="37.148339" lon="-7.916999">
        <ele>226</ele>
      </trkpt>
      <trkpt lat="37.14835" lon="-7.916744">
        <ele>227.75</ele>
      </trkpt>
      <trkpt lat="37.14835" lon="-7.916395">
        <ele>229</ele>
      </trkpt>
      <trkpt lat="37.148311" lon="-7.915998">
        <ele>230</ele>
      </trkpt>
      <trkpt lat="37.148238" lon="-7.91558">
        <ele>229.25</ele>
      </trkpt>
      <trkpt lat="37.147945" lon="-7.914051">
        <ele>223.75</ele>
      </trkpt>
      <trkpt lat="37.147869" lon="-7.91353">
        <ele>221</ele>
      </trkpt>
      <trkpt lat="37.147828" lon="-7.913045">
        <ele>218</ele>
      </trkpt>
      <trkpt lat="37.147821" lon="-7.912629">
        <ele>215.5</ele>
      </trkpt>
      <trkpt lat="37.147858" lon="-7.911669">
        <ele>213.5</ele>
      </trkpt>
      <trkpt lat="37.147913" lon="-7.91054">
        <ele>213.75</ele>
      </trkpt>
      <trkpt lat="37.147931" lon="-7.909974">
        <ele>214.75</ele>
      </trkpt>
      <trkpt lat="37.147907" lon="-7.909478">
        <ele>215.75</ele>
      </trkpt>
      <trkpt lat="37.147836" lon="-7.908992">
        <ele>216</ele>
      </trkpt>
      <trkpt lat="37.147736" lon="-7.908571">
        <ele>216</ele>
      </trkpt>
      <trkpt lat="37.147642" lon="-7.908265">
        <ele>215.75</ele>
      </trkpt>
      <trkpt lat="37.147362" lon="-7.907485">
        <ele>213.25</ele>
      </trkpt>
      <trkpt lat="37.147088" lon="-7.906702">
        <ele>210</ele>
      </trkpt>
      <trkpt lat="37.146966" lon="-7.906246">
        <ele>208.75</ele>
      </trkpt>
      <trkpt lat="37.14687" lon="-7.905709">
        <ele>208</ele>
      </trkpt>
      <trkpt lat="37.146825" lon="-7.905288">
        <ele>207.5</ele>
      </trkpt>
      <trkpt lat="37.146814" lon="-7.904794">
        <ele>207.25</ele>
      </trkpt>
      <trkpt lat="37.14681" lon="-7.903952">
        <ele>207.25</ele>
      </trkpt>
      <trkpt lat="37.146793" lon="-7.903695">
        <ele>207.25</ele>
      </trkpt>
      <trkpt lat="37.146774" lon="-7.903451">
        <ele>207.5</ele>
      </trkpt>
      <trkpt lat="37.146727" lon="-7.903113">
        <ele>207.5</ele>
      </trkpt>
      <trkpt lat="37.146639" lon="-7.902576">
        <ele>207.75</ele>
      </trkpt>
      <trkpt lat="37.146618" lon="-7.90249">
        <ele>207.75</ele>
      </trkpt>
      <trkpt lat="37.146575" lon="-7.902418">
        <ele>207.25</ele>
      </trkpt>
      <trkpt lat="37.146503" lon="-7.902313">
        <ele>207</ele>
      </trkpt>
      <trkpt lat="37.146463" lon="-7.902259">
        <ele>206.75</ele>
      </trkpt>
      <trkpt lat="37.14643" lon="-7.902206">
        <ele>206.5</ele>
      </trkpt>
      <trkpt lat="37.146405" lon="-7.902106">
        <ele>206.25</ele>
      </trkpt>
      <trkpt lat="37.146408" lon="-7.902001">
        <ele>206.25</ele>
      </trkpt>
      <trkpt lat="37.146421" lon="-7.90195">
        <ele>206.25</ele>
      </trkpt>
      <trkpt lat="37.146466" lon="-7.901861">
        <ele>206.25</ele>
      </trkpt>
      <trkpt lat="37.146507" lon="-7.901683">
        <ele>206.25</ele>
      </trkpt>
      <trkpt lat="37.146521" lon="-7.901514">
        <ele>206.5</ele>
      </trkpt>
      <trkpt lat="37.146455" lon="-7.900736">
        <ele>207.5</ele>
      </trkpt>
      <trkpt lat="37.146453" lon="-7.900366">
        <ele>208.25</ele>
      </trkpt>
      <trkpt lat="37.146464" lon="-7.900058">
        <ele>209</ele>
      </trkpt>
      <trkpt lat="37.146524" lon="-7.899709">
        <ele>208.75</ele>
      </trkpt>
      <trkpt lat="37.146618" lon="-7.899234">
        <ele>207.75</ele>
      </trkpt>
      <trkpt lat="37.146688" lon="-7.898953">
        <ele>207.5</ele>
      </trkpt>
      <trkpt lat="37.146776" lon="-7.898545">
        <ele>207.25</ele>
      </trkpt>
      <trkpt lat="37.146819" lon="-7.89822">
        <ele>207.25</ele>
      </trkpt>
      <trkpt lat="37.146834" lon="-7.897869">
        <ele>208</ele>
      </trkpt>
      <trkpt lat="37.146827" lon="-7.89741">
        <ele>208.75</ele>
      </trkpt>
      <trkpt lat="37.146746" lon="-7.894709">
        <ele>212.5</ele>
      </trkpt>
      <trkpt lat="37.146661" lon="-7.893319">
        <ele>211.75</ele>
      </trkpt>
      <trkpt lat="37.146637" lon="-7.893167">
        <ele>211.75</ele>
      </trkpt>
      <trkpt lat="37.146599" lon="-7.893084">
        <ele>211.75</ele>
      </trkpt>
      <trkpt lat="37.146562" lon="-7.893001">
        <ele>211.75</ele>
      </trkpt>
      <trkpt lat="37.146532" lon="-7.892966">
        <ele>211.75</ele>
      </trkpt>
      <trkpt lat="37.146499" lon="-7.892913">
        <ele>211.75</ele>
      </trkpt>
      <trkpt lat="37.146477" lon="-7.892852">
        <ele>211.75</ele>
      </trkpt>
      <trkpt lat="37.146402" lon="-7.892727">
        <ele>211.75</ele>
      </trkpt>
      <trkpt lat="37.146327" lon="-7.892655">
        <ele>211.5</ele>
      </trkpt>
      <trkpt lat="37.145918" lon="-7.89246">
        <ele>211</ele>
      </trkpt>
      <trkpt lat="37.145628" lon="-7.892269">
        <ele>210</ele>
      </trkpt>
      <trkpt lat="37.144877" lon="-7.891739">
        <ele>206.25</ele>
      </trkpt>
      <trkpt lat="37.144403" lon="-7.891397">
        <ele>201.25</ele>
      </trkpt>
      <trkpt lat="37.144294" lon="-7.891336">
        <ele>200.25</ele>
      </trkpt>
      <trkpt lat="37.144249" lon="-7.891311">
        <ele>199.75</ele>
      </trkpt>
      <trkpt lat="37.144167" lon="-7.8913">
        <ele>198.5</ele>
      </trkpt>
      <trkpt lat="37.14416552335024" lon="-7.891317252069712">
        <ele>213.6</ele>
      </trkpt>
      <trkpt lat="37.14402529411018" lon="-7.89131767116487">
        <ele>211.8</ele>
      </trkpt>
      <trkpt lat="37.143891183659434" lon="-7.89135966449976">
        <ele>210.2</ele>
      </trkpt>
      <trkpt lat="37.14376939460635" lon="-7.891437113285065">
        <ele>209</ele>
      </trkpt>
      <trkpt lat="37.14354400523007" lon="-7.891641715541482">
        <ele>207.2</ele>
      </trkpt>
      <trkpt lat="37.143432945013046" lon="-7.89175059646368">
        <ele>206.2</ele>
      </trkpt>
      <trkpt lat="37.14320931583643" lon="-7.89196508936584">
        <ele>204.8</ele>
      </trkpt>
      <trkpt lat="37.142984848469496" lon="-7.892144378274679">
        <ele>202.4</ele>
      </trkpt>
      <trkpt lat="37.14286599308252" lon="-7.892194669693708">
        <ele>201.4</ele>
      </trkpt>
      <trkpt lat="37.142743365839124" lon="-7.892202129587531">
        <ele>200.6</ele>
      </trkpt>
      <trkpt lat="37.14262216351926" lon="-7.892167596146464">
        <ele>199.8</ele>
      </trkpt>
      <trkpt lat="37.14239367283881" lon="-7.892033569514751">
        <ele>198.2</ele>
      </trkpt>
      <trkpt lat="37.142283618450165" lon="-7.891950588673353">
        <ele>197.2</ele>
      </trkpt>
      <trkpt lat="37.1421745698899" lon="-7.891863081604242">
        <ele>196.8</ele>
      </trkpt>
      <trkpt lat="37.141845328733325" lon="-7.891597207635641">
        <ele>195.8</ele>
      </trkpt>
      <trkpt lat="37.141490522772074" lon="-7.891373243182898">
        <ele>194.8</ele>
      </trkpt>
      <trkpt lat="37.14136144146323" lon="-7.891323873773217">
        <ele>194.6</ele>
      </trkpt>
      <trkpt lat="37.14081712067127" lon="-7.891193954274058">
        <ele>193.8</ele>
      </trkpt>
      <trkpt lat="37.14067722670734" lon="-7.891164198517799">
        <ele>193.6</ele>
      </trkpt>
      <trkpt lat="37.14039442129433" lon="-7.891106614843011">
        <ele>192.4</ele>
      </trkpt>
      <trkpt lat="37.14011186733842" lon="-7.891077110543847">
        <ele>191</ele>
      </trkpt>
      <trkpt lat="37.1398295648396" lon="-7.891092784702778">
        <ele>189.8</ele>
      </trkpt>
      <trkpt lat="37.13955195620656" lon="-7.891136035323143">
        <ele>188</ele>
      </trkpt>
      <trkpt lat="37.139274599030614" lon="-7.891183979809284">
        <ele>185.8</ele>
      </trkpt>
      <trkpt lat="37.1391352917999" lon="-7.891208538785577">
        <ele>184.6</ele>
      </trkpt>
      <trkpt lat="37.13885650970042" lon="-7.891265619546175">
        <ele>182.8</ele>
      </trkpt>
      <trkpt lat="37.13871644809842" lon="-7.891295123845339">
        <ele>181.8</ele>
      </trkpt>
      <trkpt lat="37.13857571594417" lon="-7.891323454678059">
        <ele>180.8</ele>
      </trkpt>
      <trkpt lat="37.13829525746405" lon="-7.891381373628974">
        <ele>179.4</ele>
      </trkpt>
      <trkpt lat="37.138152765110135" lon="-7.891398137435317">
        <ele>179</ele>
      </trkpt>
      <trkpt lat="37.13800800964236" lon="-7.891395036131144">
        <ele>178.2</ele>
      </trkpt>
      <trkpt lat="37.137732077389956" lon="-7.891300655901432">
        <ele>176.4</ele>
      </trkpt>
      <trkpt lat="37.13752655312419" lon="-7.891050036996603">
        <ele>174.8</ele>
      </trkpt>
      <trkpt lat="37.137432005256414" lon="-7.890695231035352">
        <ele>173.4</ele>
      </trkpt>
      <trkpt lat="37.13732706382871" lon="-7.89035358466208">
        <ele>172</ele>
      </trkpt>
      <trkpt lat="37.13711374439299" lon="-7.89012392051518">
        <ele>170.2</ele>
      </trkpt>
      <trkpt lat="37.13685030117631" lon="-7.890111096203327">
        <ele>168.2</ele>
      </trkpt>
      <trkpt lat="37.13670512661338" lon="-7.890140851959586">
        <ele>167</ele>
      </trkpt>
      <trkpt lat="37.13655961677432" lon="-7.890177816152573">
        <ele>165.6</ele>
      </trkpt>
      <trkpt lat="37.136418633162975" lon="-7.890234980732203">
        <ele>164.8</ele>
      </trkpt>
      <trkpt lat="37.13628586381674" lon="-7.890320140868425">
        <ele>163.2</ele>
      </trkpt>
      <trkpt lat="37.136159213259816" lon="-7.890418292954564">
        <ele>161.6</ele>
      </trkpt>
      <trkpt lat="37.136027198284864" lon="-7.890502698719502">
        <ele>160.4</ele>
      </trkpt>
      <trkpt lat="37.13572796434164" lon="-7.890527173876762">
        <ele>158.8</ele>
      </trkpt>
      <trkpt lat="37.13558807037771" lon="-7.890469674021006">
        <ele>157.8</ele>
      </trkpt>
      <trkpt lat="37.13546711951494" lon="-7.890385519713163">
        <ele>156.6</ele>
      </trkpt>
      <trkpt lat="37.13535790331662" lon="-7.890278901904821">
        <ele>155.2</ele>
      </trkpt>
      <trkpt lat="37.13524969294667" lon="-7.890165662392974">
        <ele>154</ele>
      </trkpt>
      <trkpt lat="37.13503981009126" lon="-7.889938931912184">
        <ele>152.8</ele>
      </trkpt>
      <trkpt lat="37.13452625088394" lon="-7.889728546142578">
        <ele>152.2</ele>
      </trkpt>
      <trkpt lat="37.13426347821951" lon="-7.889775233343244">
        <ele>152.2</ele>
      </trkpt>
      <trkpt lat="37.133667189627886" lon="-7.889926107600331">
        <ele>152.2</ele>
      </trkpt>
      <trkpt lat="37.13308649137616" lon="-7.890251073986292">
        <ele>152.6</ele>
      </trkpt>
      <trkpt lat="37.132875015959144" lon="-7.890498340129852">
        <ele>153</ele>
      </trkpt>
      <trkpt lat="37.13276479393244" lon="-7.890684083104134">
        <ele>153.4</ele>
      </trkpt>
      <trkpt lat="37.13271559216082" lon="-7.890777206048369">
        <ele>153.8</ele>
      </trkpt>
      <trkpt lat="37.13243111036718" lon="-7.891351114958525">
        <ele>154.8</ele>
      </trkpt>
      <trkpt lat="37.132263807579875" lon="-7.89169535972178">
        <ele>156.2</ele>
      </trkpt>
      <trkpt lat="37.13222776539624" lon="-7.891756296157837">
        <ele>156.8</ele>
      </trkpt>
      <trkpt lat="37.13219113647938" lon="-7.891815304756165">
        <ele>157.4</ele>
      </trkpt>
      <trkpt lat="37.132092816755176" lon="-7.891997778788209">
        <ele>158.6</ele>
      </trkpt>
      <trkpt lat="37.13199122808874" lon="-7.892182432115078">
        <ele>159.6</ele>
      </trkpt>
      <trkpt lat="37.131635500118136" lon="-7.892701774835587">
        <ele>160.2</ele>
      </trkpt>
      <trkpt lat="37.13128739967942" lon="-7.893178202211857">
        <ele>158.8</ele>
      </trkpt>
      <trkpt lat="37.13109428063035" lon="-7.893444914370775">
        <ele>157.6</ele>
      </trkpt>
      <trkpt lat="37.1309448312968" lon="-7.893604254350066">
        <ele>156</ele>
      </trkpt>
      <trkpt lat="37.130769146606326" lon="-7.89371632039547">
        <ele>154.6</ele>
      </trkpt>
      <trkpt lat="37.13047376833856" lon="-7.893801480531693">
        <ele>153.2</ele>
      </trkpt>
      <trkpt lat="37.13036773726344" lon="-7.893808856606484">
        <ele>152.2</ele>
      </trkpt>
      <trkpt lat="37.130259023979306" lon="-7.893812628462911">
        <ele>150.6</ele>
      </trkpt>
      <trkpt lat="37.13003874756396" lon="-7.893815645948052">
        <ele>149.2</ele>
      </trkpt>
      <trkpt lat="37.12970950640738" lon="-7.893796116113663">
        <ele>148.6</ele>
      </trkpt>
      <trkpt lat="37.129409769549966" lon="-7.893667621538043">
        <ele>148</ele>
      </trkpt>
      <trkpt lat="37.1293181553483" lon="-7.893609032034874">
        <ele>147</ele>
      </trkpt>
      <trkpt lat="37.129227044060826" lon="-7.893548766151071">
        <ele>146.6</ele>
      </trkpt>
      <trkpt lat="37.1288294903934" lon="-7.893365621566773">
        <ele>145.8</ele>
      </trkpt>
      <trkpt lat="37.12837460450828" lon="-7.893313067033887">
        <ele>145.6</ele>
      </trkpt>
      <trkpt lat="37.12801778689027" lon="-7.893296806141734">
        <ele>144.6</ele>
      </trkpt>
      <trkpt lat="37.12778527289629" lon="-7.89329613558948">
        <ele>143</ele>
      </trkpt>
      <trkpt lat="37.12767354212701" lon="-7.893315497785807">
        <ele>142.2</ele>
      </trkpt>
      <trkpt lat="37.12756751105189" lon="-7.89335472509265">
        <ele>141.6</ele>
      </trkpt>
      <trkpt lat="37.127250004559755" lon="-7.893690085038543">
        <ele>140.8</ele>
      </trkpt>
      <trkpt lat="37.12688765488565" lon="-7.894277991726995">
        <ele>140.8</ele>
      </trkpt>
      <trkpt lat="37.126539973542094" lon="-7.894852738827467">
        <ele>141</ele>
      </trkpt>
      <trkpt lat="37.12619908154011" lon="-7.895508538931608">
        <ele>141</ele>
      </trkpt>
      <trkpt lat="37.12611115537584" lon="-7.895755302160978">
        <ele>140.4</ele>
      </trkpt>
      <trkpt lat="37.1260785497725" lon="-7.895884551107884">
        <ele>139.8</ele>
      </trkpt>
      <trkpt lat="37.126059690490365" lon="-7.896017404273152">
        <ele>139.2</ele>
      </trkpt>
      <trkpt lat="37.126071425154805" lon="-7.896281518042088">
        <ele>137.2</ele>
      </trkpt>
      <trkpt lat="37.12609204463661" lon="-7.896408336237073">
        <ele>136.4</ele>
      </trkpt>
      <trkpt lat="37.12611509487033" lon="-7.896531047299504">
        <ele>135.6</ele>
      </trkpt>
      <trkpt lat="37.1261699963361" lon="-7.897006385028362">
        <ele>135.2</ele>
      </trkpt>
      <trkpt lat="37.12606622837484" lon="-7.897452637553215">
        <ele>135.2</ele>
      </trkpt>
      <trkpt lat="37.12580161169171" lon="-7.898115813732147">
        <ele>135</ele>
      </trkpt>
      <trkpt lat="37.125548059120774" lon="-7.898712353780866">
        <ele>135.2</ele>
      </trkpt>
      <trkpt lat="37.12551084347069" lon="-7.898800782859325">
        <ele>135.2</ele>
      </trkpt>
      <trkpt lat="37.12517556734383" lon="-7.899373015388846">
        <ele>135.8</ele>
      </trkpt>
      <trkpt lat="37.125079007819295" lon="-7.899490026757121">
        <ele>136.6</ele>
      </trkpt>
      <trkpt lat="37.124930229038" lon="-7.899656407535076">
        <ele>138.4</ele>
      </trkpt>
      <trkpt lat="37.12461062707007" lon="-7.899987827986479">
        <ele>139.6</ele>
      </trkpt>
      <trkpt lat="37.124147946015" lon="-7.900461237877607">
        <ele>140.2</ele>
      </trkpt>
      <trkpt lat="37.12372960522771" lon="-7.900901790708304">
        <ele>140</ele>
      </trkpt>
      <trkpt lat="37.12350522167981" lon="-7.901140423491597">
        <ele>138.8</ele>
      </trkpt>
      <trkpt lat="37.1234312094748" lon="-7.901223488152027">
        <ele>137.8</ele>
      </trkpt>
      <trkpt lat="37.12328754365444" lon="-7.901407554745674">
        <ele>136.4</ele>
      </trkpt>
      <trkpt lat="37.123156785964966" lon="-7.901618778705597">
        <ele>134.6</ele>
      </trkpt>
      <trkpt lat="37.123093670234084" lon="-7.901730425655842">
        <ele>133.6</ele>
      </trkpt>
      <trkpt lat="37.123029632493854" lon="-7.901844754815102">
        <ele>132.4</ele>
      </trkpt>
      <trkpt lat="37.12290004827082" lon="-7.902080034837127">
        <ele>131.4</ele>
      </trkpt>
      <trkpt lat="37.122774571180344" lon="-7.902321014553309">
        <ele>130.2</ele>
      </trkpt>
      <trkpt lat="37.122715059667826" lon="-7.90244129486382">
        <ele>129</ele>
      </trkpt>
      <trkpt lat="37.122594779357314" lon="-7.902673725038767">
        <ele>128</ele>
      </trkpt>
      <trkpt lat="37.122468296438456" lon="-7.902895761653781">
        <ele>126</ele>
      </trkpt>
      <trkpt lat="37.12224869057536" lon="-7.903193905949593">
        <ele>125</ele>
      </trkpt>
      <trkpt lat="37.121637063100934" lon="-7.903391048312187">
        <ele>124.2</ele>
      </trkpt>
      <trkpt lat="37.12141988798976" lon="-7.903373781591654">
        <ele>124</ele>
      </trkpt>
      <trkpt lat="37.12087607011199" lon="-7.903317455202341">
        <ele>122.2</ele>
      </trkpt>
      <trkpt lat="37.120662247762084" lon="-7.903297757729888">
        <ele>120.8</ele>
      </trkpt>
      <trkpt lat="37.12034692056477" lon="-7.903284262865782">
        <ele>120</ele>
      </trkpt>
      <trkpt lat="37.11974551901221" lon="-7.903314605355263">
        <ele>119.4</ele>
      </trkpt>
      <trkpt lat="37.119159288704395" lon="-7.90349381044507">
        <ele>119.2</ele>
      </trkpt>
      <trkpt lat="37.119060633704066" lon="-7.903537983074784">
        <ele>118.8</ele>
      </trkpt>
      <trkpt lat="37.11875628679991" lon="-7.903682738542557">
        <ele>117.6</ele>
      </trkpt>
      <trkpt lat="37.118443390354514" lon="-7.903838474303484">
        <ele>116.2</ele>
      </trkpt>
      <trkpt lat="37.118016332387924" lon="-7.904052212834358">
        <ele>114.8</ele>
      </trkpt>
      <trkpt lat="37.11781474761665" lon="-7.904178695753217">
        <ele>113.6</ele>
      </trkpt>
      <trkpt lat="37.11763076484203" lon="-7.904326468706131">
        <ele>111.8</ele>
      </trkpt>
      <trkpt lat="37.11747192777693" lon="-7.904492849484086">
        <ele>110.4</ele>
      </trkpt>
      <trkpt lat="37.1170574426651" lon="-7.904997523874044">
        <ele>109.4</ele>
      </trkpt>
      <trkpt lat="37.116657039150596" lon="-7.905493397265673">
        <ele>109.8</ele>
      </trkpt>
      <trkpt lat="37.11628102697432" lon="-7.906012488529086">
        <ele>110.6</ele>
      </trkpt>
      <trkpt lat="37.11593493819237" lon="-7.90656141936779">
        <ele>110</ele>
      </trkpt>
      <trkpt lat="37.115651881322265" lon="-7.907005911692977">
        <ele>109.6</ele>
      </trkpt>
      <trkpt lat="37.11520856246352" lon="-7.907388294115663">
        <ele>109.2</ele>
      </trkpt>
      <trkpt lat="37.11465979926288" lon="-7.907620472833514">
        <ele>109.2</ele>
      </trkpt>
      <trkpt lat="37.11418219842017" lon="-7.907849466428161">
        <ele>108.2</ele>
      </trkpt>
      <trkpt lat="37.11367727257311" lon="-7.908071419224143">
        <ele>107.2</ele>
      </trkpt>
      <trkpt lat="37.11327217519283" lon="-7.908208463340998">
        <ele>106</ele>
      </trkpt>
      <trkpt lat="37.112965900450945" lon="-7.908252719789743">
        <ele>105</ele>
      </trkpt>
      <trkpt lat="37.112335078418255" lon="-7.908253222703934">
        <ele>104.4</ele>
      </trkpt>
      <trkpt lat="37.111702244728804" lon="-7.908256994560361">
        <ele>104</ele>
      </trkpt>
      <trkpt lat="37.11159830912948" lon="-7.908263867720962">
        <ele>103.8</ele>
      </trkpt>
      <trkpt lat="37.11097050458193" lon="-7.90832438506186">
        <ele>102.6</ele>
      </trkpt>
      <trkpt lat="37.110449401661754" lon="-7.90834148414433">
        <ele>101.8</ele>
      </trkpt>
      <trkpt lat="37.1099238563329" lon="-7.90829504840076">
        <ele>100.4</ele>
      </trkpt>
      <trkpt lat="37.10960207507014" lon="-7.908264873549342">
        <ele>99.2</ele>
      </trkpt>
      <trkpt lat="37.108965050429106" lon="-7.908211816102266">
        <ele>98.6</ele>
      </trkpt>
      <trkpt lat="37.10885734297335" lon="-7.908203182742">
        <ele>98.2</ele>
      </trkpt>
      <trkpt lat="37.108638659119606" lon="-7.9081807192415">
        <ele>97.2</ele>
      </trkpt>
      <trkpt lat="37.10821277461946" lon="-7.908095978200436">
        <ele>96.2</ele>
      </trkpt>
      <trkpt lat="37.10793483071029" lon="-7.907912414520979">
        <ele>96</ele>
      </trkpt>
      <trkpt lat="37.107444908469915" lon="-7.907433556392789">
        <ele>95</ele>
      </trkpt>
      <trkpt lat="37.10736460983753" lon="-7.907355185598135">
        <ele>94.8</ele>
      </trkpt>
      <trkpt lat="37.106854571029544" lon="-7.90696551091969">
        <ele>94.2</ele>
      </trkpt>
      <trkpt lat="37.10666916333139" lon="-7.906883703544736">
        <ele>94</ele>
      </trkpt>
      <trkpt lat="37.10608368739486" lon="-7.906788317486644">
        <ele>93.2</ele>
      </trkpt>
      <trkpt lat="37.10578386671841" lon="-7.90676367469132">
        <ele>92.8</ele>
      </trkpt>
      <trkpt lat="37.10549460723996" lon="-7.906728135421872">
        <ele>92.6</ele>
      </trkpt>
      <trkpt lat="37.104921201244" lon="-7.906536860391498">
        <ele>92.8</ele>
      </trkpt>
      <trkpt lat="37.104507302865386" lon="-7.906274339184165">
        <ele>92.4</ele>
      </trkpt>
      <trkpt lat="37.10415752604604" lon="-7.905637733638287">
        <ele>92.6</ele>
      </trkpt>
      <trkpt lat="37.10390347056091" lon="-7.90497774258256">
        <ele>92.4</ele>
      </trkpt>
      <trkpt lat="37.10380439646542" lon="-7.904825946316123">
        <ele>92.6</ele>
      </trkpt>
      <trkpt lat="37.103276336565614" lon="-7.904495364055038">
        <ele>93.4</ele>
      </trkpt>
      <trkpt lat="37.10274123586714" lon="-7.90436552837491">
        <ele>93.4</ele>
      </trkpt>
      <trkpt lat="37.102140337228775" lon="-7.904227646067739">
        <ele>93.4</ele>
      </trkpt>
      <trkpt lat="37.10176398977637" lon="-7.904245667159557">
        <ele>93.2</ele>
      </trkpt>
      <trkpt lat="37.10119552910328" lon="-7.9045404586941">
        <ele>92.4</ele>
      </trkpt>
      <trkpt lat="37.10105085745454" lon="-7.904629306867719">
        <ele>92</ele>
      </trkpt>
      <trkpt lat="37.10073636844754" lon="-7.904808009043336">
        <ele>91</ele>
      </trkpt>
      <trkpt lat="37.10065305233002" lon="-7.904853858053684">
        <ele>90.8</ele>
      </trkpt>
      <trkpt lat="37.1002013515681" lon="-7.905097184702754">
        <ele>90</ele>
      </trkpt>
      <trkpt lat="37.09978980012238" lon="-7.905271276831627">
        <ele>88.8</ele>
      </trkpt>
      <trkpt lat="37.09946223534644" lon="-7.905406644567847">
        <ele>87</ele>
      </trkpt>
      <trkpt lat="37.09923768416047" lon="-7.905493229627609">
        <ele>85.4</ele>
      </trkpt>
      <trkpt lat="37.099020425230265" lon="-7.905577886849642">
        <ele>83.6</ele>
      </trkpt>
      <trkpt lat="37.09880517795682" lon="-7.905661622062326">
        <ele>82.4</ele>
      </trkpt>
      <trkpt lat="37.098590433597565" lon="-7.905745692551136">
        <ele>80.8</ele>
      </trkpt>
      <trkpt lat="37.09838004782796" lon="-7.905823644250631">
        <ele>79.4</ele>
      </trkpt>
      <trkpt lat="37.09796849638224" lon="-7.9059755243361">
        <ele>78.2</ele>
      </trkpt>
      <trkpt lat="37.097664987668395" lon="-7.906089434400201">
        <ele>77.2</ele>
      </trkpt>
      <trkpt lat="37.097068866714835" lon="-7.90630241855979">
        <ele>76.2</ele>
      </trkpt>
      <trkpt lat="37.09697431884706" lon="-7.906335527077317">
        <ele>76</ele>
      </trkpt>
      <trkpt lat="37.09644122980535" lon="-7.906534010544419">
        <ele>75.6</ele>
      </trkpt>
      <trkpt lat="37.09587964229286" lon="-7.90675294585526">
        <ele>75.8</ele>
      </trkpt>
      <trkpt lat="37.09534437395632" lon="-7.906962241977453">
        <ele>76.4</ele>
      </trkpt>
      <trkpt lat="37.095034662634134" lon="-7.907069362699986">
        <ele>76.4</ele>
      </trkpt>
      <trkpt lat="37.09472352638841" lon="-7.907188721001148">
        <ele>76.6</ele>
      </trkpt>
      <trkpt lat="37.094308622181416" lon="-7.907326184213162">
        <ele>76.8</ele>
      </trkpt>
      <trkpt lat="37.093769162893295" lon="-7.9075245000422">
        <ele>76.4</ele>
      </trkpt>
      <trkpt lat="37.093270691111684" lon="-7.907711248844862">
        <ele>75</ele>
      </trkpt>
      <trkpt lat="37.092966344207525" lon="-7.907833373174071">
        <ele>73.8</ele>
      </trkpt>
      <trkpt lat="37.092679515480995" lon="-7.907968740910292">
        <ele>72.6</ele>
      </trkpt>
      <trkpt lat="37.09250877611339" lon="-7.908078711479902">
        <ele>71.4</ele>
      </trkpt>
      <trkpt lat="37.09242856130004" lon="-7.908137300983071">
        <ele>70</ele>
      </trkpt>
      <trkpt lat="37.0921440795064" lon="-7.908394038677216">
        <ele>68.8</ele>
      </trkpt>
      <trkpt lat="37.091800421476364" lon="-7.908783461898565">
        <ele>68.8</ele>
      </trkpt>
      <trkpt lat="37.09155449643731" lon="-7.909078169614077">
        <ele>70</ele>
      </trkpt>
      <trkpt lat="37.091414015740156" lon="-7.909246478229761">
        <ele>71.2</ele>
      </trkpt>
      <trkpt lat="37.09127646870911" lon="-7.909409673884511">
        <ele>72.4</ele>
      </trkpt>
      <trkpt lat="37.0910457149148" lon="-7.909689964726567">
        <ele>73.6</ele>
      </trkpt>
      <trkpt lat="37.090851590037346" lon="-7.909925496205688">
        <ele>74.6</ele>
      </trkpt>
      <trkpt lat="37.09044900722802" lon="-7.910408210009337">
        <ele>75.6</ele>
      </trkpt>
      <trkpt lat="37.09002781659365" lon="-7.91091900318861">
        <ele>75.6</ele>
      </trkpt>
      <trkpt lat="37.089714081957936" lon="-7.911293674260378">
        <ele>75.2</ele>
      </trkpt>
      <trkpt lat="37.08954904228449" lon="-7.911489391699433">
        <ele>75</ele>
      </trkpt>
      <trkpt lat="37.08926321938634" lon="-7.911854591220617">
        <ele>74.8</ele>
      </trkpt>
      <trkpt lat="37.08912240341306" lon="-7.912130858749151">
        <ele>74.4</ele>
      </trkpt>
      <trkpt lat="37.08906062878668" lon="-7.912451550364494">
        <ele>73.6</ele>
      </trkpt>
      <trkpt lat="37.089056270197034" lon="-7.912675011903048">
        <ele>73.2</ele>
      </trkpt>
      <trkpt lat="37.08905853331089" lon="-7.912787329405546">
        <ele>72.4</ele>
      </trkpt>
      <trkpt lat="37.089131120592356" lon="-7.913212710991502">
        <ele>71.2</ele>
      </trkpt>
      <trkpt lat="37.08917671814561" lon="-7.913400297984481">
        <ele>70.6</ele>
      </trkpt>
      <trkpt lat="37.08874228410423" lon="-7.913592243567109">
        <ele>70.6</ele>
      </trkpt>
      <trkpt lat="37.08865251392126" lon="-7.913591656833887">
        <ele>70.6</ele>
      </trkpt>
      <trkpt lat="37.08837096579373" lon="-7.913597356528044">
        <ele>70.4</ele>
      </trkpt>
      <trkpt lat="37.08797123283148" lon="-7.913610516116023">
        <ele>70.4</ele>
      </trkpt>
      <trkpt lat="37.08746027201414" lon="-7.913643373176456">
        <ele>70.4</ele>
      </trkpt>
      <trkpt lat="37.08684260956943" lon="-7.913693832233548">
        <ele>70</ele>
      </trkpt>
      <trkpt lat="37.08652753382921" lon="-7.913719732314348">
        <ele>69.2</ele>
      </trkpt>
      <trkpt lat="37.0861138869077" lon="-7.913750745356083">
        <ele>68.2</ele>
      </trkpt>
      <trkpt lat="37.08581708371639" lon="-7.91377647779882">
        <ele>67</ele>
      </trkpt>
      <trkpt lat="37.08562438376248" lon="-7.913792235776782">
        <ele>66.2</ele>
      </trkpt>
      <trkpt lat="37.08504200913012" lon="-7.913826769217849">
        <ele>65.4</ele>
      </trkpt>
      <trkpt lat="37.0847462117672" lon="-7.913844874128699">
        <ele>65</ele>
      </trkpt>
      <trkpt lat="37.08414942026138" lon="-7.913879491388798">
        <ele>64.6</ele>
      </trkpt>
      <trkpt lat="37.08355329930782" lon="-7.913916623219848">
        <ele>64.2</ele>
      </trkpt>
      <trkpt lat="37.08335288800299" lon="-7.913928106427193">
        <ele>64</ele>
      </trkpt>
      <trkpt lat="37.0827326271683" lon="-7.913960544392467">
        <ele>63.2</ele>
      </trkpt>
      <trkpt lat="37.082304479554296" lon="-7.913984600454569">
        <ele>62.8</ele>
      </trkpt>
      <trkpt lat="37.08186677657068" lon="-7.914009494706988">
        <ele>61.8</ele>
      </trkpt>
      <trkpt lat="37.081533344462514" lon="-7.914031371474266">
        <ele>60.6</ele>
      </trkpt>
      <trkpt lat="37.08107829093933" lon="-7.914062887430191">
        <ele>59.8</ele>
      </trkpt>
      <trkpt lat="37.08051720634103" lon="-7.914188615977764">
        <ele>58.8</ele>
      </trkpt>
      <trkpt lat="37.08040681667626" lon="-7.914221473038197">
        <ele>58.6</ele>
      </trkpt>
      <trkpt lat="37.07997389137745" lon="-7.914362037554383">
        <ele>57.4</ele>
      </trkpt>
      <trkpt lat="37.07944071851671" lon="-7.914533782750368">
        <ele>56.8</ele>
      </trkpt>
      <trkpt lat="37.079336531460285" lon="-7.914569238200784">
        <ele>56.4</ele>
      </trkpt>
      <trkpt lat="37.0787123311311" lon="-7.914768978953362">
        <ele>55.8</ele>
      </trkpt>
      <trkpt lat="37.07809274084866" lon="-7.914979532361031">
        <ele>55.6</ele>
      </trkpt>
      <trkpt lat="37.07788788713515" lon="-7.915044073015451">
        <ele>55.4</ele>
      </trkpt>
      <trkpt lat="37.0772841386497" lon="-7.915243562310934">
        <ele>54.6</ele>
      </trkpt>
      <trkpt lat="37.076689610257745" lon="-7.915437100455165">
        <ele>54</ele>
      </trkpt>
      <trkpt lat="37.07620119675994" lon="-7.915592081844807">
        <ele>53.4</ele>
      </trkpt>
      <trkpt lat="37.07562167197466" lon="-7.915778495371342">
        <ele>52.8</ele>
      </trkpt>
      <trkpt lat="37.07504759542644" lon="-7.915995251387358">
        <ele>52.6</ele>
      </trkpt>
      <trkpt lat="37.074688682332635" lon="-7.916217790916562">
        <ele>52.4</ele>
      </trkpt>
      <trkpt lat="37.07417001016438" lon="-7.916577542200685">
        <ele>52.2</ele>
      </trkpt>
      <trkpt lat="37.073831632733345" lon="-7.916812738403678">
        <ele>51.4</ele>
      </trkpt>
      <trkpt lat="37.07333290949464" lon="-7.917158491909504">
        <ele>51</ele>
      </trkpt>
      <trkpt lat="37.072836281731725" lon="-7.917477674782276">
        <ele>51</ele>
      </trkpt>
      <trkpt lat="37.072319369763136" lon="-7.917775399982929">
        <ele>50.8</ele>
      </trkpt>
      <trkpt lat="37.0717980992049" lon="-7.91807446628809">
        <ele>51</ele>
      </trkpt>
      <trkpt lat="37.07127205096185" lon="-7.918383842334151">
        <ele>50.8</ele>
      </trkpt>
      <trkpt lat="37.07072940655053" lon="-7.918670922517777">
        <ele>50.6</ele>
      </trkpt>
      <trkpt lat="37.07017444074154" lon="-7.91895842179656">
        <ele>50.2</ele>
      </trkpt>
      <trkpt lat="37.069598184898496" lon="-7.919228570535779">
        <ele>50</ele>
      </trkpt>
      <trkpt lat="37.06899980083108" lon="-7.919510873034596">
        <ele>49.8</ele>
      </trkpt>
      <trkpt lat="37.06849495880306" lon="-7.919754954054952">
        <ele>49.6</ele>
      </trkpt>
      <trkpt lat="37.06791962496936" lon="-7.920051338151097">
        <ele>48.4</ele>
      </trkpt>
      <trkpt lat="37.067385697737336" lon="-7.920297430828214">
        <ele>47.6</ele>
      </trkpt>
      <trkpt lat="37.06730389036238" lon="-7.920336490496993">
        <ele>47.4</ele>
      </trkpt>
      <trkpt lat="37.06689292564988" lon="-7.92047655209899">
        <ele>46.4</ele>
      </trkpt>
      <trkpt lat="37.06680994480848" lon="-7.920497842133045">
        <ele>46.4</ele>
      </trkpt>
      <trkpt lat="37.06622681580484" lon="-7.920614182949066">
        <ele>45.8</ele>
      </trkpt>
      <trkpt lat="37.065912410616875" lon="-7.920682914555073">
        <ele>45.8</ele>
      </trkpt>
      <trkpt lat="37.06569137983024" lon="-7.920730020850897">
        <ele>45.6</ele>
      </trkpt>
      <trkpt lat="37.065269937738776" lon="-7.920856671407819">
        <ele>45.4</ele>
      </trkpt>
      <trkpt lat="37.06498771905899" lon="-7.920994721353054">
        <ele>45.2</ele>
      </trkpt>
      <trkpt lat="37.0646452344954" lon="-7.921168226748705">
        <ele>45</ele>
      </trkpt>
      <trkpt lat="37.064294116571546" lon="-7.921336870640516">
        <ele>44.8</ele>
      </trkpt>
      <trkpt lat="37.06417408771813" lon="-7.921402333304286">
        <ele>44.8</ele>
      </trkpt>
      <trkpt lat="37.06410862505436" lon="-7.921433011069894">
        <ele>45</ele>
      </trkpt>
      <trkpt lat="37.064107367768884" lon="-7.921434855088592">
        <ele>45.6</ele>
      </trkpt>
      <trkpt lat="37.064107367768884" lon="-7.921434855088592">
        <ele>46.2</ele>
      </trkpt>
      <trkpt lat="37.064107367768884" lon="-7.921434855088592">
        <ele>46.2</ele>
      </trkpt>
      <trkpt lat="37.063979459926486" lon="-7.921509202569723">
        <ele>46</ele>
      </trkpt>
      <trkpt lat="37.063596826046705" lon="-7.92170399799943">
        <ele>45.2</ele>
      </trkpt>
      <trkpt lat="37.063254341483116" lon="-7.92188529856503">
        <ele>44.6</ele>
      </trkpt>
      <trkpt lat="37.06293884664774" lon="-7.922049332410097">
        <ele>43.8</ele>
      </trkpt>
      <trkpt lat="37.062678169459105" lon="-7.922183023765683">
        <ele>43.4</ele>
      </trkpt>
      <trkpt lat="37.06235253252089" lon="-7.922349823638797">
        <ele>43</ele>
      </trkpt>
      <trkpt lat="37.06222110427916" lon="-7.922413442283869">
        <ele>42.8</ele>
      </trkpt>
      <trkpt lat="37.061677537858486" lon="-7.922685351222754">
        <ele>42.4</ele>
      </trkpt>
      <trkpt lat="37.061257269233465" lon="-7.922904873266816">
        <ele>42</ele>
      </trkpt>
      <trkpt lat="37.06111242994666" lon="-7.922976119443774">
        <ele>41.6</ele>
      </trkpt>
      <trkpt lat="37.06075318157673" lon="-7.923158258199692">
        <ele>41</ele>
      </trkpt>
      <trkpt lat="37.06038831733167" lon="-7.923344504088163">
        <ele>40.8</ele>
      </trkpt>
      <trkpt lat="37.059864196926355" lon="-7.923611970618367">
        <ele>39.8</ele>
      </trkpt>
      <trkpt lat="37.059713741764426" lon="-7.923688245937228">
        <ele>39.8</ele>
      </trkpt>
      <trkpt lat="37.059191884472966" lon="-7.9239487554878">
        <ele>39</ele>
      </trkpt>
      <trkpt lat="37.058828277513385" lon="-7.92413885705173">
        <ele>38.6</ele>
      </trkpt>
      <trkpt lat="37.05830918624997" lon="-7.924405233934522">
        <ele>38.2</ele>
      </trkpt>
      <trkpt lat="37.05778129398823" lon="-7.924674209207296">
        <ele>38</ele>
      </trkpt>
      <trkpt lat="37.05725214444101" lon="-7.924945112317801">
        <ele>37.6</ele>
      </trkpt>
      <trkpt lat="37.05672115087509" lon="-7.92521869763732">
        <ele>37.2</ele>
      </trkpt>
      <trkpt lat="37.056174986064434" lon="-7.92549479752779">
        <ele>37</ele>
      </trkpt>
      <trkpt lat="37.05560836941004" lon="-7.925763605162501">
        <ele>36.8</ele>
      </trkpt>
      <trkpt lat="37.05552698113024" lon="-7.925799898803234">
        <ele>36.8</ele>
      </trkpt>
      <trkpt lat="37.05494251102209" lon="-7.926029814407229">
        <ele>36.4</ele>
      </trkpt>
      <trkpt lat="37.054348066449165" lon="-7.926211198791862">
        <ele>36.2</ele>
      </trkpt>
      <trkpt lat="37.05417782999575" lon="-7.926255622878671">
        <ele>36</ele>
      </trkpt>
      <trkpt lat="37.05358229577541" lon="-7.926417142152786">
        <ele>35.6</ele>
      </trkpt>
      <trkpt lat="37.05300696194172" lon="-7.926572961732745">
        <ele>34.8</ele>
      </trkpt>
      <trkpt lat="37.05262550152838" lon="-7.926668096333742">
        <ele>34.4</ele>
      </trkpt>
      <trkpt lat="37.05229936167598" lon="-7.926761722192168">
        <ele>33.8</ele>
      </trkpt>
      <trkpt lat="37.051967438310385" lon="-7.926848223432899">
        <ele>33.2</ele>
      </trkpt>
      <trkpt lat="37.05177708528936" lon="-7.926898095756769">
        <ele>33.2</ele>
      </trkpt>
      <trkpt lat="37.05120141617954" lon="-7.927043186500669">
        <ele>33.6</ele>
      </trkpt>
      <trkpt lat="37.0509632024914" lon="-7.927089370787144">
        <ele>33.2</ele>
      </trkpt>
      <trkpt lat="37.050697999075055" lon="-7.9271624609828">
        <ele>33</ele>
      </trkpt>
      <trkpt lat="37.05042860470712" lon="-7.927230773493648">
        <ele>33</ele>
      </trkpt>
      <trkpt lat="37.050091065466404" lon="-7.927332865074277">
        <ele>33</ele>
      </trkpt>
      <trkpt lat="37.049534507095814" lon="-7.927478374913335">
        <ele>32.4</ele>
      </trkpt>
      <trkpt lat="37.04932269640267" lon="-7.927533527836204">
        <ele>32</ele>
      </trkpt>
      <trkpt lat="37.049179282039404" lon="-7.927573258057237">
        <ele>32</ele>
      </trkpt>
      <trkpt lat="37.04859506338835" lon="-7.927728239446878">
        <ele>31.6</ele>
      </trkpt>
      <trkpt lat="37.048015370965004" lon="-7.927882131189108">
        <ele>31.2</ele>
      </trkpt>
      <trkpt lat="37.047944627702236" lon="-7.927900739014149">
        <ele>31</ele>
      </trkpt>
      <trkpt lat="37.047367952764034" lon="-7.928044572472572">
        <ele>30.6</ele>
      </trkpt>
      <trkpt lat="37.04677367582917" lon="-7.928205588832498">
        <ele>30.4</ele>
      </trkpt>
      <trkpt lat="37.04641744494438" lon="-7.928298292681575">
        <ele>30.2</ele>
      </trkpt>
      <trkpt lat="37.0458741299808" lon="-7.928449166938663">
        <ele>29.4</ele>
      </trkpt>
      <trkpt lat="37.04553164541721" lon="-7.928541703149676">
        <ele>29.2</ele>
      </trkpt>
      <trkpt lat="37.04498682171106" lon="-7.928685452789068">
        <ele>29</ele>
      </trkpt>
      <trkpt lat="37.04443730413914" lon="-7.928827358409762">
        <ele>28.8</ele>
      </trkpt>
      <trkpt lat="37.04387563280761" lon="-7.928979238495231">
        <ele>28.8</ele>
      </trkpt>
      <trkpt lat="37.043322594836354" lon="-7.929137572646141">
        <ele>28.6</ele>
      </trkpt>
      <trkpt lat="37.042912216857076" lon="-7.929253913462162">
        <ele>28.2</ele>
      </trkpt>
      <trkpt lat="37.04243159852922" lon="-7.929396405816078">
        <ele>27.8</ele>
      </trkpt>
      <trkpt lat="37.0422563329339" lon="-7.929483996704221">
        <ele>27.6</ele>
      </trkpt>
      <trkpt lat="37.04173682257533" lon="-7.929567564278841">
        <ele>27.8</ele>
      </trkpt>
      <trkpt lat="37.04153439961374" lon="-7.929615257307887">
        <ele>27.8</ele>
      </trkpt>
      <trkpt lat="37.04099418595433" lon="-7.929760180413723">
        <ele>28</ele>
      </trkpt>
      <trkpt lat="37.040453385561705" lon="-7.929899990558624">
        <ele>27.8</ele>
      </trkpt>
      <trkpt lat="37.03991141170263" lon="-7.930047009140253">
        <ele>27.8</ele>
      </trkpt>
      <trkpt lat="37.03932987526059" lon="-7.930232500657439">
        <ele>27.6</ele>
      </trkpt>
      <trkpt lat="37.038751523941755" lon="-7.930429726839066">
        <ele>27.8</ele>
      </trkpt>
      <trkpt lat="37.03819521702826" lon="-7.930619660764933">
        <ele>28.6</ele>
      </trkpt>
      <trkpt lat="37.03764947131276" lon="-7.930808085948229">
        <ele>29.4</ele>
      </trkpt>
      <trkpt lat="37.03759800642729" lon="-7.930825687944889">
        <ele>29.4</ele>
      </trkpt>
      <trkpt lat="37.03734688460827" lon="-7.930913362652063">
        <ele>29.8</ele>
      </trkpt>
      <trkpt lat="37.03709534369409" lon="-7.931000282987952">
        <ele>30.6</ele>
      </trkpt>
      <trkpt lat="37.0369481574744" lon="-7.931050155311823">
        <ele>31.6</ele>
      </trkpt>
      <trkpt lat="37.0367063395679" lon="-7.931129364296794">
        <ele>32.8</ele>
      </trkpt>
      <trkpt lat="37.036425210535526" lon="-7.931201700121164">
        <ele>33.8</ele>
      </trkpt>
      <trkpt lat="37.03633024357259" lon="-7.931219134479761">
        <ele>34.2</ele>
      </trkpt>
      <trkpt lat="37.03605397604406" lon="-7.931248219683766">
        <ele>35.2</ele>
      </trkpt>
      <trkpt lat="37.03576857224107" lon="-7.93124251998961">
        <ele>36.4</ele>
      </trkpt>
      <trkpt lat="37.035636054351926" lon="-7.931237071752548">
        <ele>37.8</ele>
      </trkpt>
      <trkpt lat="37.03545559197664" lon="-7.931227432563901">
        <ele>38.6</ele>
      </trkpt>
      <trkpt lat="37.03542424365878" lon="-7.931224415078759">
        <ele>38.8</ele>
      </trkpt>
      <trkpt lat="37.03522332943976" lon="-7.931216368451715">
        <ele>39.6</ele>
      </trkpt>
      <trkpt lat="37.035050159320235" lon="-7.931209662929177">
        <ele>39.8</ele>
      </trkpt>
      <trkpt lat="37.03472628258169" lon="-7.931202286854386">
        <ele>40.4</ele>
      </trkpt>
      <trkpt lat="37.03437424264848" lon="-7.931186612695456">
        <ele>40.4</ele>
      </trkpt>
      <trkpt lat="37.03409663401544" lon="-7.93117462657392">
        <ele>40.4</ele>
      </trkpt>
      <trkpt lat="37.03374367207289" lon="-7.931159120053053">
        <ele>40.4</ele>
      </trkpt>
      <trkpt lat="37.033526161685586" lon="-7.931157611310482">
        <ele>40.2</ele>
      </trkpt>
      <trkpt lat="37.03325022943318" lon="-7.931165657937527">
        <ele>39.8</ele>
      </trkpt>
      <trkpt lat="37.033139085397124" lon="-7.931181667372584">
        <ele>39.8</ele>
      </trkpt>
      <trkpt lat="37.032920736819506" lon="-7.93122592382133">
        <ele>39.2</ele>
      </trkpt>
      <trkpt lat="37.03270548954606" lon="-7.931293062865734">
        <ele>38.8</ele>
      </trkpt>
      <trkpt lat="37.032475573942065" lon="-7.931366404518485">
        <ele>37.8</ele>
      </trkpt>
      <trkpt lat="37.032301649451256" lon="-7.931411834433675">
        <ele>37.6</ele>
      </trkpt>
      <trkpt lat="37.03174542635679" lon="-7.931577377021313">
        <ele>36.8</ele>
      </trkpt>
      <trkpt lat="37.031692788004875" lon="-7.931597577407956">
        <ele>36.8</ele>
      </trkpt>
      <trkpt lat="37.03115860931575" lon="-7.931747864931822">
        <ele>36.6</ele>
      </trkpt>
      <trkpt lat="37.030890891328454" lon="-7.931777536869049">
        <ele>36.8</ele>
      </trkpt>
      <trkpt lat="37.030476070940495" lon="-7.931823972612619">
        <ele>37.8</ele>
      </trkpt>
      <trkpt lat="37.030323604121804" lon="-7.931833192706108">
        <ele>38</ele>
      </trkpt>
      <trkpt lat="37.0300252083689" lon="-7.931846687570214">
        <ele>38.6</ele>
      </trkpt>
      <trkpt lat="37.02993040904403" lon="-7.931853896006942">
        <ele>39</ele>
      </trkpt>
      <trkpt lat="37.02969202771783" lon="-7.931879041716456">
        <ele>40</ele>
      </trkpt>
      <trkpt lat="37.02913261950016" lon="-7.931912988424301">
        <ele>40.6</ele>
      </trkpt>
      <trkpt lat="37.02885149046779" lon="-7.931906450539827">
        <ele>41.2</ele>
      </trkpt>
      <trkpt lat="37.02804003842175" lon="-7.931999992579222">
        <ele>37.9</ele>
      </trkpt>
      <trkpt lat="37.02792998403311" lon="-7.932009967043996">
        <ele>37.9</ele>
      </trkpt>
      <trkpt lat="37.02781003899872" lon="-7.932020025327802">
        <ele>37.9</ele>
      </trkpt>
      <trkpt lat="37.02766997739673" lon="-7.932029999792576">
        <ele>37.9</ele>
      </trkpt>
      <trkpt lat="37.027490017935634" lon="-7.93203997425735">
        <ele>37.9</ele>
      </trkpt>
      <trkpt lat="37.02707997523248" lon="-7.932069981470704">
        <ele>37.5</ele>
      </trkpt>
      <trkpt lat="37.02668996527791" lon="-7.932090014219284">
        <ele>37</ele>
      </trkpt>
      <trkpt lat="37.02628000639379" lon="-7.932120021432638">
        <ele>36.1</ele>
      </trkpt>
      <trkpt lat="37.026180010288954" lon="-7.932120021432638">
        <ele>35.9</ele>
      </trkpt>
      <trkpt lat="37.02608998864889" lon="-7.932120021432638">
        <ele>35.7</ele>
      </trkpt>
      <trkpt lat="37.025989992544055" lon="-7.932099988684058">
        <ele>35.4</ele>
      </trkpt>
      <trkpt lat="37.02578597702086" lon="-7.932046093046665">
        <ele>0</ele>
      </trkpt>
      <trkpt lat="37.02559302560985" lon="-7.932014157995582">
        <ele>0</ele>
      </trkpt>
      <trkpt lat="37.02524752356112" lon="-7.931955736130476">
        <ele>0</ele>
      </trkpt>
      <trkpt lat="37.024969747290015" lon="-7.931918604299426">
        <ele>0</ele>
      </trkpt>
      <trkpt lat="37.02479171566665" lon="-7.931910641491413">
        <ele>0</ele>
      </trkpt>
      <trkpt lat="37.02460303902626" lon="-7.931961100548506">
        <ele>0</ele>
      </trkpt>
      <trkpt lat="37.024418553337455" lon="-7.932059336453676">
        <ele>0</ele>
      </trkpt>
      <trkpt lat="37.024153" lon="-7.932213">
        <ele>32.5</ele>
      </trkpt>
      <trkpt lat="37.024142" lon="-7.932202">
        <ele>32.5</ele>
      </trkpt>
      <trkpt lat="37.023764" lon="-7.932391">
        <ele>33</ele>
      </trkpt>
      <trkpt lat="37.023458" lon="-7.932544">
        <ele>32.8</ele>
      </trkpt>
      <trkpt lat="37.023234" lon="-7.932667">
        <ele>32.3</ele>
      </trkpt>
      <trkpt lat="37.023058" lon="-7.932765">
        <ele>31.3</ele>
      </trkpt>
      <trkpt lat="37.022963" lon="-7.932842">
        <ele>30.8</ele>
      </trkpt>
      <trkpt lat="37.022843" lon="-7.933059">
        <ele>30.3</ele>
      </trkpt>
      <trkpt lat="37.022819" lon="-7.933098">
        <ele>30.3</ele>
      </trkpt>
      <trkpt lat="37.022575" lon="-7.933529">
        <ele>28</ele>
      </trkpt>
      <trkpt lat="37.022468" lon="-7.933734">
        <ele>26.5</ele>
      </trkpt>
      <trkpt lat="37.022267" lon="-7.934125">
        <ele>25.5</ele>
      </trkpt>
      <trkpt lat="37.022207" lon="-7.934134">
        <ele>25.5</ele>
      </trkpt>
      <trkpt lat="37.021428" lon="-7.934238">
        <ele>26.5</ele>
      </trkpt>
      <trkpt lat="37.021378" lon="-7.934243">
        <ele>26</ele>
      </trkpt>
      <trkpt lat="37.02134" lon="-7.934246">
        <ele>25.8</ele>
      </trkpt>
      <trkpt lat="37.021253" lon="-7.934254">
        <ele>25</ele>
      </trkpt>
      <trkpt lat="37.020865" lon="-7.934306">
        <ele>21.5</ele>
      </trkpt>
      <trkpt lat="37.020761" lon="-7.93432">
        <ele>21</ele>
      </trkpt>
      <trkpt lat="37.020683" lon="-7.93435">
        <ele>20.8</ele>
      </trkpt>
      <trkpt lat="37.020604" lon="-7.934384">
        <ele>20.3</ele>
      </trkpt>
      <trkpt lat="37.020513" lon="-7.934397">
        <ele>20</ele>
      </trkpt>
      <trkpt lat="37.020026" lon="-7.934371">
        <ele>18.5</ele>
      </trkpt>
      <trkpt lat="37.019976" lon="-7.934357">
        <ele>18.5</ele>
      </trkpt>
      <trkpt lat="37.019861" lon="-7.934324">
        <ele>18.3</ele>
      </trkpt>
      <trkpt lat="37.019735" lon="-7.934343">
        <ele>18.3</ele>
      </trkpt>
      <trkpt lat="37.019562" lon="-7.934367">
        <ele>17.8</ele>
      </trkpt>
      <trkpt lat="37.019375" lon="-7.934392">
        <ele>17.8</ele>
      </trkpt>
      <trkpt lat="37.019229" lon="-7.934427">
        <ele>17.5</ele>
      </trkpt>
      <trkpt lat="37.019175" lon="-7.934436">
        <ele>17.5</ele>
      </trkpt>
      <trkpt lat="37.019041" lon="-7.934457">
        <ele>17</ele>
      </trkpt>
      <trkpt lat="37.018774" lon="-7.934854">
        <ele>16</ele>
      </trkpt>
      <trkpt lat="37.0186" lon="-7.93494">
        <ele>15.5</ele>
      </trkpt>
      <trkpt lat="37.018474" lon="-7.934959">
        <ele>15.3</ele>
      </trkpt>
      <trkpt lat="37.018139" lon="-7.934736">
        <ele>14.3</ele>
      </trkpt>
      <trkpt lat="37.017953" lon="-7.934625">
        <ele>13.5</ele>
      </trkpt>
      <trkpt lat="37.01759" lon="-7.934405">
        <ele>12.8</ele>
      </trkpt>
      <trkpt lat="37.017088" lon="-7.934073">
        <ele>12.3</ele>
      </trkpt>
      <trkpt lat="37.017088" lon="-7.934075">
        <ele>12.25</ele>
      </trkpt>
      <trkpt lat="37.017088" lon="-7.93408">
        <ele>12.25</ele>
      </trkpt>
      <trkpt lat="37.017071" lon="-7.934156">
        <ele>12.5</ele>
      </trkpt>
      <trkpt lat="37.016966" lon="-7.934345">
        <ele>12.5</ele>
      </trkpt>
      <trkpt lat="37.016824" lon="-7.934587">
        <ele>12</ele>
      </trkpt>
      <trkpt lat="37.016805" lon="-7.934621">
        <ele>12</ele>
      </trkpt>
      <trkpt lat="37.016667" lon="-7.934874">
        <ele>11.25</ele>
      </trkpt>
      <trkpt lat="37.016546" lon="-7.935097">
        <ele>10</ele>
      </trkpt>
      <trkpt lat="37.016535" lon="-7.935114">
        <ele>9.75</ele>
      </trkpt>
      <trkpt lat="37.016451" lon="-7.935243">
        <ele>8.75</ele>
      </trkpt>
      <trkpt lat="37.016495" lon="-7.935332">
        <ele>8.75</ele>
      </trkpt>
      <trkpt lat="37.016528" lon="-7.935463">
        <ele>8.25</ele>
      </trkpt>
      <trkpt lat="37.016645" lon="-7.936024">
        <ele>8.5</ele>
      </trkpt>
      <trkpt lat="37.016756" lon="-7.936343">
        <ele>10.5</ele>
      </trkpt>
      <trkpt lat="37.016822" lon="-7.936466">
        <ele>11</ele>
      </trkpt>
      <trkpt lat="37.016714" lon="-7.93652">
        <ele>11.25</ele>
      </trkpt>
      <trkpt lat="37.016692" lon="-7.936512">
        <ele>10.75</ele>
      </trkpt>
    </trkseg>
  </trk>
</gpx>
